image_name,image_path,true_scene_label,thesis_class,predicted_label,confidence,top5_predictions,semantically_aligned
Places365_val_00000009.jpg,/Users/aidahamzic/PycharmProjects/PythonProject1/val_256/Places365_val_00000009.jpg,forest-broadleaf,forest,mountain tent,0.0607,"[{""rank"": 1, ""label"": ""mountain tent"", ""confidence"": 0.0607}, {""rank"": 2, ""label"": ""mountain bike"", ""confidence"": 0.0561}, {""rank"": 3, ""label"": ""worm fence"", ""confidence"": 0.0494}, {""rank"": 4, ""label"": ""valley"", ""confidence"": 0.041}, {""rank"": 5, ""label"": ""cloak"", ""confidence"": 0.0386}]",True
Places365_val_00000017.jpg,/Users/aidahamzic/PycharmProjects/PythonProject1/val_256/Places365_val_00000017.jpg,glacier,glacier,alp,0.878,"[{""rank"": 1, ""label"": ""alp"", ""confidence"": 0.878}, {""rank"": 2, ""label"": ""valley"", ""confidence"": 0.1185}, {""rank"": 3, ""label"": ""volcano"", ""confidence"": 0.0012}, {""rank"": 4, ""label"": ""mountain tent"", ""confidence"": 0.0009}, {""rank"": 5, ""label"": ""promontory"", ""confidence"": 0.0006}]",True
Places365_val_00000025.jpg,/Users/aidahamzic/PycharmProjects/PythonProject1/val_256/Places365_val_00000025.jpg,ocean,water,promontory,0.5345,"[{""rank"": 1, ""label"": ""promontory"", ""confidence"": 0.5345}, {""rank"": 2, ""label"": ""cliff"", ""confidence"": 0.1843}, {""rank"": 3, ""label"": ""valley"", ""confidence"": 0.1234}, {""rank"": 4, ""label"": ""seashore"", ""confidence"": 0.076}, {""rank"": 5, ""label"": ""alp"", ""confidence"": 0.0361}]",True
Places365_val_00000026.jpg,/Users/aidahamzic/PycharmProjects/PythonProject1/val_256/Places365_val_00000026.jpg,river,water,schooner,0.0721,"[{""rank"": 1, ""label"": ""schooner"", ""confidence"": 0.0721}, {""rank"": 2, ""label"": ""swimming trunks"", ""confidence"": 0.038}, {""rank"": 3, ""label"": ""pelican"", ""confidence"": 0.0363}, {""rank"": 4, ""label"": ""maillot tank suit"", ""confidence"": 0.0344}, {""rank"": 5, ""label"": ""upright"", ""confidence"": 0.0342}]",False
Places365_val_00000041.jpg,/Users/aidahamzic/PycharmProjects/PythonProject1/val_256/Places365_val_00000041.jpg,mountain,mountain,alp,0.4541,"[{""rank"": 1, ""label"": ""alp"", ""confidence"": 0.4541}, {""rank"": 2, ""label"": ""mountain tent"", ""confidence"": 0.1757}, {""rank"": 3, ""label"": ""valley"", ""confidence"": 0.1731}, {""rank"": 4, ""label"": ""volcano"", ""confidence"": 0.0909}, {""rank"": 5, ""label"": ""thatch"", ""confidence"": 0.0144}]",True
Places365_val_00000045.jpg,/Users/aidahamzic/PycharmProjects/PythonProject1/val_256/Places365_val_00000045.jpg,skyscraper,building,dome,0.4898,"[{""rank"": 1, ""label"": ""dome"", ""confidence"": 0.4898}, {""rank"": 2, ""label"": ""planetarium"", ""confidence"": 0.3449}, {""rank"": 3, ""label"": ""solar dish"", ""confidence"": 0.1393}, {""rank"": 4, ""label"": ""grille"", ""confidence"": 0.0019}, {""rank"": 5, ""label"": ""greenhouse"", ""confidence"": 0.0017}]",True
Places365_val_00000046.jpg,/Users/aidahamzic/PycharmProjects/PythonProject1/val_256/Places365_val_00000046.jpg,street,street,parachute,0.3629,"[{""rank"": 1, ""label"": ""parachute"", ""confidence"": 0.3629}, {""rank"": 2, ""label"": ""balloon"", ""confidence"": 0.184}, {""rank"": 3, ""label"": ""unicycle"", ""confidence"": 0.0798}, {""rank"": 4, ""label"": ""bubble"", ""confidence"": 0.0335}, {""rank"": 5, ""label"": ""flagpole"", ""confidence"": 0.0312}]",False
Places365_val_00000047.jpg,/Users/aidahamzic/PycharmProjects/PythonProject1/val_256/Places365_val_00000047.jpg,alley,street,viaduct,0.104,"[{""rank"": 1, ""label"": ""viaduct"", ""confidence"": 0.104}, {""rank"": 2, ""label"": ""prison"", ""confidence"": 0.0941}, {""rank"": 3, ""label"": ""wreck"", ""confidence"": 0.0674}, {""rank"": 4, ""label"": ""cliff"", ""confidence"": 0.047}, {""rank"": 5, ""label"": ""vault"", ""confidence"": 0.0452}]",False
Places365_val_00000143.jpg,/Users/aidahamzic/PycharmProjects/PythonProject1/val_256/Places365_val_00000143.jpg,house,building,thatch,0.3086,"[{""rank"": 1, ""label"": ""thatch"", ""confidence"": 0.3086}, {""rank"": 2, ""label"": ""picket fence"", ""confidence"": 0.1133}, {""rank"": 3, ""label"": ""maypole"", ""confidence"": 0.0722}, {""rank"": 4, ""label"": ""palace"", ""confidence"": 0.0524}, {""rank"": 5, ""label"": ""church"", ""confidence"": 0.0321}]",True
Places365_val_00000150.jpg,/Users/aidahamzic/PycharmProjects/PythonProject1/val_256/Places365_val_00000150.jpg,street,street,street sign,0.1901,"[{""rank"": 1, ""label"": ""street sign"", ""confidence"": 0.1901}, {""rank"": 2, ""label"": ""grocery store"", ""confidence"": 0.1322}, {""rank"": 3, ""label"": ""tobacco shop"", ""confidence"": 0.0984}, {""rank"": 4, ""label"": ""bookshop"", ""confidence"": 0.0709}, {""rank"": 5, ""label"": ""restaurant"", ""confidence"": 0.0563}]",False
Places365_val_00000214.jpg,/Users/aidahamzic/PycharmProjects/PythonProject1/val_256/Places365_val_00000214.jpg,house,building,tile roof,0.4911,"[{""rank"": 1, ""label"": ""tile roof"", ""confidence"": 0.4911}, {""rank"": 2, ""label"": ""monastery"", ""confidence"": 0.2312}, {""rank"": 3, ""label"": ""dome"", ""confidence"": 0.1062}, {""rank"": 4, ""label"": ""bell cote"", ""confidence"": 0.048}, {""rank"": 5, ""label"": ""church"", ""confidence"": 0.0445}]",True
Places365_val_00000220.jpg,/Users/aidahamzic/PycharmProjects/PythonProject1/val_256/Places365_val_00000220.jpg,skyscraper,building,solar dish,0.5907,"[{""rank"": 1, ""label"": ""solar dish"", ""confidence"": 0.5907}, {""rank"": 2, ""label"": ""bell cote"", ""confidence"": 0.0606}, {""rank"": 3, ""label"": ""freight car"", ""confidence"": 0.0272}, {""rank"": 4, ""label"": ""radio"", ""confidence"": 0.0228}, {""rank"": 5, ""label"": ""desktop computer"", ""confidence"": 0.0173}]",False
Places365_val_00000241.jpg,/Users/aidahamzic/PycharmProjects/PythonProject1/val_256/Places365_val_00000241.jpg,forest-broadleaf,forest,worm fence,0.4434,"[{""rank"": 1, ""label"": ""worm fence"", ""confidence"": 0.4434}, {""rank"": 2, ""label"": ""lakeside"", ""confidence"": 0.0757}, {""rank"": 3, ""label"": ""stone wall"", ""confidence"": 0.0369}, {""rank"": 4, ""label"": ""mountain tent"", ""confidence"": 0.0358}, {""rank"": 5, ""label"": ""park bench"", ""confidence"": 0.0309}]",False
Places365_val_00000246.jpg,/Users/aidahamzic/PycharmProjects/PythonProject1/val_256/Places365_val_00000246.jpg,alley,street,church,0.5162,"[{""rank"": 1, ""label"": ""church"", ""confidence"": 0.5162}, {""rank"": 2, ""label"": ""monastery"", ""confidence"": 0.1489}, {""rank"": 3, ""label"": ""vault"", ""confidence"": 0.0792}, {""rank"": 4, ""label"": ""prison"", ""confidence"": 0.0297}, {""rank"": 5, ""label"": ""viaduct"", ""confidence"": 0.0293}]",False
Places365_val_00000247.jpg,/Users/aidahamzic/PycharmProjects/PythonProject1/val_256/Places365_val_00000247.jpg,highway,street,trailer truck,0.4248,"[{""rank"": 1, ""label"": ""trailer truck"", ""confidence"": 0.4248}, {""rank"": 2, ""label"": ""suspension bridge"", ""confidence"": 0.1716}, {""rank"": 3, ""label"": ""dam"", ""confidence"": 0.1464}, {""rank"": 4, ""label"": ""valley"", ""confidence"": 0.039}, {""rank"": 5, ""label"": ""worm fence"", ""confidence"": 0.0294}]",False
Places365_val_00000280.jpg,/Users/aidahamzic/PycharmProjects/PythonProject1/val_256/Places365_val_00000280.jpg,rainforest,forest,valley,0.9211,"[{""rank"": 1, ""label"": ""valley"", ""confidence"": 0.9211}, {""rank"": 2, ""label"": ""coral reef"", ""confidence"": 0.0108}, {""rank"": 3, ""label"": ""cliff"", ""confidence"": 0.0082}, {""rank"": 4, ""label"": ""lakeside"", ""confidence"": 0.0082}, {""rank"": 5, ""label"": ""gar"", ""confidence"": 0.0062}]",True
Places365_val_00000323.jpg,/Users/aidahamzic/PycharmProjects/PythonProject1/val_256/Places365_val_00000323.jpg,street,street,streetcar,0.157,"[{""rank"": 1, ""label"": ""streetcar"", ""confidence"": 0.157}, {""rank"": 2, ""label"": ""jinrikisha"", ""confidence"": 0.1333}, {""rank"": 3, ""label"": ""motor scooter"", ""confidence"": 0.0725}, {""rank"": 4, ""label"": ""police van"", ""confidence"": 0.0627}, {""rank"": 5, ""label"": ""trolleybus"", ""confidence"": 0.0626}]",True
Places365_val_00000333.jpg,/Users/aidahamzic/PycharmProjects/PythonProject1/val_256/Places365_val_00000333.jpg,mountain,mountain,alp,0.1445,"[{""rank"": 1, ""label"": ""alp"", ""confidence"": 0.1445}, {""rank"": 2, ""label"": ""volcano"", ""confidence"": 0.1085}, {""rank"": 3, ""label"": ""seashore"", ""confidence"": 0.0847}, {""rank"": 4, ""label"": ""sandbar"", ""confidence"": 0.0811}, {""rank"": 5, ""label"": ""cliff"", ""confidence"": 0.0779}]",True
Places365_val_00000336.jpg,/Users/aidahamzic/PycharmProjects/PythonProject1/val_256/Places365_val_00000336.jpg,coast,water,promontory,0.8112,"[{""rank"": 1, ""label"": ""promontory"", ""confidence"": 0.8112}, {""rank"": 2, ""label"": ""cliff"", ""confidence"": 0.1161}, {""rank"": 3, ""label"": ""seashore"", ""confidence"": 0.0584}, {""rank"": 4, ""label"": ""valley"", ""confidence"": 0.0056}, {""rank"": 5, ""label"": ""lakeside"", ""confidence"": 0.0029}]",True
Places365_val_00000338.jpg,/Users/aidahamzic/PycharmProjects/PythonProject1/val_256/Places365_val_00000338.jpg,hotel-outdoor,building,castle,0.4382,"[{""rank"": 1, ""label"": ""castle"", ""confidence"": 0.4382}, {""rank"": 2, ""label"": ""church"", ""confidence"": 0.2244}, {""rank"": 3, ""label"": ""palace"", ""confidence"": 0.1992}, {""rank"": 4, ""label"": ""monastery"", ""confidence"": 0.063}, {""rank"": 5, ""label"": ""cinema"", ""confidence"": 0.0381}]",True
Places365_val_00000364.jpg,/Users/aidahamzic/PycharmProjects/PythonProject1/val_256/Places365_val_00000364.jpg,rainforest,forest,birdhouse,0.215,"[{""rank"": 1, ""label"": ""birdhouse"", ""confidence"": 0.215}, {""rank"": 2, ""label"": ""mailbox"", ""confidence"": 0.0805}, {""rank"": 3, ""label"": ""barbershop"", ""confidence"": 0.0714}, {""rank"": 4, ""label"": ""totem pole"", ""confidence"": 0.0473}, {""rank"": 5, ""label"": ""barn"", ""confidence"": 0.0463}]",True
Places365_val_00000451.jpg,/Users/aidahamzic/PycharmProjects/PythonProject1/val_256/Places365_val_00000451.jpg,skyscraper,building,scoreboard,0.5644,"[{""rank"": 1, ""label"": ""scoreboard"", ""confidence"": 0.5644}, {""rank"": 2, ""label"": ""brass"", ""confidence"": 0.0346}, {""rank"": 3, ""label"": ""container ship"", ""confidence"": 0.0318}, {""rank"": 4, ""label"": ""traffic light"", ""confidence"": 0.0257}, {""rank"": 5, ""label"": ""water bottle"", ""confidence"": 0.0208}]",False
Places365_val_00000464.jpg,/Users/aidahamzic/PycharmProjects/PythonProject1/val_256/Places365_val_00000464.jpg,street,street,lakeside,0.0651,"[{""rank"": 1, ""label"": ""lakeside"", ""confidence"": 0.0651}, {""rank"": 2, ""label"": ""mobile home"", ""confidence"": 0.0412}, {""rank"": 3, ""label"": ""parking meter"", ""confidence"": 0.04}, {""rank"": 4, ""label"": ""golfcart"", ""confidence"": 0.0322}, {""rank"": 5, ""label"": ""traffic light"", ""confidence"": 0.0287}]",False
Places365_val_00000588.jpg,/Users/aidahamzic/PycharmProjects/PythonProject1/val_256/Places365_val_00000588.jpg,forest-broadleaf,forest,snowmobile,0.1786,"[{""rank"": 1, ""label"": ""snowmobile"", ""confidence"": 0.1786}, {""rank"": 2, ""label"": ""dogsled"", ""confidence"": 0.0943}, {""rank"": 3, ""label"": ""bison"", ""confidence"": 0.0813}, {""rank"": 4, ""label"": ""worm fence"", ""confidence"": 0.0436}, {""rank"": 5, ""label"": ""snowplow"", ""confidence"": 0.0314}]",True
Places365_val_00000601.jpg,/Users/aidahamzic/PycharmProjects/PythonProject1/val_256/Places365_val_00000601.jpg,downtown,building,bell cote,0.2632,"[{""rank"": 1, ""label"": ""bell cote"", ""confidence"": 0.2632}, {""rank"": 2, ""label"": ""triumphal arch"", ""confidence"": 0.1778}, {""rank"": 3, ""label"": ""obelisk"", ""confidence"": 0.1487}, {""rank"": 4, ""label"": ""mosque"", ""confidence"": 0.0959}, {""rank"": 5, ""label"": ""viaduct"", ""confidence"": 0.0538}]",True
Places365_val_00000620.jpg,/Users/aidahamzic/PycharmProjects/PythonProject1/val_256/Places365_val_00000620.jpg,rainforest,forest,worm fence,0.2238,"[{""rank"": 1, ""label"": ""worm fence"", ""confidence"": 0.2238}, {""rank"": 2, ""label"": ""suspension bridge"", ""confidence"": 0.1241}, {""rank"": 3, ""label"": ""geyser"", ""confidence"": 0.0422}, {""rank"": 4, ""label"": ""viaduct"", ""confidence"": 0.041}, {""rank"": 5, ""label"": ""valley"", ""confidence"": 0.0394}]",True
Places365_val_00000622.jpg,/Users/aidahamzic/PycharmProjects/PythonProject1/val_256/Places365_val_00000622.jpg,tower,building,monastery,0.5001,"[{""rank"": 1, ""label"": ""monastery"", ""confidence"": 0.5001}, {""rank"": 2, ""label"": ""church"", ""confidence"": 0.2552}, {""rank"": 3, ""label"": ""palace"", ""confidence"": 0.1126}, {""rank"": 4, ""label"": ""castle"", ""confidence"": 0.0659}, {""rank"": 5, ""label"": ""mosque"", ""confidence"": 0.017}]",True
Places365_val_00000628.jpg,/Users/aidahamzic/PycharmProjects/PythonProject1/val_256/Places365_val_00000628.jpg,hotel-outdoor,building,lakeside,0.1508,"[{""rank"": 1, ""label"": ""lakeside"", ""confidence"": 0.1508}, {""rank"": 2, ""label"": ""flagpole"", ""confidence"": 0.0854}, {""rank"": 3, ""label"": ""solar dish"", ""confidence"": 0.0803}, {""rank"": 4, ""label"": ""seashore"", ""confidence"": 0.0754}, {""rank"": 5, ""label"": ""bell cote"", ""confidence"": 0.0706}]",False
Places365_val_00000706.jpg,/Users/aidahamzic/PycharmProjects/PythonProject1/val_256/Places365_val_00000706.jpg,coast,water,wreck,0.2273,"[{""rank"": 1, ""label"": ""wreck"", ""confidence"": 0.2273}, {""rank"": 2, ""label"": ""pirate"", ""confidence"": 0.1354}, {""rank"": 3, ""label"": ""dock"", ""confidence"": 0.0947}, {""rank"": 4, ""label"": ""schooner"", ""confidence"": 0.0783}, {""rank"": 5, ""label"": ""paddlewheel"", ""confidence"": 0.0627}]",True
Places365_val_00000716.jpg,/Users/aidahamzic/PycharmProjects/PythonProject1/val_256/Places365_val_00000716.jpg,glacier,glacier,alp,0.7859,"[{""rank"": 1, ""label"": ""alp"", ""confidence"": 0.7859}, {""rank"": 2, ""label"": ""valley"", ""confidence"": 0.1325}, {""rank"": 3, ""label"": ""mountain tent"", ""confidence"": 0.0289}, {""rank"": 4, ""label"": ""lakeside"", ""confidence"": 0.0057}, {""rank"": 5, ""label"": ""mountain bike"", ""confidence"": 0.0041}]",True
Places365_val_00000720.jpg,/Users/aidahamzic/PycharmProjects/PythonProject1/val_256/Places365_val_00000720.jpg,river,water,seashore,0.1653,"[{""rank"": 1, ""label"": ""seashore"", ""confidence"": 0.1653}, {""rank"": 2, ""label"": ""snorkel"", ""confidence"": 0.1091}, {""rank"": 3, ""label"": ""paintbrush"", ""confidence"": 0.0453}, {""rank"": 4, ""label"": ""volcano"", ""confidence"": 0.0449}, {""rank"": 5, ""label"": ""canoe"", ""confidence"": 0.0435}]",True
Places365_val_00000740.jpg,/Users/aidahamzic/PycharmProjects/PythonProject1/val_256/Places365_val_00000740.jpg,skyscraper,building,castle,0.5038,"[{""rank"": 1, ""label"": ""castle"", ""confidence"": 0.5038}, {""rank"": 2, ""label"": ""valley"", ""confidence"": 0.0808}, {""rank"": 3, ""label"": ""church"", ""confidence"": 0.0737}, {""rank"": 4, ""label"": ""viaduct"", ""confidence"": 0.0416}, {""rank"": 5, ""label"": ""alp"", ""confidence"": 0.0368}]",True
Places365_val_00000754.jpg,/Users/aidahamzic/PycharmProjects/PythonProject1/val_256/Places365_val_00000754.jpg,coast,water,lakeside,0.761,"[{""rank"": 1, ""label"": ""lakeside"", ""confidence"": 0.761}, {""rank"": 2, ""label"": ""seashore"", ""confidence"": 0.0518}, {""rank"": 3, ""label"": ""valley"", ""confidence"": 0.042}, {""rank"": 4, ""label"": ""geyser"", ""confidence"": 0.0339}, {""rank"": 5, ""label"": ""sandbar"", ""confidence"": 0.0302}]",True
Places365_val_00000766.jpg,/Users/aidahamzic/PycharmProjects/PythonProject1/val_256/Places365_val_00000766.jpg,ocean,water,seashore,0.4443,"[{""rank"": 1, ""label"": ""seashore"", ""confidence"": 0.4443}, {""rank"": 2, ""label"": ""promontory"", ""confidence"": 0.3321}, {""rank"": 3, ""label"": ""sandbar"", ""confidence"": 0.0839}, {""rank"": 4, ""label"": ""lakeside"", ""confidence"": 0.0238}, {""rank"": 5, ""label"": ""cliff"", ""confidence"": 0.0148}]",True
Places365_val_00000770.jpg,/Users/aidahamzic/PycharmProjects/PythonProject1/val_256/Places365_val_00000770.jpg,downtown,building,greenhouse,0.3117,"[{""rank"": 1, ""label"": ""greenhouse"", ""confidence"": 0.3117}, {""rank"": 2, ""label"": ""palace"", ""confidence"": 0.2686}, {""rank"": 3, ""label"": ""picket fence"", ""confidence"": 0.0978}, {""rank"": 4, ""label"": ""patio"", ""confidence"": 0.0323}, {""rank"": 5, ""label"": ""mosque"", ""confidence"": 0.0307}]",True
Places365_val_00000781.jpg,/Users/aidahamzic/PycharmProjects/PythonProject1/val_256/Places365_val_00000781.jpg,hotel-outdoor,building,cinema,0.7357,"[{""rank"": 1, ""label"": ""cinema"", ""confidence"": 0.7357}, {""rank"": 2, ""label"": ""palace"", ""confidence"": 0.0475}, {""rank"": 3, ""label"": ""planetarium"", ""confidence"": 0.026}, {""rank"": 4, ""label"": ""library"", ""confidence"": 0.0194}, {""rank"": 5, ""label"": ""mosque"", ""confidence"": 0.0175}]",True
Places365_val_00000784.jpg,/Users/aidahamzic/PycharmProjects/PythonProject1/val_256/Places365_val_00000784.jpg,tower,building,palace,0.6763,"[{""rank"": 1, ""label"": ""palace"", ""confidence"": 0.6763}, {""rank"": 2, ""label"": ""monastery"", ""confidence"": 0.197}, {""rank"": 3, ""label"": ""bell cote"", ""confidence"": 0.0333}, {""rank"": 4, ""label"": ""castle"", ""confidence"": 0.0188}, {""rank"": 5, ""label"": ""dome"", ""confidence"": 0.0164}]",True
Places365_val_00000799.jpg,/Users/aidahamzic/PycharmProjects/PythonProject1/val_256/Places365_val_00000799.jpg,forest-broadleaf,forest,valley,0.2928,"[{""rank"": 1, ""label"": ""valley"", ""confidence"": 0.2928}, {""rank"": 2, ""label"": ""cliff"", ""confidence"": 0.0317}, {""rank"": 3, ""label"": ""stone wall"", ""confidence"": 0.0313}, {""rank"": 4, ""label"": ""worm fence"", ""confidence"": 0.0297}, {""rank"": 5, ""label"": ""lakeside"", ""confidence"": 0.0247}]",True
Places365_val_00000827.jpg,/Users/aidahamzic/PycharmProjects/PythonProject1/val_256/Places365_val_00000827.jpg,mountain,mountain,valley,0.8013,"[{""rank"": 1, ""label"": ""valley"", ""confidence"": 0.8013}, {""rank"": 2, ""label"": ""alp"", ""confidence"": 0.1708}, {""rank"": 3, ""label"": ""cliff"", ""confidence"": 0.0223}, {""rank"": 4, ""label"": ""promontory"", ""confidence"": 0.0029}, {""rank"": 5, ""label"": ""dam"", ""confidence"": 0.0012}]",True
Places365_val_00000847.jpg,/Users/aidahamzic/PycharmProjects/PythonProject1/val_256/Places365_val_00000847.jpg,rainforest,forest,cliff,0.6914,"[{""rank"": 1, ""label"": ""cliff"", ""confidence"": 0.6914}, {""rank"": 2, ""label"": ""valley"", ""confidence"": 0.147}, {""rank"": 3, ""label"": ""cliff dwelling"", ""confidence"": 0.0213}, {""rank"": 4, ""label"": ""alp"", ""confidence"": 0.0131}, {""rank"": 5, ""label"": ""lakeside"", ""confidence"": 0.0094}]",True
Places365_val_00000856.jpg,/Users/aidahamzic/PycharmProjects/PythonProject1/val_256/Places365_val_00000856.jpg,street,street,traffic light,0.2876,"[{""rank"": 1, ""label"": ""traffic light"", ""confidence"": 0.2876}, {""rank"": 2, ""label"": ""streetcar"", ""confidence"": 0.1559}, {""rank"": 3, ""label"": ""mosque"", ""confidence"": 0.1108}, {""rank"": 4, ""label"": ""palace"", ""confidence"": 0.0575}, {""rank"": 5, ""label"": ""bell cote"", ""confidence"": 0.0549}]",True
Places365_val_00000863.jpg,/Users/aidahamzic/PycharmProjects/PythonProject1/val_256/Places365_val_00000863.jpg,river,water,seashore,0.4048,"[{""rank"": 1, ""label"": ""seashore"", ""confidence"": 0.4048}, {""rank"": 2, ""label"": ""sandbar"", ""confidence"": 0.1334}, {""rank"": 3, ""label"": ""lakeside"", ""confidence"": 0.1142}, {""rank"": 4, ""label"": ""catamaran"", ""confidence"": 0.0891}, {""rank"": 5, ""label"": ""trimaran"", ""confidence"": 0.0619}]",True
Places365_val_00000890.jpg,/Users/aidahamzic/PycharmProjects/PythonProject1/val_256/Places365_val_00000890.jpg,street,street,streetcar,0.1834,"[{""rank"": 1, ""label"": ""streetcar"", ""confidence"": 0.1834}, {""rank"": 2, ""label"": ""library"", ""confidence"": 0.1448}, {""rank"": 3, ""label"": ""palace"", ""confidence"": 0.0583}, {""rank"": 4, ""label"": ""street sign"", ""confidence"": 0.056}, {""rank"": 5, ""label"": ""jinrikisha"", ""confidence"": 0.0525}]",True
Places365_val_00000897.jpg,/Users/aidahamzic/PycharmProjects/PythonProject1/val_256/Places365_val_00000897.jpg,glacier,glacier,grey whale,0.3372,"[{""rank"": 1, ""label"": ""grey whale"", ""confidence"": 0.3372}, {""rank"": 2, ""label"": ""killer whale"", ""confidence"": 0.2343}, {""rank"": 3, ""label"": ""volcano"", ""confidence"": 0.0727}, {""rank"": 4, ""label"": ""promontory"", ""confidence"": 0.0662}, {""rank"": 5, ""label"": ""alp"", ""confidence"": 0.0352}]",True
Places365_val_00000906.jpg,/Users/aidahamzic/PycharmProjects/PythonProject1/val_256/Places365_val_00000906.jpg,ocean,water,promontory,0.8878,"[{""rank"": 1, ""label"": ""promontory"", ""confidence"": 0.8878}, {""rank"": 2, ""label"": ""seashore"", ""confidence"": 0.0717}, {""rank"": 3, ""label"": ""lakeside"", ""confidence"": 0.0222}, {""rank"": 4, ""label"": ""sandbar"", ""confidence"": 0.0039}, {""rank"": 5, ""label"": ""cliff"", ""confidence"": 0.0035}]",True
Places365_val_00000917.jpg,/Users/aidahamzic/PycharmProjects/PythonProject1/val_256/Places365_val_00000917.jpg,downtown,building,tobacco shop,0.2906,"[{""rank"": 1, ""label"": ""tobacco shop"", ""confidence"": 0.2906}, {""rank"": 2, ""label"": ""toyshop"", ""confidence"": 0.1623}, {""rank"": 3, ""label"": ""grocery store"", ""confidence"": 0.0979}, {""rank"": 4, ""label"": ""bell cote"", ""confidence"": 0.0603}, {""rank"": 5, ""label"": ""street sign"", ""confidence"": 0.0507}]",True
Places365_val_00000921.jpg,/Users/aidahamzic/PycharmProjects/PythonProject1/val_256/Places365_val_00000921.jpg,tower,building,dam,0.191,"[{""rank"": 1, ""label"": ""dam"", ""confidence"": 0.191}, {""rank"": 2, ""label"": ""castle"", ""confidence"": 0.1648}, {""rank"": 3, ""label"": ""suspension bridge"", ""confidence"": 0.1103}, {""rank"": 4, ""label"": ""lakeside"", ""confidence"": 0.1049}, {""rank"": 5, ""label"": ""valley"", ""confidence"": 0.0839}]",True
Places365_val_00000941.jpg,/Users/aidahamzic/PycharmProjects/PythonProject1/val_256/Places365_val_00000941.jpg,mountain,mountain,valley,0.372,"[{""rank"": 1, ""label"": ""valley"", ""confidence"": 0.372}, {""rank"": 2, ""label"": ""cliff"", ""confidence"": 0.2937}, {""rank"": 3, ""label"": ""promontory"", ""confidence"": 0.1428}, {""rank"": 4, ""label"": ""alp"", ""confidence"": 0.0786}, {""rank"": 5, ""label"": ""volcano"", ""confidence"": 0.0199}]",True
Places365_val_00000963.jpg,/Users/aidahamzic/PycharmProjects/PythonProject1/val_256/Places365_val_00000963.jpg,house,building,patio,0.1869,"[{""rank"": 1, ""label"": ""patio"", ""confidence"": 0.1869}, {""rank"": 2, ""label"": ""monastery"", ""confidence"": 0.1808}, {""rank"": 3, ""label"": ""tile roof"", ""confidence"": 0.158}, {""rank"": 4, ""label"": ""mobile home"", ""confidence"": 0.1047}, {""rank"": 5, ""label"": ""solar dish"", ""confidence"": 0.0596}]",True
Places365_val_00000970.jpg,/Users/aidahamzic/PycharmProjects/PythonProject1/val_256/Places365_val_00000970.jpg,ocean,water,seashore,0.634,"[{""rank"": 1, ""label"": ""seashore"", ""confidence"": 0.634}, {""rank"": 2, ""label"": ""sea lion"", ""confidence"": 0.1529}, {""rank"": 3, ""label"": ""sandbar"", ""confidence"": 0.0514}, {""rank"": 4, ""label"": ""loggerhead"", ""confidence"": 0.0239}, {""rank"": 5, ""label"": ""killer whale"", ""confidence"": 0.0221}]",True
Places365_val_00000975.jpg,/Users/aidahamzic/PycharmProjects/PythonProject1/val_256/Places365_val_00000975.jpg,house,building,castle,0.6986,"[{""rank"": 1, ""label"": ""castle"", ""confidence"": 0.6986}, {""rank"": 2, ""label"": ""megalith"", ""confidence"": 0.0888}, {""rank"": 3, ""label"": ""alp"", ""confidence"": 0.0527}, {""rank"": 4, ""label"": ""stone wall"", ""confidence"": 0.0364}, {""rank"": 5, ""label"": ""ibex"", ""confidence"": 0.016}]",True
Places365_val_00001001.jpg,/Users/aidahamzic/PycharmProjects/PythonProject1/val_256/Places365_val_00001001.jpg,tower,building,monastery,0.6922,"[{""rank"": 1, ""label"": ""monastery"", ""confidence"": 0.6922}, {""rank"": 2, ""label"": ""palace"", ""confidence"": 0.1384}, {""rank"": 3, ""label"": ""church"", ""confidence"": 0.0666}, {""rank"": 4, ""label"": ""mosque"", ""confidence"": 0.048}, {""rank"": 5, ""label"": ""bell cote"", ""confidence"": 0.0285}]",True
Places365_val_00001027.jpg,/Users/aidahamzic/PycharmProjects/PythonProject1/val_256/Places365_val_00001027.jpg,mountain,mountain,alp,0.6695,"[{""rank"": 1, ""label"": ""alp"", ""confidence"": 0.6695}, {""rank"": 2, ""label"": ""valley"", ""confidence"": 0.3178}, {""rank"": 3, ""label"": ""mountain tent"", ""confidence"": 0.0075}, {""rank"": 4, ""label"": ""cliff"", ""confidence"": 0.0007}, {""rank"": 5, ""label"": ""mountain bike"", ""confidence"": 0.0007}]",True
Places365_val_00001074.jpg,/Users/aidahamzic/PycharmProjects/PythonProject1/val_256/Places365_val_00001074.jpg,forest-broadleaf,forest,pot,0.1235,"[{""rank"": 1, ""label"": ""pot"", ""confidence"": 0.1235}, {""rank"": 2, ""label"": ""wood rabbit"", ""confidence"": 0.0615}, {""rank"": 3, ""label"": ""kit fox"", ""confidence"": 0.0376}, {""rank"": 4, ""label"": ""red wolf"", ""confidence"": 0.029}, {""rank"": 5, ""label"": ""dhole"", ""confidence"": 0.0267}]",False
Places365_val_00001133.jpg,/Users/aidahamzic/PycharmProjects/PythonProject1/val_256/Places365_val_00001133.jpg,forest-broadleaf,forest,bison,0.0728,"[{""rank"": 1, ""label"": ""bison"", ""confidence"": 0.0728}, {""rank"": 2, ""label"": ""mountain bike"", ""confidence"": 0.0684}, {""rank"": 3, ""label"": ""hartebeest"", ""confidence"": 0.0521}, {""rank"": 4, ""label"": ""impala"", ""confidence"": 0.0512}, {""rank"": 5, ""label"": ""mountain tent"", ""confidence"": 0.0425}]",True
Places365_val_00001149.jpg,/Users/aidahamzic/PycharmProjects/PythonProject1/val_256/Places365_val_00001149.jpg,house,building,boathouse,0.8054,"[{""rank"": 1, ""label"": ""boathouse"", ""confidence"": 0.8054}, {""rank"": 2, ""label"": ""lakeside"", ""confidence"": 0.1447}, {""rank"": 3, ""label"": ""palace"", ""confidence"": 0.0348}, {""rank"": 4, ""label"": ""paddlewheel"", ""confidence"": 0.0056}, {""rank"": 5, ""label"": ""dock"", ""confidence"": 0.0015}]",True
Places365_val_00001160.jpg,/Users/aidahamzic/PycharmProjects/PythonProject1/val_256/Places365_val_00001160.jpg,street,street,prison,0.606,"[{""rank"": 1, ""label"": ""prison"", ""confidence"": 0.606}, {""rank"": 2, ""label"": ""palace"", ""confidence"": 0.1005}, {""rank"": 3, ""label"": ""obelisk"", ""confidence"": 0.0466}, {""rank"": 4, ""label"": ""castle"", ""confidence"": 0.0288}, {""rank"": 5, ""label"": ""dome"", ""confidence"": 0.0232}]",False
Places365_val_00001180.jpg,/Users/aidahamzic/PycharmProjects/PythonProject1/val_256/Places365_val_00001180.jpg,glacier,glacier,alp,0.9976,"[{""rank"": 1, ""label"": ""alp"", ""confidence"": 0.9976}, {""rank"": 2, ""label"": ""valley"", ""confidence"": 0.0007}, {""rank"": 3, ""label"": ""volcano"", ""confidence"": 0.0005}, {""rank"": 4, ""label"": ""snowmobile"", ""confidence"": 0.0004}, {""rank"": 5, ""label"": ""ski"", ""confidence"": 0.0003}]",True
Places365_val_00001208.jpg,/Users/aidahamzic/PycharmProjects/PythonProject1/val_256/Places365_val_00001208.jpg,downtown,building,monitor,0.336,"[{""rank"": 1, ""label"": ""monitor"", ""confidence"": 0.336}, {""rank"": 2, ""label"": ""television"", ""confidence"": 0.1083}, {""rank"": 3, ""label"": ""screen"", ""confidence"": 0.0801}, {""rank"": 4, ""label"": ""window screen"", ""confidence"": 0.0435}, {""rank"": 5, ""label"": ""sliding door"", ""confidence"": 0.0412}]",True
Places365_val_00001214.jpg,/Users/aidahamzic/PycharmProjects/PythonProject1/val_256/Places365_val_00001214.jpg,coast,water,seashore,0.3237,"[{""rank"": 1, ""label"": ""seashore"", ""confidence"": 0.3237}, {""rank"": 2, ""label"": ""cliff"", ""confidence"": 0.1807}, {""rank"": 3, ""label"": ""sandbar"", ""confidence"": 0.1595}, {""rank"": 4, ""label"": ""wreck"", ""confidence"": 0.0934}, {""rank"": 5, ""label"": ""alp"", ""confidence"": 0.0631}]",True
Places365_val_00001226.jpg,/Users/aidahamzic/PycharmProjects/PythonProject1/val_256/Places365_val_00001226.jpg,alley,street,prison,0.3356,"[{""rank"": 1, ""label"": ""prison"", ""confidence"": 0.3356}, {""rank"": 2, ""label"": ""monastery"", ""confidence"": 0.1432}, {""rank"": 3, ""label"": ""palace"", ""confidence"": 0.0899}, {""rank"": 4, ""label"": ""vault"", ""confidence"": 0.0759}, {""rank"": 5, ""label"": ""mosque"", ""confidence"": 0.0485}]",False
Places365_val_00001234.jpg,/Users/aidahamzic/PycharmProjects/PythonProject1/val_256/Places365_val_00001234.jpg,ocean,water,seashore,0.3648,"[{""rank"": 1, ""label"": ""seashore"", ""confidence"": 0.3648}, {""rank"": 2, ""label"": ""killer whale"", ""confidence"": 0.18}, {""rank"": 3, ""label"": ""speedboat"", ""confidence"": 0.1142}, {""rank"": 4, ""label"": ""amphibian"", ""confidence"": 0.0505}, {""rank"": 5, ""label"": ""breakwater"", ""confidence"": 0.0301}]",True
Places365_val_00001238.jpg,/Users/aidahamzic/PycharmProjects/PythonProject1/val_256/Places365_val_00001238.jpg,forest-broadleaf,forest,park bench,0.5207,"[{""rank"": 1, ""label"": ""park bench"", ""confidence"": 0.5207}, {""rank"": 2, ""label"": ""worm fence"", ""confidence"": 0.0849}, {""rank"": 3, ""label"": ""swing"", ""confidence"": 0.0337}, {""rank"": 4, ""label"": ""barn"", ""confidence"": 0.03}, {""rank"": 5, ""label"": ""church"", ""confidence"": 0.025}]",True
Places365_val_00001239.jpg,/Users/aidahamzic/PycharmProjects/PythonProject1/val_256/Places365_val_00001239.jpg,skyscraper,building,beacon,0.2872,"[{""rank"": 1, ""label"": ""beacon"", ""confidence"": 0.2872}, {""rank"": 2, ""label"": ""bell cote"", ""confidence"": 0.1381}, {""rank"": 3, ""label"": ""picket fence"", ""confidence"": 0.0397}, {""rank"": 4, ""label"": ""flagpole"", ""confidence"": 0.0376}, {""rank"": 5, ""label"": ""water tower"", ""confidence"": 0.0268}]",False
Places365_val_00001253.jpg,/Users/aidahamzic/PycharmProjects/PythonProject1/val_256/Places365_val_00001253.jpg,downtown,building,lakeside,0.121,"[{""rank"": 1, ""label"": ""lakeside"", ""confidence"": 0.121}, {""rank"": 2, ""label"": ""alp"", ""confidence"": 0.1079}, {""rank"": 3, ""label"": ""seashore"", ""confidence"": 0.0672}, {""rank"": 4, ""label"": ""worm fence"", ""confidence"": 0.0456}, {""rank"": 5, ""label"": ""solar dish"", ""confidence"": 0.0271}]",False
Places365_val_00001259.jpg,/Users/aidahamzic/PycharmProjects/PythonProject1/val_256/Places365_val_00001259.jpg,street,street,maze,0.0715,"[{""rank"": 1, ""label"": ""maze"", ""confidence"": 0.0715}, {""rank"": 2, ""label"": ""Leonberg"", ""confidence"": 0.0709}, {""rank"": 3, ""label"": ""Saint Bernard"", ""confidence"": 0.0624}, {""rank"": 4, ""label"": ""pretzel"", ""confidence"": 0.031}, {""rank"": 5, ""label"": ""chow"", ""confidence"": 0.0296}]",False
Places365_val_00001265.jpg,/Users/aidahamzic/PycharmProjects/PythonProject1/val_256/Places365_val_00001265.jpg,skyscraper,building,cinema,0.1392,"[{""rank"": 1, ""label"": ""cinema"", ""confidence"": 0.1392}, {""rank"": 2, ""label"": ""missile"", ""confidence"": 0.0486}, {""rank"": 3, ""label"": ""panpipe"", ""confidence"": 0.0482}, {""rank"": 4, ""label"": ""projectile"", ""confidence"": 0.0408}, {""rank"": 5, ""label"": ""church"", ""confidence"": 0.031}]",True
Places365_val_00001317.jpg,/Users/aidahamzic/PycharmProjects/PythonProject1/val_256/Places365_val_00001317.jpg,alley,street,prison,0.6155,"[{""rank"": 1, ""label"": ""prison"", ""confidence"": 0.6155}, {""rank"": 2, ""label"": ""streetcar"", ""confidence"": 0.065}, {""rank"": 3, ""label"": ""jinrikisha"", ""confidence"": 0.0386}, {""rank"": 4, ""label"": ""turnstile"", ""confidence"": 0.0318}, {""rank"": 5, ""label"": ""bookshop"", ""confidence"": 0.0292}]",True
Places365_val_00001324.jpg,/Users/aidahamzic/PycharmProjects/PythonProject1/val_256/Places365_val_00001324.jpg,highway,street,breakwater,0.312,"[{""rank"": 1, ""label"": ""breakwater"", ""confidence"": 0.312}, {""rank"": 2, ""label"": ""dam"", ""confidence"": 0.1507}, {""rank"": 3, ""label"": ""worm fence"", ""confidence"": 0.0697}, {""rank"": 4, ""label"": ""seashore"", ""confidence"": 0.0549}, {""rank"": 5, ""label"": ""lakeside"", ""confidence"": 0.0353}]",False
Places365_val_00001348.jpg,/Users/aidahamzic/PycharmProjects/PythonProject1/val_256/Places365_val_00001348.jpg,street,street,swing,0.2706,"[{""rank"": 1, ""label"": ""swing"", ""confidence"": 0.2706}, {""rank"": 2, ""label"": ""pole"", ""confidence"": 0.0688}, {""rank"": 3, ""label"": ""traffic light"", ""confidence"": 0.0538}, {""rank"": 4, ""label"": ""parking meter"", ""confidence"": 0.0511}, {""rank"": 5, ""label"": ""water tower"", ""confidence"": 0.0491}]",False
Places365_val_00001357.jpg,/Users/aidahamzic/PycharmProjects/PythonProject1/val_256/Places365_val_00001357.jpg,downtown,building,cinema,0.1709,"[{""rank"": 1, ""label"": ""cinema"", ""confidence"": 0.1709}, {""rank"": 2, ""label"": ""obelisk"", ""confidence"": 0.1523}, {""rank"": 3, ""label"": ""bell cote"", ""confidence"": 0.0998}, {""rank"": 4, ""label"": ""cab"", ""confidence"": 0.092}, {""rank"": 5, ""label"": ""pier"", ""confidence"": 0.0356}]",True
Places365_val_00001392.jpg,/Users/aidahamzic/PycharmProjects/PythonProject1/val_256/Places365_val_00001392.jpg,house,building,monastery,0.5124,"[{""rank"": 1, ""label"": ""monastery"", ""confidence"": 0.5124}, {""rank"": 2, ""label"": ""castle"", ""confidence"": 0.1101}, {""rank"": 3, ""label"": ""barn"", ""confidence"": 0.0764}, {""rank"": 4, ""label"": ""church"", ""confidence"": 0.0671}, {""rank"": 5, ""label"": ""apiary"", ""confidence"": 0.0544}]",True
Places365_val_00001394.jpg,/Users/aidahamzic/PycharmProjects/PythonProject1/val_256/Places365_val_00001394.jpg,mountain,mountain,valley,0.8503,"[{""rank"": 1, ""label"": ""valley"", ""confidence"": 0.8503}, {""rank"": 2, ""label"": ""alp"", ""confidence"": 0.0357}, {""rank"": 3, ""label"": ""lakeside"", ""confidence"": 0.027}, {""rank"": 4, ""label"": ""castle"", ""confidence"": 0.0181}, {""rank"": 5, ""label"": ""promontory"", ""confidence"": 0.0161}]",True
Places365_val_00001412.jpg,/Users/aidahamzic/PycharmProjects/PythonProject1/val_256/Places365_val_00001412.jpg,house,building,trolleybus,0.1324,"[{""rank"": 1, ""label"": ""trolleybus"", ""confidence"": 0.1324}, {""rank"": 2, ""label"": ""cinema"", ""confidence"": 0.1026}, {""rank"": 3, ""label"": ""palace"", ""confidence"": 0.0947}, {""rank"": 4, ""label"": ""prison"", ""confidence"": 0.0904}, {""rank"": 5, ""label"": ""passenger car"", ""confidence"": 0.0768}]",True
Places365_val_00001422.jpg,/Users/aidahamzic/PycharmProjects/PythonProject1/val_256/Places365_val_00001422.jpg,skyscraper,building,palace,0.1273,"[{""rank"": 1, ""label"": ""palace"", ""confidence"": 0.1273}, {""rank"": 2, ""label"": ""castle"", ""confidence"": 0.0956}, {""rank"": 3, ""label"": ""obelisk"", ""confidence"": 0.08}, {""rank"": 4, ""label"": ""airship"", ""confidence"": 0.0754}, {""rank"": 5, ""label"": ""fountain"", ""confidence"": 0.0558}]",True
Places365_val_00001486.jpg,/Users/aidahamzic/PycharmProjects/PythonProject1/val_256/Places365_val_00001486.jpg,rainforest,forest,valley,0.9078,"[{""rank"": 1, ""label"": ""valley"", ""confidence"": 0.9078}, {""rank"": 2, ""label"": ""stone wall"", ""confidence"": 0.027}, {""rank"": 3, ""label"": ""head cabbage"", ""confidence"": 0.0157}, {""rank"": 4, ""label"": ""lakeside"", ""confidence"": 0.0126}, {""rank"": 5, ""label"": ""maze"", ""confidence"": 0.0097}]",True
Places365_val_00001520.jpg,/Users/aidahamzic/PycharmProjects/PythonProject1/val_256/Places365_val_00001520.jpg,forest-broadleaf,forest,shower curtain,0.3686,"[{""rank"": 1, ""label"": ""shower curtain"", ""confidence"": 0.3686}, {""rank"": 2, ""label"": ""window shade"", ""confidence"": 0.1123}, {""rank"": 3, ""label"": ""greenhouse"", ""confidence"": 0.0693}, {""rank"": 4, ""label"": ""worm fence"", ""confidence"": 0.0651}, {""rank"": 5, ""label"": ""sliding door"", ""confidence"": 0.0343}]",False
Places365_val_00001521.jpg,/Users/aidahamzic/PycharmProjects/PythonProject1/val_256/Places365_val_00001521.jpg,river,water,lakeside,0.5614,"[{""rank"": 1, ""label"": ""lakeside"", ""confidence"": 0.5614}, {""rank"": 2, ""label"": ""canoe"", ""confidence"": 0.0615}, {""rank"": 3, ""label"": ""sandbar"", ""confidence"": 0.0381}, {""rank"": 4, ""label"": ""schooner"", ""confidence"": 0.0372}, {""rank"": 5, ""label"": ""gondola"", ""confidence"": 0.0367}]",True
Places365_val_00001544.jpg,/Users/aidahamzic/PycharmProjects/PythonProject1/val_256/Places365_val_00001544.jpg,downtown,building,lakeside,0.2605,"[{""rank"": 1, ""label"": ""lakeside"", ""confidence"": 0.2605}, {""rank"": 2, ""label"": ""drilling platform"", ""confidence"": 0.1022}, {""rank"": 3, ""label"": ""scoreboard"", ""confidence"": 0.1011}, {""rank"": 4, ""label"": ""dock"", ""confidence"": 0.0681}, {""rank"": 5, ""label"": ""pier"", ""confidence"": 0.0565}]",True
Places365_val_00001643.jpg,/Users/aidahamzic/PycharmProjects/PythonProject1/val_256/Places365_val_00001643.jpg,house,building,worm fence,0.2532,"[{""rank"": 1, ""label"": ""worm fence"", ""confidence"": 0.2532}, {""rank"": 2, ""label"": ""mobile home"", ""confidence"": 0.1612}, {""rank"": 3, ""label"": ""boathouse"", ""confidence"": 0.0403}, {""rank"": 4, ""label"": ""lakeside"", ""confidence"": 0.0378}, {""rank"": 5, ""label"": ""barn"", ""confidence"": 0.0345}]",True
Places365_val_00001664.jpg,/Users/aidahamzic/PycharmProjects/PythonProject1/val_256/Places365_val_00001664.jpg,downtown,building,analog clock,0.1449,"[{""rank"": 1, ""label"": ""analog clock"", ""confidence"": 0.1449}, {""rank"": 2, ""label"": ""window shade"", ""confidence"": 0.125}, {""rank"": 3, ""label"": ""airship"", ""confidence"": 0.1236}, {""rank"": 4, ""label"": ""spotlight"", ""confidence"": 0.0432}, {""rank"": 5, ""label"": ""bannister"", ""confidence"": 0.0426}]",False
Places365_val_00001696.jpg,/Users/aidahamzic/PycharmProjects/PythonProject1/val_256/Places365_val_00001696.jpg,tower,building,stupa,0.3469,"[{""rank"": 1, ""label"": ""stupa"", ""confidence"": 0.3469}, {""rank"": 2, ""label"": ""mosque"", ""confidence"": 0.2746}, {""rank"": 3, ""label"": ""obelisk"", ""confidence"": 0.2078}, {""rank"": 4, ""label"": ""missile"", ""confidence"": 0.0187}, {""rank"": 5, ""label"": ""pickelhaube"", ""confidence"": 0.0182}]",True
Places365_val_00001746.jpg,/Users/aidahamzic/PycharmProjects/PythonProject1/val_256/Places365_val_00001746.jpg,downtown,building,garbage truck,0.2679,"[{""rank"": 1, ""label"": ""garbage truck"", ""confidence"": 0.2679}, {""rank"": 2, ""label"": ""stage"", ""confidence"": 0.0732}, {""rank"": 3, ""label"": ""snowplow"", ""confidence"": 0.0714}, {""rank"": 4, ""label"": ""crane"", ""confidence"": 0.0265}, {""rank"": 5, ""label"": ""submarine"", ""confidence"": 0.0254}]",False
Places365_val_00001780.jpg,/Users/aidahamzic/PycharmProjects/PythonProject1/val_256/Places365_val_00001780.jpg,mountain,mountain,volcano,0.5275,"[{""rank"": 1, ""label"": ""volcano"", ""confidence"": 0.5275}, {""rank"": 2, ""label"": ""geyser"", ""confidence"": 0.4718}, {""rank"": 3, ""label"": ""steam locomotive"", ""confidence"": 0.0001}, {""rank"": 4, ""label"": ""tank"", ""confidence"": 0.0001}, {""rank"": 5, ""label"": ""missile"", ""confidence"": 0.0001}]",True
Places365_val_00001802.jpg,/Users/aidahamzic/PycharmProjects/PythonProject1/val_256/Places365_val_00001802.jpg,ocean,water,promontory,0.4548,"[{""rank"": 1, ""label"": ""promontory"", ""confidence"": 0.4548}, {""rank"": 2, ""label"": ""lakeside"", ""confidence"": 0.1656}, {""rank"": 3, ""label"": ""seashore"", ""confidence"": 0.1242}, {""rank"": 4, ""label"": ""cliff"", ""confidence"": 0.0584}, {""rank"": 5, ""label"": ""valley"", ""confidence"": 0.0374}]",True
Places365_val_00001816.jpg,/Users/aidahamzic/PycharmProjects/PythonProject1/val_256/Places365_val_00001816.jpg,forest-broadleaf,forest,stone wall,0.2064,"[{""rank"": 1, ""label"": ""stone wall"", ""confidence"": 0.2064}, {""rank"": 2, ""label"": ""barn"", ""confidence"": 0.0981}, {""rank"": 3, ""label"": ""park bench"", ""confidence"": 0.0618}, {""rank"": 4, ""label"": ""lakeside"", ""confidence"": 0.0474}, {""rank"": 5, ""label"": ""megalith"", ""confidence"": 0.046}]",False
Places365_val_00001877.jpg,/Users/aidahamzic/PycharmProjects/PythonProject1/val_256/Places365_val_00001877.jpg,tower,building,bell cote,0.4684,"[{""rank"": 1, ""label"": ""bell cote"", ""confidence"": 0.4684}, {""rank"": 2, ""label"": ""monastery"", ""confidence"": 0.2842}, {""rank"": 3, ""label"": ""church"", ""confidence"": 0.0604}, {""rank"": 4, ""label"": ""guillotine"", ""confidence"": 0.0596}, {""rank"": 5, ""label"": ""vault"", ""confidence"": 0.0225}]",True
Places365_val_00001890.jpg,/Users/aidahamzic/PycharmProjects/PythonProject1/val_256/Places365_val_00001890.jpg,skyscraper,building,airship,0.0768,"[{""rank"": 1, ""label"": ""airship"", ""confidence"": 0.0768}, {""rank"": 2, ""label"": ""cinema"", ""confidence"": 0.0767}, {""rank"": 3, ""label"": ""limousine"", ""confidence"": 0.0712}, {""rank"": 4, ""label"": ""fireboat"", ""confidence"": 0.0697}, {""rank"": 5, ""label"": ""pier"", ""confidence"": 0.032}]",True
Places365_val_00001916.jpg,/Users/aidahamzic/PycharmProjects/PythonProject1/val_256/Places365_val_00001916.jpg,mountain,mountain,worm fence,0.2033,"[{""rank"": 1, ""label"": ""worm fence"", ""confidence"": 0.2033}, {""rank"": 2, ""label"": ""dam"", ""confidence"": 0.1486}, {""rank"": 3, ""label"": ""patio"", ""confidence"": 0.1039}, {""rank"": 4, ""label"": ""planetarium"", ""confidence"": 0.0643}, {""rank"": 5, ""label"": ""pier"", ""confidence"": 0.0328}]",False
Places365_val_00001924.jpg,/Users/aidahamzic/PycharmProjects/PythonProject1/val_256/Places365_val_00001924.jpg,coast,water,television,0.2812,"[{""rank"": 1, ""label"": ""television"", ""confidence"": 0.2812}, {""rank"": 2, ""label"": ""lakeside"", ""confidence"": 0.1498}, {""rank"": 3, ""label"": ""volcano"", ""confidence"": 0.0828}, {""rank"": 4, ""label"": ""valley"", ""confidence"": 0.0619}, {""rank"": 5, ""label"": ""seashore"", ""confidence"": 0.0553}]",True
Places365_val_00001939.jpg,/Users/aidahamzic/PycharmProjects/PythonProject1/val_256/Places365_val_00001939.jpg,coast,water,seashore,0.6018,"[{""rank"": 1, ""label"": ""seashore"", ""confidence"": 0.6018}, {""rank"": 2, ""label"": ""sandbar"", ""confidence"": 0.1628}, {""rank"": 3, ""label"": ""volleyball"", ""confidence"": 0.1311}, {""rank"": 4, ""label"": ""swimming trunks"", ""confidence"": 0.0152}, {""rank"": 5, ""label"": ""promontory"", ""confidence"": 0.0102}]",True
Places365_val_00002076.jpg,/Users/aidahamzic/PycharmProjects/PythonProject1/val_256/Places365_val_00002076.jpg,hotel-outdoor,building,palace,0.1212,"[{""rank"": 1, ""label"": ""palace"", ""confidence"": 0.1212}, {""rank"": 2, ""label"": ""cinema"", ""confidence"": 0.0459}, {""rank"": 3, ""label"": ""bell cote"", ""confidence"": 0.045}, {""rank"": 4, ""label"": ""boathouse"", ""confidence"": 0.042}, {""rank"": 5, ""label"": ""lakeside"", ""confidence"": 0.0386}]",True
Places365_val_00002081.jpg,/Users/aidahamzic/PycharmProjects/PythonProject1/val_256/Places365_val_00002081.jpg,skyscraper,building,bell cote,0.2336,"[{""rank"": 1, ""label"": ""bell cote"", ""confidence"": 0.2336}, {""rank"": 2, ""label"": ""obelisk"", ""confidence"": 0.1783}, {""rank"": 3, ""label"": ""triumphal arch"", ""confidence"": 0.1259}, {""rank"": 4, ""label"": ""steel arch bridge"", ""confidence"": 0.1169}, {""rank"": 5, ""label"": ""church"", ""confidence"": 0.0539}]",True
Places365_val_00002091.jpg,/Users/aidahamzic/PycharmProjects/PythonProject1/val_256/Places365_val_00002091.jpg,street,street,jinrikisha,0.1515,"[{""rank"": 1, ""label"": ""jinrikisha"", ""confidence"": 0.1515}, {""rank"": 2, ""label"": ""seashore"", ""confidence"": 0.0512}, {""rank"": 3, ""label"": ""unicycle"", ""confidence"": 0.0505}, {""rank"": 4, ""label"": ""parking meter"", ""confidence"": 0.0494}, {""rank"": 5, ""label"": ""triumphal arch"", ""confidence"": 0.0398}]",True
Places365_val_00002121.jpg,/Users/aidahamzic/PycharmProjects/PythonProject1/val_256/Places365_val_00002121.jpg,tower,building,palace,0.3766,"[{""rank"": 1, ""label"": ""palace"", ""confidence"": 0.3766}, {""rank"": 2, ""label"": ""gondola"", ""confidence"": 0.1434}, {""rank"": 3, ""label"": ""church"", ""confidence"": 0.098}, {""rank"": 4, ""label"": ""monastery"", ""confidence"": 0.0919}, {""rank"": 5, ""label"": ""castle"", ""confidence"": 0.0822}]",True
Places365_val_00002130.jpg,/Users/aidahamzic/PycharmProjects/PythonProject1/val_256/Places365_val_00002130.jpg,house,building,restaurant,0.2928,"[{""rank"": 1, ""label"": ""restaurant"", ""confidence"": 0.2928}, {""rank"": 2, ""label"": ""tobacco shop"", ""confidence"": 0.1151}, {""rank"": 3, ""label"": ""cinema"", ""confidence"": 0.0854}, {""rank"": 4, ""label"": ""trolleybus"", ""confidence"": 0.0813}, {""rank"": 5, ""label"": ""barbershop"", ""confidence"": 0.044}]",True
Places365_val_00002131.jpg,/Users/aidahamzic/PycharmProjects/PythonProject1/val_256/Places365_val_00002131.jpg,river,water,lakeside,0.2506,"[{""rank"": 1, ""label"": ""lakeside"", ""confidence"": 0.2506}, {""rank"": 2, ""label"": ""beacon"", ""confidence"": 0.1958}, {""rank"": 3, ""label"": ""boathouse"", ""confidence"": 0.1247}, {""rank"": 4, ""label"": ""breakwater"", ""confidence"": 0.0319}, {""rank"": 5, ""label"": ""speedboat"", ""confidence"": 0.0291}]",True
Places365_val_00002155.jpg,/Users/aidahamzic/PycharmProjects/PythonProject1/val_256/Places365_val_00002155.jpg,glacier,glacier,television,0.2389,"[{""rank"": 1, ""label"": ""television"", ""confidence"": 0.2389}, {""rank"": 2, ""label"": ""valley"", ""confidence"": 0.1777}, {""rank"": 3, ""label"": ""cliff"", ""confidence"": 0.1563}, {""rank"": 4, ""label"": ""screen"", ""confidence"": 0.0959}, {""rank"": 5, ""label"": ""alp"", ""confidence"": 0.0488}]",True
Places365_val_00002176.jpg,/Users/aidahamzic/PycharmProjects/PythonProject1/val_256/Places365_val_00002176.jpg,hotel-outdoor,building,palace,0.3039,"[{""rank"": 1, ""label"": ""palace"", ""confidence"": 0.3039}, {""rank"": 2, ""label"": ""cinema"", ""confidence"": 0.1355}, {""rank"": 3, ""label"": ""monastery"", ""confidence"": 0.0581}, {""rank"": 4, ""label"": ""prison"", ""confidence"": 0.0476}, {""rank"": 5, ""label"": ""library"", ""confidence"": 0.0338}]",True
Places365_val_00002183.jpg,/Users/aidahamzic/PycharmProjects/PythonProject1/val_256/Places365_val_00002183.jpg,street,street,lakeside,0.2507,"[{""rank"": 1, ""label"": ""lakeside"", ""confidence"": 0.2507}, {""rank"": 2, ""label"": ""patio"", ""confidence"": 0.0984}, {""rank"": 3, ""label"": ""dock"", ""confidence"": 0.0726}, {""rank"": 4, ""label"": ""boathouse"", ""confidence"": 0.0478}, {""rank"": 5, ""label"": ""bannister"", ""confidence"": 0.0355}]",False
Places365_val_00002186.jpg,/Users/aidahamzic/PycharmProjects/PythonProject1/val_256/Places365_val_00002186.jpg,rainforest,forest,rapeseed,0.1668,"[{""rank"": 1, ""label"": ""rapeseed"", ""confidence"": 0.1668}, {""rank"": 2, ""label"": ""yellow lady's slipper"", ""confidence"": 0.0712}, {""rank"": 3, ""label"": ""worm fence"", ""confidence"": 0.0603}, {""rank"": 4, ""label"": ""pot"", ""confidence"": 0.0457}, {""rank"": 5, ""label"": ""jigsaw puzzle"", ""confidence"": 0.0447}]",False
Places365_val_00002255.jpg,/Users/aidahamzic/PycharmProjects/PythonProject1/val_256/Places365_val_00002255.jpg,house,building,prison,0.3613,"[{""rank"": 1, ""label"": ""prison"", ""confidence"": 0.3613}, {""rank"": 2, ""label"": ""mobile home"", ""confidence"": 0.1199}, {""rank"": 3, ""label"": ""church"", ""confidence"": 0.0649}, {""rank"": 4, ""label"": ""monastery"", ""confidence"": 0.0623}, {""rank"": 5, ""label"": ""flagpole"", ""confidence"": 0.0458}]",True
Places365_val_00002308.jpg,/Users/aidahamzic/PycharmProjects/PythonProject1/val_256/Places365_val_00002308.jpg,ocean,water,seashore,0.7284,"[{""rank"": 1, ""label"": ""seashore"", ""confidence"": 0.7284}, {""rank"": 2, ""label"": ""swimming trunks"", ""confidence"": 0.1282}, {""rank"": 3, ""label"": ""sandbar"", ""confidence"": 0.0347}, {""rank"": 4, ""label"": ""bikini"", ""confidence"": 0.0146}, {""rank"": 5, ""label"": ""promontory"", ""confidence"": 0.01}]",True
Places365_val_00002338.jpg,/Users/aidahamzic/PycharmProjects/PythonProject1/val_256/Places365_val_00002338.jpg,glacier,glacier,alp,0.9051,"[{""rank"": 1, ""label"": ""alp"", ""confidence"": 0.9051}, {""rank"": 2, ""label"": ""ski"", ""confidence"": 0.0633}, {""rank"": 3, ""label"": ""valley"", ""confidence"": 0.0113}, {""rank"": 4, ""label"": ""snowmobile"", ""confidence"": 0.0056}, {""rank"": 5, ""label"": ""dogsled"", ""confidence"": 0.0028}]",True
Places365_val_00002367.jpg,/Users/aidahamzic/PycharmProjects/PythonProject1/val_256/Places365_val_00002367.jpg,coast,water,sandbar,0.1013,"[{""rank"": 1, ""label"": ""sandbar"", ""confidence"": 0.1013}, {""rank"": 2, ""label"": ""sarong"", ""confidence"": 0.09}, {""rank"": 3, ""label"": ""swimming trunks"", ""confidence"": 0.0439}, {""rank"": 4, ""label"": ""seashore"", ""confidence"": 0.0321}, {""rank"": 5, ""label"": ""lakeside"", ""confidence"": 0.0257}]",True
Places365_val_00002379.jpg,/Users/aidahamzic/PycharmProjects/PythonProject1/val_256/Places365_val_00002379.jpg,house,building,boathouse,0.3224,"[{""rank"": 1, ""label"": ""boathouse"", ""confidence"": 0.3224}, {""rank"": 2, ""label"": ""thatch"", ""confidence"": 0.2626}, {""rank"": 3, ""label"": ""mobile home"", ""confidence"": 0.147}, {""rank"": 4, ""label"": ""barn"", ""confidence"": 0.0281}, {""rank"": 5, ""label"": ""worm fence"", ""confidence"": 0.0258}]",True
Places365_val_00002380.jpg,/Users/aidahamzic/PycharmProjects/PythonProject1/val_256/Places365_val_00002380.jpg,hotel-outdoor,building,bell cote,0.1821,"[{""rank"": 1, ""label"": ""bell cote"", ""confidence"": 0.1821}, {""rank"": 2, ""label"": ""fountain"", ""confidence"": 0.1784}, {""rank"": 3, ""label"": ""stage"", ""confidence"": 0.0465}, {""rank"": 4, ""label"": ""steel arch bridge"", ""confidence"": 0.0447}, {""rank"": 5, ""label"": ""planetarium"", ""confidence"": 0.0421}]",True
Places365_val_00002399.jpg,/Users/aidahamzic/PycharmProjects/PythonProject1/val_256/Places365_val_00002399.jpg,river,water,canoe,0.5239,"[{""rank"": 1, ""label"": ""canoe"", ""confidence"": 0.5239}, {""rank"": 2, ""label"": ""maze"", ""confidence"": 0.1541}, {""rank"": 3, ""label"": ""lakeside"", ""confidence"": 0.1387}, {""rank"": 4, ""label"": ""sandbar"", ""confidence"": 0.0624}, {""rank"": 5, ""label"": ""paddle"", ""confidence"": 0.0213}]",True
Places365_val_00002435.jpg,/Users/aidahamzic/PycharmProjects/PythonProject1/val_256/Places365_val_00002435.jpg,forest-broadleaf,forest,worm fence,0.2143,"[{""rank"": 1, ""label"": ""worm fence"", ""confidence"": 0.2143}, {""rank"": 2, ""label"": ""lakeside"", ""confidence"": 0.0896}, {""rank"": 3, ""label"": ""stone wall"", ""confidence"": 0.0854}, {""rank"": 4, ""label"": ""park bench"", ""confidence"": 0.0429}, {""rank"": 5, ""label"": ""valley"", ""confidence"": 0.0331}]",True
Places365_val_00002442.jpg,/Users/aidahamzic/PycharmProjects/PythonProject1/val_256/Places365_val_00002442.jpg,forest-broadleaf,forest,bison,0.1619,"[{""rank"": 1, ""label"": ""bison"", ""confidence"": 0.1619}, {""rank"": 2, ""label"": ""ibex"", ""confidence"": 0.1514}, {""rank"": 3, ""label"": ""brown bear"", ""confidence"": 0.1036}, {""rank"": 4, ""label"": ""hartebeest"", ""confidence"": 0.0825}, {""rank"": 5, ""label"": ""wild boar"", ""confidence"": 0.0746}]",True
Places365_val_00002456.jpg,/Users/aidahamzic/PycharmProjects/PythonProject1/val_256/Places365_val_00002456.jpg,skyscraper,building,solar dish,0.3994,"[{""rank"": 1, ""label"": ""solar dish"", ""confidence"": 0.3994}, {""rank"": 2, ""label"": ""flagpole"", ""confidence"": 0.1636}, {""rank"": 3, ""label"": ""bell cote"", ""confidence"": 0.037}, {""rank"": 4, ""label"": ""pier"", ""confidence"": 0.0348}, {""rank"": 5, ""label"": ""suspension bridge"", ""confidence"": 0.0246}]",True
Places365_val_00002459.jpg,/Users/aidahamzic/PycharmProjects/PythonProject1/val_256/Places365_val_00002459.jpg,glacier,glacier,mountain tent,0.223,"[{""rank"": 1, ""label"": ""mountain tent"", ""confidence"": 0.223}, {""rank"": 2, ""label"": ""ski"", ""confidence"": 0.1756}, {""rank"": 3, ""label"": ""snowmobile"", ""confidence"": 0.1499}, {""rank"": 4, ""label"": ""shovel"", ""confidence"": 0.0983}, {""rank"": 5, ""label"": ""alp"", ""confidence"": 0.0902}]",True
Places365_val_00002467.jpg,/Users/aidahamzic/PycharmProjects/PythonProject1/val_256/Places365_val_00002467.jpg,alley,street,prison,0.3954,"[{""rank"": 1, ""label"": ""prison"", ""confidence"": 0.3954}, {""rank"": 2, ""label"": ""church"", ""confidence"": 0.0394}, {""rank"": 3, ""label"": ""monastery"", ""confidence"": 0.0391}, {""rank"": 4, ""label"": ""bannister"", ""confidence"": 0.033}, {""rank"": 5, ""label"": ""vault"", ""confidence"": 0.0282}]",False
Places365_val_00002502.jpg,/Users/aidahamzic/PycharmProjects/PythonProject1/val_256/Places365_val_00002502.jpg,alley,street,prison,0.6046,"[{""rank"": 1, ""label"": ""prison"", ""confidence"": 0.6046}, {""rank"": 2, ""label"": ""jinrikisha"", ""confidence"": 0.044}, {""rank"": 3, ""label"": ""boathouse"", ""confidence"": 0.0394}, {""rank"": 4, ""label"": ""monastery"", ""confidence"": 0.0297}, {""rank"": 5, ""label"": ""vault"", ""confidence"": 0.0295}]",True
Places365_val_00002543.jpg,/Users/aidahamzic/PycharmProjects/PythonProject1/val_256/Places365_val_00002543.jpg,house,building,picket fence,0.8721,"[{""rank"": 1, ""label"": ""picket fence"", ""confidence"": 0.8721}, {""rank"": 2, ""label"": ""worm fence"", ""confidence"": 0.0621}, {""rank"": 3, ""label"": ""patio"", ""confidence"": 0.0198}, {""rank"": 4, ""label"": ""mobile home"", ""confidence"": 0.012}, {""rank"": 5, ""label"": ""prison"", ""confidence"": 0.0077}]",True
Places365_val_00002561.jpg,/Users/aidahamzic/PycharmProjects/PythonProject1/val_256/Places365_val_00002561.jpg,downtown,building,tobacco shop,0.2576,"[{""rank"": 1, ""label"": ""tobacco shop"", ""confidence"": 0.2576}, {""rank"": 2, ""label"": ""cab"", ""confidence"": 0.1168}, {""rank"": 3, ""label"": ""bookshop"", ""confidence"": 0.0792}, {""rank"": 4, ""label"": ""grocery store"", ""confidence"": 0.0401}, {""rank"": 5, ""label"": ""toyshop"", ""confidence"": 0.0308}]",True
Places365_val_00002612.jpg,/Users/aidahamzic/PycharmProjects/PythonProject1/val_256/Places365_val_00002612.jpg,skyscraper,building,dome,0.2834,"[{""rank"": 1, ""label"": ""dome"", ""confidence"": 0.2834}, {""rank"": 2, ""label"": ""planetarium"", ""confidence"": 0.1307}, {""rank"": 3, ""label"": ""solar dish"", ""confidence"": 0.0925}, {""rank"": 4, ""label"": ""steel arch bridge"", ""confidence"": 0.0835}, {""rank"": 5, ""label"": ""bell cote"", ""confidence"": 0.0391}]",True
Places365_val_00002639.jpg,/Users/aidahamzic/PycharmProjects/PythonProject1/val_256/Places365_val_00002639.jpg,downtown,building,lakeside,0.0541,"[{""rank"": 1, ""label"": ""lakeside"", ""confidence"": 0.0541}, {""rank"": 2, ""label"": ""patio"", ""confidence"": 0.0513}, {""rank"": 3, ""label"": ""breakwater"", ""confidence"": 0.0466}, {""rank"": 4, ""label"": ""palace"", ""confidence"": 0.0446}, {""rank"": 5, ""label"": ""dam"", ""confidence"": 0.0341}]",True
Places365_val_00002665.jpg,/Users/aidahamzic/PycharmProjects/PythonProject1/val_256/Places365_val_00002665.jpg,glacier,glacier,alp,0.3042,"[{""rank"": 1, ""label"": ""alp"", ""confidence"": 0.3042}, {""rank"": 2, ""label"": ""cliff"", ""confidence"": 0.2012}, {""rank"": 3, ""label"": ""fireboat"", ""confidence"": 0.0677}, {""rank"": 4, ""label"": ""snowplow"", ""confidence"": 0.0654}, {""rank"": 5, ""label"": ""geyser"", ""confidence"": 0.0406}]",True
Places365_val_00002733.jpg,/Users/aidahamzic/PycharmProjects/PythonProject1/val_256/Places365_val_00002733.jpg,river,water,boathouse,0.3284,"[{""rank"": 1, ""label"": ""boathouse"", ""confidence"": 0.3284}, {""rank"": 2, ""label"": ""lakeside"", ""confidence"": 0.1487}, {""rank"": 3, ""label"": ""pier"", ""confidence"": 0.1251}, {""rank"": 4, ""label"": ""castle"", ""confidence"": 0.0771}, {""rank"": 5, ""label"": ""dam"", ""confidence"": 0.0642}]",True
Places365_val_00002777.jpg,/Users/aidahamzic/PycharmProjects/PythonProject1/val_256/Places365_val_00002777.jpg,downtown,building,obelisk,0.1541,"[{""rank"": 1, ""label"": ""obelisk"", ""confidence"": 0.1541}, {""rank"": 2, ""label"": ""traffic light"", ""confidence"": 0.0909}, {""rank"": 3, ""label"": ""pier"", ""confidence"": 0.0816}, {""rank"": 4, ""label"": ""steel arch bridge"", ""confidence"": 0.068}, {""rank"": 5, ""label"": ""bell cote"", ""confidence"": 0.0588}]",True
Places365_val_00002802.jpg,/Users/aidahamzic/PycharmProjects/PythonProject1/val_256/Places365_val_00002802.jpg,rainforest,forest,spider monkey,0.2031,"[{""rank"": 1, ""label"": ""spider monkey"", ""confidence"": 0.2031}, {""rank"": 2, ""label"": ""capuchin"", ""confidence"": 0.1009}, {""rank"": 3, ""label"": ""howler monkey"", ""confidence"": 0.0663}, {""rank"": 4, ""label"": ""siamang"", ""confidence"": 0.0516}, {""rank"": 5, ""label"": ""colobus"", ""confidence"": 0.0329}]",True
Places365_val_00002857.jpg,/Users/aidahamzic/PycharmProjects/PythonProject1/val_256/Places365_val_00002857.jpg,hotel-outdoor,building,palace,0.813,"[{""rank"": 1, ""label"": ""palace"", ""confidence"": 0.813}, {""rank"": 2, ""label"": ""streetcar"", ""confidence"": 0.034}, {""rank"": 3, ""label"": ""gondola"", ""confidence"": 0.0201}, {""rank"": 4, ""label"": ""monastery"", ""confidence"": 0.0101}, {""rank"": 5, ""label"": ""prison"", ""confidence"": 0.0057}]",True
Places365_val_00002861.jpg,/Users/aidahamzic/PycharmProjects/PythonProject1/val_256/Places365_val_00002861.jpg,glacier,glacier,alp,0.7477,"[{""rank"": 1, ""label"": ""alp"", ""confidence"": 0.7477}, {""rank"": 2, ""label"": ""cliff"", ""confidence"": 0.1506}, {""rank"": 3, ""label"": ""promontory"", ""confidence"": 0.0382}, {""rank"": 4, ""label"": ""valley"", ""confidence"": 0.036}, {""rank"": 5, ""label"": ""mountain tent"", ""confidence"": 0.0106}]",True
Places365_val_00002916.jpg,/Users/aidahamzic/PycharmProjects/PythonProject1/val_256/Places365_val_00002916.jpg,coast,water,promontory,0.8177,"[{""rank"": 1, ""label"": ""promontory"", ""confidence"": 0.8177}, {""rank"": 2, ""label"": ""seashore"", ""confidence"": 0.0685}, {""rank"": 3, ""label"": ""cliff"", ""confidence"": 0.0471}, {""rank"": 4, ""label"": ""breakwater"", ""confidence"": 0.0149}, {""rank"": 5, ""label"": ""lakeside"", ""confidence"": 0.0064}]",True
Places365_val_00002962.jpg,/Users/aidahamzic/PycharmProjects/PythonProject1/val_256/Places365_val_00002962.jpg,coast,water,cliff,0.4037,"[{""rank"": 1, ""label"": ""cliff"", ""confidence"": 0.4037}, {""rank"": 2, ""label"": ""promontory"", ""confidence"": 0.3687}, {""rank"": 3, ""label"": ""seashore"", ""confidence"": 0.1915}, {""rank"": 4, ""label"": ""valley"", ""confidence"": 0.0146}, {""rank"": 5, ""label"": ""sarong"", ""confidence"": 0.0082}]",True
Places365_val_00002980.jpg,/Users/aidahamzic/PycharmProjects/PythonProject1/val_256/Places365_val_00002980.jpg,glacier,glacier,alp,0.5404,"[{""rank"": 1, ""label"": ""alp"", ""confidence"": 0.5404}, {""rank"": 2, ""label"": ""valley"", ""confidence"": 0.4324}, {""rank"": 3, ""label"": ""promontory"", ""confidence"": 0.006}, {""rank"": 4, ""label"": ""cliff"", ""confidence"": 0.0047}, {""rank"": 5, ""label"": ""mountain tent"", ""confidence"": 0.0039}]",True
Places365_val_00002992.jpg,/Users/aidahamzic/PycharmProjects/PythonProject1/val_256/Places365_val_00002992.jpg,highway,street,traffic light,0.4417,"[{""rank"": 1, ""label"": ""traffic light"", ""confidence"": 0.4417}, {""rank"": 2, ""label"": ""trailer truck"", ""confidence"": 0.2773}, {""rank"": 3, ""label"": ""garbage truck"", ""confidence"": 0.0739}, {""rank"": 4, ""label"": ""moving van"", ""confidence"": 0.054}, {""rank"": 5, ""label"": ""street sign"", ""confidence"": 0.0435}]",False
Places365_val_00003055.jpg,/Users/aidahamzic/PycharmProjects/PythonProject1/val_256/Places365_val_00003055.jpg,rainforest,forest,pot,0.4269,"[{""rank"": 1, ""label"": ""pot"", ""confidence"": 0.4269}, {""rank"": 2, ""label"": ""lorikeet"", ""confidence"": 0.1276}, {""rank"": 3, ""label"": ""greenhouse"", ""confidence"": 0.0649}, {""rank"": 4, ""label"": ""strawberry"", ""confidence"": 0.0521}, {""rank"": 5, ""label"": ""hip"", ""confidence"": 0.0469}]",False
Places365_val_00003060.jpg,/Users/aidahamzic/PycharmProjects/PythonProject1/val_256/Places365_val_00003060.jpg,skyscraper,building,steel arch bridge,0.2251,"[{""rank"": 1, ""label"": ""steel arch bridge"", ""confidence"": 0.2251}, {""rank"": 2, ""label"": ""pier"", ""confidence"": 0.107}, {""rank"": 3, ""label"": ""flagpole"", ""confidence"": 0.107}, {""rank"": 4, ""label"": ""window screen"", ""confidence"": 0.0634}, {""rank"": 5, ""label"": ""fireboat"", ""confidence"": 0.0448}]",True
Places365_val_00003081.jpg,/Users/aidahamzic/PycharmProjects/PythonProject1/val_256/Places365_val_00003081.jpg,river,water,lakeside,0.955,"[{""rank"": 1, ""label"": ""lakeside"", ""confidence"": 0.955}, {""rank"": 2, ""label"": ""boathouse"", ""confidence"": 0.0105}, {""rank"": 3, ""label"": ""sandbar"", ""confidence"": 0.0075}, {""rank"": 4, ""label"": ""canoe"", ""confidence"": 0.0056}, {""rank"": 5, ""label"": ""seashore"", ""confidence"": 0.0044}]",True
Places365_val_00003083.jpg,/Users/aidahamzic/PycharmProjects/PythonProject1/val_256/Places365_val_00003083.jpg,tower,building,palace,0.5572,"[{""rank"": 1, ""label"": ""palace"", ""confidence"": 0.5572}, {""rank"": 2, ""label"": ""bell cote"", ""confidence"": 0.1369}, {""rank"": 3, ""label"": ""seashore"", ""confidence"": 0.0413}, {""rank"": 4, ""label"": ""triumphal arch"", ""confidence"": 0.0397}, {""rank"": 5, ""label"": ""lakeside"", ""confidence"": 0.0346}]",True
Places365_val_00003136.jpg,/Users/aidahamzic/PycharmProjects/PythonProject1/val_256/Places365_val_00003136.jpg,ocean,water,beacon,0.9925,"[{""rank"": 1, ""label"": ""beacon"", ""confidence"": 0.9925}, {""rank"": 2, ""label"": ""church"", ""confidence"": 0.003}, {""rank"": 3, ""label"": ""monastery"", ""confidence"": 0.0006}, {""rank"": 4, ""label"": ""dome"", ""confidence"": 0.0006}, {""rank"": 5, ""label"": ""liner"", ""confidence"": 0.0005}]",True
Places365_val_00003142.jpg,/Users/aidahamzic/PycharmProjects/PythonProject1/val_256/Places365_val_00003142.jpg,skyscraper,building,obelisk,0.4158,"[{""rank"": 1, ""label"": ""obelisk"", ""confidence"": 0.4158}, {""rank"": 2, ""label"": ""trimaran"", ""confidence"": 0.1552}, {""rank"": 3, ""label"": ""fireboat"", ""confidence"": 0.0818}, {""rank"": 4, ""label"": ""pier"", ""confidence"": 0.0524}, {""rank"": 5, ""label"": ""beacon"", ""confidence"": 0.0299}]",True
Places365_val_00003172.jpg,/Users/aidahamzic/PycharmProjects/PythonProject1/val_256/Places365_val_00003172.jpg,glacier,glacier,valley,0.5155,"[{""rank"": 1, ""label"": ""valley"", ""confidence"": 0.5155}, {""rank"": 2, ""label"": ""alp"", ""confidence"": 0.075}, {""rank"": 3, ""label"": ""mountain bike"", ""confidence"": 0.0662}, {""rank"": 4, ""label"": ""lakeside"", ""confidence"": 0.0421}, {""rank"": 5, ""label"": ""mountain tent"", ""confidence"": 0.022}]",True
Places365_val_00003186.jpg,/Users/aidahamzic/PycharmProjects/PythonProject1/val_256/Places365_val_00003186.jpg,rainforest,forest,spider monkey,0.1811,"[{""rank"": 1, ""label"": ""spider monkey"", ""confidence"": 0.1811}, {""rank"": 2, ""label"": ""howler monkey"", ""confidence"": 0.1017}, {""rank"": 3, ""label"": ""fox squirrel"", ""confidence"": 0.0654}, {""rank"": 4, ""label"": ""indri"", ""confidence"": 0.0651}, {""rank"": 5, ""label"": ""orangutan"", ""confidence"": 0.064}]",True
Places365_val_00003223.jpg,/Users/aidahamzic/PycharmProjects/PythonProject1/val_256/Places365_val_00003223.jpg,rainforest,forest,American black bear,0.0926,"[{""rank"": 1, ""label"": ""American black bear"", ""confidence"": 0.0926}, {""rank"": 2, ""label"": ""cliff"", ""confidence"": 0.0672}, {""rank"": 3, ""label"": ""stone wall"", ""confidence"": 0.0652}, {""rank"": 4, ""label"": ""mountain bike"", ""confidence"": 0.0478}, {""rank"": 5, ""label"": ""hen-of-the-woods"", ""confidence"": 0.0305}]",True
Places365_val_00003322.jpg,/Users/aidahamzic/PycharmProjects/PythonProject1/val_256/Places365_val_00003322.jpg,mountain,mountain,alp,0.8447,"[{""rank"": 1, ""label"": ""alp"", ""confidence"": 0.8447}, {""rank"": 2, ""label"": ""valley"", ""confidence"": 0.1414}, {""rank"": 3, ""label"": ""cliff"", ""confidence"": 0.0069}, {""rank"": 4, ""label"": ""lakeside"", ""confidence"": 0.0014}, {""rank"": 5, ""label"": ""promontory"", ""confidence"": 0.0011}]",True
Places365_val_00003330.jpg,/Users/aidahamzic/PycharmProjects/PythonProject1/val_256/Places365_val_00003330.jpg,alley,street,mobile home,0.2945,"[{""rank"": 1, ""label"": ""mobile home"", ""confidence"": 0.2945}, {""rank"": 2, ""label"": ""passenger car"", ""confidence"": 0.1493}, {""rank"": 3, ""label"": ""boathouse"", ""confidence"": 0.1038}, {""rank"": 4, ""label"": ""monastery"", ""confidence"": 0.0963}, {""rank"": 5, ""label"": ""prison"", ""confidence"": 0.0502}]",False
Places365_val_00003334.jpg,/Users/aidahamzic/PycharmProjects/PythonProject1/val_256/Places365_val_00003334.jpg,downtown,building,lakeside,0.2851,"[{""rank"": 1, ""label"": ""lakeside"", ""confidence"": 0.2851}, {""rank"": 2, ""label"": ""seashore"", ""confidence"": 0.1743}, {""rank"": 3, ""label"": ""promontory"", ""confidence"": 0.123}, {""rank"": 4, ""label"": ""cliff"", ""confidence"": 0.1031}, {""rank"": 5, ""label"": ""alp"", ""confidence"": 0.0489}]",False
Places365_val_00003346.jpg,/Users/aidahamzic/PycharmProjects/PythonProject1/val_256/Places365_val_00003346.jpg,alley,street,punching bag,0.4225,"[{""rank"": 1, ""label"": ""punching bag"", ""confidence"": 0.4225}, {""rank"": 2, ""label"": ""barrel"", ""confidence"": 0.1288}, {""rank"": 3, ""label"": ""dam"", ""confidence"": 0.0252}, {""rank"": 4, ""label"": ""bannister"", ""confidence"": 0.0215}, {""rank"": 5, ""label"": ""chime"", ""confidence"": 0.0204}]",False
Places365_val_00003392.jpg,/Users/aidahamzic/PycharmProjects/PythonProject1/val_256/Places365_val_00003392.jpg,ocean,water,cliff,0.7423,"[{""rank"": 1, ""label"": ""cliff"", ""confidence"": 0.7423}, {""rank"": 2, ""label"": ""promontory"", ""confidence"": 0.2074}, {""rank"": 3, ""label"": ""seashore"", ""confidence"": 0.0408}, {""rank"": 4, ""label"": ""megalith"", ""confidence"": 0.0016}, {""rank"": 5, ""label"": ""lakeside"", ""confidence"": 0.001}]",True
Places365_val_00003395.jpg,/Users/aidahamzic/PycharmProjects/PythonProject1/val_256/Places365_val_00003395.jpg,glacier,glacier,alp,0.3674,"[{""rank"": 1, ""label"": ""alp"", ""confidence"": 0.3674}, {""rank"": 2, ""label"": ""valley"", ""confidence"": 0.0479}, {""rank"": 3, ""label"": ""king penguin"", ""confidence"": 0.0444}, {""rank"": 4, ""label"": ""ski"", ""confidence"": 0.0356}, {""rank"": 5, ""label"": ""black grouse"", ""confidence"": 0.0324}]",True
Places365_val_00003435.jpg,/Users/aidahamzic/PycharmProjects/PythonProject1/val_256/Places365_val_00003435.jpg,river,water,German short-haired pointer,0.4953,"[{""rank"": 1, ""label"": ""German short-haired pointer"", ""confidence"": 0.4953}, {""rank"": 2, ""label"": ""bluetick"", ""confidence"": 0.0769}, {""rank"": 3, ""label"": ""valley"", ""confidence"": 0.0329}, {""rank"": 4, ""label"": ""English setter"", ""confidence"": 0.0297}, {""rank"": 5, ""label"": ""mountain bike"", ""confidence"": 0.0156}]",False
Places365_val_00003452.jpg,/Users/aidahamzic/PycharmProjects/PythonProject1/val_256/Places365_val_00003452.jpg,highway,street,valley,0.537,"[{""rank"": 1, ""label"": ""valley"", ""confidence"": 0.537}, {""rank"": 2, ""label"": ""worm fence"", ""confidence"": 0.072}, {""rank"": 3, ""label"": ""stone wall"", ""confidence"": 0.0597}, {""rank"": 4, ""label"": ""lakeside"", ""confidence"": 0.0372}, {""rank"": 5, ""label"": ""thatch"", ""confidence"": 0.0288}]",False
Places365_val_00003466.jpg,/Users/aidahamzic/PycharmProjects/PythonProject1/val_256/Places365_val_00003466.jpg,alley,street,fountain,0.3065,"[{""rank"": 1, ""label"": ""fountain"", ""confidence"": 0.3065}, {""rank"": 2, ""label"": ""vault"", ""confidence"": 0.1728}, {""rank"": 3, ""label"": ""stove"", ""confidence"": 0.1489}, {""rank"": 4, ""label"": ""theater curtain"", ""confidence"": 0.0346}, {""rank"": 5, ""label"": ""marimba"", ""confidence"": 0.0342}]",False
Places365_val_00003498.jpg,/Users/aidahamzic/PycharmProjects/PythonProject1/val_256/Places365_val_00003498.jpg,downtown,building,cinema,0.6012,"[{""rank"": 1, ""label"": ""cinema"", ""confidence"": 0.6012}, {""rank"": 2, ""label"": ""pier"", ""confidence"": 0.0554}, {""rank"": 3, ""label"": ""bell cote"", ""confidence"": 0.0335}, {""rank"": 4, ""label"": ""scoreboard"", ""confidence"": 0.0312}, {""rank"": 5, ""label"": ""liner"", ""confidence"": 0.0248}]",True
Places365_val_00003589.jpg,/Users/aidahamzic/PycharmProjects/PythonProject1/val_256/Places365_val_00003589.jpg,hotel-outdoor,building,palace,0.3025,"[{""rank"": 1, ""label"": ""palace"", ""confidence"": 0.3025}, {""rank"": 2, ""label"": ""tobacco shop"", ""confidence"": 0.0973}, {""rank"": 3, ""label"": ""library"", ""confidence"": 0.0721}, {""rank"": 4, ""label"": ""bell cote"", ""confidence"": 0.0329}, {""rank"": 5, ""label"": ""boathouse"", ""confidence"": 0.0307}]",True
Places365_val_00003607.jpg,/Users/aidahamzic/PycharmProjects/PythonProject1/val_256/Places365_val_00003607.jpg,river,water,valley,0.132,"[{""rank"": 1, ""label"": ""valley"", ""confidence"": 0.132}, {""rank"": 2, ""label"": ""canoe"", ""confidence"": 0.1199}, {""rank"": 3, ""label"": ""lakeside"", ""confidence"": 0.058}, {""rank"": 4, ""label"": ""paddle"", ""confidence"": 0.0438}, {""rank"": 5, ""label"": ""gar"", ""confidence"": 0.0385}]",True
Places365_val_00003622.jpg,/Users/aidahamzic/PycharmProjects/PythonProject1/val_256/Places365_val_00003622.jpg,tower,building,stupa,0.2944,"[{""rank"": 1, ""label"": ""stupa"", ""confidence"": 0.2944}, {""rank"": 2, ""label"": ""palace"", ""confidence"": 0.1003}, {""rank"": 3, ""label"": ""bell cote"", ""confidence"": 0.0978}, {""rank"": 4, ""label"": ""radio telescope"", ""confidence"": 0.0537}, {""rank"": 5, ""label"": ""pedestal"", ""confidence"": 0.0355}]",True
Places365_val_00003639.jpg,/Users/aidahamzic/PycharmProjects/PythonProject1/val_256/Places365_val_00003639.jpg,downtown,building,castle,0.3097,"[{""rank"": 1, ""label"": ""castle"", ""confidence"": 0.3097}, {""rank"": 2, ""label"": ""palace"", ""confidence"": 0.2957}, {""rank"": 3, ""label"": ""monastery"", ""confidence"": 0.0971}, {""rank"": 4, ""label"": ""fountain"", ""confidence"": 0.0523}, {""rank"": 5, ""label"": ""church"", ""confidence"": 0.047}]",True
Places365_val_00003669.jpg,/Users/aidahamzic/PycharmProjects/PythonProject1/val_256/Places365_val_00003669.jpg,house,building,boathouse,0.3284,"[{""rank"": 1, ""label"": ""boathouse"", ""confidence"": 0.3284}, {""rank"": 2, ""label"": ""mobile home"", ""confidence"": 0.2197}, {""rank"": 3, ""label"": ""picket fence"", ""confidence"": 0.1227}, {""rank"": 4, ""label"": ""worm fence"", ""confidence"": 0.0976}, {""rank"": 5, ""label"": ""thatch"", ""confidence"": 0.0385}]",True
Places365_val_00003670.jpg,/Users/aidahamzic/PycharmProjects/PythonProject1/val_256/Places365_val_00003670.jpg,downtown,building,fountain,0.0887,"[{""rank"": 1, ""label"": ""fountain"", ""confidence"": 0.0887}, {""rank"": 2, ""label"": ""puck"", ""confidence"": 0.0782}, {""rank"": 3, ""label"": ""broom"", ""confidence"": 0.0641}, {""rank"": 4, ""label"": ""cab"", ""confidence"": 0.0444}, {""rank"": 5, ""label"": ""library"", ""confidence"": 0.0438}]",True
Places365_val_00003673.jpg,/Users/aidahamzic/PycharmProjects/PythonProject1/val_256/Places365_val_00003673.jpg,highway,street,trailer truck,0.3995,"[{""rank"": 1, ""label"": ""trailer truck"", ""confidence"": 0.3995}, {""rank"": 2, ""label"": ""street sign"", ""confidence"": 0.3144}, {""rank"": 3, ""label"": ""traffic light"", ""confidence"": 0.085}, {""rank"": 4, ""label"": ""garbage truck"", ""confidence"": 0.02}, {""rank"": 5, ""label"": ""moving van"", ""confidence"": 0.0148}]",False
Places365_val_00003706.jpg,/Users/aidahamzic/PycharmProjects/PythonProject1/val_256/Places365_val_00003706.jpg,hotel-outdoor,building,scoreboard,0.1672,"[{""rank"": 1, ""label"": ""scoreboard"", ""confidence"": 0.1672}, {""rank"": 2, ""label"": ""cinema"", ""confidence"": 0.1657}, {""rank"": 3, ""label"": ""bell cote"", ""confidence"": 0.0454}, {""rank"": 4, ""label"": ""library"", ""confidence"": 0.0363}, {""rank"": 5, ""label"": ""planetarium"", ""confidence"": 0.0338}]",True
Places365_val_00003719.jpg,/Users/aidahamzic/PycharmProjects/PythonProject1/val_256/Places365_val_00003719.jpg,tower,building,mosque,0.8874,"[{""rank"": 1, ""label"": ""mosque"", ""confidence"": 0.8874}, {""rank"": 2, ""label"": ""space shuttle"", ""confidence"": 0.0137}, {""rank"": 3, ""label"": ""beacon"", ""confidence"": 0.0105}, {""rank"": 4, ""label"": ""missile"", ""confidence"": 0.0079}, {""rank"": 5, ""label"": ""palace"", ""confidence"": 0.0076}]",True
Places365_val_00003729.jpg,/Users/aidahamzic/PycharmProjects/PythonProject1/val_256/Places365_val_00003729.jpg,tower,building,church,0.6315,"[{""rank"": 1, ""label"": ""church"", ""confidence"": 0.6315}, {""rank"": 2, ""label"": ""obelisk"", ""confidence"": 0.2104}, {""rank"": 3, ""label"": ""missile"", ""confidence"": 0.0546}, {""rank"": 4, ""label"": ""bell cote"", ""confidence"": 0.0323}, {""rank"": 5, ""label"": ""projectile"", ""confidence"": 0.0265}]",True
Places365_val_00003731.jpg,/Users/aidahamzic/PycharmProjects/PythonProject1/val_256/Places365_val_00003731.jpg,coast,water,boathouse,0.3525,"[{""rank"": 1, ""label"": ""boathouse"", ""confidence"": 0.3525}, {""rank"": 2, ""label"": ""lakeside"", ""confidence"": 0.1819}, {""rank"": 3, ""label"": ""dock"", ""confidence"": 0.1001}, {""rank"": 4, ""label"": ""dam"", ""confidence"": 0.0401}, {""rank"": 5, ""label"": ""seashore"", ""confidence"": 0.0236}]",True
Places365_val_00003735.jpg,/Users/aidahamzic/PycharmProjects/PythonProject1/val_256/Places365_val_00003735.jpg,tower,building,beacon,0.4171,"[{""rank"": 1, ""label"": ""beacon"", ""confidence"": 0.4171}, {""rank"": 2, ""label"": ""tripod"", ""confidence"": 0.1624}, {""rank"": 3, ""label"": ""solar dish"", ""confidence"": 0.1235}, {""rank"": 4, ""label"": ""binoculars"", ""confidence"": 0.0617}, {""rank"": 5, ""label"": ""bell cote"", ""confidence"": 0.0245}]",False
Places365_val_00003801.jpg,/Users/aidahamzic/PycharmProjects/PythonProject1/val_256/Places365_val_00003801.jpg,river,water,lakeside,0.3973,"[{""rank"": 1, ""label"": ""lakeside"", ""confidence"": 0.3973}, {""rank"": 2, ""label"": ""promontory"", ""confidence"": 0.2828}, {""rank"": 3, ""label"": ""valley"", ""confidence"": 0.1317}, {""rank"": 4, ""label"": ""seashore"", ""confidence"": 0.0669}, {""rank"": 5, ""label"": ""sandbar"", ""confidence"": 0.0281}]",True
Places365_val_00003814.jpg,/Users/aidahamzic/PycharmProjects/PythonProject1/val_256/Places365_val_00003814.jpg,ocean,water,promontory,0.7589,"[{""rank"": 1, ""label"": ""promontory"", ""confidence"": 0.7589}, {""rank"": 2, ""label"": ""seashore"", ""confidence"": 0.2038}, {""rank"": 3, ""label"": ""lakeside"", ""confidence"": 0.0135}, {""rank"": 4, ""label"": ""cliff"", ""confidence"": 0.0073}, {""rank"": 5, ""label"": ""sandbar"", ""confidence"": 0.006}]",True
Places365_val_00003829.jpg,/Users/aidahamzic/PycharmProjects/PythonProject1/val_256/Places365_val_00003829.jpg,rainforest,forest,mountain bike,0.0553,"[{""rank"": 1, ""label"": ""mountain bike"", ""confidence"": 0.0553}, {""rank"": 2, ""label"": ""mountain tent"", ""confidence"": 0.0362}, {""rank"": 3, ""label"": ""bison"", ""confidence"": 0.0356}, {""rank"": 4, ""label"": ""lakeside"", ""confidence"": 0.03}, {""rank"": 5, ""label"": ""swing"", ""confidence"": 0.027}]",True
Places365_val_00003876.jpg,/Users/aidahamzic/PycharmProjects/PythonProject1/val_256/Places365_val_00003876.jpg,skyscraper,building,fireboat,0.3167,"[{""rank"": 1, ""label"": ""fireboat"", ""confidence"": 0.3167}, {""rank"": 2, ""label"": ""drilling platform"", ""confidence"": 0.1696}, {""rank"": 3, ""label"": ""breakwater"", ""confidence"": 0.0615}, {""rank"": 4, ""label"": ""container ship"", ""confidence"": 0.0405}, {""rank"": 5, ""label"": ""trimaran"", ""confidence"": 0.0402}]",False
Places365_val_00003887.jpg,/Users/aidahamzic/PycharmProjects/PythonProject1/val_256/Places365_val_00003887.jpg,alley,street,moped,0.3236,"[{""rank"": 1, ""label"": ""moped"", ""confidence"": 0.3236}, {""rank"": 2, ""label"": ""horse cart"", ""confidence"": 0.0701}, {""rank"": 3, ""label"": ""motor scooter"", ""confidence"": 0.0431}, {""rank"": 4, ""label"": ""Model T"", ""confidence"": 0.0371}, {""rank"": 5, ""label"": ""projectile"", ""confidence"": 0.0335}]",False
Places365_val_00003918.jpg,/Users/aidahamzic/PycharmProjects/PythonProject1/val_256/Places365_val_00003918.jpg,skyscraper,building,monastery,0.2401,"[{""rank"": 1, ""label"": ""monastery"", ""confidence"": 0.2401}, {""rank"": 2, ""label"": ""altar"", ""confidence"": 0.147}, {""rank"": 3, ""label"": ""dome"", ""confidence"": 0.1134}, {""rank"": 4, ""label"": ""palace"", ""confidence"": 0.0854}, {""rank"": 5, ""label"": ""jigsaw puzzle"", ""confidence"": 0.075}]",True
Places365_val_00003938.jpg,/Users/aidahamzic/PycharmProjects/PythonProject1/val_256/Places365_val_00003938.jpg,rainforest,forest,lakeside,0.4219,"[{""rank"": 1, ""label"": ""lakeside"", ""confidence"": 0.4219}, {""rank"": 2, ""label"": ""alp"", ""confidence"": 0.0881}, {""rank"": 3, ""label"": ""seashore"", ""confidence"": 0.0514}, {""rank"": 4, ""label"": ""worm fence"", ""confidence"": 0.036}, {""rank"": 5, ""label"": ""valley"", ""confidence"": 0.0279}]",True
Places365_val_00003980.jpg,/Users/aidahamzic/PycharmProjects/PythonProject1/val_256/Places365_val_00003980.jpg,hotel-outdoor,building,dam,0.3071,"[{""rank"": 1, ""label"": ""dam"", ""confidence"": 0.3071}, {""rank"": 2, ""label"": ""cliff"", ""confidence"": 0.1217}, {""rank"": 3, ""label"": ""valley"", ""confidence"": 0.0597}, {""rank"": 4, ""label"": ""alp"", ""confidence"": 0.0577}, {""rank"": 5, ""label"": ""lakeside"", ""confidence"": 0.039}]",True
Places365_val_00004000.jpg,/Users/aidahamzic/PycharmProjects/PythonProject1/val_256/Places365_val_00004000.jpg,mountain,mountain,valley,0.7833,"[{""rank"": 1, ""label"": ""valley"", ""confidence"": 0.7833}, {""rank"": 2, ""label"": ""cliff"", ""confidence"": 0.0998}, {""rank"": 3, ""label"": ""alp"", ""confidence"": 0.0841}, {""rank"": 4, ""label"": ""promontory"", ""confidence"": 0.0177}, {""rank"": 5, ""label"": ""lakeside"", ""confidence"": 0.0043}]",True
Places365_val_00004029.jpg,/Users/aidahamzic/PycharmProjects/PythonProject1/val_256/Places365_val_00004029.jpg,highway,street,convertible,0.3834,"[{""rank"": 1, ""label"": ""convertible"", ""confidence"": 0.3834}, {""rank"": 2, ""label"": ""sports car"", ""confidence"": 0.2181}, {""rank"": 3, ""label"": ""racer"", ""confidence"": 0.0886}, {""rank"": 4, ""label"": ""pickup"", ""confidence"": 0.0573}, {""rank"": 5, ""label"": ""minivan"", ""confidence"": 0.0449}]",False
Places365_val_00004037.jpg,/Users/aidahamzic/PycharmProjects/PythonProject1/val_256/Places365_val_00004037.jpg,hotel-outdoor,building,solar dish,0.1741,"[{""rank"": 1, ""label"": ""solar dish"", ""confidence"": 0.1741}, {""rank"": 2, ""label"": ""palace"", ""confidence"": 0.1655}, {""rank"": 3, ""label"": ""bell cote"", ""confidence"": 0.0661}, {""rank"": 4, ""label"": ""lakeside"", ""confidence"": 0.0449}, {""rank"": 5, ""label"": ""planetarium"", ""confidence"": 0.036}]",True
Places365_val_00004044.jpg,/Users/aidahamzic/PycharmProjects/PythonProject1/val_256/Places365_val_00004044.jpg,rainforest,forest,lakeside,0.1273,"[{""rank"": 1, ""label"": ""lakeside"", ""confidence"": 0.1273}, {""rank"": 2, ""label"": ""worm fence"", ""confidence"": 0.0667}, {""rank"": 3, ""label"": ""park bench"", ""confidence"": 0.0663}, {""rank"": 4, ""label"": ""patio"", ""confidence"": 0.0581}, {""rank"": 5, ""label"": ""malamute"", ""confidence"": 0.0388}]",False
Places365_val_00004054.jpg,/Users/aidahamzic/PycharmProjects/PythonProject1/val_256/Places365_val_00004054.jpg,coast,water,promontory,0.8732,"[{""rank"": 1, ""label"": ""promontory"", ""confidence"": 0.8732}, {""rank"": 2, ""label"": ""cliff"", ""confidence"": 0.057}, {""rank"": 3, ""label"": ""seashore"", ""confidence"": 0.0452}, {""rank"": 4, ""label"": ""valley"", ""confidence"": 0.0151}, {""rank"": 5, ""label"": ""dam"", ""confidence"": 0.0042}]",True
Places365_val_00004131.jpg,/Users/aidahamzic/PycharmProjects/PythonProject1/val_256/Places365_val_00004131.jpg,highway,street,street sign,0.9197,"[{""rank"": 1, ""label"": ""street sign"", ""confidence"": 0.9197}, {""rank"": 2, ""label"": ""traffic light"", ""confidence"": 0.0455}, {""rank"": 3, ""label"": ""ashcan"", ""confidence"": 0.0038}, {""rank"": 4, ""label"": ""streetcar"", ""confidence"": 0.0016}, {""rank"": 5, ""label"": ""alp"", ""confidence"": 0.0015}]",True
Places365_val_00004174.jpg,/Users/aidahamzic/PycharmProjects/PythonProject1/val_256/Places365_val_00004174.jpg,street,street,solar dish,0.0931,"[{""rank"": 1, ""label"": ""solar dish"", ""confidence"": 0.0931}, {""rank"": 2, ""label"": ""alp"", ""confidence"": 0.0525}, {""rank"": 3, ""label"": ""hoopskirt"", ""confidence"": 0.0522}, {""rank"": 4, ""label"": ""bullet train"", ""confidence"": 0.0332}, {""rank"": 5, ""label"": ""stupa"", ""confidence"": 0.0301}]",False
Places365_val_00004243.jpg,/Users/aidahamzic/PycharmProjects/PythonProject1/val_256/Places365_val_00004243.jpg,house,building,prison,0.1019,"[{""rank"": 1, ""label"": ""prison"", ""confidence"": 0.1019}, {""rank"": 2, ""label"": ""monastery"", ""confidence"": 0.0789}, {""rank"": 3, ""label"": ""solar dish"", ""confidence"": 0.0698}, {""rank"": 4, ""label"": ""flagpole"", ""confidence"": 0.049}, {""rank"": 5, ""label"": ""cinema"", ""confidence"": 0.043}]",True
Places365_val_00004280.jpg,/Users/aidahamzic/PycharmProjects/PythonProject1/val_256/Places365_val_00004280.jpg,rainforest,forest,Madagascar cat,0.3195,"[{""rank"": 1, ""label"": ""Madagascar cat"", ""confidence"": 0.3195}, {""rank"": 2, ""label"": ""Chihuahua"", ""confidence"": 0.0802}, {""rank"": 3, ""label"": ""indri"", ""confidence"": 0.0662}, {""rank"": 4, ""label"": ""toy terrier"", ""confidence"": 0.0537}, {""rank"": 5, ""label"": ""jaguar"", ""confidence"": 0.0428}]",False
Places365_val_00004285.jpg,/Users/aidahamzic/PycharmProjects/PythonProject1/val_256/Places365_val_00004285.jpg,highway,street,street sign,0.6775,"[{""rank"": 1, ""label"": ""street sign"", ""confidence"": 0.6775}, {""rank"": 2, ""label"": ""tobacco shop"", ""confidence"": 0.0442}, {""rank"": 3, ""label"": ""bakery"", ""confidence"": 0.0265}, {""rank"": 4, ""label"": ""pier"", ""confidence"": 0.0243}, {""rank"": 5, ""label"": ""scoreboard"", ""confidence"": 0.0226}]",False
Places365_val_00004289.jpg,/Users/aidahamzic/PycharmProjects/PythonProject1/val_256/Places365_val_00004289.jpg,street,street,streetcar,0.2129,"[{""rank"": 1, ""label"": ""streetcar"", ""confidence"": 0.2129}, {""rank"": 2, ""label"": ""passenger car"", ""confidence"": 0.1355}, {""rank"": 3, ""label"": ""prison"", ""confidence"": 0.097}, {""rank"": 4, ""label"": ""restaurant"", ""confidence"": 0.0684}, {""rank"": 5, ""label"": ""sliding door"", ""confidence"": 0.0609}]",True
Places365_val_00004333.jpg,/Users/aidahamzic/PycharmProjects/PythonProject1/val_256/Places365_val_00004333.jpg,glacier,glacier,alp,0.6232,"[{""rank"": 1, ""label"": ""alp"", ""confidence"": 0.6232}, {""rank"": 2, ""label"": ""valley"", ""confidence"": 0.3452}, {""rank"": 3, ""label"": ""cliff"", ""confidence"": 0.0117}, {""rank"": 4, ""label"": ""monastery"", ""confidence"": 0.0069}, {""rank"": 5, ""label"": ""dam"", ""confidence"": 0.0038}]",True
Places365_val_00004355.jpg,/Users/aidahamzic/PycharmProjects/PythonProject1/val_256/Places365_val_00004355.jpg,ocean,water,killer whale,0.4451,"[{""rank"": 1, ""label"": ""killer whale"", ""confidence"": 0.4451}, {""rank"": 2, ""label"": ""grey whale"", ""confidence"": 0.1158}, {""rank"": 3, ""label"": ""red-breasted merganser"", ""confidence"": 0.0296}, {""rank"": 4, ""label"": ""dowitcher"", ""confidence"": 0.0291}, {""rank"": 5, ""label"": ""sea lion"", ""confidence"": 0.0257}]",False
Places365_val_00004358.jpg,/Users/aidahamzic/PycharmProjects/PythonProject1/val_256/Places365_val_00004358.jpg,rainforest,forest,valley,0.3927,"[{""rank"": 1, ""label"": ""valley"", ""confidence"": 0.3927}, {""rank"": 2, ""label"": ""cliff"", ""confidence"": 0.2327}, {""rank"": 3, ""label"": ""alp"", ""confidence"": 0.0557}, {""rank"": 4, ""label"": ""promontory"", ""confidence"": 0.0404}, {""rank"": 5, ""label"": ""mountain bike"", ""confidence"": 0.0244}]",True
Places365_val_00004391.jpg,/Users/aidahamzic/PycharmProjects/PythonProject1/val_256/Places365_val_00004391.jpg,alley,street,prison,0.1563,"[{""rank"": 1, ""label"": ""prison"", ""confidence"": 0.1563}, {""rank"": 2, ""label"": ""patio"", ""confidence"": 0.1518}, {""rank"": 3, ""label"": ""monastery"", ""confidence"": 0.0396}, {""rank"": 4, ""label"": ""barbershop"", ""confidence"": 0.0276}, {""rank"": 5, ""label"": ""palace"", ""confidence"": 0.0202}]",False
Places365_val_00004422.jpg,/Users/aidahamzic/PycharmProjects/PythonProject1/val_256/Places365_val_00004422.jpg,house,building,mobile home,0.9009,"[{""rank"": 1, ""label"": ""mobile home"", ""confidence"": 0.9009}, {""rank"": 2, ""label"": ""patio"", ""confidence"": 0.0722}, {""rank"": 3, ""label"": ""window screen"", ""confidence"": 0.0053}, {""rank"": 4, ""label"": ""window shade"", ""confidence"": 0.0034}, {""rank"": 5, ""label"": ""sliding door"", ""confidence"": 0.0032}]",True
Places365_val_00004515.jpg,/Users/aidahamzic/PycharmProjects/PythonProject1/val_256/Places365_val_00004515.jpg,tower,building,scoreboard,0.5441,"[{""rank"": 1, ""label"": ""scoreboard"", ""confidence"": 0.5441}, {""rank"": 2, ""label"": ""solar dish"", ""confidence"": 0.0505}, {""rank"": 3, ""label"": ""space heater"", ""confidence"": 0.0288}, {""rank"": 4, ""label"": ""desktop computer"", ""confidence"": 0.0272}, {""rank"": 5, ""label"": ""radio"", ""confidence"": 0.017}]",False
Places365_val_00004577.jpg,/Users/aidahamzic/PycharmProjects/PythonProject1/val_256/Places365_val_00004577.jpg,forest-broadleaf,forest,lakeside,0.8514,"[{""rank"": 1, ""label"": ""lakeside"", ""confidence"": 0.8514}, {""rank"": 2, ""label"": ""boathouse"", ""confidence"": 0.0958}, {""rank"": 3, ""label"": ""canoe"", ""confidence"": 0.0245}, {""rank"": 4, ""label"": ""valley"", ""confidence"": 0.0059}, {""rank"": 5, ""label"": ""castle"", ""confidence"": 0.0039}]",True
Places365_val_00004585.jpg,/Users/aidahamzic/PycharmProjects/PythonProject1/val_256/Places365_val_00004585.jpg,highway,street,racer,0.1202,"[{""rank"": 1, ""label"": ""racer"", ""confidence"": 0.1202}, {""rank"": 2, ""label"": ""passenger car"", ""confidence"": 0.096}, {""rank"": 3, ""label"": ""trailer truck"", ""confidence"": 0.0661}, {""rank"": 4, ""label"": ""sandbar"", ""confidence"": 0.0335}, {""rank"": 5, ""label"": ""valley"", ""confidence"": 0.0303}]",False
Places365_val_00004595.jpg,/Users/aidahamzic/PycharmProjects/PythonProject1/val_256/Places365_val_00004595.jpg,tower,building,holster,0.0884,"[{""rank"": 1, ""label"": ""holster"", ""confidence"": 0.0884}, {""rank"": 2, ""label"": ""four-poster"", ""confidence"": 0.0864}, {""rank"": 3, ""label"": ""overskirt"", ""confidence"": 0.0746}, {""rank"": 4, ""label"": ""brassiere"", ""confidence"": 0.0651}, {""rank"": 5, ""label"": ""harp"", ""confidence"": 0.0606}]",False
Places365_val_00004604.jpg,/Users/aidahamzic/PycharmProjects/PythonProject1/val_256/Places365_val_00004604.jpg,glacier,glacier,valley,0.4743,"[{""rank"": 1, ""label"": ""valley"", ""confidence"": 0.4743}, {""rank"": 2, ""label"": ""lakeside"", ""confidence"": 0.1927}, {""rank"": 3, ""label"": ""promontory"", ""confidence"": 0.1912}, {""rank"": 4, ""label"": ""alp"", ""confidence"": 0.0575}, {""rank"": 5, ""label"": ""dam"", ""confidence"": 0.0464}]",True
Places365_val_00004605.jpg,/Users/aidahamzic/PycharmProjects/PythonProject1/val_256/Places365_val_00004605.jpg,street,street,library,0.2469,"[{""rank"": 1, ""label"": ""library"", ""confidence"": 0.2469}, {""rank"": 2, ""label"": ""prison"", ""confidence"": 0.2087}, {""rank"": 3, ""label"": ""palace"", ""confidence"": 0.1609}, {""rank"": 4, ""label"": ""cinema"", ""confidence"": 0.0824}, {""rank"": 5, ""label"": ""monastery"", ""confidence"": 0.0446}]",False
Places365_val_00004609.jpg,/Users/aidahamzic/PycharmProjects/PythonProject1/val_256/Places365_val_00004609.jpg,forest-broadleaf,forest,maze,0.1739,"[{""rank"": 1, ""label"": ""maze"", ""confidence"": 0.1739}, {""rank"": 2, ""label"": ""worm fence"", ""confidence"": 0.0494}, {""rank"": 3, ""label"": ""valley"", ""confidence"": 0.0333}, {""rank"": 4, ""label"": ""park bench"", ""confidence"": 0.0328}, {""rank"": 5, ""label"": ""stone wall"", ""confidence"": 0.0264}]",True
Places365_val_00004611.jpg,/Users/aidahamzic/PycharmProjects/PythonProject1/val_256/Places365_val_00004611.jpg,highway,street,minivan,0.2629,"[{""rank"": 1, ""label"": ""minivan"", ""confidence"": 0.2629}, {""rank"": 2, ""label"": ""pickup"", ""confidence"": 0.2075}, {""rank"": 3, ""label"": ""minibus"", ""confidence"": 0.1475}, {""rank"": 4, ""label"": ""tow truck"", ""confidence"": 0.1428}, {""rank"": 5, ""label"": ""police van"", ""confidence"": 0.0817}]",False
Places365_val_00004617.jpg,/Users/aidahamzic/PycharmProjects/PythonProject1/val_256/Places365_val_00004617.jpg,ocean,water,lakeside,0.4798,"[{""rank"": 1, ""label"": ""lakeside"", ""confidence"": 0.4798}, {""rank"": 2, ""label"": ""seashore"", ""confidence"": 0.1759}, {""rank"": 3, ""label"": ""breakwater"", ""confidence"": 0.1015}, {""rank"": 4, ""label"": ""dock"", ""confidence"": 0.0579}, {""rank"": 5, ""label"": ""sandbar"", ""confidence"": 0.0273}]",True
Places365_val_00004636.jpg,/Users/aidahamzic/PycharmProjects/PythonProject1/val_256/Places365_val_00004636.jpg,ocean,water,seashore,0.5428,"[{""rank"": 1, ""label"": ""seashore"", ""confidence"": 0.5428}, {""rank"": 2, ""label"": ""promontory"", ""confidence"": 0.2731}, {""rank"": 3, ""label"": ""cliff"", ""confidence"": 0.0194}, {""rank"": 4, ""label"": ""sandbar"", ""confidence"": 0.0112}, {""rank"": 5, ""label"": ""leatherback turtle"", ""confidence"": 0.0068}]",True
Places365_val_00004695.jpg,/Users/aidahamzic/PycharmProjects/PythonProject1/val_256/Places365_val_00004695.jpg,highway,street,radio telescope,0.202,"[{""rank"": 1, ""label"": ""radio telescope"", ""confidence"": 0.202}, {""rank"": 2, ""label"": ""water tower"", ""confidence"": 0.1077}, {""rank"": 3, ""label"": ""solar dish"", ""confidence"": 0.0716}, {""rank"": 4, ""label"": ""balloon"", ""confidence"": 0.0507}, {""rank"": 5, ""label"": ""crane"", ""confidence"": 0.0329}]",False
Places365_val_00004708.jpg,/Users/aidahamzic/PycharmProjects/PythonProject1/val_256/Places365_val_00004708.jpg,hotel-outdoor,building,horse cart,0.2987,"[{""rank"": 1, ""label"": ""horse cart"", ""confidence"": 0.2987}, {""rank"": 2, ""label"": ""oxcart"", ""confidence"": 0.2857}, {""rank"": 3, ""label"": ""jinrikisha"", ""confidence"": 0.115}, {""rank"": 4, ""label"": ""ox"", ""confidence"": 0.0311}, {""rank"": 5, ""label"": ""boathouse"", ""confidence"": 0.0165}]",True
Places365_val_00004723.jpg,/Users/aidahamzic/PycharmProjects/PythonProject1/val_256/Places365_val_00004723.jpg,highway,street,street sign,0.3841,"[{""rank"": 1, ""label"": ""street sign"", ""confidence"": 0.3841}, {""rank"": 2, ""label"": ""chainlink fence"", ""confidence"": 0.0647}, {""rank"": 3, ""label"": ""trailer truck"", ""confidence"": 0.0358}, {""rank"": 4, ""label"": ""worm fence"", ""confidence"": 0.0312}, {""rank"": 5, ""label"": ""solar dish"", ""confidence"": 0.0259}]",False
Places365_val_00004740.jpg,/Users/aidahamzic/PycharmProjects/PythonProject1/val_256/Places365_val_00004740.jpg,downtown,building,airship,0.3694,"[{""rank"": 1, ""label"": ""airship"", ""confidence"": 0.3694}, {""rank"": 2, ""label"": ""jigsaw puzzle"", ""confidence"": 0.1104}, {""rank"": 3, ""label"": ""aircraft carrier"", ""confidence"": 0.0957}, {""rank"": 4, ""label"": ""seashore"", ""confidence"": 0.0812}, {""rank"": 5, ""label"": ""lakeside"", ""confidence"": 0.0339}]",False
Places365_val_00004757.jpg,/Users/aidahamzic/PycharmProjects/PythonProject1/val_256/Places365_val_00004757.jpg,river,water,boathouse,0.8378,"[{""rank"": 1, ""label"": ""boathouse"", ""confidence"": 0.8378}, {""rank"": 2, ""label"": ""dam"", ""confidence"": 0.1298}, {""rank"": 3, ""label"": ""lakeside"", ""confidence"": 0.0199}, {""rank"": 4, ""label"": ""dock"", ""confidence"": 0.0023}, {""rank"": 5, ""label"": ""palace"", ""confidence"": 0.0011}]",True
Places365_val_00004766.jpg,/Users/aidahamzic/PycharmProjects/PythonProject1/val_256/Places365_val_00004766.jpg,house,building,prison,0.6525,"[{""rank"": 1, ""label"": ""prison"", ""confidence"": 0.6525}, {""rank"": 2, ""label"": ""worm fence"", ""confidence"": 0.1029}, {""rank"": 3, ""label"": ""castle"", ""confidence"": 0.084}, {""rank"": 4, ""label"": ""barn"", ""confidence"": 0.0367}, {""rank"": 5, ""label"": ""church"", ""confidence"": 0.0294}]",True
Places365_val_00004779.jpg,/Users/aidahamzic/PycharmProjects/PythonProject1/val_256/Places365_val_00004779.jpg,river,water,snowplow,0.3674,"[{""rank"": 1, ""label"": ""snowplow"", ""confidence"": 0.3674}, {""rank"": 2, ""label"": ""viaduct"", ""confidence"": 0.1923}, {""rank"": 3, ""label"": ""dam"", ""confidence"": 0.1923}, {""rank"": 4, ""label"": ""valley"", ""confidence"": 0.0378}, {""rank"": 5, ""label"": ""electric locomotive"", ""confidence"": 0.0301}]",False
Places365_val_00004812.jpg,/Users/aidahamzic/PycharmProjects/PythonProject1/val_256/Places365_val_00004812.jpg,hotel-outdoor,building,library,0.105,"[{""rank"": 1, ""label"": ""library"", ""confidence"": 0.105}, {""rank"": 2, ""label"": ""streetcar"", ""confidence"": 0.0637}, {""rank"": 3, ""label"": ""cinema"", ""confidence"": 0.0498}, {""rank"": 4, ""label"": ""horse cart"", ""confidence"": 0.0396}, {""rank"": 5, ""label"": ""limousine"", ""confidence"": 0.03}]",True
Places365_val_00004818.jpg,/Users/aidahamzic/PycharmProjects/PythonProject1/val_256/Places365_val_00004818.jpg,house,building,boathouse,0.4384,"[{""rank"": 1, ""label"": ""boathouse"", ""confidence"": 0.4384}, {""rank"": 2, ""label"": ""mobile home"", ""confidence"": 0.2824}, {""rank"": 3, ""label"": ""patio"", ""confidence"": 0.0379}, {""rank"": 4, ""label"": ""restaurant"", ""confidence"": 0.0266}, {""rank"": 5, ""label"": ""lakeside"", ""confidence"": 0.0212}]",True
Places365_val_00004861.jpg,/Users/aidahamzic/PycharmProjects/PythonProject1/val_256/Places365_val_00004861.jpg,hotel-outdoor,building,barn,0.9016,"[{""rank"": 1, ""label"": ""barn"", ""confidence"": 0.9016}, {""rank"": 2, ""label"": ""boathouse"", ""confidence"": 0.0778}, {""rank"": 3, ""label"": ""church"", ""confidence"": 0.0029}, {""rank"": 4, ""label"": ""mobile home"", ""confidence"": 0.0016}, {""rank"": 5, ""label"": ""beacon"", ""confidence"": 0.0012}]",True
Places365_val_00004876.jpg,/Users/aidahamzic/PycharmProjects/PythonProject1/val_256/Places365_val_00004876.jpg,rainforest,forest,valley,0.6489,"[{""rank"": 1, ""label"": ""valley"", ""confidence"": 0.6489}, {""rank"": 2, ""label"": ""cliff"", ""confidence"": 0.0376}, {""rank"": 3, ""label"": ""lakeside"", ""confidence"": 0.0309}, {""rank"": 4, ""label"": ""alp"", ""confidence"": 0.0207}, {""rank"": 5, ""label"": ""mountain bike"", ""confidence"": 0.019}]",True
Places365_val_00004954.jpg,/Users/aidahamzic/PycharmProjects/PythonProject1/val_256/Places365_val_00004954.jpg,skyscraper,building,solar dish,0.4897,"[{""rank"": 1, ""label"": ""solar dish"", ""confidence"": 0.4897}, {""rank"": 2, ""label"": ""flagpole"", ""confidence"": 0.0961}, {""rank"": 3, ""label"": ""tile roof"", ""confidence"": 0.0672}, {""rank"": 4, ""label"": ""planetarium"", ""confidence"": 0.0337}, {""rank"": 5, ""label"": ""church"", ""confidence"": 0.0335}]",True
Places365_val_00004968.jpg,/Users/aidahamzic/PycharmProjects/PythonProject1/val_256/Places365_val_00004968.jpg,forest-broadleaf,forest,lakeside,0.1936,"[{""rank"": 1, ""label"": ""lakeside"", ""confidence"": 0.1936}, {""rank"": 2, ""label"": ""apiary"", ""confidence"": 0.0523}, {""rank"": 3, ""label"": ""worm fence"", ""confidence"": 0.0385}, {""rank"": 4, ""label"": ""bison"", ""confidence"": 0.0231}, {""rank"": 5, ""label"": ""canoe"", ""confidence"": 0.0224}]",True
Places365_val_00004972.jpg,/Users/aidahamzic/PycharmProjects/PythonProject1/val_256/Places365_val_00004972.jpg,tower,building,palace,0.5486,"[{""rank"": 1, ""label"": ""palace"", ""confidence"": 0.5486}, {""rank"": 2, ""label"": ""monastery"", ""confidence"": 0.2133}, {""rank"": 3, ""label"": ""stupa"", ""confidence"": 0.0705}, {""rank"": 4, ""label"": ""castle"", ""confidence"": 0.0495}, {""rank"": 5, ""label"": ""dome"", ""confidence"": 0.0318}]",True
Places365_val_00004977.jpg,/Users/aidahamzic/PycharmProjects/PythonProject1/val_256/Places365_val_00004977.jpg,coast,water,solar dish,0.7591,"[{""rank"": 1, ""label"": ""solar dish"", ""confidence"": 0.7591}, {""rank"": 2, ""label"": ""bannister"", ""confidence"": 0.1012}, {""rank"": 3, ""label"": ""pier"", ""confidence"": 0.0262}, {""rank"": 4, ""label"": ""lakeside"", ""confidence"": 0.011}, {""rank"": 5, ""label"": ""limousine"", ""confidence"": 0.0077}]",True
Places365_val_00005003.jpg,/Users/aidahamzic/PycharmProjects/PythonProject1/val_256/Places365_val_00005003.jpg,highway,street,cliff,0.2705,"[{""rank"": 1, ""label"": ""cliff"", ""confidence"": 0.2705}, {""rank"": 2, ""label"": ""valley"", ""confidence"": 0.2051}, {""rank"": 3, ""label"": ""dam"", ""confidence"": 0.1423}, {""rank"": 4, ""label"": ""suspension bridge"", ""confidence"": 0.0711}, {""rank"": 5, ""label"": ""canoe"", ""confidence"": 0.061}]",False
Places365_val_00005019.jpg,/Users/aidahamzic/PycharmProjects/PythonProject1/val_256/Places365_val_00005019.jpg,glacier,glacier,promontory,0.3231,"[{""rank"": 1, ""label"": ""promontory"", ""confidence"": 0.3231}, {""rank"": 2, ""label"": ""volcano"", ""confidence"": 0.1239}, {""rank"": 3, ""label"": ""cliff"", ""confidence"": 0.1169}, {""rank"": 4, ""label"": ""grey whale"", ""confidence"": 0.1006}, {""rank"": 5, ""label"": ""lakeside"", ""confidence"": 0.0645}]",True
Places365_val_00005047.jpg,/Users/aidahamzic/PycharmProjects/PythonProject1/val_256/Places365_val_00005047.jpg,highway,street,birdhouse,0.231,"[{""rank"": 1, ""label"": ""birdhouse"", ""confidence"": 0.231}, {""rank"": 2, ""label"": ""mailbox"", ""confidence"": 0.2209}, {""rank"": 3, ""label"": ""crane"", ""confidence"": 0.1417}, {""rank"": 4, ""label"": ""warplane"", ""confidence"": 0.0433}, {""rank"": 5, ""label"": ""wing"", ""confidence"": 0.0406}]",False
Places365_val_00005112.jpg,/Users/aidahamzic/PycharmProjects/PythonProject1/val_256/Places365_val_00005112.jpg,mountain,mountain,volcano,0.9975,"[{""rank"": 1, ""label"": ""volcano"", ""confidence"": 0.9975}, {""rank"": 2, ""label"": ""promontory"", ""confidence"": 0.0007}, {""rank"": 3, ""label"": ""alp"", ""confidence"": 0.0004}, {""rank"": 4, ""label"": ""valley"", ""confidence"": 0.0003}, {""rank"": 5, ""label"": ""thatch"", ""confidence"": 0.0003}]",True
Places365_val_00005120.jpg,/Users/aidahamzic/PycharmProjects/PythonProject1/val_256/Places365_val_00005120.jpg,house,building,mosque,0.2246,"[{""rank"": 1, ""label"": ""mosque"", ""confidence"": 0.2246}, {""rank"": 2, ""label"": ""monastery"", ""confidence"": 0.1076}, {""rank"": 3, ""label"": ""palace"", ""confidence"": 0.1046}, {""rank"": 4, ""label"": ""beacon"", ""confidence"": 0.097}, {""rank"": 5, ""label"": ""lakeside"", ""confidence"": 0.047}]",True
Places365_val_00005209.jpg,/Users/aidahamzic/PycharmProjects/PythonProject1/val_256/Places365_val_00005209.jpg,downtown,building,bell cote,0.1605,"[{""rank"": 1, ""label"": ""bell cote"", ""confidence"": 0.1605}, {""rank"": 2, ""label"": ""trolleybus"", ""confidence"": 0.0683}, {""rank"": 3, ""label"": ""prison"", ""confidence"": 0.0683}, {""rank"": 4, ""label"": ""streetcar"", ""confidence"": 0.0523}, {""rank"": 5, ""label"": ""pole"", ""confidence"": 0.0412}]",True
Places365_val_00005216.jpg,/Users/aidahamzic/PycharmProjects/PythonProject1/val_256/Places365_val_00005216.jpg,highway,street,stupa,0.164,"[{""rank"": 1, ""label"": ""stupa"", ""confidence"": 0.164}, {""rank"": 2, ""label"": ""mobile home"", ""confidence"": 0.1102}, {""rank"": 3, ""label"": ""mosque"", ""confidence"": 0.0732}, {""rank"": 4, ""label"": ""monastery"", ""confidence"": 0.0635}, {""rank"": 5, ""label"": ""recreational vehicle"", ""confidence"": 0.0588}]",False
Places365_val_00005255.jpg,/Users/aidahamzic/PycharmProjects/PythonProject1/val_256/Places365_val_00005255.jpg,downtown,building,dock,0.2652,"[{""rank"": 1, ""label"": ""dock"", ""confidence"": 0.2652}, {""rank"": 2, ""label"": ""pier"", ""confidence"": 0.2055}, {""rank"": 3, ""label"": ""lakeside"", ""confidence"": 0.1928}, {""rank"": 4, ""label"": ""drilling platform"", ""confidence"": 0.0926}, {""rank"": 5, ""label"": ""breakwater"", ""confidence"": 0.0551}]",True
Places365_val_00005259.jpg,/Users/aidahamzic/PycharmProjects/PythonProject1/val_256/Places365_val_00005259.jpg,skyscraper,building,airship,0.0908,"[{""rank"": 1, ""label"": ""airship"", ""confidence"": 0.0908}, {""rank"": 2, ""label"": ""palace"", ""confidence"": 0.0756}, {""rank"": 3, ""label"": ""lakeside"", ""confidence"": 0.0756}, {""rank"": 4, ""label"": ""submarine"", ""confidence"": 0.0503}, {""rank"": 5, ""label"": ""mosque"", ""confidence"": 0.0417}]",True
Places365_val_00005410.jpg,/Users/aidahamzic/PycharmProjects/PythonProject1/val_256/Places365_val_00005410.jpg,coast,water,lakeside,0.3979,"[{""rank"": 1, ""label"": ""lakeside"", ""confidence"": 0.3979}, {""rank"": 2, ""label"": ""promontory"", ""confidence"": 0.1967}, {""rank"": 3, ""label"": ""seashore"", ""confidence"": 0.1372}, {""rank"": 4, ""label"": ""boathouse"", ""confidence"": 0.0737}, {""rank"": 5, ""label"": ""cliff"", ""confidence"": 0.0574}]",True
Places365_val_00005444.jpg,/Users/aidahamzic/PycharmProjects/PythonProject1/val_256/Places365_val_00005444.jpg,rainforest,forest,buckeye,0.4022,"[{""rank"": 1, ""label"": ""buckeye"", ""confidence"": 0.4022}, {""rank"": 2, ""label"": ""ear"", ""confidence"": 0.2188}, {""rank"": 3, ""label"": ""zucchini"", ""confidence"": 0.0423}, {""rank"": 4, ""label"": ""corn"", ""confidence"": 0.035}, {""rank"": 5, ""label"": ""cucumber"", ""confidence"": 0.0326}]",False
Places365_val_00005456.jpg,/Users/aidahamzic/PycharmProjects/PythonProject1/val_256/Places365_val_00005456.jpg,ocean,water,seashore,0.2907,"[{""rank"": 1, ""label"": ""seashore"", ""confidence"": 0.2907}, {""rank"": 2, ""label"": ""sandbar"", ""confidence"": 0.2645}, {""rank"": 3, ""label"": ""swimming trunks"", ""confidence"": 0.0682}, {""rank"": 4, ""label"": ""snorkel"", ""confidence"": 0.0573}, {""rank"": 5, ""label"": ""speedboat"", ""confidence"": 0.0421}]",True
Places365_val_00005461.jpg,/Users/aidahamzic/PycharmProjects/PythonProject1/val_256/Places365_val_00005461.jpg,tower,building,drilling platform,0.4285,"[{""rank"": 1, ""label"": ""drilling platform"", ""confidence"": 0.4285}, {""rank"": 2, ""label"": ""lakeside"", ""confidence"": 0.1026}, {""rank"": 3, ""label"": ""container ship"", ""confidence"": 0.1015}, {""rank"": 4, ""label"": ""beacon"", ""confidence"": 0.0804}, {""rank"": 5, ""label"": ""liner"", ""confidence"": 0.059}]",False
Places365_val_00005467.jpg,/Users/aidahamzic/PycharmProjects/PythonProject1/val_256/Places365_val_00005467.jpg,street,street,shopping cart,0.0847,"[{""rank"": 1, ""label"": ""shopping cart"", ""confidence"": 0.0847}, {""rank"": 2, ""label"": ""tricycle"", ""confidence"": 0.0595}, {""rank"": 3, ""label"": ""crutch"", ""confidence"": 0.0493}, {""rank"": 4, ""label"": ""ashcan"", ""confidence"": 0.0427}, {""rank"": 5, ""label"": ""umbrella"", ""confidence"": 0.0398}]",False
Places365_val_00005501.jpg,/Users/aidahamzic/PycharmProjects/PythonProject1/val_256/Places365_val_00005501.jpg,river,water,lakeside,0.5671,"[{""rank"": 1, ""label"": ""lakeside"", ""confidence"": 0.5671}, {""rank"": 2, ""label"": ""valley"", ""confidence"": 0.1255}, {""rank"": 3, ""label"": ""sandbar"", ""confidence"": 0.0567}, {""rank"": 4, ""label"": ""seashore"", ""confidence"": 0.0295}, {""rank"": 5, ""label"": ""boathouse"", ""confidence"": 0.0177}]",True
Places365_val_00005531.jpg,/Users/aidahamzic/PycharmProjects/PythonProject1/val_256/Places365_val_00005531.jpg,forest-broadleaf,forest,Scottish deerhound,0.0607,"[{""rank"": 1, ""label"": ""Scottish deerhound"", ""confidence"": 0.0607}, {""rank"": 2, ""label"": ""wallaby"", ""confidence"": 0.0499}, {""rank"": 3, ""label"": ""beaver"", ""confidence"": 0.0466}, {""rank"": 4, ""label"": ""American black bear"", ""confidence"": 0.0444}, {""rank"": 5, ""label"": ""Bouvier des Flandres"", ""confidence"": 0.0386}]",False
Places365_val_00005534.jpg,/Users/aidahamzic/PycharmProjects/PythonProject1/val_256/Places365_val_00005534.jpg,rainforest,forest,patio,0.3074,"[{""rank"": 1, ""label"": ""patio"", ""confidence"": 0.3074}, {""rank"": 2, ""label"": ""pot"", ""confidence"": 0.278}, {""rank"": 3, ""label"": ""thatch"", ""confidence"": 0.0922}, {""rank"": 4, ""label"": ""greenhouse"", ""confidence"": 0.0426}, {""rank"": 5, ""label"": ""boathouse"", ""confidence"": 0.0182}]",False
Places365_val_00005536.jpg,/Users/aidahamzic/PycharmProjects/PythonProject1/val_256/Places365_val_00005536.jpg,ocean,water,hammerhead,0.8502,"[{""rank"": 1, ""label"": ""hammerhead"", ""confidence"": 0.8502}, {""rank"": 2, ""label"": ""great white shark"", ""confidence"": 0.0803}, {""rank"": 3, ""label"": ""scuba diver"", ""confidence"": 0.0163}, {""rank"": 4, ""label"": ""coral reef"", ""confidence"": 0.0138}, {""rank"": 5, ""label"": ""tiger shark"", ""confidence"": 0.0122}]",False
Places365_val_00005542.jpg,/Users/aidahamzic/PycharmProjects/PythonProject1/val_256/Places365_val_00005542.jpg,rainforest,forest,harvester,0.0779,"[{""rank"": 1, ""label"": ""harvester"", ""confidence"": 0.0779}, {""rank"": 2, ""label"": ""lumbermill"", ""confidence"": 0.0741}, {""rank"": 3, ""label"": ""tractor"", ""confidence"": 0.0717}, {""rank"": 4, ""label"": ""worm fence"", ""confidence"": 0.0627}, {""rank"": 5, ""label"": ""thresher"", ""confidence"": 0.0501}]",False
Places365_val_00005544.jpg,/Users/aidahamzic/PycharmProjects/PythonProject1/val_256/Places365_val_00005544.jpg,mountain,mountain,cliff,0.5574,"[{""rank"": 1, ""label"": ""cliff"", ""confidence"": 0.5574}, {""rank"": 2, ""label"": ""seashore"", ""confidence"": 0.0787}, {""rank"": 3, ""label"": ""alp"", ""confidence"": 0.0644}, {""rank"": 4, ""label"": ""promontory"", ""confidence"": 0.0439}, {""rank"": 5, ""label"": ""valley"", ""confidence"": 0.042}]",True
Places365_val_00005573.jpg,/Users/aidahamzic/PycharmProjects/PythonProject1/val_256/Places365_val_00005573.jpg,street,street,bell cote,0.2505,"[{""rank"": 1, ""label"": ""bell cote"", ""confidence"": 0.2505}, {""rank"": 2, ""label"": ""triumphal arch"", ""confidence"": 0.2083}, {""rank"": 3, ""label"": ""pedestal"", ""confidence"": 0.1487}, {""rank"": 4, ""label"": ""obelisk"", ""confidence"": 0.034}, {""rank"": 5, ""label"": ""monastery"", ""confidence"": 0.0288}]",False
Places365_val_00005576.jpg,/Users/aidahamzic/PycharmProjects/PythonProject1/val_256/Places365_val_00005576.jpg,hotel-outdoor,building,traffic light,0.3075,"[{""rank"": 1, ""label"": ""traffic light"", ""confidence"": 0.3075}, {""rank"": 2, ""label"": ""street sign"", ""confidence"": 0.0994}, {""rank"": 3, ""label"": ""cinema"", ""confidence"": 0.0844}, {""rank"": 4, ""label"": ""cab"", ""confidence"": 0.0752}, {""rank"": 5, ""label"": ""tobacco shop"", ""confidence"": 0.0329}]",True
Places365_val_00005577.jpg,/Users/aidahamzic/PycharmProjects/PythonProject1/val_256/Places365_val_00005577.jpg,river,water,alp,0.4022,"[{""rank"": 1, ""label"": ""alp"", ""confidence"": 0.4022}, {""rank"": 2, ""label"": ""cliff"", ""confidence"": 0.3221}, {""rank"": 3, ""label"": ""valley"", ""confidence"": 0.211}, {""rank"": 4, ""label"": ""lakeside"", ""confidence"": 0.007}, {""rank"": 5, ""label"": ""ibex"", ""confidence"": 0.0042}]",True
Places365_val_00005609.jpg,/Users/aidahamzic/PycharmProjects/PythonProject1/val_256/Places365_val_00005609.jpg,alley,street,prison,0.5728,"[{""rank"": 1, ""label"": ""prison"", ""confidence"": 0.5728}, {""rank"": 2, ""label"": ""vault"", ""confidence"": 0.1206}, {""rank"": 3, ""label"": ""theater curtain"", ""confidence"": 0.0442}, {""rank"": 4, ""label"": ""church"", ""confidence"": 0.0356}, {""rank"": 5, ""label"": ""barn"", ""confidence"": 0.0256}]",False
Places365_val_00005635.jpg,/Users/aidahamzic/PycharmProjects/PythonProject1/val_256/Places365_val_00005635.jpg,river,water,lakeside,0.2923,"[{""rank"": 1, ""label"": ""lakeside"", ""confidence"": 0.2923}, {""rank"": 2, ""label"": ""promontory"", ""confidence"": 0.2068}, {""rank"": 3, ""label"": ""breakwater"", ""confidence"": 0.1157}, {""rank"": 4, ""label"": ""sandbar"", ""confidence"": 0.0563}, {""rank"": 5, ""label"": ""seashore"", ""confidence"": 0.0541}]",True
Places365_val_00005660.jpg,/Users/aidahamzic/PycharmProjects/PythonProject1/val_256/Places365_val_00005660.jpg,alley,street,passenger car,0.282,"[{""rank"": 1, ""label"": ""passenger car"", ""confidence"": 0.282}, {""rank"": 2, ""label"": ""bullet train"", ""confidence"": 0.1604}, {""rank"": 3, ""label"": ""cab"", ""confidence"": 0.0652}, {""rank"": 4, ""label"": ""moped"", ""confidence"": 0.065}, {""rank"": 5, ""label"": ""motor scooter"", ""confidence"": 0.0534}]",True
Places365_val_00005706.jpg,/Users/aidahamzic/PycharmProjects/PythonProject1/val_256/Places365_val_00005706.jpg,forest-broadleaf,forest,megalith,0.0562,"[{""rank"": 1, ""label"": ""megalith"", ""confidence"": 0.0562}, {""rank"": 2, ""label"": ""totem pole"", ""confidence"": 0.0444}, {""rank"": 3, ""label"": ""suspension bridge"", ""confidence"": 0.0387}, {""rank"": 4, ""label"": ""lakeside"", ""confidence"": 0.0294}, {""rank"": 5, ""label"": ""maze"", ""confidence"": 0.0271}]",False
Places365_val_00005720.jpg,/Users/aidahamzic/PycharmProjects/PythonProject1/val_256/Places365_val_00005720.jpg,tower,building,bell cote,0.4662,"[{""rank"": 1, ""label"": ""bell cote"", ""confidence"": 0.4662}, {""rank"": 2, ""label"": ""monastery"", ""confidence"": 0.2349}, {""rank"": 3, ""label"": ""beacon"", ""confidence"": 0.1681}, {""rank"": 4, ""label"": ""mosque"", ""confidence"": 0.0387}, {""rank"": 5, ""label"": ""church"", ""confidence"": 0.0324}]",True
Places365_val_00005827.jpg,/Users/aidahamzic/PycharmProjects/PythonProject1/val_256/Places365_val_00005827.jpg,highway,street,aircraft carrier,0.1012,"[{""rank"": 1, ""label"": ""aircraft carrier"", ""confidence"": 0.1012}, {""rank"": 2, ""label"": ""mosque"", ""confidence"": 0.0776}, {""rank"": 3, ""label"": ""obelisk"", ""confidence"": 0.0633}, {""rank"": 4, ""label"": ""bell cote"", ""confidence"": 0.0486}, {""rank"": 5, ""label"": ""traffic light"", ""confidence"": 0.047}]",False
Places365_val_00005843.jpg,/Users/aidahamzic/PycharmProjects/PythonProject1/val_256/Places365_val_00005843.jpg,ocean,water,tiger shark,0.7274,"[{""rank"": 1, ""label"": ""tiger shark"", ""confidence"": 0.7274}, {""rank"": 2, ""label"": ""great white shark"", ""confidence"": 0.1731}, {""rank"": 3, ""label"": ""hammerhead"", ""confidence"": 0.0687}, {""rank"": 4, ""label"": ""sturgeon"", ""confidence"": 0.0206}, {""rank"": 5, ""label"": ""coho"", ""confidence"": 0.0039}]",False
Places365_val_00005858.jpg,/Users/aidahamzic/PycharmProjects/PythonProject1/val_256/Places365_val_00005858.jpg,house,building,mobile home,0.1491,"[{""rank"": 1, ""label"": ""mobile home"", ""confidence"": 0.1491}, {""rank"": 2, ""label"": ""planetarium"", ""confidence"": 0.1411}, {""rank"": 3, ""label"": ""palace"", ""confidence"": 0.0863}, {""rank"": 4, ""label"": ""lakeside"", ""confidence"": 0.0835}, {""rank"": 5, ""label"": ""boathouse"", ""confidence"": 0.0699}]",True
Places365_val_00005880.jpg,/Users/aidahamzic/PycharmProjects/PythonProject1/val_256/Places365_val_00005880.jpg,ocean,water,albatross,0.8329,"[{""rank"": 1, ""label"": ""albatross"", ""confidence"": 0.8329}, {""rank"": 2, ""label"": ""pelican"", ""confidence"": 0.0462}, {""rank"": 3, ""label"": ""red-breasted merganser"", ""confidence"": 0.0247}, {""rank"": 4, ""label"": ""oystercatcher"", ""confidence"": 0.0113}, {""rank"": 5, ""label"": ""killer whale"", ""confidence"": 0.0112}]",True
Places365_val_00005887.jpg,/Users/aidahamzic/PycharmProjects/PythonProject1/val_256/Places365_val_00005887.jpg,hotel-outdoor,building,maze,0.1157,"[{""rank"": 1, ""label"": ""maze"", ""confidence"": 0.1157}, {""rank"": 2, ""label"": ""palace"", ""confidence"": 0.0698}, {""rank"": 3, ""label"": ""crossword puzzle"", ""confidence"": 0.063}, {""rank"": 4, ""label"": ""dome"", ""confidence"": 0.0489}, {""rank"": 5, ""label"": ""manhole cover"", ""confidence"": 0.0469}]",True
Places365_val_00005927.jpg,/Users/aidahamzic/PycharmProjects/PythonProject1/val_256/Places365_val_00005927.jpg,glacier,glacier,lakeside,0.9185,"[{""rank"": 1, ""label"": ""lakeside"", ""confidence"": 0.9185}, {""rank"": 2, ""label"": ""boathouse"", ""confidence"": 0.0293}, {""rank"": 3, ""label"": ""canoe"", ""confidence"": 0.0131}, {""rank"": 4, ""label"": ""dam"", ""confidence"": 0.0088}, {""rank"": 5, ""label"": ""valley"", ""confidence"": 0.0064}]",True
Places365_val_00005930.jpg,/Users/aidahamzic/PycharmProjects/PythonProject1/val_256/Places365_val_00005930.jpg,coast,water,convertible,0.4263,"[{""rank"": 1, ""label"": ""convertible"", ""confidence"": 0.4263}, {""rank"": 2, ""label"": ""sports car"", ""confidence"": 0.2276}, {""rank"": 3, ""label"": ""pickup"", ""confidence"": 0.0732}, {""rank"": 4, ""label"": ""beach wagon"", ""confidence"": 0.0579}, {""rank"": 5, ""label"": ""car wheel"", ""confidence"": 0.031}]",False
Places365_val_00005946.jpg,/Users/aidahamzic/PycharmProjects/PythonProject1/val_256/Places365_val_00005946.jpg,river,water,lakeside,0.6483,"[{""rank"": 1, ""label"": ""lakeside"", ""confidence"": 0.6483}, {""rank"": 2, ""label"": ""boathouse"", ""confidence"": 0.3082}, {""rank"": 3, ""label"": ""canoe"", ""confidence"": 0.0088}, {""rank"": 4, ""label"": ""castle"", ""confidence"": 0.0042}, {""rank"": 5, ""label"": ""seashore"", ""confidence"": 0.0036}]",True
Places365_val_00005953.jpg,/Users/aidahamzic/PycharmProjects/PythonProject1/val_256/Places365_val_00005953.jpg,skyscraper,building,organ,0.1389,"[{""rank"": 1, ""label"": ""organ"", ""confidence"": 0.1389}, {""rank"": 2, ""label"": ""solar dish"", ""confidence"": 0.1292}, {""rank"": 3, ""label"": ""bell cote"", ""confidence"": 0.0781}, {""rank"": 4, ""label"": ""flagpole"", ""confidence"": 0.0745}, {""rank"": 5, ""label"": ""cinema"", ""confidence"": 0.0439}]",True
Places365_val_00005976.jpg,/Users/aidahamzic/PycharmProjects/PythonProject1/val_256/Places365_val_00005976.jpg,skyscraper,building,castle,0.6133,"[{""rank"": 1, ""label"": ""castle"", ""confidence"": 0.6133}, {""rank"": 2, ""label"": ""cliff"", ""confidence"": 0.064}, {""rank"": 3, ""label"": ""seashore"", ""confidence"": 0.0588}, {""rank"": 4, ""label"": ""palace"", ""confidence"": 0.0587}, {""rank"": 5, ""label"": ""monastery"", ""confidence"": 0.0196}]",True
Places365_val_00005983.jpg,/Users/aidahamzic/PycharmProjects/PythonProject1/val_256/Places365_val_00005983.jpg,downtown,building,geyser,0.1844,"[{""rank"": 1, ""label"": ""geyser"", ""confidence"": 0.1844}, {""rank"": 2, ""label"": ""trailer truck"", ""confidence"": 0.1041}, {""rank"": 3, ""label"": ""dam"", ""confidence"": 0.071}, {""rank"": 4, ""label"": ""valley"", ""confidence"": 0.0422}, {""rank"": 5, ""label"": ""lakeside"", ""confidence"": 0.0317}]",True
Places365_val_00005993.jpg,/Users/aidahamzic/PycharmProjects/PythonProject1/val_256/Places365_val_00005993.jpg,street,street,park bench,0.379,"[{""rank"": 1, ""label"": ""park bench"", ""confidence"": 0.379}, {""rank"": 2, ""label"": ""maillot tank suit"", ""confidence"": 0.063}, {""rank"": 3, ""label"": ""rain barrel"", ""confidence"": 0.056}, {""rank"": 4, ""label"": ""stretcher"", ""confidence"": 0.0512}, {""rank"": 5, ""label"": ""folding chair"", ""confidence"": 0.0276}]",False
Places365_val_00006082.jpg,/Users/aidahamzic/PycharmProjects/PythonProject1/val_256/Places365_val_00006082.jpg,street,street,bow,0.2419,"[{""rank"": 1, ""label"": ""bow"", ""confidence"": 0.2419}, {""rank"": 2, ""label"": ""ski"", ""confidence"": 0.0804}, {""rank"": 3, ""label"": ""broom"", ""confidence"": 0.0643}, {""rank"": 4, ""label"": ""swing"", ""confidence"": 0.062}, {""rank"": 5, ""label"": ""crutch"", ""confidence"": 0.0469}]",False
Places365_val_00006130.jpg,/Users/aidahamzic/PycharmProjects/PythonProject1/val_256/Places365_val_00006130.jpg,downtown,building,water tower,0.0596,"[{""rank"": 1, ""label"": ""water tower"", ""confidence"": 0.0596}, {""rank"": 2, ""label"": ""mosque"", ""confidence"": 0.0554}, {""rank"": 3, ""label"": ""pedestal"", ""confidence"": 0.0438}, {""rank"": 4, ""label"": ""window shade"", ""confidence"": 0.0297}, {""rank"": 5, ""label"": ""spotlight"", ""confidence"": 0.0292}]",True
Places365_val_00006184.jpg,/Users/aidahamzic/PycharmProjects/PythonProject1/val_256/Places365_val_00006184.jpg,house,building,monastery,0.4855,"[{""rank"": 1, ""label"": ""monastery"", ""confidence"": 0.4855}, {""rank"": 2, ""label"": ""castle"", ""confidence"": 0.2673}, {""rank"": 3, ""label"": ""prison"", ""confidence"": 0.1498}, {""rank"": 4, ""label"": ""church"", ""confidence"": 0.0311}, {""rank"": 5, ""label"": ""palace"", ""confidence"": 0.0145}]",True
Places365_val_00006187.jpg,/Users/aidahamzic/PycharmProjects/PythonProject1/val_256/Places365_val_00006187.jpg,mountain,mountain,African elephant,0.3778,"[{""rank"": 1, ""label"": ""African elephant"", ""confidence"": 0.3778}, {""rank"": 2, ""label"": ""cliff"", ""confidence"": 0.1725}, {""rank"": 3, ""label"": ""tusker"", ""confidence"": 0.0942}, {""rank"": 4, ""label"": ""Indian elephant"", ""confidence"": 0.064}, {""rank"": 5, ""label"": ""promontory"", ""confidence"": 0.0632}]",True
Places365_val_00006205.jpg,/Users/aidahamzic/PycharmProjects/PythonProject1/val_256/Places365_val_00006205.jpg,house,building,cinema,0.0854,"[{""rank"": 1, ""label"": ""cinema"", ""confidence"": 0.0854}, {""rank"": 2, ""label"": ""prison"", ""confidence"": 0.0846}, {""rank"": 3, ""label"": ""monastery"", ""confidence"": 0.0845}, {""rank"": 4, ""label"": ""crate"", ""confidence"": 0.0674}, {""rank"": 5, ""label"": ""moving van"", ""confidence"": 0.0665}]",True
Places365_val_00006220.jpg,/Users/aidahamzic/PycharmProjects/PythonProject1/val_256/Places365_val_00006220.jpg,skyscraper,building,planetarium,0.265,"[{""rank"": 1, ""label"": ""planetarium"", ""confidence"": 0.265}, {""rank"": 2, ""label"": ""radio telescope"", ""confidence"": 0.147}, {""rank"": 3, ""label"": ""coil"", ""confidence"": 0.1088}, {""rank"": 4, ""label"": ""rain barrel"", ""confidence"": 0.055}, {""rank"": 5, ""label"": ""dome"", ""confidence"": 0.049}]",True
Places365_val_00006235.jpg,/Users/aidahamzic/PycharmProjects/PythonProject1/val_256/Places365_val_00006235.jpg,mountain,mountain,valley,0.3441,"[{""rank"": 1, ""label"": ""valley"", ""confidence"": 0.3441}, {""rank"": 2, ""label"": ""alp"", ""confidence"": 0.1308}, {""rank"": 3, ""label"": ""volcano"", ""confidence"": 0.1131}, {""rank"": 4, ""label"": ""cliff"", ""confidence"": 0.0961}, {""rank"": 5, ""label"": ""promontory"", ""confidence"": 0.0828}]",True
Places365_val_00006239.jpg,/Users/aidahamzic/PycharmProjects/PythonProject1/val_256/Places365_val_00006239.jpg,rainforest,forest,broccoli,0.044,"[{""rank"": 1, ""label"": ""broccoli"", ""confidence"": 0.044}, {""rank"": 2, ""label"": ""common newt"", ""confidence"": 0.026}, {""rank"": 3, ""label"": ""dung beetle"", ""confidence"": 0.026}, {""rank"": 4, ""label"": ""tailed frog"", ""confidence"": 0.0199}, {""rank"": 5, ""label"": ""European fire salamander"", ""confidence"": 0.0194}]",False
Places365_val_00006240.jpg,/Users/aidahamzic/PycharmProjects/PythonProject1/val_256/Places365_val_00006240.jpg,skyscraper,building,greenhouse,0.1842,"[{""rank"": 1, ""label"": ""greenhouse"", ""confidence"": 0.1842}, {""rank"": 2, ""label"": ""dome"", ""confidence"": 0.127}, {""rank"": 3, ""label"": ""bell cote"", ""confidence"": 0.0641}, {""rank"": 4, ""label"": ""marimba"", ""confidence"": 0.0609}, {""rank"": 5, ""label"": ""church"", ""confidence"": 0.0488}]",True
Places365_val_00006287.jpg,/Users/aidahamzic/PycharmProjects/PythonProject1/val_256/Places365_val_00006287.jpg,house,building,monastery,0.2372,"[{""rank"": 1, ""label"": ""monastery"", ""confidence"": 0.2372}, {""rank"": 2, ""label"": ""castle"", ""confidence"": 0.1923}, {""rank"": 3, ""label"": ""church"", ""confidence"": 0.1126}, {""rank"": 4, ""label"": ""barn"", ""confidence"": 0.0521}, {""rank"": 5, ""label"": ""worm fence"", ""confidence"": 0.0517}]",True
Places365_val_00006321.jpg,/Users/aidahamzic/PycharmProjects/PythonProject1/val_256/Places365_val_00006321.jpg,mountain,mountain,lakeside,0.6857,"[{""rank"": 1, ""label"": ""lakeside"", ""confidence"": 0.6857}, {""rank"": 2, ""label"": ""sandbar"", ""confidence"": 0.0695}, {""rank"": 3, ""label"": ""canoe"", ""confidence"": 0.0685}, {""rank"": 4, ""label"": ""paddle"", ""confidence"": 0.0326}, {""rank"": 5, ""label"": ""promontory"", ""confidence"": 0.0243}]",False
Places365_val_00006338.jpg,/Users/aidahamzic/PycharmProjects/PythonProject1/val_256/Places365_val_00006338.jpg,rainforest,forest,jeep,0.3945,"[{""rank"": 1, ""label"": ""jeep"", ""confidence"": 0.3945}, {""rank"": 2, ""label"": ""police van"", ""confidence"": 0.3177}, {""rank"": 3, ""label"": ""minibus"", ""confidence"": 0.1307}, {""rank"": 4, ""label"": ""ambulance"", ""confidence"": 0.0469}, {""rank"": 5, ""label"": ""garbage truck"", ""confidence"": 0.022}]",False
Places365_val_00006345.jpg,/Users/aidahamzic/PycharmProjects/PythonProject1/val_256/Places365_val_00006345.jpg,highway,street,snowplow,0.1807,"[{""rank"": 1, ""label"": ""snowplow"", ""confidence"": 0.1807}, {""rank"": 2, ""label"": ""fountain"", ""confidence"": 0.1772}, {""rank"": 3, ""label"": ""trailer truck"", ""confidence"": 0.083}, {""rank"": 4, ""label"": ""snowmobile"", ""confidence"": 0.0814}, {""rank"": 5, ""label"": ""geyser"", ""confidence"": 0.036}]",False
Places365_val_00006353.jpg,/Users/aidahamzic/PycharmProjects/PythonProject1/val_256/Places365_val_00006353.jpg,ocean,water,promontory,0.4354,"[{""rank"": 1, ""label"": ""promontory"", ""confidence"": 0.4354}, {""rank"": 2, ""label"": ""seashore"", ""confidence"": 0.1691}, {""rank"": 3, ""label"": ""cliff"", ""confidence"": 0.0996}, {""rank"": 4, ""label"": ""leatherback turtle"", ""confidence"": 0.0458}, {""rank"": 5, ""label"": ""volcano"", ""confidence"": 0.0331}]",True
Places365_val_00006379.jpg,/Users/aidahamzic/PycharmProjects/PythonProject1/val_256/Places365_val_00006379.jpg,highway,street,street sign,0.6042,"[{""rank"": 1, ""label"": ""street sign"", ""confidence"": 0.6042}, {""rank"": 2, ""label"": ""traffic light"", ""confidence"": 0.2332}, {""rank"": 3, ""label"": ""cinema"", ""confidence"": 0.0459}, {""rank"": 4, ""label"": ""trolleybus"", ""confidence"": 0.0203}, {""rank"": 5, ""label"": ""moving van"", ""confidence"": 0.0109}]",True
Places365_val_00006388.jpg,/Users/aidahamzic/PycharmProjects/PythonProject1/val_256/Places365_val_00006388.jpg,river,water,beacon,0.1345,"[{""rank"": 1, ""label"": ""beacon"", ""confidence"": 0.1345}, {""rank"": 2, ""label"": ""castle"", ""confidence"": 0.1158}, {""rank"": 3, ""label"": ""mosque"", ""confidence"": 0.0889}, {""rank"": 4, ""label"": ""viaduct"", ""confidence"": 0.0842}, {""rank"": 5, ""label"": ""obelisk"", ""confidence"": 0.0796}]",True
Places365_val_00006394.jpg,/Users/aidahamzic/PycharmProjects/PythonProject1/val_256/Places365_val_00006394.jpg,house,building,church,0.2008,"[{""rank"": 1, ""label"": ""church"", ""confidence"": 0.2008}, {""rank"": 2, ""label"": ""barn"", ""confidence"": 0.1597}, {""rank"": 3, ""label"": ""bell cote"", ""confidence"": 0.1117}, {""rank"": 4, ""label"": ""monastery"", ""confidence"": 0.1008}, {""rank"": 5, ""label"": ""boathouse"", ""confidence"": 0.0566}]",True
Places365_val_00006420.jpg,/Users/aidahamzic/PycharmProjects/PythonProject1/val_256/Places365_val_00006420.jpg,highway,street,trailer truck,0.1297,"[{""rank"": 1, ""label"": ""trailer truck"", ""confidence"": 0.1297}, {""rank"": 2, ""label"": ""mountain tent"", ""confidence"": 0.1115}, {""rank"": 3, ""label"": ""alp"", ""confidence"": 0.0637}, {""rank"": 4, ""label"": ""valley"", ""confidence"": 0.0532}, {""rank"": 5, ""label"": ""lakeside"", ""confidence"": 0.0405}]",False
Places365_val_00006443.jpg,/Users/aidahamzic/PycharmProjects/PythonProject1/val_256/Places365_val_00006443.jpg,hotel-outdoor,building,palace,0.119,"[{""rank"": 1, ""label"": ""palace"", ""confidence"": 0.119}, {""rank"": 2, ""label"": ""prison"", ""confidence"": 0.0918}, {""rank"": 3, ""label"": ""bell cote"", ""confidence"": 0.0769}, {""rank"": 4, ""label"": ""library"", ""confidence"": 0.0607}, {""rank"": 5, ""label"": ""crate"", ""confidence"": 0.0567}]",True
Places365_val_00006454.jpg,/Users/aidahamzic/PycharmProjects/PythonProject1/val_256/Places365_val_00006454.jpg,coast,water,seashore,0.412,"[{""rank"": 1, ""label"": ""seashore"", ""confidence"": 0.412}, {""rank"": 2, ""label"": ""sandbar"", ""confidence"": 0.1496}, {""rank"": 3, ""label"": ""dam"", ""confidence"": 0.0985}, {""rank"": 4, ""label"": ""wreck"", ""confidence"": 0.072}, {""rank"": 5, ""label"": ""pier"", ""confidence"": 0.0614}]",True
Places365_val_00006482.jpg,/Users/aidahamzic/PycharmProjects/PythonProject1/val_256/Places365_val_00006482.jpg,alley,street,vault,0.15,"[{""rank"": 1, ""label"": ""vault"", ""confidence"": 0.15}, {""rank"": 2, ""label"": ""prison"", ""confidence"": 0.0658}, {""rank"": 3, ""label"": ""tub"", ""confidence"": 0.045}, {""rank"": 4, ""label"": ""guillotine"", ""confidence"": 0.0434}, {""rank"": 5, ""label"": ""lumbermill"", ""confidence"": 0.0425}]",False
Places365_val_00006492.jpg,/Users/aidahamzic/PycharmProjects/PythonProject1/val_256/Places365_val_00006492.jpg,downtown,building,church,0.1396,"[{""rank"": 1, ""label"": ""church"", ""confidence"": 0.1396}, {""rank"": 2, ""label"": ""steel arch bridge"", ""confidence"": 0.1272}, {""rank"": 3, ""label"": ""pier"", ""confidence"": 0.1214}, {""rank"": 4, ""label"": ""paddlewheel"", ""confidence"": 0.0463}, {""rank"": 5, ""label"": ""crane"", ""confidence"": 0.0394}]",True
Places365_val_00006504.jpg,/Users/aidahamzic/PycharmProjects/PythonProject1/val_256/Places365_val_00006504.jpg,house,building,picket fence,0.7703,"[{""rank"": 1, ""label"": ""picket fence"", ""confidence"": 0.7703}, {""rank"": 2, ""label"": ""mobile home"", ""confidence"": 0.2209}, {""rank"": 3, ""label"": ""worm fence"", ""confidence"": 0.0023}, {""rank"": 4, ""label"": ""patio"", ""confidence"": 0.0017}, {""rank"": 5, ""label"": ""bannister"", ""confidence"": 0.0006}]",True
Places365_val_00006514.jpg,/Users/aidahamzic/PycharmProjects/PythonProject1/val_256/Places365_val_00006514.jpg,hotel-outdoor,building,palace,0.1547,"[{""rank"": 1, ""label"": ""palace"", ""confidence"": 0.1547}, {""rank"": 2, ""label"": ""liner"", ""confidence"": 0.0964}, {""rank"": 3, ""label"": ""steel arch bridge"", ""confidence"": 0.0794}, {""rank"": 4, ""label"": ""drilling platform"", ""confidence"": 0.0691}, {""rank"": 5, ""label"": ""stage"", ""confidence"": 0.0629}]",True
Places365_val_00006518.jpg,/Users/aidahamzic/PycharmProjects/PythonProject1/val_256/Places365_val_00006518.jpg,river,water,valley,0.8333,"[{""rank"": 1, ""label"": ""valley"", ""confidence"": 0.8333}, {""rank"": 2, ""label"": ""promontory"", ""confidence"": 0.0703}, {""rank"": 3, ""label"": ""cliff"", ""confidence"": 0.0339}, {""rank"": 4, ""label"": ""alp"", ""confidence"": 0.0326}, {""rank"": 5, ""label"": ""lakeside"", ""confidence"": 0.0187}]",True
Places365_val_00006550.jpg,/Users/aidahamzic/PycharmProjects/PythonProject1/val_256/Places365_val_00006550.jpg,river,water,sturgeon,0.1176,"[{""rank"": 1, ""label"": ""sturgeon"", ""confidence"": 0.1176}, {""rank"": 2, ""label"": ""canoe"", ""confidence"": 0.0634}, {""rank"": 3, ""label"": ""crutch"", ""confidence"": 0.0523}, {""rank"": 4, ""label"": ""paddle"", ""confidence"": 0.0276}, {""rank"": 5, ""label"": ""cellular telephone"", ""confidence"": 0.0276}]",True
Places365_val_00006556.jpg,/Users/aidahamzic/PycharmProjects/PythonProject1/val_256/Places365_val_00006556.jpg,highway,street,flagpole,0.3939,"[{""rank"": 1, ""label"": ""flagpole"", ""confidence"": 0.3939}, {""rank"": 2, ""label"": ""pole"", ""confidence"": 0.2956}, {""rank"": 3, ""label"": ""traffic light"", ""confidence"": 0.1888}, {""rank"": 4, ""label"": ""unicycle"", ""confidence"": 0.0277}, {""rank"": 5, ""label"": ""parachute"", ""confidence"": 0.0093}]",False
Places365_val_00006602.jpg,/Users/aidahamzic/PycharmProjects/PythonProject1/val_256/Places365_val_00006602.jpg,downtown,building,bannister,0.1141,"[{""rank"": 1, ""label"": ""bannister"", ""confidence"": 0.1141}, {""rank"": 2, ""label"": ""bullet train"", ""confidence"": 0.1109}, {""rank"": 3, ""label"": ""suspension bridge"", ""confidence"": 0.0924}, {""rank"": 4, ""label"": ""unicycle"", ""confidence"": 0.0407}, {""rank"": 5, ""label"": ""planetarium"", ""confidence"": 0.0399}]",True
Places365_val_00006611.jpg,/Users/aidahamzic/PycharmProjects/PythonProject1/val_256/Places365_val_00006611.jpg,river,water,valley,0.119,"[{""rank"": 1, ""label"": ""valley"", ""confidence"": 0.119}, {""rank"": 2, ""label"": ""lakeside"", ""confidence"": 0.076}, {""rank"": 3, ""label"": ""castle"", ""confidence"": 0.0514}, {""rank"": 4, ""label"": ""park bench"", ""confidence"": 0.0432}, {""rank"": 5, ""label"": ""megalith"", ""confidence"": 0.0307}]",True
Places365_val_00006676.jpg,/Users/aidahamzic/PycharmProjects/PythonProject1/val_256/Places365_val_00006676.jpg,hotel-outdoor,building,solar dish,0.6373,"[{""rank"": 1, ""label"": ""solar dish"", ""confidence"": 0.6373}, {""rank"": 2, ""label"": ""planetarium"", ""confidence"": 0.0775}, {""rank"": 3, ""label"": ""scoreboard"", ""confidence"": 0.0437}, {""rank"": 4, ""label"": ""modem"", ""confidence"": 0.0149}, {""rank"": 5, ""label"": ""radio telescope"", ""confidence"": 0.0147}]",True
Places365_val_00006708.jpg,/Users/aidahamzic/PycharmProjects/PythonProject1/val_256/Places365_val_00006708.jpg,skyscraper,building,bell cote,0.1944,"[{""rank"": 1, ""label"": ""bell cote"", ""confidence"": 0.1944}, {""rank"": 2, ""label"": ""traffic light"", ""confidence"": 0.0833}, {""rank"": 3, ""label"": ""turnstile"", ""confidence"": 0.0691}, {""rank"": 4, ""label"": ""flagpole"", ""confidence"": 0.0541}, {""rank"": 5, ""label"": ""palace"", ""confidence"": 0.0478}]",True
Places365_val_00006725.jpg,/Users/aidahamzic/PycharmProjects/PythonProject1/val_256/Places365_val_00006725.jpg,river,water,lakeside,0.3794,"[{""rank"": 1, ""label"": ""lakeside"", ""confidence"": 0.3794}, {""rank"": 2, ""label"": ""alp"", ""confidence"": 0.0455}, {""rank"": 3, ""label"": ""valley"", ""confidence"": 0.0341}, {""rank"": 4, ""label"": ""bighorn"", ""confidence"": 0.0329}, {""rank"": 5, ""label"": ""Arabian camel"", ""confidence"": 0.0327}]",True
Places365_val_00006739.jpg,/Users/aidahamzic/PycharmProjects/PythonProject1/val_256/Places365_val_00006739.jpg,ocean,water,submarine,0.6689,"[{""rank"": 1, ""label"": ""submarine"", ""confidence"": 0.6689}, {""rank"": 2, ""label"": ""wreck"", ""confidence"": 0.1132}, {""rank"": 3, ""label"": ""pirate"", ""confidence"": 0.0541}, {""rank"": 4, ""label"": ""drilling platform"", ""confidence"": 0.0539}, {""rank"": 5, ""label"": ""container ship"", ""confidence"": 0.0359}]",True
Places365_val_00006740.jpg,/Users/aidahamzic/PycharmProjects/PythonProject1/val_256/Places365_val_00006740.jpg,glacier,glacier,alp,0.7081,"[{""rank"": 1, ""label"": ""alp"", ""confidence"": 0.7081}, {""rank"": 2, ""label"": ""valley"", ""confidence"": 0.1942}, {""rank"": 3, ""label"": ""lakeside"", ""confidence"": 0.0412}, {""rank"": 4, ""label"": ""snowmobile"", ""confidence"": 0.0105}, {""rank"": 5, ""label"": ""dogsled"", ""confidence"": 0.0103}]",True
Places365_val_00006808.jpg,/Users/aidahamzic/PycharmProjects/PythonProject1/val_256/Places365_val_00006808.jpg,river,water,snorkel,0.2025,"[{""rank"": 1, ""label"": ""snorkel"", ""confidence"": 0.2025}, {""rank"": 2, ""label"": ""valley"", ""confidence"": 0.1708}, {""rank"": 3, ""label"": ""bathing cap"", ""confidence"": 0.1085}, {""rank"": 4, ""label"": ""cliff"", ""confidence"": 0.0604}, {""rank"": 5, ""label"": ""canoe"", ""confidence"": 0.0526}]",True
Places365_val_00006861.jpg,/Users/aidahamzic/PycharmProjects/PythonProject1/val_256/Places365_val_00006861.jpg,ocean,water,seashore,0.8215,"[{""rank"": 1, ""label"": ""seashore"", ""confidence"": 0.8215}, {""rank"": 2, ""label"": ""promontory"", ""confidence"": 0.0839}, {""rank"": 3, ""label"": ""sandbar"", ""confidence"": 0.046}, {""rank"": 4, ""label"": ""lakeside"", ""confidence"": 0.019}, {""rank"": 5, ""label"": ""cliff"", ""confidence"": 0.0045}]",True
Places365_val_00006910.jpg,/Users/aidahamzic/PycharmProjects/PythonProject1/val_256/Places365_val_00006910.jpg,highway,street,trailer truck,0.5446,"[{""rank"": 1, ""label"": ""trailer truck"", ""confidence"": 0.5446}, {""rank"": 2, ""label"": ""traffic light"", ""confidence"": 0.1067}, {""rank"": 3, ""label"": ""moving van"", ""confidence"": 0.0394}, {""rank"": 4, ""label"": ""mobile home"", ""confidence"": 0.0392}, {""rank"": 5, ""label"": ""recreational vehicle"", ""confidence"": 0.0245}]",False
Places365_val_00006918.jpg,/Users/aidahamzic/PycharmProjects/PythonProject1/val_256/Places365_val_00006918.jpg,alley,street,prison,0.675,"[{""rank"": 1, ""label"": ""prison"", ""confidence"": 0.675}, {""rank"": 2, ""label"": ""monastery"", ""confidence"": 0.2427}, {""rank"": 3, ""label"": ""vault"", ""confidence"": 0.0665}, {""rank"": 4, ""label"": ""castle"", ""confidence"": 0.0048}, {""rank"": 5, ""label"": ""church"", ""confidence"": 0.0046}]",False
Places365_val_00006925.jpg,/Users/aidahamzic/PycharmProjects/PythonProject1/val_256/Places365_val_00006925.jpg,ocean,water,bikini,0.5045,"[{""rank"": 1, ""label"": ""bikini"", ""confidence"": 0.5045}, {""rank"": 2, ""label"": ""maillot tank suit"", ""confidence"": 0.3138}, {""rank"": 3, ""label"": ""maillot"", ""confidence"": 0.1245}, {""rank"": 4, ""label"": ""snorkel"", ""confidence"": 0.015}, {""rank"": 5, ""label"": ""sandbar"", ""confidence"": 0.0129}]",True
Places365_val_00006949.jpg,/Users/aidahamzic/PycharmProjects/PythonProject1/val_256/Places365_val_00006949.jpg,tower,building,beacon,0.7511,"[{""rank"": 1, ""label"": ""beacon"", ""confidence"": 0.7511}, {""rank"": 2, ""label"": ""monastery"", ""confidence"": 0.0512}, {""rank"": 3, ""label"": ""bell cote"", ""confidence"": 0.0452}, {""rank"": 4, ""label"": ""castle"", ""confidence"": 0.023}, {""rank"": 5, ""label"": ""palace"", ""confidence"": 0.0216}]",True
Places365_val_00006960.jpg,/Users/aidahamzic/PycharmProjects/PythonProject1/val_256/Places365_val_00006960.jpg,tower,building,beacon,0.988,"[{""rank"": 1, ""label"": ""beacon"", ""confidence"": 0.988}, {""rank"": 2, ""label"": ""water tower"", ""confidence"": 0.0018}, {""rank"": 3, ""label"": ""stupa"", ""confidence"": 0.0016}, {""rank"": 4, ""label"": ""breakwater"", ""confidence"": 0.0014}, {""rank"": 5, ""label"": ""liner"", ""confidence"": 0.0012}]",False
Places365_val_00007005.jpg,/Users/aidahamzic/PycharmProjects/PythonProject1/val_256/Places365_val_00007005.jpg,coast,water,bluetick,0.097,"[{""rank"": 1, ""label"": ""bluetick"", ""confidence"": 0.097}, {""rank"": 2, ""label"": ""Siberian husky"", ""confidence"": 0.0952}, {""rank"": 3, ""label"": ""kelpie"", ""confidence"": 0.0726}, {""rank"": 4, ""label"": ""Staffordshire bullterrier"", ""confidence"": 0.0631}, {""rank"": 5, ""label"": ""dalmatian"", ""confidence"": 0.0629}]",False
Places365_val_00007006.jpg,/Users/aidahamzic/PycharmProjects/PythonProject1/val_256/Places365_val_00007006.jpg,house,building,church,0.6499,"[{""rank"": 1, ""label"": ""church"", ""confidence"": 0.6499}, {""rank"": 2, ""label"": ""bell cote"", ""confidence"": 0.1476}, {""rank"": 3, ""label"": ""monastery"", ""confidence"": 0.1057}, {""rank"": 4, ""label"": ""castle"", ""confidence"": 0.032}, {""rank"": 5, ""label"": ""barn"", ""confidence"": 0.0137}]",True
Places365_val_00007013.jpg,/Users/aidahamzic/PycharmProjects/PythonProject1/val_256/Places365_val_00007013.jpg,mountain,mountain,valley,0.7971,"[{""rank"": 1, ""label"": ""valley"", ""confidence"": 0.7971}, {""rank"": 2, ""label"": ""alp"", ""confidence"": 0.1181}, {""rank"": 3, ""label"": ""cliff"", ""confidence"": 0.0784}, {""rank"": 4, ""label"": ""promontory"", ""confidence"": 0.0028}, {""rank"": 5, ""label"": ""ibex"", ""confidence"": 0.0016}]",True
Places365_val_00007032.jpg,/Users/aidahamzic/PycharmProjects/PythonProject1/val_256/Places365_val_00007032.jpg,alley,street,barrow,0.4846,"[{""rank"": 1, ""label"": ""barrow"", ""confidence"": 0.4846}, {""rank"": 2, ""label"": ""bucket"", ""confidence"": 0.223}, {""rank"": 3, ""label"": ""ashcan"", ""confidence"": 0.0727}, {""rank"": 4, ""label"": ""shopping cart"", ""confidence"": 0.0578}, {""rank"": 5, ""label"": ""tricycle"", ""confidence"": 0.022}]",False
Places365_val_00007127.jpg,/Users/aidahamzic/PycharmProjects/PythonProject1/val_256/Places365_val_00007127.jpg,forest-broadleaf,forest,cliff,0.1059,"[{""rank"": 1, ""label"": ""cliff"", ""confidence"": 0.1059}, {""rank"": 2, ""label"": ""tusker"", ""confidence"": 0.1035}, {""rank"": 3, ""label"": ""colobus"", ""confidence"": 0.0884}, {""rank"": 4, ""label"": ""valley"", ""confidence"": 0.0659}, {""rank"": 5, ""label"": ""Indian elephant"", ""confidence"": 0.0547}]",True
Places365_val_00007143.jpg,/Users/aidahamzic/PycharmProjects/PythonProject1/val_256/Places365_val_00007143.jpg,street,street,jinrikisha,0.2634,"[{""rank"": 1, ""label"": ""jinrikisha"", ""confidence"": 0.2634}, {""rank"": 2, ""label"": ""unicycle"", ""confidence"": 0.1092}, {""rank"": 3, ""label"": ""bicycle-built-for-two"", ""confidence"": 0.0548}, {""rank"": 4, ""label"": ""crutch"", ""confidence"": 0.0528}, {""rank"": 5, ""label"": ""motor scooter"", ""confidence"": 0.0471}]",True
Places365_val_00007179.jpg,/Users/aidahamzic/PycharmProjects/PythonProject1/val_256/Places365_val_00007179.jpg,highway,street,street sign,0.9236,"[{""rank"": 1, ""label"": ""street sign"", ""confidence"": 0.9236}, {""rank"": 2, ""label"": ""traffic light"", ""confidence"": 0.0572}, {""rank"": 3, ""label"": ""pole"", ""confidence"": 0.0127}, {""rank"": 4, ""label"": ""scoreboard"", ""confidence"": 0.001}, {""rank"": 5, ""label"": ""trolleybus"", ""confidence"": 0.001}]",True
Places365_val_00007180.jpg,/Users/aidahamzic/PycharmProjects/PythonProject1/val_256/Places365_val_00007180.jpg,tower,building,viaduct,0.1477,"[{""rank"": 1, ""label"": ""viaduct"", ""confidence"": 0.1477}, {""rank"": 2, ""label"": ""totem pole"", ""confidence"": 0.0585}, {""rank"": 3, ""label"": ""monastery"", ""confidence"": 0.0537}, {""rank"": 4, ""label"": ""castle"", ""confidence"": 0.041}, {""rank"": 5, ""label"": ""triumphal arch"", ""confidence"": 0.0268}]",True
Places365_val_00007187.jpg,/Users/aidahamzic/PycharmProjects/PythonProject1/val_256/Places365_val_00007187.jpg,mountain,mountain,lakeside,0.3092,"[{""rank"": 1, ""label"": ""lakeside"", ""confidence"": 0.3092}, {""rank"": 2, ""label"": ""canoe"", ""confidence"": 0.1617}, {""rank"": 3, ""label"": ""paddle"", ""confidence"": 0.0725}, {""rank"": 4, ""label"": ""gar"", ""confidence"": 0.0683}, {""rank"": 5, ""label"": ""sturgeon"", ""confidence"": 0.062}]",False
Places365_val_00007204.jpg,/Users/aidahamzic/PycharmProjects/PythonProject1/val_256/Places365_val_00007204.jpg,forest-broadleaf,forest,lakeside,0.1417,"[{""rank"": 1, ""label"": ""lakeside"", ""confidence"": 0.1417}, {""rank"": 2, ""label"": ""mountain tent"", ""confidence"": 0.0712}, {""rank"": 3, ""label"": ""alp"", ""confidence"": 0.0426}, {""rank"": 4, ""label"": ""yurt"", ""confidence"": 0.0373}, {""rank"": 5, ""label"": ""suspension bridge"", ""confidence"": 0.0299}]",False
Places365_val_00007235.jpg,/Users/aidahamzic/PycharmProjects/PythonProject1/val_256/Places365_val_00007235.jpg,mountain,mountain,valley,0.458,"[{""rank"": 1, ""label"": ""valley"", ""confidence"": 0.458}, {""rank"": 2, ""label"": ""alp"", ""confidence"": 0.4412}, {""rank"": 3, ""label"": ""lakeside"", ""confidence"": 0.024}, {""rank"": 4, ""label"": ""volcano"", ""confidence"": 0.0164}, {""rank"": 5, ""label"": ""mountain tent"", ""confidence"": 0.0066}]",True
Places365_val_00007251.jpg,/Users/aidahamzic/PycharmProjects/PythonProject1/val_256/Places365_val_00007251.jpg,river,water,geyser,0.49,"[{""rank"": 1, ""label"": ""geyser"", ""confidence"": 0.49}, {""rank"": 2, ""label"": ""valley"", ""confidence"": 0.2603}, {""rank"": 3, ""label"": ""volcano"", ""confidence"": 0.0596}, {""rank"": 4, ""label"": ""fountain"", ""confidence"": 0.0472}, {""rank"": 5, ""label"": ""dam"", ""confidence"": 0.0461}]",True
Places365_val_00007275.jpg,/Users/aidahamzic/PycharmProjects/PythonProject1/val_256/Places365_val_00007275.jpg,house,building,planetarium,0.1588,"[{""rank"": 1, ""label"": ""planetarium"", ""confidence"": 0.1588}, {""rank"": 2, ""label"": ""prison"", ""confidence"": 0.0779}, {""rank"": 3, ""label"": ""barn"", ""confidence"": 0.074}, {""rank"": 4, ""label"": ""beacon"", ""confidence"": 0.0632}, {""rank"": 5, ""label"": ""cinema"", ""confidence"": 0.0516}]",True
Places365_val_00007278.jpg,/Users/aidahamzic/PycharmProjects/PythonProject1/val_256/Places365_val_00007278.jpg,coast,water,alp,0.6523,"[{""rank"": 1, ""label"": ""alp"", ""confidence"": 0.6523}, {""rank"": 2, ""label"": ""valley"", ""confidence"": 0.256}, {""rank"": 3, ""label"": ""promontory"", ""confidence"": 0.0551}, {""rank"": 4, ""label"": ""mountain tent"", ""confidence"": 0.0131}, {""rank"": 5, ""label"": ""cliff"", ""confidence"": 0.0053}]",False
Places365_val_00007283.jpg,/Users/aidahamzic/PycharmProjects/PythonProject1/val_256/Places365_val_00007283.jpg,tower,building,monastery,0.2076,"[{""rank"": 1, ""label"": ""monastery"", ""confidence"": 0.2076}, {""rank"": 2, ""label"": ""church"", ""confidence"": 0.1844}, {""rank"": 3, ""label"": ""mosque"", ""confidence"": 0.1347}, {""rank"": 4, ""label"": ""bell cote"", ""confidence"": 0.0798}, {""rank"": 5, ""label"": ""cinema"", ""confidence"": 0.0747}]",True
Places365_val_00007296.jpg,/Users/aidahamzic/PycharmProjects/PythonProject1/val_256/Places365_val_00007296.jpg,river,water,speedboat,0.7382,"[{""rank"": 1, ""label"": ""speedboat"", ""confidence"": 0.7382}, {""rank"": 2, ""label"": ""cliff"", ""confidence"": 0.1331}, {""rank"": 3, ""label"": ""dam"", ""confidence"": 0.049}, {""rank"": 4, ""label"": ""coho"", ""confidence"": 0.0183}, {""rank"": 5, ""label"": ""fireboat"", ""confidence"": 0.0152}]",True
Places365_val_00007303.jpg,/Users/aidahamzic/PycharmProjects/PythonProject1/val_256/Places365_val_00007303.jpg,glacier,glacier,alp,0.574,"[{""rank"": 1, ""label"": ""alp"", ""confidence"": 0.574}, {""rank"": 2, ""label"": ""valley"", ""confidence"": 0.349}, {""rank"": 3, ""label"": ""cliff"", ""confidence"": 0.0508}, {""rank"": 4, ""label"": ""promontory"", ""confidence"": 0.011}, {""rank"": 5, ""label"": ""cliff dwelling"", ""confidence"": 0.0058}]",True
Places365_val_00007346.jpg,/Users/aidahamzic/PycharmProjects/PythonProject1/val_256/Places365_val_00007346.jpg,glacier,glacier,alp,0.7698,"[{""rank"": 1, ""label"": ""alp"", ""confidence"": 0.7698}, {""rank"": 2, ""label"": ""valley"", ""confidence"": 0.1891}, {""rank"": 3, ""label"": ""volcano"", ""confidence"": 0.0092}, {""rank"": 4, ""label"": ""mountain tent"", ""confidence"": 0.0082}, {""rank"": 5, ""label"": ""promontory"", ""confidence"": 0.0082}]",True
Places365_val_00007349.jpg,/Users/aidahamzic/PycharmProjects/PythonProject1/val_256/Places365_val_00007349.jpg,glacier,glacier,alp,0.9733,"[{""rank"": 1, ""label"": ""alp"", ""confidence"": 0.9733}, {""rank"": 2, ""label"": ""mountain tent"", ""confidence"": 0.0132}, {""rank"": 3, ""label"": ""valley"", ""confidence"": 0.0046}, {""rank"": 4, ""label"": ""ski"", ""confidence"": 0.0038}, {""rank"": 5, ""label"": ""volcano"", ""confidence"": 0.0008}]",True
Places365_val_00007384.jpg,/Users/aidahamzic/PycharmProjects/PythonProject1/val_256/Places365_val_00007384.jpg,forest-broadleaf,forest,fountain,0.1441,"[{""rank"": 1, ""label"": ""fountain"", ""confidence"": 0.1441}, {""rank"": 2, ""label"": ""dam"", ""confidence"": 0.0992}, {""rank"": 3, ""label"": ""prison"", ""confidence"": 0.0514}, {""rank"": 4, ""label"": ""theater curtain"", ""confidence"": 0.049}, {""rank"": 5, ""label"": ""viaduct"", ""confidence"": 0.0421}]",False
Places365_val_00007391.jpg,/Users/aidahamzic/PycharmProjects/PythonProject1/val_256/Places365_val_00007391.jpg,river,water,pelican,0.9988,"[{""rank"": 1, ""label"": ""pelican"", ""confidence"": 0.9988}, {""rank"": 2, ""label"": ""black swan"", ""confidence"": 0.0006}, {""rank"": 3, ""label"": ""hippopotamus"", ""confidence"": 0.0001}, {""rank"": 4, ""label"": ""spoonbill"", ""confidence"": 0.0001}, {""rank"": 5, ""label"": ""American coot"", ""confidence"": 0.0001}]",False
Places365_val_00007395.jpg,/Users/aidahamzic/PycharmProjects/PythonProject1/val_256/Places365_val_00007395.jpg,river,water,dam,0.6639,"[{""rank"": 1, ""label"": ""dam"", ""confidence"": 0.6639}, {""rank"": 2, ""label"": ""pier"", ""confidence"": 0.1569}, {""rank"": 3, ""label"": ""dock"", ""confidence"": 0.0721}, {""rank"": 4, ""label"": ""breakwater"", ""confidence"": 0.0269}, {""rank"": 5, ""label"": ""boathouse"", ""confidence"": 0.0181}]",True
Places365_val_00007396.jpg,/Users/aidahamzic/PycharmProjects/PythonProject1/val_256/Places365_val_00007396.jpg,house,building,palace,0.1689,"[{""rank"": 1, ""label"": ""palace"", ""confidence"": 0.1689}, {""rank"": 2, ""label"": ""planetarium"", ""confidence"": 0.083}, {""rank"": 3, ""label"": ""mosque"", ""confidence"": 0.0716}, {""rank"": 4, ""label"": ""church"", ""confidence"": 0.0552}, {""rank"": 5, ""label"": ""dome"", ""confidence"": 0.0478}]",True
Places365_val_00007462.jpg,/Users/aidahamzic/PycharmProjects/PythonProject1/val_256/Places365_val_00007462.jpg,highway,street,binoculars,0.1224,"[{""rank"": 1, ""label"": ""binoculars"", ""confidence"": 0.1224}, {""rank"": 2, ""label"": ""steel arch bridge"", ""confidence"": 0.0829}, {""rank"": 3, ""label"": ""magnetic compass"", ""confidence"": 0.059}, {""rank"": 4, ""label"": ""coil"", ""confidence"": 0.0319}, {""rank"": 5, ""label"": ""barrel"", ""confidence"": 0.0286}]",False
Places365_val_00007469.jpg,/Users/aidahamzic/PycharmProjects/PythonProject1/val_256/Places365_val_00007469.jpg,house,building,mobile home,0.774,"[{""rank"": 1, ""label"": ""mobile home"", ""confidence"": 0.774}, {""rank"": 2, ""label"": ""worm fence"", ""confidence"": 0.1308}, {""rank"": 3, ""label"": ""barn"", ""confidence"": 0.0407}, {""rank"": 4, ""label"": ""boathouse"", ""confidence"": 0.0132}, {""rank"": 5, ""label"": ""picket fence"", ""confidence"": 0.0105}]",True
Places365_val_00007471.jpg,/Users/aidahamzic/PycharmProjects/PythonProject1/val_256/Places365_val_00007471.jpg,ocean,water,seashore,0.3284,"[{""rank"": 1, ""label"": ""seashore"", ""confidence"": 0.3284}, {""rank"": 2, ""label"": ""promontory"", ""confidence"": 0.1881}, {""rank"": 3, ""label"": ""volcano"", ""confidence"": 0.121}, {""rank"": 4, ""label"": ""sandbar"", ""confidence"": 0.0714}, {""rank"": 5, ""label"": ""lakeside"", ""confidence"": 0.0555}]",True
Places365_val_00007491.jpg,/Users/aidahamzic/PycharmProjects/PythonProject1/val_256/Places365_val_00007491.jpg,downtown,building,solar dish,0.1359,"[{""rank"": 1, ""label"": ""solar dish"", ""confidence"": 0.1359}, {""rank"": 2, ""label"": ""seashore"", ""confidence"": 0.0769}, {""rank"": 3, ""label"": ""dock"", ""confidence"": 0.0662}, {""rank"": 4, ""label"": ""beacon"", ""confidence"": 0.0451}, {""rank"": 5, ""label"": ""liner"", ""confidence"": 0.0358}]",False
Places365_val_00007614.jpg,/Users/aidahamzic/PycharmProjects/PythonProject1/val_256/Places365_val_00007614.jpg,glacier,glacier,dogsled,0.898,"[{""rank"": 1, ""label"": ""dogsled"", ""confidence"": 0.898}, {""rank"": 2, ""label"": ""whippet"", ""confidence"": 0.0156}, {""rank"": 3, ""label"": ""bloodhound"", ""confidence"": 0.0076}, {""rank"": 4, ""label"": ""Eskimo dog"", ""confidence"": 0.0061}, {""rank"": 5, ""label"": ""Cardigan"", ""confidence"": 0.0045}]",True
Places365_val_00007655.jpg,/Users/aidahamzic/PycharmProjects/PythonProject1/val_256/Places365_val_00007655.jpg,forest-broadleaf,forest,howler monkey,0.1633,"[{""rank"": 1, ""label"": ""howler monkey"", ""confidence"": 0.1633}, {""rank"": 2, ""label"": ""indri"", ""confidence"": 0.0787}, {""rank"": 3, ""label"": ""spider monkey"", ""confidence"": 0.0767}, {""rank"": 4, ""label"": ""colobus"", ""confidence"": 0.038}, {""rank"": 5, ""label"": ""langur"", ""confidence"": 0.0333}]",True
Places365_val_00007662.jpg,/Users/aidahamzic/PycharmProjects/PythonProject1/val_256/Places365_val_00007662.jpg,alley,street,prison,0.7864,"[{""rank"": 1, ""label"": ""prison"", ""confidence"": 0.7864}, {""rank"": 2, ""label"": ""traffic light"", ""confidence"": 0.0181}, {""rank"": 3, ""label"": ""ambulance"", ""confidence"": 0.0096}, {""rank"": 4, ""label"": ""pole"", ""confidence"": 0.0072}, {""rank"": 5, ""label"": ""street sign"", ""confidence"": 0.007}]",False
Places365_val_00007679.jpg,/Users/aidahamzic/PycharmProjects/PythonProject1/val_256/Places365_val_00007679.jpg,mountain,mountain,alp,0.6397,"[{""rank"": 1, ""label"": ""alp"", ""confidence"": 0.6397}, {""rank"": 2, ""label"": ""volcano"", ""confidence"": 0.1589}, {""rank"": 3, ""label"": ""valley"", ""confidence"": 0.0324}, {""rank"": 4, ""label"": ""mountain tent"", ""confidence"": 0.0254}, {""rank"": 5, ""label"": ""ibex"", ""confidence"": 0.0196}]",True
Places365_val_00007721.jpg,/Users/aidahamzic/PycharmProjects/PythonProject1/val_256/Places365_val_00007721.jpg,river,water,stingray,0.1674,"[{""rank"": 1, ""label"": ""stingray"", ""confidence"": 0.1674}, {""rank"": 2, ""label"": ""sea lion"", ""confidence"": 0.1242}, {""rank"": 3, ""label"": ""hippopotamus"", ""confidence"": 0.0963}, {""rank"": 4, ""label"": ""otter"", ""confidence"": 0.0472}, {""rank"": 5, ""label"": ""brown bear"", ""confidence"": 0.0463}]",False
Places365_val_00007724.jpg,/Users/aidahamzic/PycharmProjects/PythonProject1/val_256/Places365_val_00007724.jpg,glacier,glacier,dam,0.5279,"[{""rank"": 1, ""label"": ""dam"", ""confidence"": 0.5279}, {""rank"": 2, ""label"": ""valley"", ""confidence"": 0.3426}, {""rank"": 3, ""label"": ""alp"", ""confidence"": 0.0404}, {""rank"": 4, ""label"": ""boathouse"", ""confidence"": 0.0173}, {""rank"": 5, ""label"": ""mountain tent"", ""confidence"": 0.0164}]",True
Places365_val_00007894.jpg,/Users/aidahamzic/PycharmProjects/PythonProject1/val_256/Places365_val_00007894.jpg,forest-broadleaf,forest,maypole,0.2063,"[{""rank"": 1, ""label"": ""maypole"", ""confidence"": 0.2063}, {""rank"": 2, ""label"": ""pole"", ""confidence"": 0.1027}, {""rank"": 3, ""label"": ""suspension bridge"", ""confidence"": 0.0603}, {""rank"": 4, ""label"": ""totem pole"", ""confidence"": 0.0478}, {""rank"": 5, ""label"": ""valley"", ""confidence"": 0.0459}]",True
Places365_val_00007896.jpg,/Users/aidahamzic/PycharmProjects/PythonProject1/val_256/Places365_val_00007896.jpg,highway,street,trolleybus,0.352,"[{""rank"": 1, ""label"": ""trolleybus"", ""confidence"": 0.352}, {""rank"": 2, ""label"": ""garbage truck"", ""confidence"": 0.0817}, {""rank"": 3, ""label"": ""trailer truck"", ""confidence"": 0.0605}, {""rank"": 4, ""label"": ""ambulance"", ""confidence"": 0.0599}, {""rank"": 5, ""label"": ""recreational vehicle"", ""confidence"": 0.0547}]",True
Places365_val_00007903.jpg,/Users/aidahamzic/PycharmProjects/PythonProject1/val_256/Places365_val_00007903.jpg,rainforest,forest,park bench,0.2047,"[{""rank"": 1, ""label"": ""park bench"", ""confidence"": 0.2047}, {""rank"": 2, ""label"": ""viaduct"", ""confidence"": 0.1295}, {""rank"": 3, ""label"": ""megalith"", ""confidence"": 0.1198}, {""rank"": 4, ""label"": ""worm fence"", ""confidence"": 0.0866}, {""rank"": 5, ""label"": ""stone wall"", ""confidence"": 0.0373}]",False
Places365_val_00007938.jpg,/Users/aidahamzic/PycharmProjects/PythonProject1/val_256/Places365_val_00007938.jpg,street,street,Model T,0.3306,"[{""rank"": 1, ""label"": ""Model T"", ""confidence"": 0.3306}, {""rank"": 2, ""label"": ""motor scooter"", ""confidence"": 0.2807}, {""rank"": 3, ""label"": ""grille"", ""confidence"": 0.0523}, {""rank"": 4, ""label"": ""pickup"", ""confidence"": 0.0434}, {""rank"": 5, ""label"": ""convertible"", ""confidence"": 0.0393}]",False
Places365_val_00007962.jpg,/Users/aidahamzic/PycharmProjects/PythonProject1/val_256/Places365_val_00007962.jpg,downtown,building,obelisk,0.7286,"[{""rank"": 1, ""label"": ""obelisk"", ""confidence"": 0.7286}, {""rank"": 2, ""label"": ""triumphal arch"", ""confidence"": 0.0465}, {""rank"": 3, ""label"": ""bell cote"", ""confidence"": 0.0417}, {""rank"": 4, ""label"": ""pedestal"", ""confidence"": 0.0293}, {""rank"": 5, ""label"": ""street sign"", ""confidence"": 0.0293}]",True
Places365_val_00008046.jpg,/Users/aidahamzic/PycharmProjects/PythonProject1/val_256/Places365_val_00008046.jpg,mountain,mountain,monastery,0.104,"[{""rank"": 1, ""label"": ""monastery"", ""confidence"": 0.104}, {""rank"": 2, ""label"": ""cliff"", ""confidence"": 0.0582}, {""rank"": 3, ""label"": ""obelisk"", ""confidence"": 0.0302}, {""rank"": 4, ""label"": ""cliff dwelling"", ""confidence"": 0.0272}, {""rank"": 5, ""label"": ""pole"", ""confidence"": 0.0244}]",True
Places365_val_00008059.jpg,/Users/aidahamzic/PycharmProjects/PythonProject1/val_256/Places365_val_00008059.jpg,highway,street,golfcart,0.7414,"[{""rank"": 1, ""label"": ""golfcart"", ""confidence"": 0.7414}, {""rank"": 2, ""label"": ""limousine"", ""confidence"": 0.0318}, {""rank"": 3, ""label"": ""pickup"", ""confidence"": 0.0245}, {""rank"": 4, ""label"": ""convertible"", ""confidence"": 0.0199}, {""rank"": 5, ""label"": ""jeep"", ""confidence"": 0.0152}]",True
Places365_val_00008098.jpg,/Users/aidahamzic/PycharmProjects/PythonProject1/val_256/Places365_val_00008098.jpg,street,street,horse cart,0.2316,"[{""rank"": 1, ""label"": ""horse cart"", ""confidence"": 0.2316}, {""rank"": 2, ""label"": ""jinrikisha"", ""confidence"": 0.1785}, {""rank"": 3, ""label"": ""drum"", ""confidence"": 0.0497}, {""rank"": 4, ""label"": ""shield"", ""confidence"": 0.0437}, {""rank"": 5, ""label"": ""pay-phone"", ""confidence"": 0.0429}]",True
Places365_val_00008105.jpg,/Users/aidahamzic/PycharmProjects/PythonProject1/val_256/Places365_val_00008105.jpg,hotel-outdoor,building,boathouse,0.6973,"[{""rank"": 1, ""label"": ""boathouse"", ""confidence"": 0.6973}, {""rank"": 2, ""label"": ""lakeside"", ""confidence"": 0.0905}, {""rank"": 3, ""label"": ""pier"", ""confidence"": 0.084}, {""rank"": 4, ""label"": ""dock"", ""confidence"": 0.0382}, {""rank"": 5, ""label"": ""dam"", ""confidence"": 0.0331}]",True
Places365_val_00008109.jpg,/Users/aidahamzic/PycharmProjects/PythonProject1/val_256/Places365_val_00008109.jpg,house,building,mobile home,0.8285,"[{""rank"": 1, ""label"": ""mobile home"", ""confidence"": 0.8285}, {""rank"": 2, ""label"": ""picket fence"", ""confidence"": 0.0448}, {""rank"": 3, ""label"": ""snowmobile"", ""confidence"": 0.0307}, {""rank"": 4, ""label"": ""recreational vehicle"", ""confidence"": 0.0104}, {""rank"": 5, ""label"": ""patio"", ""confidence"": 0.0092}]",True
Places365_val_00008121.jpg,/Users/aidahamzic/PycharmProjects/PythonProject1/val_256/Places365_val_00008121.jpg,forest-broadleaf,forest,rapeseed,0.0996,"[{""rank"": 1, ""label"": ""rapeseed"", ""confidence"": 0.0996}, {""rank"": 2, ""label"": ""worm fence"", ""confidence"": 0.0454}, {""rank"": 3, ""label"": ""valley"", ""confidence"": 0.0376}, {""rank"": 4, ""label"": ""lakeside"", ""confidence"": 0.029}, {""rank"": 5, ""label"": ""park bench"", ""confidence"": 0.0215}]",True
Places365_val_00008139.jpg,/Users/aidahamzic/PycharmProjects/PythonProject1/val_256/Places365_val_00008139.jpg,highway,street,patio,0.2098,"[{""rank"": 1, ""label"": ""patio"", ""confidence"": 0.2098}, {""rank"": 2, ""label"": ""moving van"", ""confidence"": 0.2015}, {""rank"": 3, ""label"": ""mobile home"", ""confidence"": 0.1344}, {""rank"": 4, ""label"": ""trailer truck"", ""confidence"": 0.0624}, {""rank"": 5, ""label"": ""planetarium"", ""confidence"": 0.0527}]",False
Places365_val_00008196.jpg,/Users/aidahamzic/PycharmProjects/PythonProject1/val_256/Places365_val_00008196.jpg,alley,street,palace,0.3665,"[{""rank"": 1, ""label"": ""palace"", ""confidence"": 0.3665}, {""rank"": 2, ""label"": ""monastery"", ""confidence"": 0.3226}, {""rank"": 3, ""label"": ""church"", ""confidence"": 0.046}, {""rank"": 4, ""label"": ""mosque"", ""confidence"": 0.0413}, {""rank"": 5, ""label"": ""vault"", ""confidence"": 0.0323}]",False
Places365_val_00008214.jpg,/Users/aidahamzic/PycharmProjects/PythonProject1/val_256/Places365_val_00008214.jpg,ocean,water,lakeside,0.9094,"[{""rank"": 1, ""label"": ""lakeside"", ""confidence"": 0.9094}, {""rank"": 2, ""label"": ""seashore"", ""confidence"": 0.022}, {""rank"": 3, ""label"": ""promontory"", ""confidence"": 0.0095}, {""rank"": 4, ""label"": ""sandbar"", ""confidence"": 0.0095}, {""rank"": 5, ""label"": ""breakwater"", ""confidence"": 0.0092}]",True
Places365_val_00008244.jpg,/Users/aidahamzic/PycharmProjects/PythonProject1/val_256/Places365_val_00008244.jpg,rainforest,forest,valley,0.7276,"[{""rank"": 1, ""label"": ""valley"", ""confidence"": 0.7276}, {""rank"": 2, ""label"": ""suspension bridge"", ""confidence"": 0.0447}, {""rank"": 3, ""label"": ""cliff"", ""confidence"": 0.0337}, {""rank"": 4, ""label"": ""lakeside"", ""confidence"": 0.0132}, {""rank"": 5, ""label"": ""alp"", ""confidence"": 0.0131}]",True
Places365_val_00008266.jpg,/Users/aidahamzic/PycharmProjects/PythonProject1/val_256/Places365_val_00008266.jpg,skyscraper,building,church,0.3823,"[{""rank"": 1, ""label"": ""church"", ""confidence"": 0.3823}, {""rank"": 2, ""label"": ""obelisk"", ""confidence"": 0.1686}, {""rank"": 3, ""label"": ""tile roof"", ""confidence"": 0.0672}, {""rank"": 4, ""label"": ""bell cote"", ""confidence"": 0.0391}, {""rank"": 5, ""label"": ""flagpole"", ""confidence"": 0.0391}]",True
Places365_val_00008274.jpg,/Users/aidahamzic/PycharmProjects/PythonProject1/val_256/Places365_val_00008274.jpg,skyscraper,building,castle,0.186,"[{""rank"": 1, ""label"": ""castle"", ""confidence"": 0.186}, {""rank"": 2, ""label"": ""fountain"", ""confidence"": 0.1086}, {""rank"": 3, ""label"": ""palace"", ""confidence"": 0.0772}, {""rank"": 4, ""label"": ""drilling platform"", ""confidence"": 0.0742}, {""rank"": 5, ""label"": ""bell cote"", ""confidence"": 0.0581}]",True
Places365_val_00008278.jpg,/Users/aidahamzic/PycharmProjects/PythonProject1/val_256/Places365_val_00008278.jpg,mountain,mountain,cliff,0.567,"[{""rank"": 1, ""label"": ""cliff"", ""confidence"": 0.567}, {""rank"": 2, ""label"": ""cliff dwelling"", ""confidence"": 0.3053}, {""rank"": 3, ""label"": ""ibex"", ""confidence"": 0.0522}, {""rank"": 4, ""label"": ""bighorn"", ""confidence"": 0.037}, {""rank"": 5, ""label"": ""monastery"", ""confidence"": 0.0077}]",True
Places365_val_00008279.jpg,/Users/aidahamzic/PycharmProjects/PythonProject1/val_256/Places365_val_00008279.jpg,coast,water,lakeside,0.2509,"[{""rank"": 1, ""label"": ""lakeside"", ""confidence"": 0.2509}, {""rank"": 2, ""label"": ""park bench"", ""confidence"": 0.2116}, {""rank"": 3, ""label"": ""worm fence"", ""confidence"": 0.1558}, {""rank"": 4, ""label"": ""barn"", ""confidence"": 0.0937}, {""rank"": 5, ""label"": ""boathouse"", ""confidence"": 0.0323}]",True
Places365_val_00008322.jpg,/Users/aidahamzic/PycharmProjects/PythonProject1/val_256/Places365_val_00008322.jpg,ocean,water,catamaran,0.5884,"[{""rank"": 1, ""label"": ""catamaran"", ""confidence"": 0.5884}, {""rank"": 2, ""label"": ""trimaran"", ""confidence"": 0.1287}, {""rank"": 3, ""label"": ""parachute"", ""confidence"": 0.0982}, {""rank"": 4, ""label"": ""fireboat"", ""confidence"": 0.0365}, {""rank"": 5, ""label"": ""seashore"", ""confidence"": 0.029}]",True
Places365_val_00008327.jpg,/Users/aidahamzic/PycharmProjects/PythonProject1/val_256/Places365_val_00008327.jpg,house,building,monastery,0.3281,"[{""rank"": 1, ""label"": ""monastery"", ""confidence"": 0.3281}, {""rank"": 2, ""label"": ""bell cote"", ""confidence"": 0.1083}, {""rank"": 3, ""label"": ""church"", ""confidence"": 0.0943}, {""rank"": 4, ""label"": ""boathouse"", ""confidence"": 0.0475}, {""rank"": 5, ""label"": ""patio"", ""confidence"": 0.0409}]",True
Places365_val_00008371.jpg,/Users/aidahamzic/PycharmProjects/PythonProject1/val_256/Places365_val_00008371.jpg,mountain,mountain,volcano,0.7085,"[{""rank"": 1, ""label"": ""volcano"", ""confidence"": 0.7085}, {""rank"": 2, ""label"": ""alp"", ""confidence"": 0.1282}, {""rank"": 3, ""label"": ""cliff"", ""confidence"": 0.0433}, {""rank"": 4, ""label"": ""promontory"", ""confidence"": 0.0372}, {""rank"": 5, ""label"": ""valley"", ""confidence"": 0.0233}]",True
Places365_val_00008381.jpg,/Users/aidahamzic/PycharmProjects/PythonProject1/val_256/Places365_val_00008381.jpg,ocean,water,worm fence,0.4145,"[{""rank"": 1, ""label"": ""worm fence"", ""confidence"": 0.4145}, {""rank"": 2, ""label"": ""patio"", ""confidence"": 0.1922}, {""rank"": 3, ""label"": ""picket fence"", ""confidence"": 0.0837}, {""rank"": 4, ""label"": ""seashore"", ""confidence"": 0.0673}, {""rank"": 5, ""label"": ""lakeside"", ""confidence"": 0.0622}]",True
Places365_val_00008405.jpg,/Users/aidahamzic/PycharmProjects/PythonProject1/val_256/Places365_val_00008405.jpg,river,water,bighorn,0.098,"[{""rank"": 1, ""label"": ""bighorn"", ""confidence"": 0.098}, {""rank"": 2, ""label"": ""stone wall"", ""confidence"": 0.0466}, {""rank"": 3, ""label"": ""sea lion"", ""confidence"": 0.0382}, {""rank"": 4, ""label"": ""redshank"", ""confidence"": 0.0358}, {""rank"": 5, ""label"": ""hen-of-the-woods"", ""confidence"": 0.0309}]",False
Places365_val_00008426.jpg,/Users/aidahamzic/PycharmProjects/PythonProject1/val_256/Places365_val_00008426.jpg,skyscraper,building,seashore,0.4891,"[{""rank"": 1, ""label"": ""seashore"", ""confidence"": 0.4891}, {""rank"": 2, ""label"": ""lakeside"", ""confidence"": 0.2095}, {""rank"": 3, ""label"": ""sandbar"", ""confidence"": 0.0382}, {""rank"": 4, ""label"": ""dock"", ""confidence"": 0.0176}, {""rank"": 5, ""label"": ""trailer truck"", ""confidence"": 0.0134}]",False
Places365_val_00008463.jpg,/Users/aidahamzic/PycharmProjects/PythonProject1/val_256/Places365_val_00008463.jpg,house,building,patio,0.7329,"[{""rank"": 1, ""label"": ""patio"", ""confidence"": 0.7329}, {""rank"": 2, ""label"": ""solar dish"", ""confidence"": 0.0443}, {""rank"": 3, ""label"": ""worm fence"", ""confidence"": 0.0325}, {""rank"": 4, ""label"": ""boathouse"", ""confidence"": 0.0202}, {""rank"": 5, ""label"": ""mobile home"", ""confidence"": 0.0153}]",True
Places365_val_00008488.jpg,/Users/aidahamzic/PycharmProjects/PythonProject1/val_256/Places365_val_00008488.jpg,mountain,mountain,promontory,0.3982,"[{""rank"": 1, ""label"": ""promontory"", ""confidence"": 0.3982}, {""rank"": 2, ""label"": ""cliff"", ""confidence"": 0.3329}, {""rank"": 3, ""label"": ""valley"", ""confidence"": 0.0603}, {""rank"": 4, ""label"": ""seashore"", ""confidence"": 0.0562}, {""rank"": 5, ""label"": ""alp"", ""confidence"": 0.0317}]",True
Places365_val_00008494.jpg,/Users/aidahamzic/PycharmProjects/PythonProject1/val_256/Places365_val_00008494.jpg,mountain,mountain,valley,0.4223,"[{""rank"": 1, ""label"": ""valley"", ""confidence"": 0.4223}, {""rank"": 2, ""label"": ""alp"", ""confidence"": 0.3987}, {""rank"": 3, ""label"": ""volcano"", ""confidence"": 0.0655}, {""rank"": 4, ""label"": ""promontory"", ""confidence"": 0.0188}, {""rank"": 5, ""label"": ""cliff"", ""confidence"": 0.0132}]",True
Places365_val_00008496.jpg,/Users/aidahamzic/PycharmProjects/PythonProject1/val_256/Places365_val_00008496.jpg,hotel-outdoor,building,palace,0.4958,"[{""rank"": 1, ""label"": ""palace"", ""confidence"": 0.4958}, {""rank"": 2, ""label"": ""fountain"", ""confidence"": 0.1686}, {""rank"": 3, ""label"": ""lakeside"", ""confidence"": 0.0438}, {""rank"": 4, ""label"": ""planetarium"", ""confidence"": 0.043}, {""rank"": 5, ""label"": ""patio"", ""confidence"": 0.0341}]",True
Places365_val_00008508.jpg,/Users/aidahamzic/PycharmProjects/PythonProject1/val_256/Places365_val_00008508.jpg,downtown,building,pier,0.1978,"[{""rank"": 1, ""label"": ""pier"", ""confidence"": 0.1978}, {""rank"": 2, ""label"": ""crane"", ""confidence"": 0.1149}, {""rank"": 3, ""label"": ""traffic light"", ""confidence"": 0.0401}, {""rank"": 4, ""label"": ""submarine"", ""confidence"": 0.038}, {""rank"": 5, ""label"": ""bell cote"", ""confidence"": 0.0356}]",True
Places365_val_00008515.jpg,/Users/aidahamzic/PycharmProjects/PythonProject1/val_256/Places365_val_00008515.jpg,glacier,glacier,promontory,0.6323,"[{""rank"": 1, ""label"": ""promontory"", ""confidence"": 0.6323}, {""rank"": 2, ""label"": ""volcano"", ""confidence"": 0.1631}, {""rank"": 3, ""label"": ""valley"", ""confidence"": 0.0794}, {""rank"": 4, ""label"": ""cliff"", ""confidence"": 0.0777}, {""rank"": 5, ""label"": ""alp"", ""confidence"": 0.0318}]",True
Places365_val_00008516.jpg,/Users/aidahamzic/PycharmProjects/PythonProject1/val_256/Places365_val_00008516.jpg,downtown,building,bell cote,0.1273,"[{""rank"": 1, ""label"": ""bell cote"", ""confidence"": 0.1273}, {""rank"": 2, ""label"": ""monastery"", ""confidence"": 0.0586}, {""rank"": 3, ""label"": ""fireboat"", ""confidence"": 0.0356}, {""rank"": 4, ""label"": ""trailer truck"", ""confidence"": 0.0344}, {""rank"": 5, ""label"": ""church"", ""confidence"": 0.0303}]",True
Places365_val_00008522.jpg,/Users/aidahamzic/PycharmProjects/PythonProject1/val_256/Places365_val_00008522.jpg,mountain,mountain,valley,0.7826,"[{""rank"": 1, ""label"": ""valley"", ""confidence"": 0.7826}, {""rank"": 2, ""label"": ""alp"", ""confidence"": 0.1075}, {""rank"": 3, ""label"": ""cliff"", ""confidence"": 0.0577}, {""rank"": 4, ""label"": ""volcano"", ""confidence"": 0.0181}, {""rank"": 5, ""label"": ""promontory"", ""confidence"": 0.0045}]",True
Places365_val_00008535.jpg,/Users/aidahamzic/PycharmProjects/PythonProject1/val_256/Places365_val_00008535.jpg,highway,street,promontory,0.5147,"[{""rank"": 1, ""label"": ""promontory"", ""confidence"": 0.5147}, {""rank"": 2, ""label"": ""valley"", ""confidence"": 0.2166}, {""rank"": 3, ""label"": ""cliff"", ""confidence"": 0.0976}, {""rank"": 4, ""label"": ""seashore"", ""confidence"": 0.0585}, {""rank"": 5, ""label"": ""lakeside"", ""confidence"": 0.0345}]",False
Places365_val_00008588.jpg,/Users/aidahamzic/PycharmProjects/PythonProject1/val_256/Places365_val_00008588.jpg,skyscraper,building,ear,0.2417,"[{""rank"": 1, ""label"": ""ear"", ""confidence"": 0.2417}, {""rank"": 2, ""label"": ""palace"", ""confidence"": 0.1318}, {""rank"": 3, ""label"": ""seashore"", ""confidence"": 0.1299}, {""rank"": 4, ""label"": ""drilling platform"", ""confidence"": 0.0779}, {""rank"": 5, ""label"": ""aircraft carrier"", ""confidence"": 0.0745}]",True
Places365_val_00008601.jpg,/Users/aidahamzic/PycharmProjects/PythonProject1/val_256/Places365_val_00008601.jpg,mountain,mountain,lakeside,0.2502,"[{""rank"": 1, ""label"": ""lakeside"", ""confidence"": 0.2502}, {""rank"": 2, ""label"": ""volcano"", ""confidence"": 0.0692}, {""rank"": 3, ""label"": ""greenhouse"", ""confidence"": 0.0665}, {""rank"": 4, ""label"": ""seashore"", ""confidence"": 0.0578}, {""rank"": 5, ""label"": ""patio"", ""confidence"": 0.0483}]",True
Places365_val_00008619.jpg,/Users/aidahamzic/PycharmProjects/PythonProject1/val_256/Places365_val_00008619.jpg,tower,building,wreck,0.2251,"[{""rank"": 1, ""label"": ""wreck"", ""confidence"": 0.2251}, {""rank"": 2, ""label"": ""church"", ""confidence"": 0.1897}, {""rank"": 3, ""label"": ""boathouse"", ""confidence"": 0.0576}, {""rank"": 4, ""label"": ""monastery"", ""confidence"": 0.0443}, {""rank"": 5, ""label"": ""barn"", ""confidence"": 0.043}]",True
Places365_val_00008625.jpg,/Users/aidahamzic/PycharmProjects/PythonProject1/val_256/Places365_val_00008625.jpg,hotel-outdoor,building,prison,0.298,"[{""rank"": 1, ""label"": ""prison"", ""confidence"": 0.298}, {""rank"": 2, ""label"": ""cinema"", ""confidence"": 0.2907}, {""rank"": 3, ""label"": ""palace"", ""confidence"": 0.2279}, {""rank"": 4, ""label"": ""monastery"", ""confidence"": 0.0494}, {""rank"": 5, ""label"": ""library"", ""confidence"": 0.0136}]",True
Places365_val_00008637.jpg,/Users/aidahamzic/PycharmProjects/PythonProject1/val_256/Places365_val_00008637.jpg,alley,street,maze,0.1519,"[{""rank"": 1, ""label"": ""maze"", ""confidence"": 0.1519}, {""rank"": 2, ""label"": ""greenhouse"", ""confidence"": 0.1261}, {""rank"": 3, ""label"": ""passenger car"", ""confidence"": 0.0773}, {""rank"": 4, ""label"": ""steam locomotive"", ""confidence"": 0.0689}, {""rank"": 5, ""label"": ""streetcar"", ""confidence"": 0.0686}]",True
Places365_val_00008641.jpg,/Users/aidahamzic/PycharmProjects/PythonProject1/val_256/Places365_val_00008641.jpg,coast,water,seashore,0.5823,"[{""rank"": 1, ""label"": ""seashore"", ""confidence"": 0.5823}, {""rank"": 2, ""label"": ""promontory"", ""confidence"": 0.1369}, {""rank"": 3, ""label"": ""valley"", ""confidence"": 0.1182}, {""rank"": 4, ""label"": ""sandbar"", ""confidence"": 0.0367}, {""rank"": 5, ""label"": ""coral reef"", ""confidence"": 0.033}]",True
Places365_val_00008664.jpg,/Users/aidahamzic/PycharmProjects/PythonProject1/val_256/Places365_val_00008664.jpg,ocean,water,promontory,0.2929,"[{""rank"": 1, ""label"": ""promontory"", ""confidence"": 0.2929}, {""rank"": 2, ""label"": ""seashore"", ""confidence"": 0.2696}, {""rank"": 3, ""label"": ""cliff"", ""confidence"": 0.0682}, {""rank"": 4, ""label"": ""lakeside"", ""confidence"": 0.066}, {""rank"": 5, ""label"": ""catamaran"", ""confidence"": 0.0553}]",True
Places365_val_00008706.jpg,/Users/aidahamzic/PycharmProjects/PythonProject1/val_256/Places365_val_00008706.jpg,hotel-outdoor,building,palace,0.6243,"[{""rank"": 1, ""label"": ""palace"", ""confidence"": 0.6243}, {""rank"": 2, ""label"": ""castle"", ""confidence"": 0.1578}, {""rank"": 3, ""label"": ""triumphal arch"", ""confidence"": 0.0408}, {""rank"": 4, ""label"": ""church"", ""confidence"": 0.0317}, {""rank"": 5, ""label"": ""monastery"", ""confidence"": 0.024}]",True
Places365_val_00008739.jpg,/Users/aidahamzic/PycharmProjects/PythonProject1/val_256/Places365_val_00008739.jpg,forest-broadleaf,forest,park bench,0.1072,"[{""rank"": 1, ""label"": ""park bench"", ""confidence"": 0.1072}, {""rank"": 2, ""label"": ""lakeside"", ""confidence"": 0.1006}, {""rank"": 3, ""label"": ""boathouse"", ""confidence"": 0.069}, {""rank"": 4, ""label"": ""fountain"", ""confidence"": 0.0474}, {""rank"": 5, ""label"": ""valley"", ""confidence"": 0.045}]",True
Places365_val_00008751.jpg,/Users/aidahamzic/PycharmProjects/PythonProject1/val_256/Places365_val_00008751.jpg,mountain,mountain,alp,0.7852,"[{""rank"": 1, ""label"": ""alp"", ""confidence"": 0.7852}, {""rank"": 2, ""label"": ""valley"", ""confidence"": 0.2019}, {""rank"": 3, ""label"": ""lakeside"", ""confidence"": 0.0074}, {""rank"": 4, ""label"": ""mountain tent"", ""confidence"": 0.0035}, {""rank"": 5, ""label"": ""cliff"", ""confidence"": 0.0003}]",True
Places365_val_00008776.jpg,/Users/aidahamzic/PycharmProjects/PythonProject1/val_256/Places365_val_00008776.jpg,glacier,glacier,cliff,0.2983,"[{""rank"": 1, ""label"": ""cliff"", ""confidence"": 0.2983}, {""rank"": 2, ""label"": ""valley"", ""confidence"": 0.2645}, {""rank"": 3, ""label"": ""cliff dwelling"", ""confidence"": 0.2324}, {""rank"": 4, ""label"": ""alp"", ""confidence"": 0.0932}, {""rank"": 5, ""label"": ""promontory"", ""confidence"": 0.0259}]",True
Places365_val_00008816.jpg,/Users/aidahamzic/PycharmProjects/PythonProject1/val_256/Places365_val_00008816.jpg,alley,street,cinema,0.3554,"[{""rank"": 1, ""label"": ""cinema"", ""confidence"": 0.3554}, {""rank"": 2, ""label"": ""monastery"", ""confidence"": 0.0759}, {""rank"": 3, ""label"": ""church"", ""confidence"": 0.07}, {""rank"": 4, ""label"": ""beacon"", ""confidence"": 0.0585}, {""rank"": 5, ""label"": ""mobile home"", ""confidence"": 0.0453}]",False
Places365_val_00008882.jpg,/Users/aidahamzic/PycharmProjects/PythonProject1/val_256/Places365_val_00008882.jpg,house,building,patio,0.2989,"[{""rank"": 1, ""label"": ""patio"", ""confidence"": 0.2989}, {""rank"": 2, ""label"": ""thatch"", ""confidence"": 0.2656}, {""rank"": 3, ""label"": ""boathouse"", ""confidence"": 0.0873}, {""rank"": 4, ""label"": ""tile roof"", ""confidence"": 0.0625}, {""rank"": 5, ""label"": ""mobile home"", ""confidence"": 0.0427}]",True
Places365_val_00008883.jpg,/Users/aidahamzic/PycharmProjects/PythonProject1/val_256/Places365_val_00008883.jpg,alley,street,beacon,0.1479,"[{""rank"": 1, ""label"": ""beacon"", ""confidence"": 0.1479}, {""rank"": 2, ""label"": ""vault"", ""confidence"": 0.1425}, {""rank"": 3, ""label"": ""bell cote"", ""confidence"": 0.0787}, {""rank"": 4, ""label"": ""breakwater"", ""confidence"": 0.0486}, {""rank"": 5, ""label"": ""coil"", ""confidence"": 0.0412}]",False
Places365_val_00008900.jpg,/Users/aidahamzic/PycharmProjects/PythonProject1/val_256/Places365_val_00008900.jpg,street,street,trolleybus,0.2079,"[{""rank"": 1, ""label"": ""trolleybus"", ""confidence"": 0.2079}, {""rank"": 2, ""label"": ""traffic light"", ""confidence"": 0.1517}, {""rank"": 3, ""label"": ""streetcar"", ""confidence"": 0.1432}, {""rank"": 4, ""label"": ""jinrikisha"", ""confidence"": 0.0792}, {""rank"": 5, ""label"": ""cab"", ""confidence"": 0.0514}]",True
Places365_val_00008931.jpg,/Users/aidahamzic/PycharmProjects/PythonProject1/val_256/Places365_val_00008931.jpg,coast,water,ski,0.5702,"[{""rank"": 1, ""label"": ""ski"", ""confidence"": 0.5702}, {""rank"": 2, ""label"": ""killer whale"", ""confidence"": 0.155}, {""rank"": 3, ""label"": ""king penguin"", ""confidence"": 0.0498}, {""rank"": 4, ""label"": ""alp"", ""confidence"": 0.0306}, {""rank"": 5, ""label"": ""snorkel"", ""confidence"": 0.0218}]",True
Places365_val_00008939.jpg,/Users/aidahamzic/PycharmProjects/PythonProject1/val_256/Places365_val_00008939.jpg,hotel-outdoor,building,dome,0.2405,"[{""rank"": 1, ""label"": ""dome"", ""confidence"": 0.2405}, {""rank"": 2, ""label"": ""planetarium"", ""confidence"": 0.1293}, {""rank"": 3, ""label"": ""solar dish"", ""confidence"": 0.0636}, {""rank"": 4, ""label"": ""yurt"", ""confidence"": 0.048}, {""rank"": 5, ""label"": ""airship"", ""confidence"": 0.0458}]",True
Places365_val_00008956.jpg,/Users/aidahamzic/PycharmProjects/PythonProject1/val_256/Places365_val_00008956.jpg,mountain,mountain,alp,0.3,"[{""rank"": 1, ""label"": ""alp"", ""confidence"": 0.3}, {""rank"": 2, ""label"": ""valley"", ""confidence"": 0.1267}, {""rank"": 3, ""label"": ""lakeside"", ""confidence"": 0.0537}, {""rank"": 4, ""label"": ""mountain tent"", ""confidence"": 0.0518}, {""rank"": 5, ""label"": ""promontory"", ""confidence"": 0.0291}]",True
Places365_val_00008992.jpg,/Users/aidahamzic/PycharmProjects/PythonProject1/val_256/Places365_val_00008992.jpg,rainforest,forest,mountain bike,0.0816,"[{""rank"": 1, ""label"": ""mountain bike"", ""confidence"": 0.0816}, {""rank"": 2, ""label"": ""valley"", ""confidence"": 0.0678}, {""rank"": 3, ""label"": ""mountain tent"", ""confidence"": 0.0501}, {""rank"": 4, ""label"": ""stone wall"", ""confidence"": 0.0419}, {""rank"": 5, ""label"": ""lakeside"", ""confidence"": 0.0333}]",True
Places365_val_00009000.jpg,/Users/aidahamzic/PycharmProjects/PythonProject1/val_256/Places365_val_00009000.jpg,hotel-outdoor,building,convertible,0.5204,"[{""rank"": 1, ""label"": ""convertible"", ""confidence"": 0.5204}, {""rank"": 2, ""label"": ""beach wagon"", ""confidence"": 0.3765}, {""rank"": 3, ""label"": ""minivan"", ""confidence"": 0.0295}, {""rank"": 4, ""label"": ""sports car"", ""confidence"": 0.0153}, {""rank"": 5, ""label"": ""pickup"", ""confidence"": 0.0141}]",False
Places365_val_00009017.jpg,/Users/aidahamzic/PycharmProjects/PythonProject1/val_256/Places365_val_00009017.jpg,tower,building,crane,0.6185,"[{""rank"": 1, ""label"": ""crane"", ""confidence"": 0.6185}, {""rank"": 2, ""label"": ""pole"", ""confidence"": 0.3554}, {""rank"": 3, ""label"": ""drilling platform"", ""confidence"": 0.0158}, {""rank"": 4, ""label"": ""totem pole"", ""confidence"": 0.0027}, {""rank"": 5, ""label"": ""pirate"", ""confidence"": 0.0011}]",False
Places365_val_00009085.jpg,/Users/aidahamzic/PycharmProjects/PythonProject1/val_256/Places365_val_00009085.jpg,house,building,monastery,0.8086,"[{""rank"": 1, ""label"": ""monastery"", ""confidence"": 0.8086}, {""rank"": 2, ""label"": ""mosque"", ""confidence"": 0.0526}, {""rank"": 3, ""label"": ""church"", ""confidence"": 0.0333}, {""rank"": 4, ""label"": ""palace"", ""confidence"": 0.0308}, {""rank"": 5, ""label"": ""mobile home"", ""confidence"": 0.0234}]",True
Places365_val_00009124.jpg,/Users/aidahamzic/PycharmProjects/PythonProject1/val_256/Places365_val_00009124.jpg,tower,building,obelisk,0.5297,"[{""rank"": 1, ""label"": ""obelisk"", ""confidence"": 0.5297}, {""rank"": 2, ""label"": ""church"", ""confidence"": 0.1762}, {""rank"": 3, ""label"": ""missile"", ""confidence"": 0.0363}, {""rank"": 4, ""label"": ""sundial"", ""confidence"": 0.0258}, {""rank"": 5, ""label"": ""barn"", ""confidence"": 0.0228}]",True
Places365_val_00009130.jpg,/Users/aidahamzic/PycharmProjects/PythonProject1/val_256/Places365_val_00009130.jpg,street,street,pickelhaube,0.2475,"[{""rank"": 1, ""label"": ""pickelhaube"", ""confidence"": 0.2475}, {""rank"": 2, ""label"": ""military uniform"", ""confidence"": 0.2275}, {""rank"": 3, ""label"": ""crutch"", ""confidence"": 0.2161}, {""rank"": 4, ""label"": ""umbrella"", ""confidence"": 0.0476}, {""rank"": 5, ""label"": ""fur coat"", ""confidence"": 0.0363}]",False
Places365_val_00009166.jpg,/Users/aidahamzic/PycharmProjects/PythonProject1/val_256/Places365_val_00009166.jpg,mountain,mountain,stone wall,0.5904,"[{""rank"": 1, ""label"": ""stone wall"", ""confidence"": 0.5904}, {""rank"": 2, ""label"": ""valley"", ""confidence"": 0.1282}, {""rank"": 3, ""label"": ""alp"", ""confidence"": 0.1237}, {""rank"": 4, ""label"": ""volcano"", ""confidence"": 0.0678}, {""rank"": 5, ""label"": ""megalith"", ""confidence"": 0.0276}]",True
Places365_val_00009253.jpg,/Users/aidahamzic/PycharmProjects/PythonProject1/val_256/Places365_val_00009253.jpg,house,building,solar dish,0.2266,"[{""rank"": 1, ""label"": ""solar dish"", ""confidence"": 0.2266}, {""rank"": 2, ""label"": ""barn"", ""confidence"": 0.2253}, {""rank"": 3, ""label"": ""boathouse"", ""confidence"": 0.2235}, {""rank"": 4, ""label"": ""mobile home"", ""confidence"": 0.0722}, {""rank"": 5, ""label"": ""patio"", ""confidence"": 0.0435}]",True
Places365_val_00009299.jpg,/Users/aidahamzic/PycharmProjects/PythonProject1/val_256/Places365_val_00009299.jpg,alley,street,lumbermill,0.1437,"[{""rank"": 1, ""label"": ""lumbermill"", ""confidence"": 0.1437}, {""rank"": 2, ""label"": ""restaurant"", ""confidence"": 0.1238}, {""rank"": 3, ""label"": ""barbershop"", ""confidence"": 0.0879}, {""rank"": 4, ""label"": ""bookshop"", ""confidence"": 0.0558}, {""rank"": 5, ""label"": ""cinema"", ""confidence"": 0.05}]",False
Places365_val_00009306.jpg,/Users/aidahamzic/PycharmProjects/PythonProject1/val_256/Places365_val_00009306.jpg,street,street,monastery,0.2352,"[{""rank"": 1, ""label"": ""monastery"", ""confidence"": 0.2352}, {""rank"": 2, ""label"": ""prison"", ""confidence"": 0.1834}, {""rank"": 3, ""label"": ""palace"", ""confidence"": 0.1122}, {""rank"": 4, ""label"": ""vault"", ""confidence"": 0.0944}, {""rank"": 5, ""label"": ""church"", ""confidence"": 0.0896}]",False
Places365_val_00009350.jpg,/Users/aidahamzic/PycharmProjects/PythonProject1/val_256/Places365_val_00009350.jpg,forest-broadleaf,forest,stone wall,0.447,"[{""rank"": 1, ""label"": ""stone wall"", ""confidence"": 0.447}, {""rank"": 2, ""label"": ""cliff"", ""confidence"": 0.1518}, {""rank"": 3, ""label"": ""valley"", ""confidence"": 0.0308}, {""rank"": 4, ""label"": ""birdhouse"", ""confidence"": 0.0267}, {""rank"": 5, ""label"": ""impala"", ""confidence"": 0.0213}]",True
Places365_val_00009369.jpg,/Users/aidahamzic/PycharmProjects/PythonProject1/val_256/Places365_val_00009369.jpg,alley,street,window shade,0.1033,"[{""rank"": 1, ""label"": ""window shade"", ""confidence"": 0.1033}, {""rank"": 2, ""label"": ""barn"", ""confidence"": 0.0806}, {""rank"": 3, ""label"": ""church"", ""confidence"": 0.0629}, {""rank"": 4, ""label"": ""vault"", ""confidence"": 0.0501}, {""rank"": 5, ""label"": ""vestment"", ""confidence"": 0.0498}]",False
Places365_val_00009401.jpg,/Users/aidahamzic/PycharmProjects/PythonProject1/val_256/Places365_val_00009401.jpg,mountain,mountain,worm fence,0.1619,"[{""rank"": 1, ""label"": ""worm fence"", ""confidence"": 0.1619}, {""rank"": 2, ""label"": ""boathouse"", ""confidence"": 0.1244}, {""rank"": 3, ""label"": ""dam"", ""confidence"": 0.1135}, {""rank"": 4, ""label"": ""suspension bridge"", ""confidence"": 0.0438}, {""rank"": 5, ""label"": ""viaduct"", ""confidence"": 0.0426}]",False
Places365_val_00009485.jpg,/Users/aidahamzic/PycharmProjects/PythonProject1/val_256/Places365_val_00009485.jpg,street,street,triceratops,0.77,"[{""rank"": 1, ""label"": ""triceratops"", ""confidence"": 0.77}, {""rank"": 2, ""label"": ""knot"", ""confidence"": 0.0667}, {""rank"": 3, ""label"": ""macaw"", ""confidence"": 0.0218}, {""rank"": 4, ""label"": ""agama"", ""confidence"": 0.0184}, {""rank"": 5, ""label"": ""African grey"", ""confidence"": 0.0136}]",False
Places365_val_00009493.jpg,/Users/aidahamzic/PycharmProjects/PythonProject1/val_256/Places365_val_00009493.jpg,coast,water,seashore,0.2205,"[{""rank"": 1, ""label"": ""seashore"", ""confidence"": 0.2205}, {""rank"": 2, ""label"": ""beaver"", ""confidence"": 0.218}, {""rank"": 3, ""label"": ""promontory"", ""confidence"": 0.1011}, {""rank"": 4, ""label"": ""mink"", ""confidence"": 0.0765}, {""rank"": 5, ""label"": ""otter"", ""confidence"": 0.0644}]",True
Places365_val_00009505.jpg,/Users/aidahamzic/PycharmProjects/PythonProject1/val_256/Places365_val_00009505.jpg,downtown,building,fountain,0.2377,"[{""rank"": 1, ""label"": ""fountain"", ""confidence"": 0.2377}, {""rank"": 2, ""label"": ""bell cote"", ""confidence"": 0.1845}, {""rank"": 3, ""label"": ""palace"", ""confidence"": 0.1626}, {""rank"": 4, ""label"": ""castle"", ""confidence"": 0.0713}, {""rank"": 5, ""label"": ""mosque"", ""confidence"": 0.0517}]",True
Places365_val_00009556.jpg,/Users/aidahamzic/PycharmProjects/PythonProject1/val_256/Places365_val_00009556.jpg,glacier,glacier,alp,0.8499,"[{""rank"": 1, ""label"": ""alp"", ""confidence"": 0.8499}, {""rank"": 2, ""label"": ""valley"", ""confidence"": 0.1091}, {""rank"": 3, ""label"": ""volcano"", ""confidence"": 0.0294}, {""rank"": 4, ""label"": ""mountain tent"", ""confidence"": 0.0097}, {""rank"": 5, ""label"": ""yurt"", ""confidence"": 0.0008}]",True
Places365_val_00009574.jpg,/Users/aidahamzic/PycharmProjects/PythonProject1/val_256/Places365_val_00009574.jpg,street,street,patio,0.5245,"[{""rank"": 1, ""label"": ""patio"", ""confidence"": 0.5245}, {""rank"": 2, ""label"": ""restaurant"", ""confidence"": 0.1411}, {""rank"": 3, ""label"": ""jinrikisha"", ""confidence"": 0.0733}, {""rank"": 4, ""label"": ""horse cart"", ""confidence"": 0.0273}, {""rank"": 5, ""label"": ""park bench"", ""confidence"": 0.022}]",True
Places365_val_00009591.jpg,/Users/aidahamzic/PycharmProjects/PythonProject1/val_256/Places365_val_00009591.jpg,river,water,steel arch bridge,0.6723,"[{""rank"": 1, ""label"": ""steel arch bridge"", ""confidence"": 0.6723}, {""rank"": 2, ""label"": ""dam"", ""confidence"": 0.1185}, {""rank"": 3, ""label"": ""pier"", ""confidence"": 0.0778}, {""rank"": 4, ""label"": ""suspension bridge"", ""confidence"": 0.0581}, {""rank"": 5, ""label"": ""viaduct"", ""confidence"": 0.0486}]",False
Places365_val_00009602.jpg,/Users/aidahamzic/PycharmProjects/PythonProject1/val_256/Places365_val_00009602.jpg,highway,street,unicycle,0.1411,"[{""rank"": 1, ""label"": ""unicycle"", ""confidence"": 0.1411}, {""rank"": 2, ""label"": ""parking meter"", ""confidence"": 0.139}, {""rank"": 3, ""label"": ""crutch"", ""confidence"": 0.0667}, {""rank"": 4, ""label"": ""shopping cart"", ""confidence"": 0.0582}, {""rank"": 5, ""label"": ""mailbox"", ""confidence"": 0.024}]",False
Places365_val_00009607.jpg,/Users/aidahamzic/PycharmProjects/PythonProject1/val_256/Places365_val_00009607.jpg,forest-broadleaf,forest,impala,0.1131,"[{""rank"": 1, ""label"": ""impala"", ""confidence"": 0.1131}, {""rank"": 2, ""label"": ""American black bear"", ""confidence"": 0.0829}, {""rank"": 3, ""label"": ""bison"", ""confidence"": 0.0629}, {""rank"": 4, ""label"": ""warthog"", ""confidence"": 0.0339}, {""rank"": 5, ""label"": ""limpkin"", ""confidence"": 0.0327}]",True
Places365_val_00009616.jpg,/Users/aidahamzic/PycharmProjects/PythonProject1/val_256/Places365_val_00009616.jpg,house,building,boathouse,0.3754,"[{""rank"": 1, ""label"": ""boathouse"", ""confidence"": 0.3754}, {""rank"": 2, ""label"": ""lakeside"", ""confidence"": 0.1054}, {""rank"": 3, ""label"": ""alp"", ""confidence"": 0.0676}, {""rank"": 4, ""label"": ""barn"", ""confidence"": 0.0398}, {""rank"": 5, ""label"": ""church"", ""confidence"": 0.0287}]",True
Places365_val_00009656.jpg,/Users/aidahamzic/PycharmProjects/PythonProject1/val_256/Places365_val_00009656.jpg,coast,water,promontory,0.748,"[{""rank"": 1, ""label"": ""promontory"", ""confidence"": 0.748}, {""rank"": 2, ""label"": ""cliff"", ""confidence"": 0.1404}, {""rank"": 3, ""label"": ""seashore"", ""confidence"": 0.0651}, {""rank"": 4, ""label"": ""lakeside"", ""confidence"": 0.0332}, {""rank"": 5, ""label"": ""valley"", ""confidence"": 0.0046}]",True
Places365_val_00009676.jpg,/Users/aidahamzic/PycharmProjects/PythonProject1/val_256/Places365_val_00009676.jpg,ocean,water,scorpion,0.3961,"[{""rank"": 1, ""label"": ""scorpion"", ""confidence"": 0.3961}, {""rank"": 2, ""label"": ""killer whale"", ""confidence"": 0.1769}, {""rank"": 3, ""label"": ""albatross"", ""confidence"": 0.0737}, {""rank"": 4, ""label"": ""fiddler crab"", ""confidence"": 0.0678}, {""rank"": 5, ""label"": ""rock crab"", ""confidence"": 0.0273}]",False
Places365_val_00009722.jpg,/Users/aidahamzic/PycharmProjects/PythonProject1/val_256/Places365_val_00009722.jpg,tower,building,lakeside,0.2109,"[{""rank"": 1, ""label"": ""lakeside"", ""confidence"": 0.2109}, {""rank"": 2, ""label"": ""drilling platform"", ""confidence"": 0.081}, {""rank"": 3, ""label"": ""wreck"", ""confidence"": 0.0477}, {""rank"": 4, ""label"": ""beacon"", ""confidence"": 0.0424}, {""rank"": 5, ""label"": ""seashore"", ""confidence"": 0.039}]",False
Places365_val_00009727.jpg,/Users/aidahamzic/PycharmProjects/PythonProject1/val_256/Places365_val_00009727.jpg,tower,building,promontory,0.9375,"[{""rank"": 1, ""label"": ""promontory"", ""confidence"": 0.9375}, {""rank"": 2, ""label"": ""cliff"", ""confidence"": 0.0346}, {""rank"": 3, ""label"": ""seashore"", ""confidence"": 0.0201}, {""rank"": 4, ""label"": ""beacon"", ""confidence"": 0.0024}, {""rank"": 5, ""label"": ""valley"", ""confidence"": 0.0021}]",False
Places365_val_00009746.jpg,/Users/aidahamzic/PycharmProjects/PythonProject1/val_256/Places365_val_00009746.jpg,alley,street,prison,0.6394,"[{""rank"": 1, ""label"": ""prison"", ""confidence"": 0.6394}, {""rank"": 2, ""label"": ""boathouse"", ""confidence"": 0.119}, {""rank"": 3, ""label"": ""dam"", ""confidence"": 0.0339}, {""rank"": 4, ""label"": ""barbershop"", ""confidence"": 0.0224}, {""rank"": 5, ""label"": ""punching bag"", ""confidence"": 0.0161}]",False
Places365_val_00009748.jpg,/Users/aidahamzic/PycharmProjects/PythonProject1/val_256/Places365_val_00009748.jpg,tower,building,solar dish,0.3359,"[{""rank"": 1, ""label"": ""solar dish"", ""confidence"": 0.3359}, {""rank"": 2, ""label"": ""planetarium"", ""confidence"": 0.0528}, {""rank"": 3, ""label"": ""stupa"", ""confidence"": 0.0424}, {""rank"": 4, ""label"": ""airship"", ""confidence"": 0.0422}, {""rank"": 5, ""label"": ""church"", ""confidence"": 0.0378}]",True
Places365_val_00009808.jpg,/Users/aidahamzic/PycharmProjects/PythonProject1/val_256/Places365_val_00009808.jpg,highway,street,snowmobile,0.2355,"[{""rank"": 1, ""label"": ""snowmobile"", ""confidence"": 0.2355}, {""rank"": 2, ""label"": ""motor scooter"", ""confidence"": 0.1088}, {""rank"": 3, ""label"": ""crash helmet"", ""confidence"": 0.1056}, {""rank"": 4, ""label"": ""stretcher"", ""confidence"": 0.0522}, {""rank"": 5, ""label"": ""amphibian"", ""confidence"": 0.0287}]",False
Places365_val_00009833.jpg,/Users/aidahamzic/PycharmProjects/PythonProject1/val_256/Places365_val_00009833.jpg,hotel-outdoor,building,altar,0.0723,"[{""rank"": 1, ""label"": ""altar"", ""confidence"": 0.0723}, {""rank"": 2, ""label"": ""fountain"", ""confidence"": 0.0672}, {""rank"": 3, ""label"": ""table lamp"", ""confidence"": 0.0636}, {""rank"": 4, ""label"": ""vault"", ""confidence"": 0.047}, {""rank"": 5, ""label"": ""prayer rug"", ""confidence"": 0.0413}]",False
Places365_val_00009839.jpg,/Users/aidahamzic/PycharmProjects/PythonProject1/val_256/Places365_val_00009839.jpg,alley,street,umbrella,0.3225,"[{""rank"": 1, ""label"": ""umbrella"", ""confidence"": 0.3225}, {""rank"": 2, ""label"": ""fur coat"", ""confidence"": 0.0657}, {""rank"": 3, ""label"": ""crutch"", ""confidence"": 0.0537}, {""rank"": 4, ""label"": ""bubble"", ""confidence"": 0.0346}, {""rank"": 5, ""label"": ""parking meter"", ""confidence"": 0.0282}]",False
Places365_val_00009847.jpg,/Users/aidahamzic/PycharmProjects/PythonProject1/val_256/Places365_val_00009847.jpg,glacier,glacier,maze,0.5765,"[{""rank"": 1, ""label"": ""maze"", ""confidence"": 0.5765}, {""rank"": 2, ""label"": ""park bench"", ""confidence"": 0.0945}, {""rank"": 3, ""label"": ""sundial"", ""confidence"": 0.0752}, {""rank"": 4, ""label"": ""canoe"", ""confidence"": 0.0667}, {""rank"": 5, ""label"": ""worm fence"", ""confidence"": 0.0504}]",False
Places365_val_00009864.jpg,/Users/aidahamzic/PycharmProjects/PythonProject1/val_256/Places365_val_00009864.jpg,highway,street,traffic light,0.2296,"[{""rank"": 1, ""label"": ""traffic light"", ""confidence"": 0.2296}, {""rank"": 2, ""label"": ""trailer truck"", ""confidence"": 0.1639}, {""rank"": 3, ""label"": ""car mirror"", ""confidence"": 0.055}, {""rank"": 4, ""label"": ""streetcar"", ""confidence"": 0.0464}, {""rank"": 5, ""label"": ""trolleybus"", ""confidence"": 0.0374}]",True
Places365_val_00009869.jpg,/Users/aidahamzic/PycharmProjects/PythonProject1/val_256/Places365_val_00009869.jpg,river,water,valley,0.9462,"[{""rank"": 1, ""label"": ""valley"", ""confidence"": 0.9462}, {""rank"": 2, ""label"": ""dam"", ""confidence"": 0.0247}, {""rank"": 3, ""label"": ""lakeside"", ""confidence"": 0.0203}, {""rank"": 4, ""label"": ""alp"", ""confidence"": 0.0018}, {""rank"": 5, ""label"": ""cliff"", ""confidence"": 0.0015}]",True
Places365_val_00009937.jpg,/Users/aidahamzic/PycharmProjects/PythonProject1/val_256/Places365_val_00009937.jpg,ocean,water,volcano,0.2223,"[{""rank"": 1, ""label"": ""volcano"", ""confidence"": 0.2223}, {""rank"": 2, ""label"": ""promontory"", ""confidence"": 0.1695}, {""rank"": 3, ""label"": ""geyser"", ""confidence"": 0.0814}, {""rank"": 4, ""label"": ""seashore"", ""confidence"": 0.0707}, {""rank"": 5, ""label"": ""sandbar"", ""confidence"": 0.0352}]",True
Places365_val_00009995.jpg,/Users/aidahamzic/PycharmProjects/PythonProject1/val_256/Places365_val_00009995.jpg,coast,water,parachute,0.2592,"[{""rank"": 1, ""label"": ""parachute"", ""confidence"": 0.2592}, {""rank"": 2, ""label"": ""radio telescope"", ""confidence"": 0.2208}, {""rank"": 3, ""label"": ""lakeside"", ""confidence"": 0.0981}, {""rank"": 4, ""label"": ""crane"", ""confidence"": 0.0755}, {""rank"": 5, ""label"": ""swing"", ""confidence"": 0.0347}]",True
Places365_val_00010025.jpg,/Users/aidahamzic/PycharmProjects/PythonProject1/val_256/Places365_val_00010025.jpg,house,building,traffic light,0.076,"[{""rank"": 1, ""label"": ""traffic light"", ""confidence"": 0.076}, {""rank"": 2, ""label"": ""Model T"", ""confidence"": 0.0625}, {""rank"": 3, ""label"": ""limousine"", ""confidence"": 0.0586}, {""rank"": 4, ""label"": ""passenger car"", ""confidence"": 0.0544}, {""rank"": 5, ""label"": ""steam locomotive"", ""confidence"": 0.0527}]",False
Places365_val_00010039.jpg,/Users/aidahamzic/PycharmProjects/PythonProject1/val_256/Places365_val_00010039.jpg,mountain,mountain,alp,0.6907,"[{""rank"": 1, ""label"": ""alp"", ""confidence"": 0.6907}, {""rank"": 2, ""label"": ""apiary"", ""confidence"": 0.0579}, {""rank"": 3, ""label"": ""ski"", ""confidence"": 0.0344}, {""rank"": 4, ""label"": ""snowmobile"", ""confidence"": 0.0145}, {""rank"": 5, ""label"": ""lakeside"", ""confidence"": 0.0134}]",True
Places365_val_00010107.jpg,/Users/aidahamzic/PycharmProjects/PythonProject1/val_256/Places365_val_00010107.jpg,glacier,glacier,alp,0.9216,"[{""rank"": 1, ""label"": ""alp"", ""confidence"": 0.9216}, {""rank"": 2, ""label"": ""mountain tent"", ""confidence"": 0.0681}, {""rank"": 3, ""label"": ""ski"", ""confidence"": 0.0048}, {""rank"": 4, ""label"": ""solar dish"", ""confidence"": 0.0025}, {""rank"": 5, ""label"": ""church"", ""confidence"": 0.0004}]",True
Places365_val_00010203.jpg,/Users/aidahamzic/PycharmProjects/PythonProject1/val_256/Places365_val_00010203.jpg,downtown,building,theater curtain,0.205,"[{""rank"": 1, ""label"": ""theater curtain"", ""confidence"": 0.205}, {""rank"": 2, ""label"": ""altar"", ""confidence"": 0.0984}, {""rank"": 3, ""label"": ""throne"", ""confidence"": 0.0705}, {""rank"": 4, ""label"": ""window shade"", ""confidence"": 0.0695}, {""rank"": 5, ""label"": ""cinema"", ""confidence"": 0.0405}]",True
Places365_val_00010206.jpg,/Users/aidahamzic/PycharmProjects/PythonProject1/val_256/Places365_val_00010206.jpg,downtown,building,fountain,0.1154,"[{""rank"": 1, ""label"": ""fountain"", ""confidence"": 0.1154}, {""rank"": 2, ""label"": ""palace"", ""confidence"": 0.0887}, {""rank"": 3, ""label"": ""triumphal arch"", ""confidence"": 0.0723}, {""rank"": 4, ""label"": ""dome"", ""confidence"": 0.0718}, {""rank"": 5, ""label"": ""steel arch bridge"", ""confidence"": 0.0708}]",True
Places365_val_00010274.jpg,/Users/aidahamzic/PycharmProjects/PythonProject1/val_256/Places365_val_00010274.jpg,alley,street,vault,0.1929,"[{""rank"": 1, ""label"": ""vault"", ""confidence"": 0.1929}, {""rank"": 2, ""label"": ""prison"", ""confidence"": 0.1666}, {""rank"": 3, ""label"": ""barbershop"", ""confidence"": 0.0501}, {""rank"": 4, ""label"": ""throne"", ""confidence"": 0.0468}, {""rank"": 5, ""label"": ""pay-phone"", ""confidence"": 0.045}]",False
Places365_val_00010347.jpg,/Users/aidahamzic/PycharmProjects/PythonProject1/val_256/Places365_val_00010347.jpg,highway,street,trailer truck,0.4638,"[{""rank"": 1, ""label"": ""trailer truck"", ""confidence"": 0.4638}, {""rank"": 2, ""label"": ""alp"", ""confidence"": 0.0712}, {""rank"": 3, ""label"": ""mountain tent"", ""confidence"": 0.0521}, {""rank"": 4, ""label"": ""breakwater"", ""confidence"": 0.0495}, {""rank"": 5, ""label"": ""seashore"", ""confidence"": 0.0467}]",False
Places365_val_00010387.jpg,/Users/aidahamzic/PycharmProjects/PythonProject1/val_256/Places365_val_00010387.jpg,forest-broadleaf,forest,valley,0.5362,"[{""rank"": 1, ""label"": ""valley"", ""confidence"": 0.5362}, {""rank"": 2, ""label"": ""cliff"", ""confidence"": 0.118}, {""rank"": 3, ""label"": ""lakeside"", ""confidence"": 0.0484}, {""rank"": 4, ""label"": ""promontory"", ""confidence"": 0.0213}, {""rank"": 5, ""label"": ""alp"", ""confidence"": 0.0212}]",True
Places365_val_00010421.jpg,/Users/aidahamzic/PycharmProjects/PythonProject1/val_256/Places365_val_00010421.jpg,forest-broadleaf,forest,mountain bike,0.1496,"[{""rank"": 1, ""label"": ""mountain bike"", ""confidence"": 0.1496}, {""rank"": 2, ""label"": ""mountain tent"", ""confidence"": 0.1044}, {""rank"": 3, ""label"": ""valley"", ""confidence"": 0.0685}, {""rank"": 4, ""label"": ""worm fence"", ""confidence"": 0.0679}, {""rank"": 5, ""label"": ""stone wall"", ""confidence"": 0.0395}]",True
Places365_val_00010450.jpg,/Users/aidahamzic/PycharmProjects/PythonProject1/val_256/Places365_val_00010450.jpg,glacier,glacier,alp,0.4928,"[{""rank"": 1, ""label"": ""alp"", ""confidence"": 0.4928}, {""rank"": 2, ""label"": ""valley"", ""confidence"": 0.4851}, {""rank"": 3, ""label"": ""mountain tent"", ""confidence"": 0.006}, {""rank"": 4, ""label"": ""cliff"", ""confidence"": 0.0052}, {""rank"": 5, ""label"": ""promontory"", ""confidence"": 0.0026}]",True
Places365_val_00010466.jpg,/Users/aidahamzic/PycharmProjects/PythonProject1/val_256/Places365_val_00010466.jpg,forest-broadleaf,forest,swing,0.1738,"[{""rank"": 1, ""label"": ""swing"", ""confidence"": 0.1738}, {""rank"": 2, ""label"": ""canoe"", ""confidence"": 0.0794}, {""rank"": 3, ""label"": ""barrow"", ""confidence"": 0.0506}, {""rank"": 4, ""label"": ""maypole"", ""confidence"": 0.0321}, {""rank"": 5, ""label"": ""walking stick"", ""confidence"": 0.03}]",True
Places365_val_00010488.jpg,/Users/aidahamzic/PycharmProjects/PythonProject1/val_256/Places365_val_00010488.jpg,glacier,glacier,snowplow,0.7967,"[{""rank"": 1, ""label"": ""snowplow"", ""confidence"": 0.7967}, {""rank"": 2, ""label"": ""alp"", ""confidence"": 0.0248}, {""rank"": 3, ""label"": ""snowmobile"", ""confidence"": 0.0228}, {""rank"": 4, ""label"": ""crane"", ""confidence"": 0.0176}, {""rank"": 5, ""label"": ""lifeboat"", ""confidence"": 0.015}]",True
Places365_val_00010498.jpg,/Users/aidahamzic/PycharmProjects/PythonProject1/val_256/Places365_val_00010498.jpg,mountain,mountain,alp,0.9807,"[{""rank"": 1, ""label"": ""alp"", ""confidence"": 0.9807}, {""rank"": 2, ""label"": ""valley"", ""confidence"": 0.0116}, {""rank"": 3, ""label"": ""ski"", ""confidence"": 0.0026}, {""rank"": 4, ""label"": ""mountain tent"", ""confidence"": 0.002}, {""rank"": 5, ""label"": ""volcano"", ""confidence"": 0.0008}]",True
Places365_val_00010511.jpg,/Users/aidahamzic/PycharmProjects/PythonProject1/val_256/Places365_val_00010511.jpg,river,water,viaduct,0.9874,"[{""rank"": 1, ""label"": ""viaduct"", ""confidence"": 0.9874}, {""rank"": 2, ""label"": ""steel arch bridge"", ""confidence"": 0.0082}, {""rank"": 3, ""label"": ""triumphal arch"", ""confidence"": 0.0014}, {""rank"": 4, ""label"": ""suspension bridge"", ""confidence"": 0.0005}, {""rank"": 5, ""label"": ""pier"", ""confidence"": 0.0005}]",False
Places365_val_00010525.jpg,/Users/aidahamzic/PycharmProjects/PythonProject1/val_256/Places365_val_00010525.jpg,forest-broadleaf,forest,stone wall,0.0741,"[{""rank"": 1, ""label"": ""stone wall"", ""confidence"": 0.0741}, {""rank"": 2, ""label"": ""bighorn"", ""confidence"": 0.0573}, {""rank"": 3, ""label"": ""mountain bike"", ""confidence"": 0.0429}, {""rank"": 4, ""label"": ""hen-of-the-woods"", ""confidence"": 0.0389}, {""rank"": 5, ""label"": ""maze"", ""confidence"": 0.0369}]",True
Places365_val_00010526.jpg,/Users/aidahamzic/PycharmProjects/PythonProject1/val_256/Places365_val_00010526.jpg,alley,street,prison,0.5684,"[{""rank"": 1, ""label"": ""prison"", ""confidence"": 0.5684}, {""rank"": 2, ""label"": ""monastery"", ""confidence"": 0.1516}, {""rank"": 3, ""label"": ""palace"", ""confidence"": 0.065}, {""rank"": 4, ""label"": ""gondola"", ""confidence"": 0.0331}, {""rank"": 5, ""label"": ""trolleybus"", ""confidence"": 0.0227}]",True
Places365_val_00010545.jpg,/Users/aidahamzic/PycharmProjects/PythonProject1/val_256/Places365_val_00010545.jpg,mountain,mountain,monastery,0.5743,"[{""rank"": 1, ""label"": ""monastery"", ""confidence"": 0.5743}, {""rank"": 2, ""label"": ""church"", ""confidence"": 0.3698}, {""rank"": 3, ""label"": ""bell cote"", ""confidence"": 0.0216}, {""rank"": 4, ""label"": ""vault"", ""confidence"": 0.0061}, {""rank"": 5, ""label"": ""castle"", ""confidence"": 0.0058}]",False
Places365_val_00010582.jpg,/Users/aidahamzic/PycharmProjects/PythonProject1/val_256/Places365_val_00010582.jpg,rainforest,forest,zebra,0.404,"[{""rank"": 1, ""label"": ""zebra"", ""confidence"": 0.404}, {""rank"": 2, ""label"": ""skunk"", ""confidence"": 0.1293}, {""rank"": 3, ""label"": ""Madagascar cat"", ""confidence"": 0.0574}, {""rank"": 4, ""label"": ""tiger"", ""confidence"": 0.0269}, {""rank"": 5, ""label"": ""echidna"", ""confidence"": 0.0212}]",False
Places365_val_00010585.jpg,/Users/aidahamzic/PycharmProjects/PythonProject1/val_256/Places365_val_00010585.jpg,rainforest,forest,valley,0.5918,"[{""rank"": 1, ""label"": ""valley"", ""confidence"": 0.5918}, {""rank"": 2, ""label"": ""hen-of-the-woods"", ""confidence"": 0.1775}, {""rank"": 3, ""label"": ""coral fungus"", ""confidence"": 0.0265}, {""rank"": 4, ""label"": ""coral reef"", ""confidence"": 0.0247}, {""rank"": 5, ""label"": ""suspension bridge"", ""confidence"": 0.0192}]",True
Places365_val_00010587.jpg,/Users/aidahamzic/PycharmProjects/PythonProject1/val_256/Places365_val_00010587.jpg,alley,street,spotlight,0.0789,"[{""rank"": 1, ""label"": ""spotlight"", ""confidence"": 0.0789}, {""rank"": 2, ""label"": ""guillotine"", ""confidence"": 0.0583}, {""rank"": 3, ""label"": ""bubble"", ""confidence"": 0.0552}, {""rank"": 4, ""label"": ""cinema"", ""confidence"": 0.0547}, {""rank"": 5, ""label"": ""restaurant"", ""confidence"": 0.0358}]",False
Places365_val_00010680.jpg,/Users/aidahamzic/PycharmProjects/PythonProject1/val_256/Places365_val_00010680.jpg,rainforest,forest,cloak,0.205,"[{""rank"": 1, ""label"": ""cloak"", ""confidence"": 0.205}, {""rank"": 2, ""label"": ""mountain tent"", ""confidence"": 0.1481}, {""rank"": 3, ""label"": ""alp"", ""confidence"": 0.0501}, {""rank"": 4, ""label"": ""suspension bridge"", ""confidence"": 0.0392}, {""rank"": 5, ""label"": ""snowmobile"", ""confidence"": 0.0382}]",False
Places365_val_00010689.jpg,/Users/aidahamzic/PycharmProjects/PythonProject1/val_256/Places365_val_00010689.jpg,house,building,solar dish,0.1543,"[{""rank"": 1, ""label"": ""solar dish"", ""confidence"": 0.1543}, {""rank"": 2, ""label"": ""mobile home"", ""confidence"": 0.1187}, {""rank"": 3, ""label"": ""greenhouse"", ""confidence"": 0.1136}, {""rank"": 4, ""label"": ""boathouse"", ""confidence"": 0.1051}, {""rank"": 5, ""label"": ""dam"", ""confidence"": 0.064}]",True
Places365_val_00010709.jpg,/Users/aidahamzic/PycharmProjects/PythonProject1/val_256/Places365_val_00010709.jpg,skyscraper,building,cinema,0.937,"[{""rank"": 1, ""label"": ""cinema"", ""confidence"": 0.937}, {""rank"": 2, ""label"": ""bell cote"", ""confidence"": 0.0059}, {""rank"": 3, ""label"": ""scoreboard"", ""confidence"": 0.0055}, {""rank"": 4, ""label"": ""cab"", ""confidence"": 0.0038}, {""rank"": 5, ""label"": ""street sign"", ""confidence"": 0.0032}]",True
Places365_val_00010780.jpg,/Users/aidahamzic/PycharmProjects/PythonProject1/val_256/Places365_val_00010780.jpg,ocean,water,seashore,0.9002,"[{""rank"": 1, ""label"": ""seashore"", ""confidence"": 0.9002}, {""rank"": 2, ""label"": ""promontory"", ""confidence"": 0.092}, {""rank"": 3, ""label"": ""sandbar"", ""confidence"": 0.0055}, {""rank"": 4, ""label"": ""cliff"", ""confidence"": 0.0017}, {""rank"": 5, ""label"": ""lakeside"", ""confidence"": 0.0001}]",True
Places365_val_00010826.jpg,/Users/aidahamzic/PycharmProjects/PythonProject1/val_256/Places365_val_00010826.jpg,glacier,glacier,thatch,0.277,"[{""rank"": 1, ""label"": ""thatch"", ""confidence"": 0.277}, {""rank"": 2, ""label"": ""stone wall"", ""confidence"": 0.224}, {""rank"": 3, ""label"": ""cliff"", ""confidence"": 0.1655}, {""rank"": 4, ""label"": ""valley"", ""confidence"": 0.0449}, {""rank"": 5, ""label"": ""dam"", ""confidence"": 0.0418}]",True
Places365_val_00010858.jpg,/Users/aidahamzic/PycharmProjects/PythonProject1/val_256/Places365_val_00010858.jpg,coast,water,catamaran,0.3942,"[{""rank"": 1, ""label"": ""catamaran"", ""confidence"": 0.3942}, {""rank"": 2, ""label"": ""trimaran"", ""confidence"": 0.3836}, {""rank"": 3, ""label"": ""yawl"", ""confidence"": 0.1874}, {""rank"": 4, ""label"": ""schooner"", ""confidence"": 0.0203}, {""rank"": 5, ""label"": ""dock"", ""confidence"": 0.0027}]",True
Places365_val_00010905.jpg,/Users/aidahamzic/PycharmProjects/PythonProject1/val_256/Places365_val_00010905.jpg,mountain,mountain,speedboat,0.2993,"[{""rank"": 1, ""label"": ""speedboat"", ""confidence"": 0.2993}, {""rank"": 2, ""label"": ""dam"", ""confidence"": 0.2588}, {""rank"": 3, ""label"": ""geyser"", ""confidence"": 0.1291}, {""rank"": 4, ""label"": ""amphibian"", ""confidence"": 0.1123}, {""rank"": 5, ""label"": ""snowplow"", ""confidence"": 0.0617}]",False
Places365_val_00010945.jpg,/Users/aidahamzic/PycharmProjects/PythonProject1/val_256/Places365_val_00010945.jpg,ocean,water,drilling platform,0.2435,"[{""rank"": 1, ""label"": ""drilling platform"", ""confidence"": 0.2435}, {""rank"": 2, ""label"": ""seashore"", ""confidence"": 0.1376}, {""rank"": 3, ""label"": ""lakeside"", ""confidence"": 0.0653}, {""rank"": 4, ""label"": ""promontory"", ""confidence"": 0.0636}, {""rank"": 5, ""label"": ""volcano"", ""confidence"": 0.0516}]",True
Places365_val_00010954.jpg,/Users/aidahamzic/PycharmProjects/PythonProject1/val_256/Places365_val_00010954.jpg,mountain,mountain,volcano,0.5948,"[{""rank"": 1, ""label"": ""volcano"", ""confidence"": 0.5948}, {""rank"": 2, ""label"": ""airship"", ""confidence"": 0.1015}, {""rank"": 3, ""label"": ""geyser"", ""confidence"": 0.0554}, {""rank"": 4, ""label"": ""beacon"", ""confidence"": 0.02}, {""rank"": 5, ""label"": ""drilling platform"", ""confidence"": 0.0167}]",True
Places365_val_00011000.jpg,/Users/aidahamzic/PycharmProjects/PythonProject1/val_256/Places365_val_00011000.jpg,coast,water,catamaran,0.7845,"[{""rank"": 1, ""label"": ""catamaran"", ""confidence"": 0.7845}, {""rank"": 2, ""label"": ""trimaran"", ""confidence"": 0.1972}, {""rank"": 3, ""label"": ""yawl"", ""confidence"": 0.0174}, {""rank"": 4, ""label"": ""canoe"", ""confidence"": 0.0004}, {""rank"": 5, ""label"": ""paddle"", ""confidence"": 0.0001}]",True
Places365_val_00011057.jpg,/Users/aidahamzic/PycharmProjects/PythonProject1/val_256/Places365_val_00011057.jpg,river,water,dam,0.1979,"[{""rank"": 1, ""label"": ""dam"", ""confidence"": 0.1979}, {""rank"": 2, ""label"": ""breakwater"", ""confidence"": 0.1206}, {""rank"": 3, ""label"": ""lakeside"", ""confidence"": 0.0578}, {""rank"": 4, ""label"": ""canoe"", ""confidence"": 0.0509}, {""rank"": 5, ""label"": ""boathouse"", ""confidence"": 0.0486}]",True
Places365_val_00011090.jpg,/Users/aidahamzic/PycharmProjects/PythonProject1/val_256/Places365_val_00011090.jpg,tower,building,bell cote,0.2928,"[{""rank"": 1, ""label"": ""bell cote"", ""confidence"": 0.2928}, {""rank"": 2, ""label"": ""beacon"", ""confidence"": 0.2723}, {""rank"": 3, ""label"": ""church"", ""confidence"": 0.2389}, {""rank"": 4, ""label"": ""obelisk"", ""confidence"": 0.0872}, {""rank"": 5, ""label"": ""castle"", ""confidence"": 0.0223}]",True
Places365_val_00011097.jpg,/Users/aidahamzic/PycharmProjects/PythonProject1/val_256/Places365_val_00011097.jpg,tower,building,church,0.6164,"[{""rank"": 1, ""label"": ""church"", ""confidence"": 0.6164}, {""rank"": 2, ""label"": ""monastery"", ""confidence"": 0.2665}, {""rank"": 3, ""label"": ""castle"", ""confidence"": 0.0454}, {""rank"": 4, ""label"": ""bell cote"", ""confidence"": 0.033}, {""rank"": 5, ""label"": ""palace"", ""confidence"": 0.0119}]",True
Places365_val_00011128.jpg,/Users/aidahamzic/PycharmProjects/PythonProject1/val_256/Places365_val_00011128.jpg,river,water,valley,0.8478,"[{""rank"": 1, ""label"": ""valley"", ""confidence"": 0.8478}, {""rank"": 2, ""label"": ""lakeside"", ""confidence"": 0.0917}, {""rank"": 3, ""label"": ""boathouse"", ""confidence"": 0.0124}, {""rank"": 4, ""label"": ""alp"", ""confidence"": 0.0124}, {""rank"": 5, ""label"": ""cliff"", ""confidence"": 0.007}]",True
Places365_val_00011149.jpg,/Users/aidahamzic/PycharmProjects/PythonProject1/val_256/Places365_val_00011149.jpg,rainforest,forest,lakeside,0.3283,"[{""rank"": 1, ""label"": ""lakeside"", ""confidence"": 0.3283}, {""rank"": 2, ""label"": ""valley"", ""confidence"": 0.2331}, {""rank"": 3, ""label"": ""worm fence"", ""confidence"": 0.073}, {""rank"": 4, ""label"": ""alp"", ""confidence"": 0.0545}, {""rank"": 5, ""label"": ""maze"", ""confidence"": 0.0533}]",True
Places365_val_00011176.jpg,/Users/aidahamzic/PycharmProjects/PythonProject1/val_256/Places365_val_00011176.jpg,coast,water,Arabian camel,0.3446,"[{""rank"": 1, ""label"": ""Arabian camel"", ""confidence"": 0.3446}, {""rank"": 2, ""label"": ""redbone"", ""confidence"": 0.0643}, {""rank"": 3, ""label"": ""plow"", ""confidence"": 0.049}, {""rank"": 4, ""label"": ""ibex"", ""confidence"": 0.0432}, {""rank"": 5, ""label"": ""Doberman"", ""confidence"": 0.0375}]",False
Places365_val_00011237.jpg,/Users/aidahamzic/PycharmProjects/PythonProject1/val_256/Places365_val_00011237.jpg,house,building,thatch,1.0,"[{""rank"": 1, ""label"": ""thatch"", ""confidence"": 1.0}, {""rank"": 2, ""label"": ""monastery"", ""confidence"": 0.0}, {""rank"": 3, ""label"": ""boathouse"", ""confidence"": 0.0}, {""rank"": 4, ""label"": ""bell cote"", ""confidence"": 0.0}, {""rank"": 5, ""label"": ""tile roof"", ""confidence"": 0.0}]",True
Places365_val_00011275.jpg,/Users/aidahamzic/PycharmProjects/PythonProject1/val_256/Places365_val_00011275.jpg,street,street,sarong,0.0725,"[{""rank"": 1, ""label"": ""sarong"", ""confidence"": 0.0725}, {""rank"": 2, ""label"": ""jinrikisha"", ""confidence"": 0.0633}, {""rank"": 3, ""label"": ""unicycle"", ""confidence"": 0.0581}, {""rank"": 4, ""label"": ""hoopskirt"", ""confidence"": 0.0314}, {""rank"": 5, ""label"": ""mortarboard"", ""confidence"": 0.0284}]",True
Places365_val_00011303.jpg,/Users/aidahamzic/PycharmProjects/PythonProject1/val_256/Places365_val_00011303.jpg,forest-broadleaf,forest,American alligator,0.2481,"[{""rank"": 1, ""label"": ""American alligator"", ""confidence"": 0.2481}, {""rank"": 2, ""label"": ""lakeside"", ""confidence"": 0.0601}, {""rank"": 3, ""label"": ""American egret"", ""confidence"": 0.0518}, {""rank"": 4, ""label"": ""African crocodile"", ""confidence"": 0.0297}, {""rank"": 5, ""label"": ""bee eater"", ""confidence"": 0.0237}]",False
Places365_val_00011315.jpg,/Users/aidahamzic/PycharmProjects/PythonProject1/val_256/Places365_val_00011315.jpg,ocean,water,lakeside,0.2213,"[{""rank"": 1, ""label"": ""lakeside"", ""confidence"": 0.2213}, {""rank"": 2, ""label"": ""promontory"", ""confidence"": 0.1478}, {""rank"": 3, ""label"": ""coral reef"", ""confidence"": 0.1337}, {""rank"": 4, ""label"": ""seashore"", ""confidence"": 0.087}, {""rank"": 5, ""label"": ""green mamba"", ""confidence"": 0.047}]",True
Places365_val_00011371.jpg,/Users/aidahamzic/PycharmProjects/PythonProject1/val_256/Places365_val_00011371.jpg,river,water,goose,0.2364,"[{""rank"": 1, ""label"": ""goose"", ""confidence"": 0.2364}, {""rank"": 2, ""label"": ""pelican"", ""confidence"": 0.159}, {""rank"": 3, ""label"": ""drake"", ""confidence"": 0.1311}, {""rank"": 4, ""label"": ""American coot"", ""confidence"": 0.1148}, {""rank"": 5, ""label"": ""dowitcher"", ""confidence"": 0.0869}]",False
Places365_val_00011376.jpg,/Users/aidahamzic/PycharmProjects/PythonProject1/val_256/Places365_val_00011376.jpg,street,street,oxcart,0.6107,"[{""rank"": 1, ""label"": ""oxcart"", ""confidence"": 0.6107}, {""rank"": 2, ""label"": ""ox"", ""confidence"": 0.1231}, {""rank"": 3, ""label"": ""Arabian camel"", ""confidence"": 0.044}, {""rank"": 4, ""label"": ""horse cart"", ""confidence"": 0.0406}, {""rank"": 5, ""label"": ""Indian elephant"", ""confidence"": 0.0185}]",False
Places365_val_00011379.jpg,/Users/aidahamzic/PycharmProjects/PythonProject1/val_256/Places365_val_00011379.jpg,hotel-outdoor,building,church,0.429,"[{""rank"": 1, ""label"": ""church"", ""confidence"": 0.429}, {""rank"": 2, ""label"": ""castle"", ""confidence"": 0.2139}, {""rank"": 3, ""label"": ""palace"", ""confidence"": 0.1254}, {""rank"": 4, ""label"": ""bell cote"", ""confidence"": 0.0557}, {""rank"": 5, ""label"": ""fountain"", ""confidence"": 0.0402}]",True
Places365_val_00011381.jpg,/Users/aidahamzic/PycharmProjects/PythonProject1/val_256/Places365_val_00011381.jpg,downtown,building,palace,0.5883,"[{""rank"": 1, ""label"": ""palace"", ""confidence"": 0.5883}, {""rank"": 2, ""label"": ""monastery"", ""confidence"": 0.2195}, {""rank"": 3, ""label"": ""mosque"", ""confidence"": 0.0359}, {""rank"": 4, ""label"": ""bell cote"", ""confidence"": 0.0305}, {""rank"": 5, ""label"": ""castle"", ""confidence"": 0.0197}]",True
Places365_val_00011432.jpg,/Users/aidahamzic/PycharmProjects/PythonProject1/val_256/Places365_val_00011432.jpg,river,water,dingo,0.1851,"[{""rank"": 1, ""label"": ""dingo"", ""confidence"": 0.1851}, {""rank"": 2, ""label"": ""Arctic fox"", ""confidence"": 0.1835}, {""rank"": 3, ""label"": ""ice bear"", ""confidence"": 0.1063}, {""rank"": 4, ""label"": ""white wolf"", ""confidence"": 0.0772}, {""rank"": 5, ""label"": ""wallaby"", ""confidence"": 0.0466}]",False
Places365_val_00011433.jpg,/Users/aidahamzic/PycharmProjects/PythonProject1/val_256/Places365_val_00011433.jpg,coast,water,trimaran,0.2026,"[{""rank"": 1, ""label"": ""trimaran"", ""confidence"": 0.2026}, {""rank"": 2, ""label"": ""seashore"", ""confidence"": 0.0721}, {""rank"": 3, ""label"": ""spider web"", ""confidence"": 0.0627}, {""rank"": 4, ""label"": ""greenhouse"", ""confidence"": 0.0465}, {""rank"": 5, ""label"": ""lakeside"", ""confidence"": 0.041}]",True
Places365_val_00011446.jpg,/Users/aidahamzic/PycharmProjects/PythonProject1/val_256/Places365_val_00011446.jpg,street,street,streetcar,0.6905,"[{""rank"": 1, ""label"": ""streetcar"", ""confidence"": 0.6905}, {""rank"": 2, ""label"": ""military uniform"", ""confidence"": 0.0574}, {""rank"": 3, ""label"": ""police van"", ""confidence"": 0.0505}, {""rank"": 4, ""label"": ""ambulance"", ""confidence"": 0.0228}, {""rank"": 5, ""label"": ""miniskirt"", ""confidence"": 0.0159}]",True
Places365_val_00011547.jpg,/Users/aidahamzic/PycharmProjects/PythonProject1/val_256/Places365_val_00011547.jpg,forest-broadleaf,forest,cabbage butterfly,0.1106,"[{""rank"": 1, ""label"": ""cabbage butterfly"", ""confidence"": 0.1106}, {""rank"": 2, ""label"": ""cardoon"", ""confidence"": 0.0631}, {""rank"": 3, ""label"": ""valley"", ""confidence"": 0.0566}, {""rank"": 4, ""label"": ""pinwheel"", ""confidence"": 0.0541}, {""rank"": 5, ""label"": ""hen-of-the-woods"", ""confidence"": 0.0516}]",True
Places365_val_00011568.jpg,/Users/aidahamzic/PycharmProjects/PythonProject1/val_256/Places365_val_00011568.jpg,ocean,water,killer whale,0.3511,"[{""rank"": 1, ""label"": ""killer whale"", ""confidence"": 0.3511}, {""rank"": 2, ""label"": ""sunglass"", ""confidence"": 0.0957}, {""rank"": 3, ""label"": ""paddle"", ""confidence"": 0.0635}, {""rank"": 4, ""label"": ""wreck"", ""confidence"": 0.0294}, {""rank"": 5, ""label"": ""electric ray"", ""confidence"": 0.027}]",True
Places365_val_00011586.jpg,/Users/aidahamzic/PycharmProjects/PythonProject1/val_256/Places365_val_00011586.jpg,mountain,mountain,volcano,0.9998,"[{""rank"": 1, ""label"": ""volcano"", ""confidence"": 0.9998}, {""rank"": 2, ""label"": ""alp"", ""confidence"": 0.0001}, {""rank"": 3, ""label"": ""valley"", ""confidence"": 0.0}, {""rank"": 4, ""label"": ""mountain tent"", ""confidence"": 0.0}, {""rank"": 5, ""label"": ""yurt"", ""confidence"": 0.0}]",True
Places365_val_00011615.jpg,/Users/aidahamzic/PycharmProjects/PythonProject1/val_256/Places365_val_00011615.jpg,highway,street,trailer truck,0.9744,"[{""rank"": 1, ""label"": ""trailer truck"", ""confidence"": 0.9744}, {""rank"": 2, ""label"": ""tow truck"", ""confidence"": 0.0119}, {""rank"": 3, ""label"": ""moving van"", ""confidence"": 0.0045}, {""rank"": 4, ""label"": ""mobile home"", ""confidence"": 0.0035}, {""rank"": 5, ""label"": ""recreational vehicle"", ""confidence"": 0.0027}]",False
Places365_val_00011637.jpg,/Users/aidahamzic/PycharmProjects/PythonProject1/val_256/Places365_val_00011637.jpg,glacier,glacier,alp,0.8352,"[{""rank"": 1, ""label"": ""alp"", ""confidence"": 0.8352}, {""rank"": 2, ""label"": ""ski"", ""confidence"": 0.0549}, {""rank"": 3, ""label"": ""snowmobile"", ""confidence"": 0.0408}, {""rank"": 4, ""label"": ""snowplow"", ""confidence"": 0.0147}, {""rank"": 5, ""label"": ""yurt"", ""confidence"": 0.0103}]",True
Places365_val_00011681.jpg,/Users/aidahamzic/PycharmProjects/PythonProject1/val_256/Places365_val_00011681.jpg,river,water,valley,0.3982,"[{""rank"": 1, ""label"": ""valley"", ""confidence"": 0.3982}, {""rank"": 2, ""label"": ""lakeside"", ""confidence"": 0.0429}, {""rank"": 3, ""label"": ""tusker"", ""confidence"": 0.031}, {""rank"": 4, ""label"": ""American black bear"", ""confidence"": 0.0267}, {""rank"": 5, ""label"": ""skunk"", ""confidence"": 0.0208}]",True
Places365_val_00011692.jpg,/Users/aidahamzic/PycharmProjects/PythonProject1/val_256/Places365_val_00011692.jpg,alley,street,prison,0.9739,"[{""rank"": 1, ""label"": ""prison"", ""confidence"": 0.9739}, {""rank"": 2, ""label"": ""dam"", ""confidence"": 0.0073}, {""rank"": 3, ""label"": ""monastery"", ""confidence"": 0.0027}, {""rank"": 4, ""label"": ""vault"", ""confidence"": 0.0027}, {""rank"": 5, ""label"": ""picket fence"", ""confidence"": 0.0013}]",False
Places365_val_00011703.jpg,/Users/aidahamzic/PycharmProjects/PythonProject1/val_256/Places365_val_00011703.jpg,mountain,mountain,alp,0.5182,"[{""rank"": 1, ""label"": ""alp"", ""confidence"": 0.5182}, {""rank"": 2, ""label"": ""valley"", ""confidence"": 0.3034}, {""rank"": 3, ""label"": ""volcano"", ""confidence"": 0.0814}, {""rank"": 4, ""label"": ""cliff"", ""confidence"": 0.0213}, {""rank"": 5, ""label"": ""bighorn"", ""confidence"": 0.018}]",True
Places365_val_00011723.jpg,/Users/aidahamzic/PycharmProjects/PythonProject1/val_256/Places365_val_00011723.jpg,skyscraper,building,prison,0.6454,"[{""rank"": 1, ""label"": ""prison"", ""confidence"": 0.6454}, {""rank"": 2, ""label"": ""palace"", ""confidence"": 0.0558}, {""rank"": 3, ""label"": ""bell cote"", ""confidence"": 0.0438}, {""rank"": 4, ""label"": ""library"", ""confidence"": 0.031}, {""rank"": 5, ""label"": ""scoreboard"", ""confidence"": 0.0293}]",True
Places365_val_00011750.jpg,/Users/aidahamzic/PycharmProjects/PythonProject1/val_256/Places365_val_00011750.jpg,skyscraper,building,lakeside,0.1308,"[{""rank"": 1, ""label"": ""lakeside"", ""confidence"": 0.1308}, {""rank"": 2, ""label"": ""castle"", ""confidence"": 0.116}, {""rank"": 3, ""label"": ""fireboat"", ""confidence"": 0.0932}, {""rank"": 4, ""label"": ""breakwater"", ""confidence"": 0.0563}, {""rank"": 5, ""label"": ""pier"", ""confidence"": 0.0551}]",True
Places365_val_00011784.jpg,/Users/aidahamzic/PycharmProjects/PythonProject1/val_256/Places365_val_00011784.jpg,alley,street,amphibian,0.0861,"[{""rank"": 1, ""label"": ""amphibian"", ""confidence"": 0.0861}, {""rank"": 2, ""label"": ""steam locomotive"", ""confidence"": 0.0359}, {""rank"": 3, ""label"": ""curly-coated retriever"", ""confidence"": 0.0345}, {""rank"": 4, ""label"": ""Newfoundland"", ""confidence"": 0.0316}, {""rank"": 5, ""label"": ""kelpie"", ""confidence"": 0.0271}]",False
Places365_val_00011791.jpg,/Users/aidahamzic/PycharmProjects/PythonProject1/val_256/Places365_val_00011791.jpg,skyscraper,building,dam,0.2214,"[{""rank"": 1, ""label"": ""dam"", ""confidence"": 0.2214}, {""rank"": 2, ""label"": ""viaduct"", ""confidence"": 0.0988}, {""rank"": 3, ""label"": ""steel arch bridge"", ""confidence"": 0.0918}, {""rank"": 4, ""label"": ""prison"", ""confidence"": 0.0739}, {""rank"": 5, ""label"": ""church"", ""confidence"": 0.0517}]",True
Places365_val_00011817.jpg,/Users/aidahamzic/PycharmProjects/PythonProject1/val_256/Places365_val_00011817.jpg,highway,street,lakeside,0.3405,"[{""rank"": 1, ""label"": ""lakeside"", ""confidence"": 0.3405}, {""rank"": 2, ""label"": ""maze"", ""confidence"": 0.1516}, {""rank"": 3, ""label"": ""valley"", ""confidence"": 0.1365}, {""rank"": 4, ""label"": ""worm fence"", ""confidence"": 0.0433}, {""rank"": 5, ""label"": ""sandbar"", ""confidence"": 0.0321}]",False
Places365_val_00011853.jpg,/Users/aidahamzic/PycharmProjects/PythonProject1/val_256/Places365_val_00011853.jpg,downtown,building,triumphal arch,0.0981,"[{""rank"": 1, ""label"": ""triumphal arch"", ""confidence"": 0.0981}, {""rank"": 2, ""label"": ""shopping cart"", ""confidence"": 0.0803}, {""rank"": 3, ""label"": ""cab"", ""confidence"": 0.0798}, {""rank"": 4, ""label"": ""bell cote"", ""confidence"": 0.0415}, {""rank"": 5, ""label"": ""mosque"", ""confidence"": 0.0376}]",True
Places365_val_00011859.jpg,/Users/aidahamzic/PycharmProjects/PythonProject1/val_256/Places365_val_00011859.jpg,hotel-outdoor,building,triumphal arch,0.2918,"[{""rank"": 1, ""label"": ""triumphal arch"", ""confidence"": 0.2918}, {""rank"": 2, ""label"": ""bell cote"", ""confidence"": 0.2099}, {""rank"": 3, ""label"": ""water tower"", ""confidence"": 0.204}, {""rank"": 4, ""label"": ""palace"", ""confidence"": 0.0562}, {""rank"": 5, ""label"": ""planetarium"", ""confidence"": 0.0349}]",True
Places365_val_00011864.jpg,/Users/aidahamzic/PycharmProjects/PythonProject1/val_256/Places365_val_00011864.jpg,tower,building,castle,0.3675,"[{""rank"": 1, ""label"": ""castle"", ""confidence"": 0.3675}, {""rank"": 2, ""label"": ""palace"", ""confidence"": 0.0932}, {""rank"": 3, ""label"": ""obelisk"", ""confidence"": 0.0882}, {""rank"": 4, ""label"": ""church"", ""confidence"": 0.0598}, {""rank"": 5, ""label"": ""airship"", ""confidence"": 0.0578}]",True
Places365_val_00011892.jpg,/Users/aidahamzic/PycharmProjects/PythonProject1/val_256/Places365_val_00011892.jpg,alley,street,monastery,0.9154,"[{""rank"": 1, ""label"": ""monastery"", ""confidence"": 0.9154}, {""rank"": 2, ""label"": ""vault"", ""confidence"": 0.0281}, {""rank"": 3, ""label"": ""triumphal arch"", ""confidence"": 0.0186}, {""rank"": 4, ""label"": ""cliff dwelling"", ""confidence"": 0.0133}, {""rank"": 5, ""label"": ""cliff"", ""confidence"": 0.0069}]",False
Places365_val_00011894.jpg,/Users/aidahamzic/PycharmProjects/PythonProject1/val_256/Places365_val_00011894.jpg,glacier,glacier,valley,0.8699,"[{""rank"": 1, ""label"": ""valley"", ""confidence"": 0.8699}, {""rank"": 2, ""label"": ""alp"", ""confidence"": 0.1132}, {""rank"": 3, ""label"": ""mountain tent"", ""confidence"": 0.0058}, {""rank"": 4, ""label"": ""lakeside"", ""confidence"": 0.0022}, {""rank"": 5, ""label"": ""promontory"", ""confidence"": 0.0019}]",True
Places365_val_00011915.jpg,/Users/aidahamzic/PycharmProjects/PythonProject1/val_256/Places365_val_00011915.jpg,river,water,cliff,0.7293,"[{""rank"": 1, ""label"": ""cliff"", ""confidence"": 0.7293}, {""rank"": 2, ""label"": ""valley"", ""confidence"": 0.2394}, {""rank"": 3, ""label"": ""promontory"", ""confidence"": 0.0116}, {""rank"": 4, ""label"": ""cliff dwelling"", ""confidence"": 0.0056}, {""rank"": 5, ""label"": ""alp"", ""confidence"": 0.0045}]",False
Places365_val_00012001.jpg,/Users/aidahamzic/PycharmProjects/PythonProject1/val_256/Places365_val_00012001.jpg,hotel-outdoor,building,palace,0.1567,"[{""rank"": 1, ""label"": ""palace"", ""confidence"": 0.1567}, {""rank"": 2, ""label"": ""monastery"", ""confidence"": 0.1088}, {""rank"": 3, ""label"": ""castle"", ""confidence"": 0.0761}, {""rank"": 4, ""label"": ""beacon"", ""confidence"": 0.0619}, {""rank"": 5, ""label"": ""lakeside"", ""confidence"": 0.0618}]",True
Places365_val_00012056.jpg,/Users/aidahamzic/PycharmProjects/PythonProject1/val_256/Places365_val_00012056.jpg,house,building,planetarium,0.1168,"[{""rank"": 1, ""label"": ""planetarium"", ""confidence"": 0.1168}, {""rank"": 2, ""label"": ""water tower"", ""confidence"": 0.1072}, {""rank"": 3, ""label"": ""mobile home"", ""confidence"": 0.0909}, {""rank"": 4, ""label"": ""solar dish"", ""confidence"": 0.0697}, {""rank"": 5, ""label"": ""beacon"", ""confidence"": 0.0627}]",True
Places365_val_00012075.jpg,/Users/aidahamzic/PycharmProjects/PythonProject1/val_256/Places365_val_00012075.jpg,mountain,mountain,valley,0.4475,"[{""rank"": 1, ""label"": ""valley"", ""confidence"": 0.4475}, {""rank"": 2, ""label"": ""alp"", ""confidence"": 0.2794}, {""rank"": 3, ""label"": ""worm fence"", ""confidence"": 0.11}, {""rank"": 4, ""label"": ""lakeside"", ""confidence"": 0.0805}, {""rank"": 5, ""label"": ""volcano"", ""confidence"": 0.0098}]",True
Places365_val_00012079.jpg,/Users/aidahamzic/PycharmProjects/PythonProject1/val_256/Places365_val_00012079.jpg,skyscraper,building,water tower,0.8186,"[{""rank"": 1, ""label"": ""water tower"", ""confidence"": 0.8186}, {""rank"": 2, ""label"": ""beacon"", ""confidence"": 0.0942}, {""rank"": 3, ""label"": ""solar dish"", ""confidence"": 0.0088}, {""rank"": 4, ""label"": ""lakeside"", ""confidence"": 0.0078}, {""rank"": 5, ""label"": ""radio telescope"", ""confidence"": 0.0067}]",False
Places365_val_00012093.jpg,/Users/aidahamzic/PycharmProjects/PythonProject1/val_256/Places365_val_00012093.jpg,forest-broadleaf,forest,valley,0.455,"[{""rank"": 1, ""label"": ""valley"", ""confidence"": 0.455}, {""rank"": 2, ""label"": ""suspension bridge"", ""confidence"": 0.0528}, {""rank"": 3, ""label"": ""yurt"", ""confidence"": 0.0318}, {""rank"": 4, ""label"": ""mountain bike"", ""confidence"": 0.0287}, {""rank"": 5, ""label"": ""viaduct"", ""confidence"": 0.0281}]",True
Places365_val_00012114.jpg,/Users/aidahamzic/PycharmProjects/PythonProject1/val_256/Places365_val_00012114.jpg,street,street,jinrikisha,0.0868,"[{""rank"": 1, ""label"": ""jinrikisha"", ""confidence"": 0.0868}, {""rank"": 2, ""label"": ""cannon"", ""confidence"": 0.0648}, {""rank"": 3, ""label"": ""horse cart"", ""confidence"": 0.0616}, {""rank"": 4, ""label"": ""bicycle-built-for-two"", ""confidence"": 0.0456}, {""rank"": 5, ""label"": ""unicycle"", ""confidence"": 0.0456}]",True
Places365_val_00012115.jpg,/Users/aidahamzic/PycharmProjects/PythonProject1/val_256/Places365_val_00012115.jpg,downtown,building,bell cote,0.1379,"[{""rank"": 1, ""label"": ""bell cote"", ""confidence"": 0.1379}, {""rank"": 2, ""label"": ""traffic light"", ""confidence"": 0.0735}, {""rank"": 3, ""label"": ""cab"", ""confidence"": 0.0597}, {""rank"": 4, ""label"": ""minivan"", ""confidence"": 0.0263}, {""rank"": 5, ""label"": ""planetarium"", ""confidence"": 0.0253}]",True
Places365_val_00012121.jpg,/Users/aidahamzic/PycharmProjects/PythonProject1/val_256/Places365_val_00012121.jpg,forest-broadleaf,forest,worm fence,0.1663,"[{""rank"": 1, ""label"": ""worm fence"", ""confidence"": 0.1663}, {""rank"": 2, ""label"": ""park bench"", ""confidence"": 0.1527}, {""rank"": 3, ""label"": ""swing"", ""confidence"": 0.0936}, {""rank"": 4, ""label"": ""lakeside"", ""confidence"": 0.0583}, {""rank"": 5, ""label"": ""mountain bike"", ""confidence"": 0.0317}]",True
Places365_val_00012135.jpg,/Users/aidahamzic/PycharmProjects/PythonProject1/val_256/Places365_val_00012135.jpg,glacier,glacier,alp,0.9939,"[{""rank"": 1, ""label"": ""alp"", ""confidence"": 0.9939}, {""rank"": 2, ""label"": ""mountain tent"", ""confidence"": 0.002}, {""rank"": 3, ""label"": ""valley"", ""confidence"": 0.0013}, {""rank"": 4, ""label"": ""volcano"", ""confidence"": 0.0011}, {""rank"": 5, ""label"": ""ski"", ""confidence"": 0.0011}]",True
Places365_val_00012164.jpg,/Users/aidahamzic/PycharmProjects/PythonProject1/val_256/Places365_val_00012164.jpg,rainforest,forest,cliff,0.0822,"[{""rank"": 1, ""label"": ""cliff"", ""confidence"": 0.0822}, {""rank"": 2, ""label"": ""mountain tent"", ""confidence"": 0.0693}, {""rank"": 3, ""label"": ""mountain bike"", ""confidence"": 0.0612}, {""rank"": 4, ""label"": ""stone wall"", ""confidence"": 0.0407}, {""rank"": 5, ""label"": ""worm fence"", ""confidence"": 0.0291}]",True
Places365_val_00012186.jpg,/Users/aidahamzic/PycharmProjects/PythonProject1/val_256/Places365_val_00012186.jpg,ocean,water,killer whale,0.7059,"[{""rank"": 1, ""label"": ""killer whale"", ""confidence"": 0.7059}, {""rank"": 2, ""label"": ""great white shark"", ""confidence"": 0.1452}, {""rank"": 3, ""label"": ""leatherback turtle"", ""confidence"": 0.0377}, {""rank"": 4, ""label"": ""grey whale"", ""confidence"": 0.0341}, {""rank"": 5, ""label"": ""albatross"", ""confidence"": 0.0252}]",False
Places365_val_00012238.jpg,/Users/aidahamzic/PycharmProjects/PythonProject1/val_256/Places365_val_00012238.jpg,rainforest,forest,mountain bike,0.6138,"[{""rank"": 1, ""label"": ""mountain bike"", ""confidence"": 0.6138}, {""rank"": 2, ""label"": ""African hunting dog"", ""confidence"": 0.0387}, {""rank"": 3, ""label"": ""valley"", ""confidence"": 0.0192}, {""rank"": 4, ""label"": ""warthog"", ""confidence"": 0.0175}, {""rank"": 5, ""label"": ""wild boar"", ""confidence"": 0.0144}]",True
Places365_val_00012272.jpg,/Users/aidahamzic/PycharmProjects/PythonProject1/val_256/Places365_val_00012272.jpg,hotel-outdoor,building,bell cote,0.2363,"[{""rank"": 1, ""label"": ""bell cote"", ""confidence"": 0.2363}, {""rank"": 2, ""label"": ""fountain"", ""confidence"": 0.1875}, {""rank"": 3, ""label"": ""cinema"", ""confidence"": 0.0546}, {""rank"": 4, ""label"": ""cab"", ""confidence"": 0.0388}, {""rank"": 5, ""label"": ""candle"", ""confidence"": 0.0321}]",True
Places365_val_00012279.jpg,/Users/aidahamzic/PycharmProjects/PythonProject1/val_256/Places365_val_00012279.jpg,mountain,mountain,colobus,0.1006,"[{""rank"": 1, ""label"": ""colobus"", ""confidence"": 0.1006}, {""rank"": 2, ""label"": ""cliff"", ""confidence"": 0.0811}, {""rank"": 3, ""label"": ""patas"", ""confidence"": 0.0691}, {""rank"": 4, ""label"": ""titi"", ""confidence"": 0.0642}, {""rank"": 5, ""label"": ""valley"", ""confidence"": 0.0637}]",True
Places365_val_00012321.jpg,/Users/aidahamzic/PycharmProjects/PythonProject1/val_256/Places365_val_00012321.jpg,river,water,gondola,0.9902,"[{""rank"": 1, ""label"": ""gondola"", ""confidence"": 0.9902}, {""rank"": 2, ""label"": ""steel arch bridge"", ""confidence"": 0.0029}, {""rank"": 3, ""label"": ""dam"", ""confidence"": 0.0027}, {""rank"": 4, ""label"": ""pier"", ""confidence"": 0.0017}, {""rank"": 5, ""label"": ""boathouse"", ""confidence"": 0.001}]",True
Places365_val_00012329.jpg,/Users/aidahamzic/PycharmProjects/PythonProject1/val_256/Places365_val_00012329.jpg,mountain,mountain,alp,0.9256,"[{""rank"": 1, ""label"": ""alp"", ""confidence"": 0.9256}, {""rank"": 2, ""label"": ""valley"", ""confidence"": 0.0468}, {""rank"": 3, ""label"": ""mountain tent"", ""confidence"": 0.0157}, {""rank"": 4, ""label"": ""solar dish"", ""confidence"": 0.0041}, {""rank"": 5, ""label"": ""volcano"", ""confidence"": 0.003}]",True
Places365_val_00012345.jpg,/Users/aidahamzic/PycharmProjects/PythonProject1/val_256/Places365_val_00012345.jpg,street,street,crutch,0.3831,"[{""rank"": 1, ""label"": ""crutch"", ""confidence"": 0.3831}, {""rank"": 2, ""label"": ""broom"", ""confidence"": 0.0837}, {""rank"": 3, ""label"": ""unicycle"", ""confidence"": 0.0608}, {""rank"": 4, ""label"": ""vacuum"", ""confidence"": 0.0577}, {""rank"": 5, ""label"": ""jinrikisha"", ""confidence"": 0.0407}]",True
Places365_val_00012395.jpg,/Users/aidahamzic/PycharmProjects/PythonProject1/val_256/Places365_val_00012395.jpg,hotel-outdoor,building,limousine,0.1189,"[{""rank"": 1, ""label"": ""limousine"", ""confidence"": 0.1189}, {""rank"": 2, ""label"": ""mobile home"", ""confidence"": 0.1011}, {""rank"": 3, ""label"": ""trolleybus"", ""confidence"": 0.0468}, {""rank"": 4, ""label"": ""moving van"", ""confidence"": 0.0424}, {""rank"": 5, ""label"": ""bannister"", ""confidence"": 0.0378}]",False
Places365_val_00012404.jpg,/Users/aidahamzic/PycharmProjects/PythonProject1/val_256/Places365_val_00012404.jpg,street,street,jinrikisha,0.5112,"[{""rank"": 1, ""label"": ""jinrikisha"", ""confidence"": 0.5112}, {""rank"": 2, ""label"": ""tricycle"", ""confidence"": 0.2259}, {""rank"": 3, ""label"": ""bicycle-built-for-two"", ""confidence"": 0.1978}, {""rank"": 4, ""label"": ""unicycle"", ""confidence"": 0.0363}, {""rank"": 5, ""label"": ""moped"", ""confidence"": 0.0146}]",True
Places365_val_00012429.jpg,/Users/aidahamzic/PycharmProjects/PythonProject1/val_256/Places365_val_00012429.jpg,street,street,jinrikisha,0.3774,"[{""rank"": 1, ""label"": ""jinrikisha"", ""confidence"": 0.3774}, {""rank"": 2, ""label"": ""unicycle"", ""confidence"": 0.2436}, {""rank"": 3, ""label"": ""tricycle"", ""confidence"": 0.0875}, {""rank"": 4, ""label"": ""bicycle-built-for-two"", ""confidence"": 0.0811}, {""rank"": 5, ""label"": ""horse cart"", ""confidence"": 0.0619}]",True
Places365_val_00012483.jpg,/Users/aidahamzic/PycharmProjects/PythonProject1/val_256/Places365_val_00012483.jpg,house,building,barn,0.2351,"[{""rank"": 1, ""label"": ""barn"", ""confidence"": 0.2351}, {""rank"": 2, ""label"": ""thatch"", ""confidence"": 0.1992}, {""rank"": 3, ""label"": ""prison"", ""confidence"": 0.1978}, {""rank"": 4, ""label"": ""monastery"", ""confidence"": 0.116}, {""rank"": 5, ""label"": ""boathouse"", ""confidence"": 0.038}]",True
Places365_val_00012501.jpg,/Users/aidahamzic/PycharmProjects/PythonProject1/val_256/Places365_val_00012501.jpg,alley,street,patio,0.4455,"[{""rank"": 1, ""label"": ""patio"", ""confidence"": 0.4455}, {""rank"": 2, ""label"": ""pot"", ""confidence"": 0.2204}, {""rank"": 3, ""label"": ""rain barrel"", ""confidence"": 0.0654}, {""rank"": 4, ""label"": ""greenhouse"", ""confidence"": 0.058}, {""rank"": 5, ""label"": ""mobile home"", ""confidence"": 0.0214}]",False
Places365_val_00012510.jpg,/Users/aidahamzic/PycharmProjects/PythonProject1/val_256/Places365_val_00012510.jpg,rainforest,forest,suspension bridge,0.898,"[{""rank"": 1, ""label"": ""suspension bridge"", ""confidence"": 0.898}, {""rank"": 2, ""label"": ""steel arch bridge"", ""confidence"": 0.0351}, {""rank"": 3, ""label"": ""dam"", ""confidence"": 0.0312}, {""rank"": 4, ""label"": ""crane"", ""confidence"": 0.0047}, {""rank"": 5, ""label"": ""radio telescope"", ""confidence"": 0.0044}]",False
Places365_val_00012518.jpg,/Users/aidahamzic/PycharmProjects/PythonProject1/val_256/Places365_val_00012518.jpg,forest-broadleaf,forest,apiary,0.1028,"[{""rank"": 1, ""label"": ""apiary"", ""confidence"": 0.1028}, {""rank"": 2, ""label"": ""worm fence"", ""confidence"": 0.0484}, {""rank"": 3, ""label"": ""park bench"", ""confidence"": 0.0319}, {""rank"": 4, ""label"": ""mountain bike"", ""confidence"": 0.0286}, {""rank"": 5, ""label"": ""lakeside"", ""confidence"": 0.0256}]",False
Places365_val_00012538.jpg,/Users/aidahamzic/PycharmProjects/PythonProject1/val_256/Places365_val_00012538.jpg,ocean,water,promontory,0.7122,"[{""rank"": 1, ""label"": ""promontory"", ""confidence"": 0.7122}, {""rank"": 2, ""label"": ""seashore"", ""confidence"": 0.1609}, {""rank"": 3, ""label"": ""cliff"", ""confidence"": 0.0576}, {""rank"": 4, ""label"": ""beacon"", ""confidence"": 0.0246}, {""rank"": 5, ""label"": ""lakeside"", ""confidence"": 0.011}]",True
Places365_val_00012580.jpg,/Users/aidahamzic/PycharmProjects/PythonProject1/val_256/Places365_val_00012580.jpg,glacier,glacier,valley,0.2509,"[{""rank"": 1, ""label"": ""valley"", ""confidence"": 0.2509}, {""rank"": 2, ""label"": ""promontory"", ""confidence"": 0.1999}, {""rank"": 3, ""label"": ""alp"", ""confidence"": 0.1192}, {""rank"": 4, ""label"": ""volcano"", ""confidence"": 0.1162}, {""rank"": 5, ""label"": ""cliff"", ""confidence"": 0.0489}]",True
Places365_val_00012588.jpg,/Users/aidahamzic/PycharmProjects/PythonProject1/val_256/Places365_val_00012588.jpg,coast,water,geyser,0.3332,"[{""rank"": 1, ""label"": ""geyser"", ""confidence"": 0.3332}, {""rank"": 2, ""label"": ""volcano"", ""confidence"": 0.1972}, {""rank"": 3, ""label"": ""valley"", ""confidence"": 0.108}, {""rank"": 4, ""label"": ""seashore"", ""confidence"": 0.0497}, {""rank"": 5, ""label"": ""breakwater"", ""confidence"": 0.0489}]",True
Places365_val_00012597.jpg,/Users/aidahamzic/PycharmProjects/PythonProject1/val_256/Places365_val_00012597.jpg,glacier,glacier,alp,0.6696,"[{""rank"": 1, ""label"": ""alp"", ""confidence"": 0.6696}, {""rank"": 2, ""label"": ""valley"", ""confidence"": 0.1377}, {""rank"": 3, ""label"": ""snowmobile"", ""confidence"": 0.0413}, {""rank"": 4, ""label"": ""volcano"", ""confidence"": 0.0402}, {""rank"": 5, ""label"": ""mountain tent"", ""confidence"": 0.0224}]",True
Places365_val_00012601.jpg,/Users/aidahamzic/PycharmProjects/PythonProject1/val_256/Places365_val_00012601.jpg,skyscraper,building,schooner,0.2047,"[{""rank"": 1, ""label"": ""schooner"", ""confidence"": 0.2047}, {""rank"": 2, ""label"": ""pier"", ""confidence"": 0.1324}, {""rank"": 3, ""label"": ""yawl"", ""confidence"": 0.1069}, {""rank"": 4, ""label"": ""trimaran"", ""confidence"": 0.0974}, {""rank"": 5, ""label"": ""suspension bridge"", ""confidence"": 0.0963}]",True
Places365_val_00012617.jpg,/Users/aidahamzic/PycharmProjects/PythonProject1/val_256/Places365_val_00012617.jpg,alley,street,prison,0.6421,"[{""rank"": 1, ""label"": ""prison"", ""confidence"": 0.6421}, {""rank"": 2, ""label"": ""church"", ""confidence"": 0.0678}, {""rank"": 3, ""label"": ""restaurant"", ""confidence"": 0.0292}, {""rank"": 4, ""label"": ""barbershop"", ""confidence"": 0.0261}, {""rank"": 5, ""label"": ""patio"", ""confidence"": 0.0177}]",False
Places365_val_00012626.jpg,/Users/aidahamzic/PycharmProjects/PythonProject1/val_256/Places365_val_00012626.jpg,mountain,mountain,seashore,0.2777,"[{""rank"": 1, ""label"": ""seashore"", ""confidence"": 0.2777}, {""rank"": 2, ""label"": ""beacon"", ""confidence"": 0.191}, {""rank"": 3, ""label"": ""castle"", ""confidence"": 0.1414}, {""rank"": 4, ""label"": ""cliff"", ""confidence"": 0.1091}, {""rank"": 5, ""label"": ""megalith"", ""confidence"": 0.0625}]",True
Places365_val_00012628.jpg,/Users/aidahamzic/PycharmProjects/PythonProject1/val_256/Places365_val_00012628.jpg,hotel-outdoor,building,scoreboard,0.6286,"[{""rank"": 1, ""label"": ""scoreboard"", ""confidence"": 0.6286}, {""rank"": 2, ""label"": ""cinema"", ""confidence"": 0.3347}, {""rank"": 3, ""label"": ""restaurant"", ""confidence"": 0.0098}, {""rank"": 4, ""label"": ""street sign"", ""confidence"": 0.0095}, {""rank"": 5, ""label"": ""traffic light"", ""confidence"": 0.0025}]",True
Places365_val_00012660.jpg,/Users/aidahamzic/PycharmProjects/PythonProject1/val_256/Places365_val_00012660.jpg,rainforest,forest,suspension bridge,0.2245,"[{""rank"": 1, ""label"": ""suspension bridge"", ""confidence"": 0.2245}, {""rank"": 2, ""label"": ""valley"", ""confidence"": 0.1466}, {""rank"": 3, ""label"": ""worm fence"", ""confidence"": 0.0844}, {""rank"": 4, ""label"": ""viaduct"", ""confidence"": 0.0826}, {""rank"": 5, ""label"": ""boathouse"", ""confidence"": 0.0287}]",True
Places365_val_00012680.jpg,/Users/aidahamzic/PycharmProjects/PythonProject1/val_256/Places365_val_00012680.jpg,downtown,building,drilling platform,0.3572,"[{""rank"": 1, ""label"": ""drilling platform"", ""confidence"": 0.3572}, {""rank"": 2, ""label"": ""pier"", ""confidence"": 0.1314}, {""rank"": 3, ""label"": ""palace"", ""confidence"": 0.0788}, {""rank"": 4, ""label"": ""dock"", ""confidence"": 0.0611}, {""rank"": 5, ""label"": ""liner"", ""confidence"": 0.0545}]",True
Places365_val_00012727.jpg,/Users/aidahamzic/PycharmProjects/PythonProject1/val_256/Places365_val_00012727.jpg,forest-broadleaf,forest,curly-coated retriever,0.0948,"[{""rank"": 1, ""label"": ""curly-coated retriever"", ""confidence"": 0.0948}, {""rank"": 2, ""label"": ""Chesapeake Bay retriever"", ""confidence"": 0.0737}, {""rank"": 3, ""label"": ""German short-haired pointer"", ""confidence"": 0.0685}, {""rank"": 4, ""label"": ""maze"", ""confidence"": 0.0618}, {""rank"": 5, ""label"": ""Newfoundland"", ""confidence"": 0.0562}]",False
Places365_val_00012730.jpg,/Users/aidahamzic/PycharmProjects/PythonProject1/val_256/Places365_val_00012730.jpg,hotel-outdoor,building,streetcar,0.2278,"[{""rank"": 1, ""label"": ""streetcar"", ""confidence"": 0.2278}, {""rank"": 2, ""label"": ""boathouse"", ""confidence"": 0.0646}, {""rank"": 3, ""label"": ""tobacco shop"", ""confidence"": 0.0543}, {""rank"": 4, ""label"": ""grocery store"", ""confidence"": 0.0485}, {""rank"": 5, ""label"": ""monitor"", ""confidence"": 0.0426}]",True
Places365_val_00012770.jpg,/Users/aidahamzic/PycharmProjects/PythonProject1/val_256/Places365_val_00012770.jpg,highway,street,trombone,0.324,"[{""rank"": 1, ""label"": ""trombone"", ""confidence"": 0.324}, {""rank"": 2, ""label"": ""suspension bridge"", ""confidence"": 0.2918}, {""rank"": 3, ""label"": ""steel arch bridge"", ""confidence"": 0.0582}, {""rank"": 4, ""label"": ""gar"", ""confidence"": 0.0332}, {""rank"": 5, ""label"": ""crane"", ""confidence"": 0.0307}]",False
Places365_val_00012775.jpg,/Users/aidahamzic/PycharmProjects/PythonProject1/val_256/Places365_val_00012775.jpg,glacier,glacier,dogsled,0.5405,"[{""rank"": 1, ""label"": ""dogsled"", ""confidence"": 0.5405}, {""rank"": 2, ""label"": ""alp"", ""confidence"": 0.086}, {""rank"": 3, ""label"": ""ski"", ""confidence"": 0.0489}, {""rank"": 4, ""label"": ""schipperke"", ""confidence"": 0.0334}, {""rank"": 5, ""label"": ""Gordon setter"", ""confidence"": 0.0255}]",True
Places365_val_00012784.jpg,/Users/aidahamzic/PycharmProjects/PythonProject1/val_256/Places365_val_00012784.jpg,river,water,Indian elephant,0.2987,"[{""rank"": 1, ""label"": ""Indian elephant"", ""confidence"": 0.2987}, {""rank"": 2, ""label"": ""African elephant"", ""confidence"": 0.242}, {""rank"": 3, ""label"": ""water buffalo"", ""confidence"": 0.0564}, {""rank"": 4, ""label"": ""brown bear"", ""confidence"": 0.0541}, {""rank"": 5, ""label"": ""bison"", ""confidence"": 0.0502}]",False
Places365_val_00012798.jpg,/Users/aidahamzic/PycharmProjects/PythonProject1/val_256/Places365_val_00012798.jpg,mountain,mountain,alp,0.8348,"[{""rank"": 1, ""label"": ""alp"", ""confidence"": 0.8348}, {""rank"": 2, ""label"": ""valley"", ""confidence"": 0.0815}, {""rank"": 3, ""label"": ""volcano"", ""confidence"": 0.0423}, {""rank"": 4, ""label"": ""mountain tent"", ""confidence"": 0.0132}, {""rank"": 5, ""label"": ""cliff"", ""confidence"": 0.006}]",True
Places365_val_00012808.jpg,/Users/aidahamzic/PycharmProjects/PythonProject1/val_256/Places365_val_00012808.jpg,alley,street,prison,0.5417,"[{""rank"": 1, ""label"": ""prison"", ""confidence"": 0.5417}, {""rank"": 2, ""label"": ""streetcar"", ""confidence"": 0.1431}, {""rank"": 3, ""label"": ""passenger car"", ""confidence"": 0.121}, {""rank"": 4, ""label"": ""bullet train"", ""confidence"": 0.0447}, {""rank"": 5, ""label"": ""vending machine"", ""confidence"": 0.0114}]",True
Places365_val_00012817.jpg,/Users/aidahamzic/PycharmProjects/PythonProject1/val_256/Places365_val_00012817.jpg,rainforest,forest,worm fence,0.0636,"[{""rank"": 1, ""label"": ""worm fence"", ""confidence"": 0.0636}, {""rank"": 2, ""label"": ""mountain bike"", ""confidence"": 0.0541}, {""rank"": 3, ""label"": ""stone wall"", ""confidence"": 0.042}, {""rank"": 4, ""label"": ""viaduct"", ""confidence"": 0.0343}, {""rank"": 5, ""label"": ""suspension bridge"", ""confidence"": 0.0279}]",False
Places365_val_00012840.jpg,/Users/aidahamzic/PycharmProjects/PythonProject1/val_256/Places365_val_00012840.jpg,tower,building,pedestal,0.3559,"[{""rank"": 1, ""label"": ""pedestal"", ""confidence"": 0.3559}, {""rank"": 2, ""label"": ""obelisk"", ""confidence"": 0.1729}, {""rank"": 3, ""label"": ""beacon"", ""confidence"": 0.1197}, {""rank"": 4, ""label"": ""bell cote"", ""confidence"": 0.0909}, {""rank"": 5, ""label"": ""pole"", ""confidence"": 0.0326}]",True
Places365_val_00012855.jpg,/Users/aidahamzic/PycharmProjects/PythonProject1/val_256/Places365_val_00012855.jpg,coast,water,lakeside,0.5613,"[{""rank"": 1, ""label"": ""lakeside"", ""confidence"": 0.5613}, {""rank"": 2, ""label"": ""seashore"", ""confidence"": 0.0716}, {""rank"": 3, ""label"": ""breakwater"", ""confidence"": 0.0607}, {""rank"": 4, ""label"": ""wreck"", ""confidence"": 0.0429}, {""rank"": 5, ""label"": ""promontory"", ""confidence"": 0.0327}]",True
Places365_val_00012898.jpg,/Users/aidahamzic/PycharmProjects/PythonProject1/val_256/Places365_val_00012898.jpg,mountain,mountain,volcano,0.28,"[{""rank"": 1, ""label"": ""volcano"", ""confidence"": 0.28}, {""rank"": 2, ""label"": ""geyser"", ""confidence"": 0.1357}, {""rank"": 3, ""label"": ""radio telescope"", ""confidence"": 0.0639}, {""rank"": 4, ""label"": ""rapeseed"", ""confidence"": 0.0603}, {""rank"": 5, ""label"": ""trailer truck"", ""confidence"": 0.0424}]",True
Places365_val_00012911.jpg,/Users/aidahamzic/PycharmProjects/PythonProject1/val_256/Places365_val_00012911.jpg,forest-broadleaf,forest,rapeseed,0.045,"[{""rank"": 1, ""label"": ""rapeseed"", ""confidence"": 0.045}, {""rank"": 2, ""label"": ""lawn mower"", ""confidence"": 0.027}, {""rank"": 3, ""label"": ""apiary"", ""confidence"": 0.0255}, {""rank"": 4, ""label"": ""barn"", ""confidence"": 0.0196}, {""rank"": 5, ""label"": ""maze"", ""confidence"": 0.0195}]",False
Places365_val_00012924.jpg,/Users/aidahamzic/PycharmProjects/PythonProject1/val_256/Places365_val_00012924.jpg,highway,street,flagpole,0.225,"[{""rank"": 1, ""label"": ""flagpole"", ""confidence"": 0.225}, {""rank"": 2, ""label"": ""pole"", ""confidence"": 0.1505}, {""rank"": 3, ""label"": ""wing"", ""confidence"": 0.1356}, {""rank"": 4, ""label"": ""obelisk"", ""confidence"": 0.0755}, {""rank"": 5, ""label"": ""trailer truck"", ""confidence"": 0.0432}]",False
Places365_val_00012945.jpg,/Users/aidahamzic/PycharmProjects/PythonProject1/val_256/Places365_val_00012945.jpg,ocean,water,submarine,0.9389,"[{""rank"": 1, ""label"": ""submarine"", ""confidence"": 0.9389}, {""rank"": 2, ""label"": ""canoe"", ""confidence"": 0.0116}, {""rank"": 3, ""label"": ""cannon"", ""confidence"": 0.0113}, {""rank"": 4, ""label"": ""breakwater"", ""confidence"": 0.0077}, {""rank"": 5, ""label"": ""wreck"", ""confidence"": 0.0032}]",True
Places365_val_00013008.jpg,/Users/aidahamzic/PycharmProjects/PythonProject1/val_256/Places365_val_00013008.jpg,tower,building,gondola,0.1577,"[{""rank"": 1, ""label"": ""gondola"", ""confidence"": 0.1577}, {""rank"": 2, ""label"": ""crutch"", ""confidence"": 0.0698}, {""rank"": 3, ""label"": ""bell cote"", ""confidence"": 0.0518}, {""rank"": 4, ""label"": ""stole"", ""confidence"": 0.0348}, {""rank"": 5, ""label"": ""broom"", ""confidence"": 0.0301}]",False
Places365_val_00013018.jpg,/Users/aidahamzic/PycharmProjects/PythonProject1/val_256/Places365_val_00013018.jpg,house,building,bell cote,0.3557,"[{""rank"": 1, ""label"": ""bell cote"", ""confidence"": 0.3557}, {""rank"": 2, ""label"": ""thatch"", ""confidence"": 0.0712}, {""rank"": 3, ""label"": ""tile roof"", ""confidence"": 0.0642}, {""rank"": 4, ""label"": ""tobacco shop"", ""confidence"": 0.0444}, {""rank"": 5, ""label"": ""restaurant"", ""confidence"": 0.0382}]",True
Places365_val_00013065.jpg,/Users/aidahamzic/PycharmProjects/PythonProject1/val_256/Places365_val_00013065.jpg,downtown,building,steel arch bridge,0.4106,"[{""rank"": 1, ""label"": ""steel arch bridge"", ""confidence"": 0.4106}, {""rank"": 2, ""label"": ""pier"", ""confidence"": 0.1041}, {""rank"": 3, ""label"": ""restaurant"", ""confidence"": 0.065}, {""rank"": 4, ""label"": ""fireboat"", ""confidence"": 0.0505}, {""rank"": 5, ""label"": ""obelisk"", ""confidence"": 0.0317}]",True
Places365_val_00013068.jpg,/Users/aidahamzic/PycharmProjects/PythonProject1/val_256/Places365_val_00013068.jpg,rainforest,forest,capuchin,0.059,"[{""rank"": 1, ""label"": ""capuchin"", ""confidence"": 0.059}, {""rank"": 2, ""label"": ""jackfruit"", ""confidence"": 0.0432}, {""rank"": 3, ""label"": ""koala"", ""confidence"": 0.0383}, {""rank"": 4, ""label"": ""spider monkey"", ""confidence"": 0.0336}, {""rank"": 5, ""label"": ""three-toed sloth"", ""confidence"": 0.0241}]",True
Places365_val_00013167.jpg,/Users/aidahamzic/PycharmProjects/PythonProject1/val_256/Places365_val_00013167.jpg,skyscraper,building,solar dish,0.9834,"[{""rank"": 1, ""label"": ""solar dish"", ""confidence"": 0.9834}, {""rank"": 2, ""label"": ""bell cote"", ""confidence"": 0.0027}, {""rank"": 3, ""label"": ""flagpole"", ""confidence"": 0.0021}, {""rank"": 4, ""label"": ""prison"", ""confidence"": 0.0021}, {""rank"": 5, ""label"": ""pier"", ""confidence"": 0.0015}]",True
Places365_val_00013170.jpg,/Users/aidahamzic/PycharmProjects/PythonProject1/val_256/Places365_val_00013170.jpg,rainforest,forest,sulphur butterfly,0.2948,"[{""rank"": 1, ""label"": ""sulphur butterfly"", ""confidence"": 0.2948}, {""rank"": 2, ""label"": ""yellow lady's slipper"", ""confidence"": 0.2096}, {""rank"": 3, ""label"": ""fig"", ""confidence"": 0.1014}, {""rank"": 4, ""label"": ""hip"", ""confidence"": 0.0937}, {""rank"": 5, ""label"": ""mantis"", ""confidence"": 0.043}]",False
Places365_val_00013190.jpg,/Users/aidahamzic/PycharmProjects/PythonProject1/val_256/Places365_val_00013190.jpg,street,street,military uniform,0.2489,"[{""rank"": 1, ""label"": ""military uniform"", ""confidence"": 0.2489}, {""rank"": 2, ""label"": ""bulletproof vest"", ""confidence"": 0.0848}, {""rank"": 3, ""label"": ""stretcher"", ""confidence"": 0.0625}, {""rank"": 4, ""label"": ""knee pad"", ""confidence"": 0.0605}, {""rank"": 5, ""label"": ""unicycle"", ""confidence"": 0.0325}]",False
Places365_val_00013193.jpg,/Users/aidahamzic/PycharmProjects/PythonProject1/val_256/Places365_val_00013193.jpg,river,water,lakeside,0.3868,"[{""rank"": 1, ""label"": ""lakeside"", ""confidence"": 0.3868}, {""rank"": 2, ""label"": ""valley"", ""confidence"": 0.2959}, {""rank"": 3, ""label"": ""sandbar"", ""confidence"": 0.0528}, {""rank"": 4, ""label"": ""boathouse"", ""confidence"": 0.0343}, {""rank"": 5, ""label"": ""canoe"", ""confidence"": 0.0275}]",True
Places365_val_00013205.jpg,/Users/aidahamzic/PycharmProjects/PythonProject1/val_256/Places365_val_00013205.jpg,rainforest,forest,mountain bike,0.5376,"[{""rank"": 1, ""label"": ""mountain bike"", ""confidence"": 0.5376}, {""rank"": 2, ""label"": ""ibex"", ""confidence"": 0.0991}, {""rank"": 3, ""label"": ""unicycle"", ""confidence"": 0.0838}, {""rank"": 4, ""label"": ""bighorn"", ""confidence"": 0.0369}, {""rank"": 5, ""label"": ""bicycle-built-for-two"", ""confidence"": 0.0196}]",True
Places365_val_00013257.jpg,/Users/aidahamzic/PycharmProjects/PythonProject1/val_256/Places365_val_00013257.jpg,glacier,glacier,alp,0.3288,"[{""rank"": 1, ""label"": ""alp"", ""confidence"": 0.3288}, {""rank"": 2, ""label"": ""snowmobile"", ""confidence"": 0.2681}, {""rank"": 3, ""label"": ""ski"", ""confidence"": 0.2562}, {""rank"": 4, ""label"": ""dogsled"", ""confidence"": 0.0379}, {""rank"": 5, ""label"": ""bobsled"", ""confidence"": 0.0351}]",True
Places365_val_00013262.jpg,/Users/aidahamzic/PycharmProjects/PythonProject1/val_256/Places365_val_00013262.jpg,skyscraper,building,palace,0.2511,"[{""rank"": 1, ""label"": ""palace"", ""confidence"": 0.2511}, {""rank"": 2, ""label"": ""obelisk"", ""confidence"": 0.115}, {""rank"": 3, ""label"": ""castle"", ""confidence"": 0.0913}, {""rank"": 4, ""label"": ""church"", ""confidence"": 0.0531}, {""rank"": 5, ""label"": ""monastery"", ""confidence"": 0.0515}]",True
Places365_val_00013275.jpg,/Users/aidahamzic/PycharmProjects/PythonProject1/val_256/Places365_val_00013275.jpg,downtown,building,lakeside,0.2615,"[{""rank"": 1, ""label"": ""lakeside"", ""confidence"": 0.2615}, {""rank"": 2, ""label"": ""boathouse"", ""confidence"": 0.0495}, {""rank"": 3, ""label"": ""worm fence"", ""confidence"": 0.0431}, {""rank"": 4, ""label"": ""steel arch bridge"", ""confidence"": 0.039}, {""rank"": 5, ""label"": ""crane"", ""confidence"": 0.0359}]",True
Places365_val_00013291.jpg,/Users/aidahamzic/PycharmProjects/PythonProject1/val_256/Places365_val_00013291.jpg,house,building,picket fence,0.3575,"[{""rank"": 1, ""label"": ""picket fence"", ""confidence"": 0.3575}, {""rank"": 2, ""label"": ""mobile home"", ""confidence"": 0.1517}, {""rank"": 3, ""label"": ""castle"", ""confidence"": 0.066}, {""rank"": 4, ""label"": ""worm fence"", ""confidence"": 0.0523}, {""rank"": 5, ""label"": ""solar dish"", ""confidence"": 0.0294}]",True
Places365_val_00013293.jpg,/Users/aidahamzic/PycharmProjects/PythonProject1/val_256/Places365_val_00013293.jpg,street,street,trolleybus,0.1234,"[{""rank"": 1, ""label"": ""trolleybus"", ""confidence"": 0.1234}, {""rank"": 2, ""label"": ""pole"", ""confidence"": 0.0883}, {""rank"": 3, ""label"": ""traffic light"", ""confidence"": 0.0551}, {""rank"": 4, ""label"": ""planetarium"", ""confidence"": 0.0506}, {""rank"": 5, ""label"": ""water tower"", ""confidence"": 0.025}]",True
Places365_val_00013295.jpg,/Users/aidahamzic/PycharmProjects/PythonProject1/val_256/Places365_val_00013295.jpg,coast,water,seashore,0.1852,"[{""rank"": 1, ""label"": ""seashore"", ""confidence"": 0.1852}, {""rank"": 2, ""label"": ""sandbar"", ""confidence"": 0.1401}, {""rank"": 3, ""label"": ""volcano"", ""confidence"": 0.1169}, {""rank"": 4, ""label"": ""lakeside"", ""confidence"": 0.0774}, {""rank"": 5, ""label"": ""plow"", ""confidence"": 0.0478}]",True
Places365_val_00013329.jpg,/Users/aidahamzic/PycharmProjects/PythonProject1/val_256/Places365_val_00013329.jpg,forest-broadleaf,forest,viaduct,0.3559,"[{""rank"": 1, ""label"": ""viaduct"", ""confidence"": 0.3559}, {""rank"": 2, ""label"": ""greenhouse"", ""confidence"": 0.1797}, {""rank"": 3, ""label"": ""church"", ""confidence"": 0.0397}, {""rank"": 4, ""label"": ""totem pole"", ""confidence"": 0.0266}, {""rank"": 5, ""label"": ""monastery"", ""confidence"": 0.025}]",False
Places365_val_00013343.jpg,/Users/aidahamzic/PycharmProjects/PythonProject1/val_256/Places365_val_00013343.jpg,skyscraper,building,aircraft carrier,0.4261,"[{""rank"": 1, ""label"": ""aircraft carrier"", ""confidence"": 0.4261}, {""rank"": 2, ""label"": ""dock"", ""confidence"": 0.079}, {""rank"": 3, ""label"": ""seashore"", ""confidence"": 0.0504}, {""rank"": 4, ""label"": ""submarine"", ""confidence"": 0.0497}, {""rank"": 5, ""label"": ""airliner"", ""confidence"": 0.0454}]",False
Places365_val_00013370.jpg,/Users/aidahamzic/PycharmProjects/PythonProject1/val_256/Places365_val_00013370.jpg,forest-broadleaf,forest,lorikeet,0.2241,"[{""rank"": 1, ""label"": ""lorikeet"", ""confidence"": 0.2241}, {""rank"": 2, ""label"": ""macaw"", ""confidence"": 0.0899}, {""rank"": 3, ""label"": ""pot"", ""confidence"": 0.0642}, {""rank"": 4, ""label"": ""toucan"", ""confidence"": 0.0559}, {""rank"": 5, ""label"": ""coucal"", ""confidence"": 0.0479}]",True
Places365_val_00013474.jpg,/Users/aidahamzic/PycharmProjects/PythonProject1/val_256/Places365_val_00013474.jpg,coast,water,trimaran,0.7209,"[{""rank"": 1, ""label"": ""trimaran"", ""confidence"": 0.7209}, {""rank"": 2, ""label"": ""catamaran"", ""confidence"": 0.1486}, {""rank"": 3, ""label"": ""yawl"", ""confidence"": 0.0873}, {""rank"": 4, ""label"": ""schooner"", ""confidence"": 0.005}, {""rank"": 5, ""label"": ""seashore"", ""confidence"": 0.0036}]",True
Places365_val_00013483.jpg,/Users/aidahamzic/PycharmProjects/PythonProject1/val_256/Places365_val_00013483.jpg,downtown,building,patio,0.1295,"[{""rank"": 1, ""label"": ""patio"", ""confidence"": 0.1295}, {""rank"": 2, ""label"": ""mobile home"", ""confidence"": 0.1244}, {""rank"": 3, ""label"": ""pier"", ""confidence"": 0.0977}, {""rank"": 4, ""label"": ""lakeside"", ""confidence"": 0.0548}, {""rank"": 5, ""label"": ""window screen"", ""confidence"": 0.0491}]",True
Places365_val_00013489.jpg,/Users/aidahamzic/PycharmProjects/PythonProject1/val_256/Places365_val_00013489.jpg,rainforest,forest,lakeside,0.5068,"[{""rank"": 1, ""label"": ""lakeside"", ""confidence"": 0.5068}, {""rank"": 2, ""label"": ""boathouse"", ""confidence"": 0.1922}, {""rank"": 3, ""label"": ""canoe"", ""confidence"": 0.0906}, {""rank"": 4, ""label"": ""paddle"", ""confidence"": 0.0386}, {""rank"": 5, ""label"": ""valley"", ""confidence"": 0.0161}]",True
Places365_val_00013608.jpg,/Users/aidahamzic/PycharmProjects/PythonProject1/val_256/Places365_val_00013608.jpg,rainforest,forest,sandbar,0.2341,"[{""rank"": 1, ""label"": ""sandbar"", ""confidence"": 0.2341}, {""rank"": 2, ""label"": ""seashore"", ""confidence"": 0.1405}, {""rank"": 3, ""label"": ""valley"", ""confidence"": 0.1297}, {""rank"": 4, ""label"": ""lakeside"", ""confidence"": 0.1157}, {""rank"": 5, ""label"": ""promontory"", ""confidence"": 0.0471}]",True
Places365_val_00013623.jpg,/Users/aidahamzic/PycharmProjects/PythonProject1/val_256/Places365_val_00013623.jpg,house,building,church,0.5119,"[{""rank"": 1, ""label"": ""church"", ""confidence"": 0.5119}, {""rank"": 2, ""label"": ""bell cote"", ""confidence"": 0.4364}, {""rank"": 3, ""label"": ""monastery"", ""confidence"": 0.0217}, {""rank"": 4, ""label"": ""castle"", ""confidence"": 0.014}, {""rank"": 5, ""label"": ""viaduct"", ""confidence"": 0.0078}]",True
Places365_val_00013626.jpg,/Users/aidahamzic/PycharmProjects/PythonProject1/val_256/Places365_val_00013626.jpg,skyscraper,building,prison,0.1599,"[{""rank"": 1, ""label"": ""prison"", ""confidence"": 0.1599}, {""rank"": 2, ""label"": ""toilet seat"", ""confidence"": 0.0593}, {""rank"": 3, ""label"": ""mosque"", ""confidence"": 0.0498}, {""rank"": 4, ""label"": ""planetarium"", ""confidence"": 0.0473}, {""rank"": 5, ""label"": ""palace"", ""confidence"": 0.0464}]",True
Places365_val_00013644.jpg,/Users/aidahamzic/PycharmProjects/PythonProject1/val_256/Places365_val_00013644.jpg,river,water,canoe,0.168,"[{""rank"": 1, ""label"": ""canoe"", ""confidence"": 0.168}, {""rank"": 2, ""label"": ""valley"", ""confidence"": 0.1342}, {""rank"": 3, ""label"": ""lakeside"", ""confidence"": 0.0801}, {""rank"": 4, ""label"": ""cliff"", ""confidence"": 0.068}, {""rank"": 5, ""label"": ""paddle"", ""confidence"": 0.0668}]",True
Places365_val_00013662.jpg,/Users/aidahamzic/PycharmProjects/PythonProject1/val_256/Places365_val_00013662.jpg,ocean,water,container ship,0.9643,"[{""rank"": 1, ""label"": ""container ship"", ""confidence"": 0.9643}, {""rank"": 2, ""label"": ""drilling platform"", ""confidence"": 0.0114}, {""rank"": 3, ""label"": ""liner"", ""confidence"": 0.0085}, {""rank"": 4, ""label"": ""dock"", ""confidence"": 0.0084}, {""rank"": 5, ""label"": ""fireboat"", ""confidence"": 0.0032}]",True
Places365_val_00013669.jpg,/Users/aidahamzic/PycharmProjects/PythonProject1/val_256/Places365_val_00013669.jpg,tower,building,submarine,0.1239,"[{""rank"": 1, ""label"": ""submarine"", ""confidence"": 0.1239}, {""rank"": 2, ""label"": ""liner"", ""confidence"": 0.0697}, {""rank"": 3, ""label"": ""trimaran"", ""confidence"": 0.0666}, {""rank"": 4, ""label"": ""tank"", ""confidence"": 0.0574}, {""rank"": 5, ""label"": ""seashore"", ""confidence"": 0.0513}]",False
Places365_val_00013692.jpg,/Users/aidahamzic/PycharmProjects/PythonProject1/val_256/Places365_val_00013692.jpg,glacier,glacier,snowmobile,0.2752,"[{""rank"": 1, ""label"": ""snowmobile"", ""confidence"": 0.2752}, {""rank"": 2, ""label"": ""minibus"", ""confidence"": 0.1182}, {""rank"": 3, ""label"": ""minivan"", ""confidence"": 0.1008}, {""rank"": 4, ""label"": ""moving van"", ""confidence"": 0.0765}, {""rank"": 5, ""label"": ""recreational vehicle"", ""confidence"": 0.0666}]",False
Places365_val_00013704.jpg,/Users/aidahamzic/PycharmProjects/PythonProject1/val_256/Places365_val_00013704.jpg,highway,street,traffic light,0.5553,"[{""rank"": 1, ""label"": ""traffic light"", ""confidence"": 0.5553}, {""rank"": 2, ""label"": ""streetcar"", ""confidence"": 0.0714}, {""rank"": 3, ""label"": ""limousine"", ""confidence"": 0.062}, {""rank"": 4, ""label"": ""trailer truck"", ""confidence"": 0.0486}, {""rank"": 5, ""label"": ""cab"", ""confidence"": 0.0479}]",True
Places365_val_00013734.jpg,/Users/aidahamzic/PycharmProjects/PythonProject1/val_256/Places365_val_00013734.jpg,ocean,water,paddle,0.2799,"[{""rank"": 1, ""label"": ""paddle"", ""confidence"": 0.2799}, {""rank"": 2, ""label"": ""snorkel"", ""confidence"": 0.114}, {""rank"": 3, ""label"": ""canoe"", ""confidence"": 0.0553}, {""rank"": 4, ""label"": ""scuba diver"", ""confidence"": 0.0504}, {""rank"": 5, ""label"": ""catamaran"", ""confidence"": 0.0499}]",True
Places365_val_00013784.jpg,/Users/aidahamzic/PycharmProjects/PythonProject1/val_256/Places365_val_00013784.jpg,river,water,stone wall,0.114,"[{""rank"": 1, ""label"": ""stone wall"", ""confidence"": 0.114}, {""rank"": 2, ""label"": ""coral fungus"", ""confidence"": 0.1132}, {""rank"": 3, ""label"": ""golf ball"", ""confidence"": 0.0697}, {""rank"": 4, ""label"": ""spider web"", ""confidence"": 0.0605}, {""rank"": 5, ""label"": ""broccoli"", ""confidence"": 0.0543}]",False
Places365_val_00013787.jpg,/Users/aidahamzic/PycharmProjects/PythonProject1/val_256/Places365_val_00013787.jpg,highway,street,trailer truck,0.3701,"[{""rank"": 1, ""label"": ""trailer truck"", ""confidence"": 0.3701}, {""rank"": 2, ""label"": ""radio telescope"", ""confidence"": 0.165}, {""rank"": 3, ""label"": ""mobile home"", ""confidence"": 0.0274}, {""rank"": 4, ""label"": ""trolleybus"", ""confidence"": 0.0259}, {""rank"": 5, ""label"": ""car mirror"", ""confidence"": 0.0219}]",True
Places365_val_00013793.jpg,/Users/aidahamzic/PycharmProjects/PythonProject1/val_256/Places365_val_00013793.jpg,ocean,water,promontory,0.774,"[{""rank"": 1, ""label"": ""promontory"", ""confidence"": 0.774}, {""rank"": 2, ""label"": ""seashore"", ""confidence"": 0.0888}, {""rank"": 3, ""label"": ""cliff"", ""confidence"": 0.066}, {""rank"": 4, ""label"": ""lakeside"", ""confidence"": 0.0502}, {""rank"": 5, ""label"": ""breakwater"", ""confidence"": 0.0077}]",True
Places365_val_00013809.jpg,/Users/aidahamzic/PycharmProjects/PythonProject1/val_256/Places365_val_00013809.jpg,street,street,restaurant,0.1509,"[{""rank"": 1, ""label"": ""restaurant"", ""confidence"": 0.1509}, {""rank"": 2, ""label"": ""prison"", ""confidence"": 0.146}, {""rank"": 3, ""label"": ""streetcar"", ""confidence"": 0.1125}, {""rank"": 4, ""label"": ""jinrikisha"", ""confidence"": 0.0696}, {""rank"": 5, ""label"": ""grocery store"", ""confidence"": 0.052}]",True
Places365_val_00013869.jpg,/Users/aidahamzic/PycharmProjects/PythonProject1/val_256/Places365_val_00013869.jpg,ocean,water,promontory,0.4723,"[{""rank"": 1, ""label"": ""promontory"", ""confidence"": 0.4723}, {""rank"": 2, ""label"": ""seashore"", ""confidence"": 0.1295}, {""rank"": 3, ""label"": ""lakeside"", ""confidence"": 0.0827}, {""rank"": 4, ""label"": ""sandbar"", ""confidence"": 0.0397}, {""rank"": 5, ""label"": ""grey whale"", ""confidence"": 0.0345}]",True
Places365_val_00013934.jpg,/Users/aidahamzic/PycharmProjects/PythonProject1/val_256/Places365_val_00013934.jpg,tower,building,solar dish,0.2,"[{""rank"": 1, ""label"": ""solar dish"", ""confidence"": 0.2}, {""rank"": 2, ""label"": ""dam"", ""confidence"": 0.1389}, {""rank"": 3, ""label"": ""spotlight"", ""confidence"": 0.0707}, {""rank"": 4, ""label"": ""airship"", ""confidence"": 0.0675}, {""rank"": 5, ""label"": ""wing"", ""confidence"": 0.0613}]",True
Places365_val_00013946.jpg,/Users/aidahamzic/PycharmProjects/PythonProject1/val_256/Places365_val_00013946.jpg,highway,street,seashore,0.805,"[{""rank"": 1, ""label"": ""seashore"", ""confidence"": 0.805}, {""rank"": 2, ""label"": ""sandbar"", ""confidence"": 0.0697}, {""rank"": 3, ""label"": ""geyser"", ""confidence"": 0.0238}, {""rank"": 4, ""label"": ""trailer truck"", ""confidence"": 0.0123}, {""rank"": 5, ""label"": ""volcano"", ""confidence"": 0.0094}]",False
Places365_val_00013976.jpg,/Users/aidahamzic/PycharmProjects/PythonProject1/val_256/Places365_val_00013976.jpg,skyscraper,building,beacon,0.2167,"[{""rank"": 1, ""label"": ""beacon"", ""confidence"": 0.2167}, {""rank"": 2, ""label"": ""pier"", ""confidence"": 0.1121}, {""rank"": 3, ""label"": ""suspension bridge"", ""confidence"": 0.1089}, {""rank"": 4, ""label"": ""scoreboard"", ""confidence"": 0.1011}, {""rank"": 5, ""label"": ""liner"", ""confidence"": 0.0632}]",True
Places365_val_00013980.jpg,/Users/aidahamzic/PycharmProjects/PythonProject1/val_256/Places365_val_00013980.jpg,skyscraper,building,bell cote,0.5064,"[{""rank"": 1, ""label"": ""bell cote"", ""confidence"": 0.5064}, {""rank"": 2, ""label"": ""palace"", ""confidence"": 0.0537}, {""rank"": 3, ""label"": ""solar dish"", ""confidence"": 0.044}, {""rank"": 4, ""label"": ""monastery"", ""confidence"": 0.0397}, {""rank"": 5, ""label"": ""cinema"", ""confidence"": 0.0258}]",True
Places365_val_00013987.jpg,/Users/aidahamzic/PycharmProjects/PythonProject1/val_256/Places365_val_00013987.jpg,mountain,mountain,alp,0.5014,"[{""rank"": 1, ""label"": ""alp"", ""confidence"": 0.5014}, {""rank"": 2, ""label"": ""valley"", ""confidence"": 0.3548}, {""rank"": 3, ""label"": ""cliff"", ""confidence"": 0.0313}, {""rank"": 4, ""label"": ""Lakeland terrier"", ""confidence"": 0.0232}, {""rank"": 5, ""label"": ""mountain bike"", ""confidence"": 0.0214}]",True
Places365_val_00014035.jpg,/Users/aidahamzic/PycharmProjects/PythonProject1/val_256/Places365_val_00014035.jpg,mountain,mountain,valley,0.4826,"[{""rank"": 1, ""label"": ""valley"", ""confidence"": 0.4826}, {""rank"": 2, ""label"": ""alp"", ""confidence"": 0.4248}, {""rank"": 3, ""label"": ""volcano"", ""confidence"": 0.0816}, {""rank"": 4, ""label"": ""mountain tent"", ""confidence"": 0.0093}, {""rank"": 5, ""label"": ""mountain bike"", ""confidence"": 0.0005}]",True
Places365_val_00014044.jpg,/Users/aidahamzic/PycharmProjects/PythonProject1/val_256/Places365_val_00014044.jpg,river,water,ibex,0.6423,"[{""rank"": 1, ""label"": ""ibex"", ""confidence"": 0.6423}, {""rank"": 2, ""label"": ""bighorn"", ""confidence"": 0.2114}, {""rank"": 3, ""label"": ""hartebeest"", ""confidence"": 0.0749}, {""rank"": 4, ""label"": ""gazelle"", ""confidence"": 0.0285}, {""rank"": 5, ""label"": ""impala"", ""confidence"": 0.0186}]",False
Places365_val_00014073.jpg,/Users/aidahamzic/PycharmProjects/PythonProject1/val_256/Places365_val_00014073.jpg,hotel-outdoor,building,palace,0.8463,"[{""rank"": 1, ""label"": ""palace"", ""confidence"": 0.8463}, {""rank"": 2, ""label"": ""streetcar"", ""confidence"": 0.0383}, {""rank"": 3, ""label"": ""monastery"", ""confidence"": 0.011}, {""rank"": 4, ""label"": ""triumphal arch"", ""confidence"": 0.009}, {""rank"": 5, ""label"": ""dome"", ""confidence"": 0.0062}]",True
Places365_val_00014083.jpg,/Users/aidahamzic/PycharmProjects/PythonProject1/val_256/Places365_val_00014083.jpg,street,street,lakeside,0.1505,"[{""rank"": 1, ""label"": ""lakeside"", ""confidence"": 0.1505}, {""rank"": 2, ""label"": ""cliff"", ""confidence"": 0.1071}, {""rank"": 3, ""label"": ""seashore"", ""confidence"": 0.1015}, {""rank"": 4, ""label"": ""promontory"", ""confidence"": 0.0608}, {""rank"": 5, ""label"": ""monastery"", ""confidence"": 0.0498}]",False
Places365_val_00014163.jpg,/Users/aidahamzic/PycharmProjects/PythonProject1/val_256/Places365_val_00014163.jpg,coast,water,seashore,0.4221,"[{""rank"": 1, ""label"": ""seashore"", ""confidence"": 0.4221}, {""rank"": 2, ""label"": ""volcano"", ""confidence"": 0.1628}, {""rank"": 3, ""label"": ""beacon"", ""confidence"": 0.1575}, {""rank"": 4, ""label"": ""lakeside"", ""confidence"": 0.0861}, {""rank"": 5, ""label"": ""promontory"", ""confidence"": 0.0481}]",True
Places365_val_00014201.jpg,/Users/aidahamzic/PycharmProjects/PythonProject1/val_256/Places365_val_00014201.jpg,alley,street,suit,0.2708,"[{""rank"": 1, ""label"": ""suit"", ""confidence"": 0.2708}, {""rank"": 2, ""label"": ""Loafer"", ""confidence"": 0.111}, {""rank"": 3, ""label"": ""trench coat"", ""confidence"": 0.0716}, {""rank"": 4, ""label"": ""Windsor tie"", ""confidence"": 0.0432}, {""rank"": 5, ""label"": ""barracouta"", ""confidence"": 0.0334}]",False
Places365_val_00014252.jpg,/Users/aidahamzic/PycharmProjects/PythonProject1/val_256/Places365_val_00014252.jpg,tower,building,bell cote,0.535,"[{""rank"": 1, ""label"": ""bell cote"", ""confidence"": 0.535}, {""rank"": 2, ""label"": ""pedestal"", ""confidence"": 0.242}, {""rank"": 3, ""label"": ""triumphal arch"", ""confidence"": 0.1123}, {""rank"": 4, ""label"": ""monastery"", ""confidence"": 0.0239}, {""rank"": 5, ""label"": ""analog clock"", ""confidence"": 0.0123}]",True
Places365_val_00014254.jpg,/Users/aidahamzic/PycharmProjects/PythonProject1/val_256/Places365_val_00014254.jpg,street,street,cab,0.1455,"[{""rank"": 1, ""label"": ""cab"", ""confidence"": 0.1455}, {""rank"": 2, ""label"": ""minivan"", ""confidence"": 0.0714}, {""rank"": 3, ""label"": ""minibus"", ""confidence"": 0.0701}, {""rank"": 4, ""label"": ""limousine"", ""confidence"": 0.0694}, {""rank"": 5, ""label"": ""tow truck"", ""confidence"": 0.0662}]",True
Places365_val_00014283.jpg,/Users/aidahamzic/PycharmProjects/PythonProject1/val_256/Places365_val_00014283.jpg,coast,water,sturgeon,0.3701,"[{""rank"": 1, ""label"": ""sturgeon"", ""confidence"": 0.3701}, {""rank"": 2, ""label"": ""coho"", ""confidence"": 0.1458}, {""rank"": 3, ""label"": ""paddle"", ""confidence"": 0.0973}, {""rank"": 4, ""label"": ""gar"", ""confidence"": 0.0851}, {""rank"": 5, ""label"": ""canoe"", ""confidence"": 0.0848}]",True
Places365_val_00014330.jpg,/Users/aidahamzic/PycharmProjects/PythonProject1/val_256/Places365_val_00014330.jpg,rainforest,forest,valley,0.1933,"[{""rank"": 1, ""label"": ""valley"", ""confidence"": 0.1933}, {""rank"": 2, ""label"": ""alp"", ""confidence"": 0.0892}, {""rank"": 3, ""label"": ""lakeside"", ""confidence"": 0.0775}, {""rank"": 4, ""label"": ""bighorn"", ""confidence"": 0.0367}, {""rank"": 5, ""label"": ""mountain bike"", ""confidence"": 0.0286}]",True
Places365_val_00014384.jpg,/Users/aidahamzic/PycharmProjects/PythonProject1/val_256/Places365_val_00014384.jpg,skyscraper,building,dam,0.3893,"[{""rank"": 1, ""label"": ""dam"", ""confidence"": 0.3893}, {""rank"": 2, ""label"": ""steel arch bridge"", ""confidence"": 0.1043}, {""rank"": 3, ""label"": ""suspension bridge"", ""confidence"": 0.0895}, {""rank"": 4, ""label"": ""alp"", ""confidence"": 0.0381}, {""rank"": 5, ""label"": ""viaduct"", ""confidence"": 0.0296}]",True
Places365_val_00014448.jpg,/Users/aidahamzic/PycharmProjects/PythonProject1/val_256/Places365_val_00014448.jpg,mountain,mountain,valley,0.9265,"[{""rank"": 1, ""label"": ""valley"", ""confidence"": 0.9265}, {""rank"": 2, ""label"": ""cliff"", ""confidence"": 0.0143}, {""rank"": 3, ""label"": ""water snake"", ""confidence"": 0.0104}, {""rank"": 4, ""label"": ""lakeside"", ""confidence"": 0.0078}, {""rank"": 5, ""label"": ""water ouzel"", ""confidence"": 0.0052}]",True
Places365_val_00014462.jpg,/Users/aidahamzic/PycharmProjects/PythonProject1/val_256/Places365_val_00014462.jpg,forest-broadleaf,forest,water tower,0.118,"[{""rank"": 1, ""label"": ""water tower"", ""confidence"": 0.118}, {""rank"": 2, ""label"": ""park bench"", ""confidence"": 0.1017}, {""rank"": 3, ""label"": ""worm fence"", ""confidence"": 0.0703}, {""rank"": 4, ""label"": ""rapeseed"", ""confidence"": 0.0533}, {""rank"": 5, ""label"": ""church"", ""confidence"": 0.0471}]",False
Places365_val_00014469.jpg,/Users/aidahamzic/PycharmProjects/PythonProject1/val_256/Places365_val_00014469.jpg,glacier,glacier,alp,0.6329,"[{""rank"": 1, ""label"": ""alp"", ""confidence"": 0.6329}, {""rank"": 2, ""label"": ""megalith"", ""confidence"": 0.1353}, {""rank"": 3, ""label"": ""valley"", ""confidence"": 0.1266}, {""rank"": 4, ""label"": ""geyser"", ""confidence"": 0.0264}, {""rank"": 5, ""label"": ""cliff"", ""confidence"": 0.0168}]",True
Places365_val_00014485.jpg,/Users/aidahamzic/PycharmProjects/PythonProject1/val_256/Places365_val_00014485.jpg,rainforest,forest,cloak,0.2128,"[{""rank"": 1, ""label"": ""cloak"", ""confidence"": 0.2128}, {""rank"": 2, ""label"": ""tusker"", ""confidence"": 0.1229}, {""rank"": 3, ""label"": ""Indian elephant"", ""confidence"": 0.0828}, {""rank"": 4, ""label"": ""mosquito net"", ""confidence"": 0.08}, {""rank"": 5, ""label"": ""baboon"", ""confidence"": 0.0317}]",False
Places365_val_00014503.jpg,/Users/aidahamzic/PycharmProjects/PythonProject1/val_256/Places365_val_00014503.jpg,ocean,water,seashore,0.3972,"[{""rank"": 1, ""label"": ""seashore"", ""confidence"": 0.3972}, {""rank"": 2, ""label"": ""beacon"", ""confidence"": 0.2988}, {""rank"": 3, ""label"": ""promontory"", ""confidence"": 0.0757}, {""rank"": 4, ""label"": ""drilling platform"", ""confidence"": 0.0427}, {""rank"": 5, ""label"": ""breakwater"", ""confidence"": 0.0404}]",True
Places365_val_00014524.jpg,/Users/aidahamzic/PycharmProjects/PythonProject1/val_256/Places365_val_00014524.jpg,hotel-outdoor,building,boathouse,0.4808,"[{""rank"": 1, ""label"": ""boathouse"", ""confidence"": 0.4808}, {""rank"": 2, ""label"": ""lakeside"", ""confidence"": 0.365}, {""rank"": 3, ""label"": ""castle"", ""confidence"": 0.0269}, {""rank"": 4, ""label"": ""alp"", ""confidence"": 0.0204}, {""rank"": 5, ""label"": ""amphibian"", ""confidence"": 0.0167}]",True
Places365_val_00014529.jpg,/Users/aidahamzic/PycharmProjects/PythonProject1/val_256/Places365_val_00014529.jpg,river,water,schooner,0.2917,"[{""rank"": 1, ""label"": ""schooner"", ""confidence"": 0.2917}, {""rank"": 2, ""label"": ""catamaran"", ""confidence"": 0.1213}, {""rank"": 3, ""label"": ""dam"", ""confidence"": 0.0876}, {""rank"": 4, ""label"": ""lakeside"", ""confidence"": 0.0601}, {""rank"": 5, ""label"": ""suspension bridge"", ""confidence"": 0.0577}]",True
Places365_val_00014535.jpg,/Users/aidahamzic/PycharmProjects/PythonProject1/val_256/Places365_val_00014535.jpg,glacier,glacier,cliff,0.2454,"[{""rank"": 1, ""label"": ""cliff"", ""confidence"": 0.2454}, {""rank"": 2, ""label"": ""conch"", ""confidence"": 0.0711}, {""rank"": 3, ""label"": ""shower curtain"", ""confidence"": 0.0533}, {""rank"": 4, ""label"": ""feather boa"", ""confidence"": 0.0508}, {""rank"": 5, ""label"": ""alp"", ""confidence"": 0.0484}]",True
Places365_val_00014554.jpg,/Users/aidahamzic/PycharmProjects/PythonProject1/val_256/Places365_val_00014554.jpg,hotel-outdoor,building,bell cote,0.5428,"[{""rank"": 1, ""label"": ""bell cote"", ""confidence"": 0.5428}, {""rank"": 2, ""label"": ""palace"", ""confidence"": 0.1309}, {""rank"": 3, ""label"": ""cinema"", ""confidence"": 0.0905}, {""rank"": 4, ""label"": ""scoreboard"", ""confidence"": 0.0333}, {""rank"": 5, ""label"": ""pier"", ""confidence"": 0.0264}]",True
Places365_val_00014684.jpg,/Users/aidahamzic/PycharmProjects/PythonProject1/val_256/Places365_val_00014684.jpg,river,water,dock,0.3537,"[{""rank"": 1, ""label"": ""dock"", ""confidence"": 0.3537}, {""rank"": 2, ""label"": ""aircraft carrier"", ""confidence"": 0.114}, {""rank"": 3, ""label"": ""lakeside"", ""confidence"": 0.0989}, {""rank"": 4, ""label"": ""breakwater"", ""confidence"": 0.0818}, {""rank"": 5, ""label"": ""pier"", ""confidence"": 0.0381}]",True
Places365_val_00014692.jpg,/Users/aidahamzic/PycharmProjects/PythonProject1/val_256/Places365_val_00014692.jpg,street,street,cowboy boot,0.4393,"[{""rank"": 1, ""label"": ""cowboy boot"", ""confidence"": 0.4393}, {""rank"": 2, ""label"": ""sarong"", ""confidence"": 0.1428}, {""rank"": 3, ""label"": ""jean"", ""confidence"": 0.0851}, {""rank"": 4, ""label"": ""potter's wheel"", ""confidence"": 0.0472}, {""rank"": 5, ""label"": ""gown"", ""confidence"": 0.0429}]",False
Places365_val_00014701.jpg,/Users/aidahamzic/PycharmProjects/PythonProject1/val_256/Places365_val_00014701.jpg,hotel-outdoor,building,fountain,0.2778,"[{""rank"": 1, ""label"": ""fountain"", ""confidence"": 0.2778}, {""rank"": 2, ""label"": ""palace"", ""confidence"": 0.1848}, {""rank"": 3, ""label"": ""mosque"", ""confidence"": 0.1329}, {""rank"": 4, ""label"": ""beacon"", ""confidence"": 0.0457}, {""rank"": 5, ""label"": ""monastery"", ""confidence"": 0.0317}]",True
Places365_val_00014731.jpg,/Users/aidahamzic/PycharmProjects/PythonProject1/val_256/Places365_val_00014731.jpg,mountain,mountain,geyser,0.3984,"[{""rank"": 1, ""label"": ""geyser"", ""confidence"": 0.3984}, {""rank"": 2, ""label"": ""volcano"", ""confidence"": 0.205}, {""rank"": 3, ""label"": ""alp"", ""confidence"": 0.1338}, {""rank"": 4, ""label"": ""valley"", ""confidence"": 0.0944}, {""rank"": 5, ""label"": ""cliff"", ""confidence"": 0.0768}]",True
Places365_val_00014741.jpg,/Users/aidahamzic/PycharmProjects/PythonProject1/val_256/Places365_val_00014741.jpg,coast,water,seashore,0.0499,"[{""rank"": 1, ""label"": ""seashore"", ""confidence"": 0.0499}, {""rank"": 2, ""label"": ""night snake"", ""confidence"": 0.0456}, {""rank"": 3, ""label"": ""snail"", ""confidence"": 0.0417}, {""rank"": 4, ""label"": ""frilled lizard"", ""confidence"": 0.0352}, {""rank"": 5, ""label"": ""stone wall"", ""confidence"": 0.0343}]",True
Places365_val_00014808.jpg,/Users/aidahamzic/PycharmProjects/PythonProject1/val_256/Places365_val_00014808.jpg,rainforest,forest,macaw,0.8802,"[{""rank"": 1, ""label"": ""macaw"", ""confidence"": 0.8802}, {""rank"": 2, ""label"": ""lorikeet"", ""confidence"": 0.057}, {""rank"": 3, ""label"": ""coucal"", ""confidence"": 0.0154}, {""rank"": 4, ""label"": ""bee eater"", ""confidence"": 0.0132}, {""rank"": 5, ""label"": ""house finch"", ""confidence"": 0.01}]",True
Places365_val_00014817.jpg,/Users/aidahamzic/PycharmProjects/PythonProject1/val_256/Places365_val_00014817.jpg,ocean,water,megalith,0.3713,"[{""rank"": 1, ""label"": ""megalith"", ""confidence"": 0.3713}, {""rank"": 2, ""label"": ""promontory"", ""confidence"": 0.2989}, {""rank"": 3, ""label"": ""cliff"", ""confidence"": 0.2591}, {""rank"": 4, ""label"": ""beacon"", ""confidence"": 0.0315}, {""rank"": 5, ""label"": ""seashore"", ""confidence"": 0.0197}]",True
Places365_val_00014826.jpg,/Users/aidahamzic/PycharmProjects/PythonProject1/val_256/Places365_val_00014826.jpg,house,building,cinema,0.0794,"[{""rank"": 1, ""label"": ""cinema"", ""confidence"": 0.0794}, {""rank"": 2, ""label"": ""barbershop"", ""confidence"": 0.0678}, {""rank"": 3, ""label"": ""bookshop"", ""confidence"": 0.0599}, {""rank"": 4, ""label"": ""paddlewheel"", ""confidence"": 0.0461}, {""rank"": 5, ""label"": ""restaurant"", ""confidence"": 0.0457}]",True
Places365_val_00014935.jpg,/Users/aidahamzic/PycharmProjects/PythonProject1/val_256/Places365_val_00014935.jpg,highway,street,worm fence,0.2283,"[{""rank"": 1, ""label"": ""worm fence"", ""confidence"": 0.2283}, {""rank"": 2, ""label"": ""lakeside"", ""confidence"": 0.0701}, {""rank"": 3, ""label"": ""alp"", ""confidence"": 0.0402}, {""rank"": 4, ""label"": ""solar dish"", ""confidence"": 0.0298}, {""rank"": 5, ""label"": ""mobile home"", ""confidence"": 0.0224}]",False
Places365_val_00014945.jpg,/Users/aidahamzic/PycharmProjects/PythonProject1/val_256/Places365_val_00014945.jpg,alley,street,jigsaw puzzle,0.6059,"[{""rank"": 1, ""label"": ""jigsaw puzzle"", ""confidence"": 0.6059}, {""rank"": 2, ""label"": ""comic book"", ""confidence"": 0.2707}, {""rank"": 3, ""label"": ""book jacket"", ""confidence"": 0.0216}, {""rank"": 4, ""label"": ""freight car"", ""confidence"": 0.0144}, {""rank"": 5, ""label"": ""manhole cover"", ""confidence"": 0.0078}]",False
Places365_val_00014957.jpg,/Users/aidahamzic/PycharmProjects/PythonProject1/val_256/Places365_val_00014957.jpg,skyscraper,building,seashore,0.0942,"[{""rank"": 1, ""label"": ""seashore"", ""confidence"": 0.0942}, {""rank"": 2, ""label"": ""lakeside"", ""confidence"": 0.0918}, {""rank"": 3, ""label"": ""airship"", ""confidence"": 0.0676}, {""rank"": 4, ""label"": ""bell cote"", ""confidence"": 0.0603}, {""rank"": 5, ""label"": ""fireboat"", ""confidence"": 0.0601}]",False
Places365_val_00014958.jpg,/Users/aidahamzic/PycharmProjects/PythonProject1/val_256/Places365_val_00014958.jpg,street,street,suit,0.0816,"[{""rank"": 1, ""label"": ""suit"", ""confidence"": 0.0816}, {""rank"": 2, ""label"": ""limousine"", ""confidence"": 0.0719}, {""rank"": 3, ""label"": ""crutch"", ""confidence"": 0.0596}, {""rank"": 4, ""label"": ""Loafer"", ""confidence"": 0.0509}, {""rank"": 5, ""label"": ""barbell"", ""confidence"": 0.0378}]",True
Places365_val_00014995.jpg,/Users/aidahamzic/PycharmProjects/PythonProject1/val_256/Places365_val_00014995.jpg,skyscraper,building,dome,0.7663,"[{""rank"": 1, ""label"": ""dome"", ""confidence"": 0.7663}, {""rank"": 2, ""label"": ""planetarium"", ""confidence"": 0.1521}, {""rank"": 3, ""label"": ""bell cote"", ""confidence"": 0.023}, {""rank"": 4, ""label"": ""mosque"", ""confidence"": 0.0188}, {""rank"": 5, ""label"": ""palace"", ""confidence"": 0.011}]",True
Places365_val_00015189.jpg,/Users/aidahamzic/PycharmProjects/PythonProject1/val_256/Places365_val_00015189.jpg,street,street,jinrikisha,0.7604,"[{""rank"": 1, ""label"": ""jinrikisha"", ""confidence"": 0.7604}, {""rank"": 2, ""label"": ""unicycle"", ""confidence"": 0.1711}, {""rank"": 3, ""label"": ""moped"", ""confidence"": 0.0342}, {""rank"": 4, ""label"": ""mountain bike"", ""confidence"": 0.0068}, {""rank"": 5, ""label"": ""bicycle-built-for-two"", ""confidence"": 0.0067}]",True
Places365_val_00015202.jpg,/Users/aidahamzic/PycharmProjects/PythonProject1/val_256/Places365_val_00015202.jpg,coast,water,seashore,0.3436,"[{""rank"": 1, ""label"": ""seashore"", ""confidence"": 0.3436}, {""rank"": 2, ""label"": ""promontory"", ""confidence"": 0.2947}, {""rank"": 3, ""label"": ""lakeside"", ""confidence"": 0.2275}, {""rank"": 4, ""label"": ""valley"", ""confidence"": 0.0298}, {""rank"": 5, ""label"": ""cliff"", ""confidence"": 0.0267}]",True
Places365_val_00015219.jpg,/Users/aidahamzic/PycharmProjects/PythonProject1/val_256/Places365_val_00015219.jpg,downtown,building,manhole cover,0.3313,"[{""rank"": 1, ""label"": ""manhole cover"", ""confidence"": 0.3313}, {""rank"": 2, ""label"": ""bell cote"", ""confidence"": 0.077}, {""rank"": 3, ""label"": ""street sign"", ""confidence"": 0.0735}, {""rank"": 4, ""label"": ""doormat"", ""confidence"": 0.0377}, {""rank"": 5, ""label"": ""cab"", ""confidence"": 0.0231}]",False
Places365_val_00015239.jpg,/Users/aidahamzic/PycharmProjects/PythonProject1/val_256/Places365_val_00015239.jpg,alley,street,streetcar,0.2919,"[{""rank"": 1, ""label"": ""streetcar"", ""confidence"": 0.2919}, {""rank"": 2, ""label"": ""traffic light"", ""confidence"": 0.2355}, {""rank"": 3, ""label"": ""parking meter"", ""confidence"": 0.1924}, {""rank"": 4, ""label"": ""trolleybus"", ""confidence"": 0.0683}, {""rank"": 5, ""label"": ""street sign"", ""confidence"": 0.0297}]",True
Places365_val_00015241.jpg,/Users/aidahamzic/PycharmProjects/PythonProject1/val_256/Places365_val_00015241.jpg,river,water,valley,0.1222,"[{""rank"": 1, ""label"": ""valley"", ""confidence"": 0.1222}, {""rank"": 2, ""label"": ""lakeside"", ""confidence"": 0.1142}, {""rank"": 3, ""label"": ""impala"", ""confidence"": 0.0568}, {""rank"": 4, ""label"": ""rock python"", ""confidence"": 0.044}, {""rank"": 5, ""label"": ""mountain bike"", ""confidence"": 0.035}]",True
Places365_val_00015245.jpg,/Users/aidahamzic/PycharmProjects/PythonProject1/val_256/Places365_val_00015245.jpg,highway,street,motor scooter,0.3919,"[{""rank"": 1, ""label"": ""motor scooter"", ""confidence"": 0.3919}, {""rank"": 2, ""label"": ""moped"", ""confidence"": 0.3258}, {""rank"": 3, ""label"": ""bicycle-built-for-two"", ""confidence"": 0.1655}, {""rank"": 4, ""label"": ""mountain bike"", ""confidence"": 0.0475}, {""rank"": 5, ""label"": ""crash helmet"", ""confidence"": 0.0175}]",False
Places365_val_00015293.jpg,/Users/aidahamzic/PycharmProjects/PythonProject1/val_256/Places365_val_00015293.jpg,rainforest,forest,cloak,0.0574,"[{""rank"": 1, ""label"": ""cloak"", ""confidence"": 0.0574}, {""rank"": 2, ""label"": ""birdhouse"", ""confidence"": 0.0451}, {""rank"": 3, ""label"": ""cliff"", ""confidence"": 0.0396}, {""rank"": 4, ""label"": ""worm fence"", ""confidence"": 0.0388}, {""rank"": 5, ""label"": ""American black bear"", ""confidence"": 0.0387}]",True
Places365_val_00015301.jpg,/Users/aidahamzic/PycharmProjects/PythonProject1/val_256/Places365_val_00015301.jpg,coast,water,lakeside,0.5011,"[{""rank"": 1, ""label"": ""lakeside"", ""confidence"": 0.5011}, {""rank"": 2, ""label"": ""geyser"", ""confidence"": 0.0579}, {""rank"": 3, ""label"": ""sandbar"", ""confidence"": 0.0445}, {""rank"": 4, ""label"": ""breakwater"", ""confidence"": 0.0384}, {""rank"": 5, ""label"": ""promontory"", ""confidence"": 0.0292}]",True
Places365_val_00015340.jpg,/Users/aidahamzic/PycharmProjects/PythonProject1/val_256/Places365_val_00015340.jpg,forest-broadleaf,forest,valley,0.5966,"[{""rank"": 1, ""label"": ""valley"", ""confidence"": 0.5966}, {""rank"": 2, ""label"": ""cliff"", ""confidence"": 0.0479}, {""rank"": 3, ""label"": ""alp"", ""confidence"": 0.0428}, {""rank"": 4, ""label"": ""lakeside"", ""confidence"": 0.03}, {""rank"": 5, ""label"": ""viaduct"", ""confidence"": 0.0263}]",True
Places365_val_00015347.jpg,/Users/aidahamzic/PycharmProjects/PythonProject1/val_256/Places365_val_00015347.jpg,ocean,water,grey whale,0.2911,"[{""rank"": 1, ""label"": ""grey whale"", ""confidence"": 0.2911}, {""rank"": 2, ""label"": ""fireboat"", ""confidence"": 0.2382}, {""rank"": 3, ""label"": ""killer whale"", ""confidence"": 0.0599}, {""rank"": 4, ""label"": ""geyser"", ""confidence"": 0.0326}, {""rank"": 5, ""label"": ""yawl"", ""confidence"": 0.0311}]",True
Places365_val_00015349.jpg,/Users/aidahamzic/PycharmProjects/PythonProject1/val_256/Places365_val_00015349.jpg,street,street,rugby ball,0.312,"[{""rank"": 1, ""label"": ""rugby ball"", ""confidence"": 0.312}, {""rank"": 2, ""label"": ""swing"", ""confidence"": 0.114}, {""rank"": 3, ""label"": ""soccer ball"", ""confidence"": 0.0798}, {""rank"": 4, ""label"": ""miniskirt"", ""confidence"": 0.0428}, {""rank"": 5, ""label"": ""unicycle"", ""confidence"": 0.0378}]",False
Places365_val_00015360.jpg,/Users/aidahamzic/PycharmProjects/PythonProject1/val_256/Places365_val_00015360.jpg,tower,building,monastery,0.5906,"[{""rank"": 1, ""label"": ""monastery"", ""confidence"": 0.5906}, {""rank"": 2, ""label"": ""mosque"", ""confidence"": 0.1663}, {""rank"": 3, ""label"": ""palace"", ""confidence"": 0.1241}, {""rank"": 4, ""label"": ""church"", ""confidence"": 0.0471}, {""rank"": 5, ""label"": ""triumphal arch"", ""confidence"": 0.0144}]",True
Places365_val_00015374.jpg,/Users/aidahamzic/PycharmProjects/PythonProject1/val_256/Places365_val_00015374.jpg,glacier,glacier,alp,0.3163,"[{""rank"": 1, ""label"": ""alp"", ""confidence"": 0.3163}, {""rank"": 2, ""label"": ""snowmobile"", ""confidence"": 0.3144}, {""rank"": 3, ""label"": ""dogsled"", ""confidence"": 0.2288}, {""rank"": 4, ""label"": ""ski"", ""confidence"": 0.1337}, {""rank"": 5, ""label"": ""snowplow"", ""confidence"": 0.0031}]",True
Places365_val_00015449.jpg,/Users/aidahamzic/PycharmProjects/PythonProject1/val_256/Places365_val_00015449.jpg,glacier,glacier,alp,0.877,"[{""rank"": 1, ""label"": ""alp"", ""confidence"": 0.877}, {""rank"": 2, ""label"": ""valley"", ""confidence"": 0.0418}, {""rank"": 3, ""label"": ""volcano"", ""confidence"": 0.0415}, {""rank"": 4, ""label"": ""promontory"", ""confidence"": 0.0155}, {""rank"": 5, ""label"": ""mountain tent"", ""confidence"": 0.0054}]",True
Places365_val_00015456.jpg,/Users/aidahamzic/PycharmProjects/PythonProject1/val_256/Places365_val_00015456.jpg,forest-broadleaf,forest,barn,0.0915,"[{""rank"": 1, ""label"": ""barn"", ""confidence"": 0.0915}, {""rank"": 2, ""label"": ""church"", ""confidence"": 0.0786}, {""rank"": 3, ""label"": ""water tower"", ""confidence"": 0.067}, {""rank"": 4, ""label"": ""birdhouse"", ""confidence"": 0.0407}, {""rank"": 5, ""label"": ""worm fence"", ""confidence"": 0.0403}]",True
Places365_val_00015457.jpg,/Users/aidahamzic/PycharmProjects/PythonProject1/val_256/Places365_val_00015457.jpg,forest-broadleaf,forest,dam,0.0847,"[{""rank"": 1, ""label"": ""dam"", ""confidence"": 0.0847}, {""rank"": 2, ""label"": ""viaduct"", ""confidence"": 0.054}, {""rank"": 3, ""label"": ""steel arch bridge"", ""confidence"": 0.0533}, {""rank"": 4, ""label"": ""valley"", ""confidence"": 0.0518}, {""rank"": 5, ""label"": ""cliff"", ""confidence"": 0.0511}]",True
Places365_val_00015470.jpg,/Users/aidahamzic/PycharmProjects/PythonProject1/val_256/Places365_val_00015470.jpg,alley,street,crutch,0.3125,"[{""rank"": 1, ""label"": ""crutch"", ""confidence"": 0.3125}, {""rank"": 2, ""label"": ""jinrikisha"", ""confidence"": 0.1954}, {""rank"": 3, ""label"": ""unicycle"", ""confidence"": 0.0346}, {""rank"": 4, ""label"": ""plastic bag"", ""confidence"": 0.0223}, {""rank"": 5, ""label"": ""moped"", ""confidence"": 0.0214}]",True
Places365_val_00015490.jpg,/Users/aidahamzic/PycharmProjects/PythonProject1/val_256/Places365_val_00015490.jpg,alley,street,prison,0.4141,"[{""rank"": 1, ""label"": ""prison"", ""confidence"": 0.4141}, {""rank"": 2, ""label"": ""bookshop"", ""confidence"": 0.112}, {""rank"": 3, ""label"": ""passenger car"", ""confidence"": 0.0794}, {""rank"": 4, ""label"": ""restaurant"", ""confidence"": 0.0674}, {""rank"": 5, ""label"": ""barbershop"", ""confidence"": 0.0628}]",False
Places365_val_00015492.jpg,/Users/aidahamzic/PycharmProjects/PythonProject1/val_256/Places365_val_00015492.jpg,street,street,jean,0.3013,"[{""rank"": 1, ""label"": ""jean"", ""confidence"": 0.3013}, {""rank"": 2, ""label"": ""miniskirt"", ""confidence"": 0.1911}, {""rank"": 3, ""label"": ""suit"", ""confidence"": 0.0566}, {""rank"": 4, ""label"": ""Loafer"", ""confidence"": 0.0415}, {""rank"": 5, ""label"": ""sunglass"", ""confidence"": 0.0371}]",False
Places365_val_00015499.jpg,/Users/aidahamzic/PycharmProjects/PythonProject1/val_256/Places365_val_00015499.jpg,tower,building,monastery,0.5445,"[{""rank"": 1, ""label"": ""monastery"", ""confidence"": 0.5445}, {""rank"": 2, ""label"": ""bell cote"", ""confidence"": 0.3104}, {""rank"": 3, ""label"": ""church"", ""confidence"": 0.0504}, {""rank"": 4, ""label"": ""mosque"", ""confidence"": 0.03}, {""rank"": 5, ""label"": ""palace"", ""confidence"": 0.0225}]",True
Places365_val_00015503.jpg,/Users/aidahamzic/PycharmProjects/PythonProject1/val_256/Places365_val_00015503.jpg,ocean,water,lakeside,0.7523,"[{""rank"": 1, ""label"": ""lakeside"", ""confidence"": 0.7523}, {""rank"": 2, ""label"": ""boathouse"", ""confidence"": 0.0571}, {""rank"": 3, ""label"": ""canoe"", ""confidence"": 0.0436}, {""rank"": 4, ""label"": ""dock"", ""confidence"": 0.0368}, {""rank"": 5, ""label"": ""breakwater"", ""confidence"": 0.0337}]",True
Places365_val_00015510.jpg,/Users/aidahamzic/PycharmProjects/PythonProject1/val_256/Places365_val_00015510.jpg,tower,building,monastery,0.0946,"[{""rank"": 1, ""label"": ""monastery"", ""confidence"": 0.0946}, {""rank"": 2, ""label"": ""triumphal arch"", ""confidence"": 0.0924}, {""rank"": 3, ""label"": ""castle"", ""confidence"": 0.0794}, {""rank"": 4, ""label"": ""geyser"", ""confidence"": 0.0362}, {""rank"": 5, ""label"": ""bell cote"", ""confidence"": 0.0357}]",True
Places365_val_00015531.jpg,/Users/aidahamzic/PycharmProjects/PythonProject1/val_256/Places365_val_00015531.jpg,alley,street,bannister,0.2861,"[{""rank"": 1, ""label"": ""bannister"", ""confidence"": 0.2861}, {""rank"": 2, ""label"": ""prison"", ""confidence"": 0.1605}, {""rank"": 3, ""label"": ""organ"", ""confidence"": 0.1076}, {""rank"": 4, ""label"": ""wardrobe"", ""confidence"": 0.0693}, {""rank"": 5, ""label"": ""china cabinet"", ""confidence"": 0.0268}]",False
Places365_val_00015535.jpg,/Users/aidahamzic/PycharmProjects/PythonProject1/val_256/Places365_val_00015535.jpg,coast,water,lakeside,0.3757,"[{""rank"": 1, ""label"": ""lakeside"", ""confidence"": 0.3757}, {""rank"": 2, ""label"": ""seashore"", ""confidence"": 0.234}, {""rank"": 3, ""label"": ""sandbar"", ""confidence"": 0.2212}, {""rank"": 4, ""label"": ""promontory"", ""confidence"": 0.0752}, {""rank"": 5, ""label"": ""boathouse"", ""confidence"": 0.0141}]",True
Places365_val_00015568.jpg,/Users/aidahamzic/PycharmProjects/PythonProject1/val_256/Places365_val_00015568.jpg,street,street,trolleybus,0.0675,"[{""rank"": 1, ""label"": ""trolleybus"", ""confidence"": 0.0675}, {""rank"": 2, ""label"": ""parking meter"", ""confidence"": 0.0581}, {""rank"": 3, ""label"": ""breakwater"", ""confidence"": 0.052}, {""rank"": 4, ""label"": ""cab"", ""confidence"": 0.0487}, {""rank"": 5, ""label"": ""trailer truck"", ""confidence"": 0.0425}]",True
Places365_val_00015574.jpg,/Users/aidahamzic/PycharmProjects/PythonProject1/val_256/Places365_val_00015574.jpg,forest-broadleaf,forest,impala,0.1039,"[{""rank"": 1, ""label"": ""impala"", ""confidence"": 0.1039}, {""rank"": 2, ""label"": ""mountain bike"", ""confidence"": 0.096}, {""rank"": 3, ""label"": ""worm fence"", ""confidence"": 0.0885}, {""rank"": 4, ""label"": ""stone wall"", ""confidence"": 0.0761}, {""rank"": 5, ""label"": ""bison"", ""confidence"": 0.0389}]",True
Places365_val_00015576.jpg,/Users/aidahamzic/PycharmProjects/PythonProject1/val_256/Places365_val_00015576.jpg,downtown,building,bell cote,0.2298,"[{""rank"": 1, ""label"": ""bell cote"", ""confidence"": 0.2298}, {""rank"": 2, ""label"": ""mosque"", ""confidence"": 0.1206}, {""rank"": 3, ""label"": ""palace"", ""confidence"": 0.1138}, {""rank"": 4, ""label"": ""dome"", ""confidence"": 0.0657}, {""rank"": 5, ""label"": ""church"", ""confidence"": 0.0647}]",True
Places365_val_00015582.jpg,/Users/aidahamzic/PycharmProjects/PythonProject1/val_256/Places365_val_00015582.jpg,alley,street,prison,0.1804,"[{""rank"": 1, ""label"": ""prison"", ""confidence"": 0.1804}, {""rank"": 2, ""label"": ""sliding door"", ""confidence"": 0.1332}, {""rank"": 3, ""label"": ""passenger car"", ""confidence"": 0.1331}, {""rank"": 4, ""label"": ""streetcar"", ""confidence"": 0.0938}, {""rank"": 5, ""label"": ""barber chair"", ""confidence"": 0.0286}]",True
Places365_val_00015583.jpg,/Users/aidahamzic/PycharmProjects/PythonProject1/val_256/Places365_val_00015583.jpg,mountain,mountain,alp,0.8118,"[{""rank"": 1, ""label"": ""alp"", ""confidence"": 0.8118}, {""rank"": 2, ""label"": ""valley"", ""confidence"": 0.16}, {""rank"": 3, ""label"": ""mountain tent"", ""confidence"": 0.0085}, {""rank"": 4, ""label"": ""volcano"", ""confidence"": 0.007}, {""rank"": 5, ""label"": ""lakeside"", ""confidence"": 0.0029}]",True
Places365_val_00015587.jpg,/Users/aidahamzic/PycharmProjects/PythonProject1/val_256/Places365_val_00015587.jpg,coast,water,seashore,0.1292,"[{""rank"": 1, ""label"": ""seashore"", ""confidence"": 0.1292}, {""rank"": 2, ""label"": ""promontory"", ""confidence"": 0.0807}, {""rank"": 3, ""label"": ""lakeside"", ""confidence"": 0.0772}, {""rank"": 4, ""label"": ""volcano"", ""confidence"": 0.0561}, {""rank"": 5, ""label"": ""grey whale"", ""confidence"": 0.0492}]",True
Places365_val_00015599.jpg,/Users/aidahamzic/PycharmProjects/PythonProject1/val_256/Places365_val_00015599.jpg,mountain,mountain,volcano,0.658,"[{""rank"": 1, ""label"": ""volcano"", ""confidence"": 0.658}, {""rank"": 2, ""label"": ""valley"", ""confidence"": 0.1852}, {""rank"": 3, ""label"": ""cliff"", ""confidence"": 0.0529}, {""rank"": 4, ""label"": ""geyser"", ""confidence"": 0.052}, {""rank"": 5, ""label"": ""promontory"", ""confidence"": 0.0371}]",True
Places365_val_00015603.jpg,/Users/aidahamzic/PycharmProjects/PythonProject1/val_256/Places365_val_00015603.jpg,glacier,glacier,valley,0.6427,"[{""rank"": 1, ""label"": ""valley"", ""confidence"": 0.6427}, {""rank"": 2, ""label"": ""lakeside"", ""confidence"": 0.117}, {""rank"": 3, ""label"": ""dam"", ""confidence"": 0.0882}, {""rank"": 4, ""label"": ""alp"", ""confidence"": 0.0631}, {""rank"": 5, ""label"": ""boathouse"", ""confidence"": 0.0193}]",True
Places365_val_00015710.jpg,/Users/aidahamzic/PycharmProjects/PythonProject1/val_256/Places365_val_00015710.jpg,mountain,mountain,sandbar,0.8866,"[{""rank"": 1, ""label"": ""sandbar"", ""confidence"": 0.8866}, {""rank"": 2, ""label"": ""seashore"", ""confidence"": 0.0854}, {""rank"": 3, ""label"": ""lakeside"", ""confidence"": 0.0137}, {""rank"": 4, ""label"": ""promontory"", ""confidence"": 0.0062}, {""rank"": 5, ""label"": ""speedboat"", ""confidence"": 0.0017}]",False
Places365_val_00015749.jpg,/Users/aidahamzic/PycharmProjects/PythonProject1/val_256/Places365_val_00015749.jpg,glacier,glacier,ski,0.6422,"[{""rank"": 1, ""label"": ""ski"", ""confidence"": 0.6422}, {""rank"": 2, ""label"": ""alp"", ""confidence"": 0.2911}, {""rank"": 3, ""label"": ""volcano"", ""confidence"": 0.0118}, {""rank"": 4, ""label"": ""snowmobile"", ""confidence"": 0.0087}, {""rank"": 5, ""label"": ""cliff"", ""confidence"": 0.0073}]",True
Places365_val_00015774.jpg,/Users/aidahamzic/PycharmProjects/PythonProject1/val_256/Places365_val_00015774.jpg,house,building,monastery,0.4069,"[{""rank"": 1, ""label"": ""monastery"", ""confidence"": 0.4069}, {""rank"": 2, ""label"": ""thatch"", ""confidence"": 0.1861}, {""rank"": 3, ""label"": ""prison"", ""confidence"": 0.0652}, {""rank"": 4, ""label"": ""church"", ""confidence"": 0.0456}, {""rank"": 5, ""label"": ""picket fence"", ""confidence"": 0.0438}]",True
Places365_val_00015915.jpg,/Users/aidahamzic/PycharmProjects/PythonProject1/val_256/Places365_val_00015915.jpg,coast,water,seashore,0.2603,"[{""rank"": 1, ""label"": ""seashore"", ""confidence"": 0.2603}, {""rank"": 2, ""label"": ""promontory"", ""confidence"": 0.2056}, {""rank"": 3, ""label"": ""cliff"", ""confidence"": 0.1752}, {""rank"": 4, ""label"": ""megalith"", ""confidence"": 0.1208}, {""rank"": 5, ""label"": ""breakwater"", ""confidence"": 0.0811}]",True
Places365_val_00015938.jpg,/Users/aidahamzic/PycharmProjects/PythonProject1/val_256/Places365_val_00015938.jpg,house,building,mobile home,0.3322,"[{""rank"": 1, ""label"": ""mobile home"", ""confidence"": 0.3322}, {""rank"": 2, ""label"": ""boathouse"", ""confidence"": 0.3188}, {""rank"": 3, ""label"": ""barn"", ""confidence"": 0.2008}, {""rank"": 4, ""label"": ""birdhouse"", ""confidence"": 0.0262}, {""rank"": 5, ""label"": ""beacon"", ""confidence"": 0.0191}]",True
Places365_val_00015961.jpg,/Users/aidahamzic/PycharmProjects/PythonProject1/val_256/Places365_val_00015961.jpg,rainforest,forest,valley,0.4965,"[{""rank"": 1, ""label"": ""valley"", ""confidence"": 0.4965}, {""rank"": 2, ""label"": ""promontory"", ""confidence"": 0.1932}, {""rank"": 3, ""label"": ""lakeside"", ""confidence"": 0.1106}, {""rank"": 4, ""label"": ""dam"", ""confidence"": 0.0579}, {""rank"": 5, ""label"": ""cliff"", ""confidence"": 0.0526}]",True
Places365_val_00015964.jpg,/Users/aidahamzic/PycharmProjects/PythonProject1/val_256/Places365_val_00015964.jpg,hotel-outdoor,building,prison,0.6801,"[{""rank"": 1, ""label"": ""prison"", ""confidence"": 0.6801}, {""rank"": 2, ""label"": ""passenger car"", ""confidence"": 0.0356}, {""rank"": 3, ""label"": ""barbershop"", ""confidence"": 0.0297}, {""rank"": 4, ""label"": ""library"", ""confidence"": 0.022}, {""rank"": 5, ""label"": ""planetarium"", ""confidence"": 0.0204}]",True
Places365_val_00015982.jpg,/Users/aidahamzic/PycharmProjects/PythonProject1/val_256/Places365_val_00015982.jpg,street,street,jinrikisha,0.8626,"[{""rank"": 1, ""label"": ""jinrikisha"", ""confidence"": 0.8626}, {""rank"": 2, ""label"": ""moped"", ""confidence"": 0.0776}, {""rank"": 3, ""label"": ""tricycle"", ""confidence"": 0.0258}, {""rank"": 4, ""label"": ""motor scooter"", ""confidence"": 0.0089}, {""rank"": 5, ""label"": ""mountain bike"", ""confidence"": 0.0071}]",True
Places365_val_00016045.jpg,/Users/aidahamzic/PycharmProjects/PythonProject1/val_256/Places365_val_00016045.jpg,street,street,balloon,0.8572,"[{""rank"": 1, ""label"": ""balloon"", ""confidence"": 0.8572}, {""rank"": 2, ""label"": ""airship"", ""confidence"": 0.0997}, {""rank"": 3, ""label"": ""parachute"", ""confidence"": 0.0076}, {""rank"": 4, ""label"": ""airliner"", ""confidence"": 0.0055}, {""rank"": 5, ""label"": ""volleyball"", ""confidence"": 0.0047}]",False
Places365_val_00016063.jpg,/Users/aidahamzic/PycharmProjects/PythonProject1/val_256/Places365_val_00016063.jpg,river,water,pelican,0.3888,"[{""rank"": 1, ""label"": ""pelican"", ""confidence"": 0.3888}, {""rank"": 2, ""label"": ""American egret"", ""confidence"": 0.3606}, {""rank"": 3, ""label"": ""little blue heron"", ""confidence"": 0.1314}, {""rank"": 4, ""label"": ""crane bird"", ""confidence"": 0.054}, {""rank"": 5, ""label"": ""black stork"", ""confidence"": 0.0322}]",False
Places365_val_00016100.jpg,/Users/aidahamzic/PycharmProjects/PythonProject1/val_256/Places365_val_00016100.jpg,alley,street,Lakeland terrier,0.3604,"[{""rank"": 1, ""label"": ""Lakeland terrier"", ""confidence"": 0.3604}, {""rank"": 2, ""label"": ""Bedlington terrier"", ""confidence"": 0.1592}, {""rank"": 3, ""label"": ""West Highland white terrier"", ""confidence"": 0.1125}, {""rank"": 4, ""label"": ""wire-haired fox terrier"", ""confidence"": 0.0771}, {""rank"": 5, ""label"": ""Sealyham terrier"", ""confidence"": 0.0681}]",False
Places365_val_00016101.jpg,/Users/aidahamzic/PycharmProjects/PythonProject1/val_256/Places365_val_00016101.jpg,street,street,banjo,0.3585,"[{""rank"": 1, ""label"": ""banjo"", ""confidence"": 0.3585}, {""rank"": 2, ""label"": ""drum"", ""confidence"": 0.096}, {""rank"": 3, ""label"": ""acoustic guitar"", ""confidence"": 0.059}, {""rank"": 4, ""label"": ""drumstick"", ""confidence"": 0.0571}, {""rank"": 5, ""label"": ""sombrero"", ""confidence"": 0.0412}]",False
Places365_val_00016122.jpg,/Users/aidahamzic/PycharmProjects/PythonProject1/val_256/Places365_val_00016122.jpg,mountain,mountain,cliff,0.4603,"[{""rank"": 1, ""label"": ""cliff"", ""confidence"": 0.4603}, {""rank"": 2, ""label"": ""valley"", ""confidence"": 0.3627}, {""rank"": 3, ""label"": ""ibex"", ""confidence"": 0.0401}, {""rank"": 4, ""label"": ""bighorn"", ""confidence"": 0.0371}, {""rank"": 5, ""label"": ""alp"", ""confidence"": 0.0279}]",True
Places365_val_00016131.jpg,/Users/aidahamzic/PycharmProjects/PythonProject1/val_256/Places365_val_00016131.jpg,mountain,mountain,alp,0.809,"[{""rank"": 1, ""label"": ""alp"", ""confidence"": 0.809}, {""rank"": 2, ""label"": ""valley"", ""confidence"": 0.1089}, {""rank"": 3, ""label"": ""lakeside"", ""confidence"": 0.042}, {""rank"": 4, ""label"": ""mountain tent"", ""confidence"": 0.008}, {""rank"": 5, ""label"": ""snowmobile"", ""confidence"": 0.0043}]",True
Places365_val_00016161.jpg,/Users/aidahamzic/PycharmProjects/PythonProject1/val_256/Places365_val_00016161.jpg,hotel-outdoor,building,suspension bridge,0.1952,"[{""rank"": 1, ""label"": ""suspension bridge"", ""confidence"": 0.1952}, {""rank"": 2, ""label"": ""pier"", ""confidence"": 0.1785}, {""rank"": 3, ""label"": ""planetarium"", ""confidence"": 0.0868}, {""rank"": 4, ""label"": ""cinema"", ""confidence"": 0.056}, {""rank"": 5, ""label"": ""bell cote"", ""confidence"": 0.0384}]",True
Places365_val_00016170.jpg,/Users/aidahamzic/PycharmProjects/PythonProject1/val_256/Places365_val_00016170.jpg,highway,street,promontory,0.3602,"[{""rank"": 1, ""label"": ""promontory"", ""confidence"": 0.3602}, {""rank"": 2, ""label"": ""dam"", ""confidence"": 0.2021}, {""rank"": 3, ""label"": ""valley"", ""confidence"": 0.0978}, {""rank"": 4, ""label"": ""lakeside"", ""confidence"": 0.0319}, {""rank"": 5, ""label"": ""cliff"", ""confidence"": 0.0307}]",False
Places365_val_00016195.jpg,/Users/aidahamzic/PycharmProjects/PythonProject1/val_256/Places365_val_00016195.jpg,forest-broadleaf,forest,apiary,0.3267,"[{""rank"": 1, ""label"": ""apiary"", ""confidence"": 0.3267}, {""rank"": 2, ""label"": ""mobile home"", ""confidence"": 0.1323}, {""rank"": 3, ""label"": ""megalith"", ""confidence"": 0.0909}, {""rank"": 4, ""label"": ""golf ball"", ""confidence"": 0.0489}, {""rank"": 5, ""label"": ""solar dish"", ""confidence"": 0.0397}]",False
Places365_val_00016197.jpg,/Users/aidahamzic/PycharmProjects/PythonProject1/val_256/Places365_val_00016197.jpg,forest-broadleaf,forest,stone wall,0.6142,"[{""rank"": 1, ""label"": ""stone wall"", ""confidence"": 0.6142}, {""rank"": 2, ""label"": ""valley"", ""confidence"": 0.0901}, {""rank"": 3, ""label"": ""cliff"", ""confidence"": 0.0281}, {""rank"": 4, ""label"": ""hen-of-the-woods"", ""confidence"": 0.0269}, {""rank"": 5, ""label"": ""marmot"", ""confidence"": 0.0139}]",True
Places365_val_00016203.jpg,/Users/aidahamzic/PycharmProjects/PythonProject1/val_256/Places365_val_00016203.jpg,skyscraper,building,palace,0.1185,"[{""rank"": 1, ""label"": ""palace"", ""confidence"": 0.1185}, {""rank"": 2, ""label"": ""dock"", ""confidence"": 0.0748}, {""rank"": 3, ""label"": ""dome"", ""confidence"": 0.0314}, {""rank"": 4, ""label"": ""airship"", ""confidence"": 0.0291}, {""rank"": 5, ""label"": ""submarine"", ""confidence"": 0.0275}]",True
Places365_val_00016227.jpg,/Users/aidahamzic/PycharmProjects/PythonProject1/val_256/Places365_val_00016227.jpg,ocean,water,tripod,0.3745,"[{""rank"": 1, ""label"": ""tripod"", ""confidence"": 0.3745}, {""rank"": 2, ""label"": ""pole"", ""confidence"": 0.2259}, {""rank"": 3, ""label"": ""reel"", ""confidence"": 0.1026}, {""rank"": 4, ""label"": ""hook"", ""confidence"": 0.0746}, {""rank"": 5, ""label"": ""street sign"", ""confidence"": 0.0385}]",False
Places365_val_00016245.jpg,/Users/aidahamzic/PycharmProjects/PythonProject1/val_256/Places365_val_00016245.jpg,house,building,boathouse,0.5502,"[{""rank"": 1, ""label"": ""boathouse"", ""confidence"": 0.5502}, {""rank"": 2, ""label"": ""mobile home"", ""confidence"": 0.0959}, {""rank"": 3, ""label"": ""birdhouse"", ""confidence"": 0.0501}, {""rank"": 4, ""label"": ""lakeside"", ""confidence"": 0.0448}, {""rank"": 5, ""label"": ""church"", ""confidence"": 0.0322}]",True
Places365_val_00016272.jpg,/Users/aidahamzic/PycharmProjects/PythonProject1/val_256/Places365_val_00016272.jpg,forest-broadleaf,forest,redbone,0.2052,"[{""rank"": 1, ""label"": ""redbone"", ""confidence"": 0.2052}, {""rank"": 2, ""label"": ""Rhodesian ridgeback"", ""confidence"": 0.1685}, {""rank"": 3, ""label"": ""hartebeest"", ""confidence"": 0.1388}, {""rank"": 4, ""label"": ""Great Dane"", ""confidence"": 0.0651}, {""rank"": 5, ""label"": ""Mexican hairless"", ""confidence"": 0.061}]",False
Places365_val_00016291.jpg,/Users/aidahamzic/PycharmProjects/PythonProject1/val_256/Places365_val_00016291.jpg,hotel-outdoor,building,monastery,0.2432,"[{""rank"": 1, ""label"": ""monastery"", ""confidence"": 0.2432}, {""rank"": 2, ""label"": ""palace"", ""confidence"": 0.0788}, {""rank"": 3, ""label"": ""lumbermill"", ""confidence"": 0.07}, {""rank"": 4, ""label"": ""vault"", ""confidence"": 0.0574}, {""rank"": 5, ""label"": ""cliff"", ""confidence"": 0.0551}]",True
Places365_val_00016294.jpg,/Users/aidahamzic/PycharmProjects/PythonProject1/val_256/Places365_val_00016294.jpg,glacier,glacier,cliff,0.3219,"[{""rank"": 1, ""label"": ""cliff"", ""confidence"": 0.3219}, {""rank"": 2, ""label"": ""alp"", ""confidence"": 0.2605}, {""rank"": 3, ""label"": ""dam"", ""confidence"": 0.1424}, {""rank"": 4, ""label"": ""valley"", ""confidence"": 0.1223}, {""rank"": 5, ""label"": ""monastery"", ""confidence"": 0.0554}]",True
Places365_val_00016328.jpg,/Users/aidahamzic/PycharmProjects/PythonProject1/val_256/Places365_val_00016328.jpg,highway,street,trailer truck,0.4829,"[{""rank"": 1, ""label"": ""trailer truck"", ""confidence"": 0.4829}, {""rank"": 2, ""label"": ""submarine"", ""confidence"": 0.2005}, {""rank"": 3, ""label"": ""container ship"", ""confidence"": 0.0239}, {""rank"": 4, ""label"": ""wing"", ""confidence"": 0.0236}, {""rank"": 5, ""label"": ""breakwater"", ""confidence"": 0.0197}]",False
Places365_val_00016355.jpg,/Users/aidahamzic/PycharmProjects/PythonProject1/val_256/Places365_val_00016355.jpg,forest-broadleaf,forest,robin,0.5058,"[{""rank"": 1, ""label"": ""robin"", ""confidence"": 0.5058}, {""rank"": 2, ""label"": ""bulbul"", ""confidence"": 0.1359}, {""rank"": 3, ""label"": ""great grey owl"", ""confidence"": 0.1025}, {""rank"": 4, ""label"": ""kite"", ""confidence"": 0.0301}, {""rank"": 5, ""label"": ""prairie chicken"", ""confidence"": 0.0213}]",False
Places365_val_00016357.jpg,/Users/aidahamzic/PycharmProjects/PythonProject1/val_256/Places365_val_00016357.jpg,ocean,water,seashore,0.623,"[{""rank"": 1, ""label"": ""seashore"", ""confidence"": 0.623}, {""rank"": 2, ""label"": ""sandbar"", ""confidence"": 0.2919}, {""rank"": 3, ""label"": ""lakeside"", ""confidence"": 0.0366}, {""rank"": 4, ""label"": ""promontory"", ""confidence"": 0.0152}, {""rank"": 5, ""label"": ""breakwater"", ""confidence"": 0.0086}]",True
Places365_val_00016372.jpg,/Users/aidahamzic/PycharmProjects/PythonProject1/val_256/Places365_val_00016372.jpg,ocean,water,speedboat,0.3392,"[{""rank"": 1, ""label"": ""speedboat"", ""confidence"": 0.3392}, {""rank"": 2, ""label"": ""breakwater"", ""confidence"": 0.1763}, {""rank"": 3, ""label"": ""dam"", ""confidence"": 0.0691}, {""rank"": 4, ""label"": ""killer whale"", ""confidence"": 0.065}, {""rank"": 5, ""label"": ""fireboat"", ""confidence"": 0.0539}]",True
Places365_val_00016444.jpg,/Users/aidahamzic/PycharmProjects/PythonProject1/val_256/Places365_val_00016444.jpg,ocean,water,yawl,0.9169,"[{""rank"": 1, ""label"": ""yawl"", ""confidence"": 0.9169}, {""rank"": 2, ""label"": ""schooner"", ""confidence"": 0.0517}, {""rank"": 3, ""label"": ""catamaran"", ""confidence"": 0.015}, {""rank"": 4, ""label"": ""trimaran"", ""confidence"": 0.0144}, {""rank"": 5, ""label"": ""killer whale"", ""confidence"": 0.0011}]",True
Places365_val_00016448.jpg,/Users/aidahamzic/PycharmProjects/PythonProject1/val_256/Places365_val_00016448.jpg,rainforest,forest,orangutan,0.1628,"[{""rank"": 1, ""label"": ""orangutan"", ""confidence"": 0.1628}, {""rank"": 2, ""label"": ""armadillo"", ""confidence"": 0.115}, {""rank"": 3, ""label"": ""fox squirrel"", ""confidence"": 0.0389}, {""rank"": 4, ""label"": ""howler monkey"", ""confidence"": 0.0345}, {""rank"": 5, ""label"": ""tusker"", ""confidence"": 0.034}]",True
Places365_val_00016461.jpg,/Users/aidahamzic/PycharmProjects/PythonProject1/val_256/Places365_val_00016461.jpg,highway,street,seashore,0.2854,"[{""rank"": 1, ""label"": ""seashore"", ""confidence"": 0.2854}, {""rank"": 2, ""label"": ""promontory"", ""confidence"": 0.0777}, {""rank"": 3, ""label"": ""tank"", ""confidence"": 0.0769}, {""rank"": 4, ""label"": ""alp"", ""confidence"": 0.0616}, {""rank"": 5, ""label"": ""valley"", ""confidence"": 0.054}]",False
Places365_val_00016470.jpg,/Users/aidahamzic/PycharmProjects/PythonProject1/val_256/Places365_val_00016470.jpg,downtown,building,seashore,0.2311,"[{""rank"": 1, ""label"": ""seashore"", ""confidence"": 0.2311}, {""rank"": 2, ""label"": ""promontory"", ""confidence"": 0.1224}, {""rank"": 3, ""label"": ""lakeside"", ""confidence"": 0.0964}, {""rank"": 4, ""label"": ""valley"", ""confidence"": 0.0369}, {""rank"": 5, ""label"": ""volcano"", ""confidence"": 0.0323}]",False
Places365_val_00016473.jpg,/Users/aidahamzic/PycharmProjects/PythonProject1/val_256/Places365_val_00016473.jpg,alley,street,prison,0.7393,"[{""rank"": 1, ""label"": ""prison"", ""confidence"": 0.7393}, {""rank"": 2, ""label"": ""vault"", ""confidence"": 0.1992}, {""rank"": 3, ""label"": ""monastery"", ""confidence"": 0.0184}, {""rank"": 4, ""label"": ""bell cote"", ""confidence"": 0.0038}, {""rank"": 5, ""label"": ""castle"", ""confidence"": 0.0033}]",False
Places365_val_00016581.jpg,/Users/aidahamzic/PycharmProjects/PythonProject1/val_256/Places365_val_00016581.jpg,glacier,glacier,stingray,0.1585,"[{""rank"": 1, ""label"": ""stingray"", ""confidence"": 0.1585}, {""rank"": 2, ""label"": ""hippopotamus"", ""confidence"": 0.1056}, {""rank"": 3, ""label"": ""sandbar"", ""confidence"": 0.086}, {""rank"": 4, ""label"": ""gar"", ""confidence"": 0.0769}, {""rank"": 5, ""label"": ""electric ray"", ""confidence"": 0.0712}]",False
Places365_val_00016599.jpg,/Users/aidahamzic/PycharmProjects/PythonProject1/val_256/Places365_val_00016599.jpg,hotel-outdoor,building,library,0.3005,"[{""rank"": 1, ""label"": ""library"", ""confidence"": 0.3005}, {""rank"": 2, ""label"": ""bookshop"", ""confidence"": 0.1486}, {""rank"": 3, ""label"": ""tobacco shop"", ""confidence"": 0.1061}, {""rank"": 4, ""label"": ""palace"", ""confidence"": 0.0972}, {""rank"": 5, ""label"": ""restaurant"", ""confidence"": 0.0965}]",True
Places365_val_00016602.jpg,/Users/aidahamzic/PycharmProjects/PythonProject1/val_256/Places365_val_00016602.jpg,street,street,sports car,0.8615,"[{""rank"": 1, ""label"": ""sports car"", ""confidence"": 0.8615}, {""rank"": 2, ""label"": ""racer"", ""confidence"": 0.1124}, {""rank"": 3, ""label"": ""car wheel"", ""confidence"": 0.0069}, {""rank"": 4, ""label"": ""convertible"", ""confidence"": 0.003}, {""rank"": 5, ""label"": ""pickup"", ""confidence"": 0.0022}]",False
Places365_val_00016603.jpg,/Users/aidahamzic/PycharmProjects/PythonProject1/val_256/Places365_val_00016603.jpg,ocean,water,promontory,0.3989,"[{""rank"": 1, ""label"": ""promontory"", ""confidence"": 0.3989}, {""rank"": 2, ""label"": ""seashore"", ""confidence"": 0.2164}, {""rank"": 3, ""label"": ""beacon"", ""confidence"": 0.091}, {""rank"": 4, ""label"": ""lakeside"", ""confidence"": 0.0665}, {""rank"": 5, ""label"": ""cliff"", ""confidence"": 0.0385}]",True
Places365_val_00016605.jpg,/Users/aidahamzic/PycharmProjects/PythonProject1/val_256/Places365_val_00016605.jpg,highway,street,steel arch bridge,0.7748,"[{""rank"": 1, ""label"": ""steel arch bridge"", ""confidence"": 0.7748}, {""rank"": 2, ""label"": ""viaduct"", ""confidence"": 0.0835}, {""rank"": 3, ""label"": ""suspension bridge"", ""confidence"": 0.043}, {""rank"": 4, ""label"": ""planetarium"", ""confidence"": 0.0149}, {""rank"": 5, ""label"": ""pier"", ""confidence"": 0.0128}]",False
Places365_val_00016611.jpg,/Users/aidahamzic/PycharmProjects/PythonProject1/val_256/Places365_val_00016611.jpg,downtown,building,airship,0.3771,"[{""rank"": 1, ""label"": ""airship"", ""confidence"": 0.3771}, {""rank"": 2, ""label"": ""solar dish"", ""confidence"": 0.1075}, {""rank"": 3, ""label"": ""spotlight"", ""confidence"": 0.0834}, {""rank"": 4, ""label"": ""radio telescope"", ""confidence"": 0.0615}, {""rank"": 5, ""label"": ""missile"", ""confidence"": 0.0473}]",False
Places365_val_00016614.jpg,/Users/aidahamzic/PycharmProjects/PythonProject1/val_256/Places365_val_00016614.jpg,downtown,building,monastery,0.7337,"[{""rank"": 1, ""label"": ""monastery"", ""confidence"": 0.7337}, {""rank"": 2, ""label"": ""palace"", ""confidence"": 0.1549}, {""rank"": 3, ""label"": ""church"", ""confidence"": 0.0542}, {""rank"": 4, ""label"": ""bell cote"", ""confidence"": 0.0255}, {""rank"": 5, ""label"": ""triumphal arch"", ""confidence"": 0.0073}]",True
Places365_val_00016634.jpg,/Users/aidahamzic/PycharmProjects/PythonProject1/val_256/Places365_val_00016634.jpg,rainforest,forest,howler monkey,0.1111,"[{""rank"": 1, ""label"": ""howler monkey"", ""confidence"": 0.1111}, {""rank"": 2, ""label"": ""limpkin"", ""confidence"": 0.0836}, {""rank"": 3, ""label"": ""peacock"", ""confidence"": 0.0598}, {""rank"": 4, ""label"": ""greenhouse"", ""confidence"": 0.0518}, {""rank"": 5, ""label"": ""coucal"", ""confidence"": 0.043}]",False
Places365_val_00016651.jpg,/Users/aidahamzic/PycharmProjects/PythonProject1/val_256/Places365_val_00016651.jpg,hotel-outdoor,building,cinema,0.8568,"[{""rank"": 1, ""label"": ""cinema"", ""confidence"": 0.8568}, {""rank"": 2, ""label"": ""palace"", ""confidence"": 0.0376}, {""rank"": 3, ""label"": ""bell cote"", ""confidence"": 0.0197}, {""rank"": 4, ""label"": ""traffic light"", ""confidence"": 0.0136}, {""rank"": 5, ""label"": ""mosque"", ""confidence"": 0.0105}]",True
Places365_val_00016692.jpg,/Users/aidahamzic/PycharmProjects/PythonProject1/val_256/Places365_val_00016692.jpg,ocean,water,lakeside,0.2842,"[{""rank"": 1, ""label"": ""lakeside"", ""confidence"": 0.2842}, {""rank"": 2, ""label"": ""parachute"", ""confidence"": 0.1573}, {""rank"": 3, ""label"": ""seashore"", ""confidence"": 0.1204}, {""rank"": 4, ""label"": ""balloon"", ""confidence"": 0.1104}, {""rank"": 5, ""label"": ""umbrella"", ""confidence"": 0.0985}]",True
Places365_val_00016706.jpg,/Users/aidahamzic/PycharmProjects/PythonProject1/val_256/Places365_val_00016706.jpg,highway,street,trailer truck,0.2161,"[{""rank"": 1, ""label"": ""trailer truck"", ""confidence"": 0.2161}, {""rank"": 2, ""label"": ""aircraft carrier"", ""confidence"": 0.0861}, {""rank"": 3, ""label"": ""tank"", ""confidence"": 0.0647}, {""rank"": 4, ""label"": ""tow truck"", ""confidence"": 0.0574}, {""rank"": 5, ""label"": ""mobile home"", ""confidence"": 0.0505}]",False
Places365_val_00016719.jpg,/Users/aidahamzic/PycharmProjects/PythonProject1/val_256/Places365_val_00016719.jpg,coast,water,canoe,0.3405,"[{""rank"": 1, ""label"": ""canoe"", ""confidence"": 0.3405}, {""rank"": 2, ""label"": ""yawl"", ""confidence"": 0.1733}, {""rank"": 3, ""label"": ""lakeside"", ""confidence"": 0.1388}, {""rank"": 4, ""label"": ""schooner"", ""confidence"": 0.0623}, {""rank"": 5, ""label"": ""pirate"", ""confidence"": 0.0578}]",True
Places365_val_00016725.jpg,/Users/aidahamzic/PycharmProjects/PythonProject1/val_256/Places365_val_00016725.jpg,forest-broadleaf,forest,radio telescope,0.3395,"[{""rank"": 1, ""label"": ""radio telescope"", ""confidence"": 0.3395}, {""rank"": 2, ""label"": ""suspension bridge"", ""confidence"": 0.1102}, {""rank"": 3, ""label"": ""viaduct"", ""confidence"": 0.0812}, {""rank"": 4, ""label"": ""solar dish"", ""confidence"": 0.0357}, {""rank"": 5, ""label"": ""steel arch bridge"", ""confidence"": 0.0325}]",False
Places365_val_00016733.jpg,/Users/aidahamzic/PycharmProjects/PythonProject1/val_256/Places365_val_00016733.jpg,alley,street,monastery,0.1334,"[{""rank"": 1, ""label"": ""monastery"", ""confidence"": 0.1334}, {""rank"": 2, ""label"": ""prison"", ""confidence"": 0.1292}, {""rank"": 3, ""label"": ""crane"", ""confidence"": 0.0737}, {""rank"": 4, ""label"": ""forklift"", ""confidence"": 0.0478}, {""rank"": 5, ""label"": ""guillotine"", ""confidence"": 0.0437}]",False
Places365_val_00016734.jpg,/Users/aidahamzic/PycharmProjects/PythonProject1/val_256/Places365_val_00016734.jpg,coast,water,volcano,0.4245,"[{""rank"": 1, ""label"": ""volcano"", ""confidence"": 0.4245}, {""rank"": 2, ""label"": ""seashore"", ""confidence"": 0.3134}, {""rank"": 3, ""label"": ""valley"", ""confidence"": 0.0625}, {""rank"": 4, ""label"": ""mountain tent"", ""confidence"": 0.0507}, {""rank"": 5, ""label"": ""cliff"", ""confidence"": 0.0428}]",True
Places365_val_00016748.jpg,/Users/aidahamzic/PycharmProjects/PythonProject1/val_256/Places365_val_00016748.jpg,hotel-outdoor,building,cinema,0.9671,"[{""rank"": 1, ""label"": ""cinema"", ""confidence"": 0.9671}, {""rank"": 2, ""label"": ""freight car"", ""confidence"": 0.0088}, {""rank"": 3, ""label"": ""trailer truck"", ""confidence"": 0.0039}, {""rank"": 4, ""label"": ""water tower"", ""confidence"": 0.0034}, {""rank"": 5, ""label"": ""planetarium"", ""confidence"": 0.003}]",True
Places365_val_00016768.jpg,/Users/aidahamzic/PycharmProjects/PythonProject1/val_256/Places365_val_00016768.jpg,alley,street,prison,0.4372,"[{""rank"": 1, ""label"": ""prison"", ""confidence"": 0.4372}, {""rank"": 2, ""label"": ""palace"", ""confidence"": 0.2483}, {""rank"": 3, ""label"": ""library"", ""confidence"": 0.0424}, {""rank"": 4, ""label"": ""cinema"", ""confidence"": 0.0229}, {""rank"": 5, ""label"": ""jinrikisha"", ""confidence"": 0.0216}]",True
Places365_val_00016773.jpg,/Users/aidahamzic/PycharmProjects/PythonProject1/val_256/Places365_val_00016773.jpg,mountain,mountain,alp,0.9391,"[{""rank"": 1, ""label"": ""alp"", ""confidence"": 0.9391}, {""rank"": 2, ""label"": ""ski"", ""confidence"": 0.0344}, {""rank"": 3, ""label"": ""valley"", ""confidence"": 0.0096}, {""rank"": 4, ""label"": ""mountain tent"", ""confidence"": 0.0066}, {""rank"": 5, ""label"": ""dogsled"", ""confidence"": 0.0017}]",True
Places365_val_00016789.jpg,/Users/aidahamzic/PycharmProjects/PythonProject1/val_256/Places365_val_00016789.jpg,coast,water,seashore,0.8598,"[{""rank"": 1, ""label"": ""seashore"", ""confidence"": 0.8598}, {""rank"": 2, ""label"": ""sandbar"", ""confidence"": 0.079}, {""rank"": 3, ""label"": ""lakeside"", ""confidence"": 0.023}, {""rank"": 4, ""label"": ""promontory"", ""confidence"": 0.022}, {""rank"": 5, ""label"": ""cliff"", ""confidence"": 0.0042}]",True
Places365_val_00016852.jpg,/Users/aidahamzic/PycharmProjects/PythonProject1/val_256/Places365_val_00016852.jpg,alley,street,altar,0.1895,"[{""rank"": 1, ""label"": ""altar"", ""confidence"": 0.1895}, {""rank"": 2, ""label"": ""restaurant"", ""confidence"": 0.1096}, {""rank"": 3, ""label"": ""patio"", ""confidence"": 0.0916}, {""rank"": 4, ""label"": ""throne"", ""confidence"": 0.0613}, {""rank"": 5, ""label"": ""pot"", ""confidence"": 0.0473}]",False
Places365_val_00016903.jpg,/Users/aidahamzic/PycharmProjects/PythonProject1/val_256/Places365_val_00016903.jpg,alley,street,toyshop,0.3107,"[{""rank"": 1, ""label"": ""toyshop"", ""confidence"": 0.3107}, {""rank"": 2, ""label"": ""comic book"", ""confidence"": 0.1723}, {""rank"": 3, ""label"": ""confectionery"", ""confidence"": 0.0747}, {""rank"": 4, ""label"": ""stone wall"", ""confidence"": 0.054}, {""rank"": 5, ""label"": ""jigsaw puzzle"", ""confidence"": 0.0425}]",False
Places365_val_00016999.jpg,/Users/aidahamzic/PycharmProjects/PythonProject1/val_256/Places365_val_00016999.jpg,highway,street,snowplow,0.865,"[{""rank"": 1, ""label"": ""snowplow"", ""confidence"": 0.865}, {""rank"": 2, ""label"": ""snowmobile"", ""confidence"": 0.1036}, {""rank"": 3, ""label"": ""bobsled"", ""confidence"": 0.0129}, {""rank"": 4, ""label"": ""school bus"", ""confidence"": 0.004}, {""rank"": 5, ""label"": ""trailer truck"", ""confidence"": 0.0029}]",False
Places365_val_00017020.jpg,/Users/aidahamzic/PycharmProjects/PythonProject1/val_256/Places365_val_00017020.jpg,tower,building,cinema,0.4923,"[{""rank"": 1, ""label"": ""cinema"", ""confidence"": 0.4923}, {""rank"": 2, ""label"": ""castle"", ""confidence"": 0.2178}, {""rank"": 3, ""label"": ""beacon"", ""confidence"": 0.0573}, {""rank"": 4, ""label"": ""stupa"", ""confidence"": 0.0441}, {""rank"": 5, ""label"": ""water tower"", ""confidence"": 0.027}]",True
Places365_val_00017022.jpg,/Users/aidahamzic/PycharmProjects/PythonProject1/val_256/Places365_val_00017022.jpg,house,building,minivan,0.2445,"[{""rank"": 1, ""label"": ""minivan"", ""confidence"": 0.2445}, {""rank"": 2, ""label"": ""minibus"", ""confidence"": 0.2041}, {""rank"": 3, ""label"": ""trolleybus"", ""confidence"": 0.0377}, {""rank"": 4, ""label"": ""passenger car"", ""confidence"": 0.0358}, {""rank"": 5, ""label"": ""rain barrel"", ""confidence"": 0.0313}]",False
Places365_val_00017111.jpg,/Users/aidahamzic/PycharmProjects/PythonProject1/val_256/Places365_val_00017111.jpg,highway,street,lumbermill,0.7306,"[{""rank"": 1, ""label"": ""lumbermill"", ""confidence"": 0.7306}, {""rank"": 2, ""label"": ""viaduct"", ""confidence"": 0.0237}, {""rank"": 3, ""label"": ""greenhouse"", ""confidence"": 0.0201}, {""rank"": 4, ""label"": ""maze"", ""confidence"": 0.0171}, {""rank"": 5, ""label"": ""bullet train"", ""confidence"": 0.0157}]",False
Places365_val_00017144.jpg,/Users/aidahamzic/PycharmProjects/PythonProject1/val_256/Places365_val_00017144.jpg,rainforest,forest,worm fence,0.2512,"[{""rank"": 1, ""label"": ""worm fence"", ""confidence"": 0.2512}, {""rank"": 2, ""label"": ""mountain bike"", ""confidence"": 0.2275}, {""rank"": 3, ""label"": ""mountain tent"", ""confidence"": 0.0612}, {""rank"": 4, ""label"": ""stone wall"", ""confidence"": 0.0414}, {""rank"": 5, ""label"": ""lakeside"", ""confidence"": 0.0342}]",False
Places365_val_00017153.jpg,/Users/aidahamzic/PycharmProjects/PythonProject1/val_256/Places365_val_00017153.jpg,skyscraper,building,bell cote,0.4287,"[{""rank"": 1, ""label"": ""bell cote"", ""confidence"": 0.4287}, {""rank"": 2, ""label"": ""church"", ""confidence"": 0.0763}, {""rank"": 3, ""label"": ""beacon"", ""confidence"": 0.0702}, {""rank"": 4, ""label"": ""radio telescope"", ""confidence"": 0.0597}, {""rank"": 5, ""label"": ""planetarium"", ""confidence"": 0.042}]",True
Places365_val_00017173.jpg,/Users/aidahamzic/PycharmProjects/PythonProject1/val_256/Places365_val_00017173.jpg,tower,building,seashore,0.261,"[{""rank"": 1, ""label"": ""seashore"", ""confidence"": 0.261}, {""rank"": 2, ""label"": ""lakeside"", ""confidence"": 0.23}, {""rank"": 3, ""label"": ""castle"", ""confidence"": 0.1033}, {""rank"": 4, ""label"": ""breakwater"", ""confidence"": 0.0637}, {""rank"": 5, ""label"": ""cliff"", ""confidence"": 0.0371}]",True
Places365_val_00017197.jpg,/Users/aidahamzic/PycharmProjects/PythonProject1/val_256/Places365_val_00017197.jpg,hotel-outdoor,building,freight car,0.4372,"[{""rank"": 1, ""label"": ""freight car"", ""confidence"": 0.4372}, {""rank"": 2, ""label"": ""scoreboard"", ""confidence"": 0.0949}, {""rank"": 3, ""label"": ""library"", ""confidence"": 0.0721}, {""rank"": 4, ""label"": ""water tower"", ""confidence"": 0.0452}, {""rank"": 5, ""label"": ""container ship"", ""confidence"": 0.0365}]",True
Places365_val_00017217.jpg,/Users/aidahamzic/PycharmProjects/PythonProject1/val_256/Places365_val_00017217.jpg,tower,building,monastery,0.569,"[{""rank"": 1, ""label"": ""monastery"", ""confidence"": 0.569}, {""rank"": 2, ""label"": ""bell cote"", ""confidence"": 0.3359}, {""rank"": 3, ""label"": ""castle"", ""confidence"": 0.0623}, {""rank"": 4, ""label"": ""church"", ""confidence"": 0.0293}, {""rank"": 5, ""label"": ""palace"", ""confidence"": 0.0016}]",True
Places365_val_00017219.jpg,/Users/aidahamzic/PycharmProjects/PythonProject1/val_256/Places365_val_00017219.jpg,alley,street,triumphal arch,0.1939,"[{""rank"": 1, ""label"": ""triumphal arch"", ""confidence"": 0.1939}, {""rank"": 2, ""label"": ""bell cote"", ""confidence"": 0.1602}, {""rank"": 3, ""label"": ""obelisk"", ""confidence"": 0.1155}, {""rank"": 4, ""label"": ""mosque"", ""confidence"": 0.069}, {""rank"": 5, ""label"": ""monastery"", ""confidence"": 0.0393}]",False
Places365_val_00017231.jpg,/Users/aidahamzic/PycharmProjects/PythonProject1/val_256/Places365_val_00017231.jpg,alley,street,vault,0.2105,"[{""rank"": 1, ""label"": ""vault"", ""confidence"": 0.2105}, {""rank"": 2, ""label"": ""church"", ""confidence"": 0.1139}, {""rank"": 3, ""label"": ""monastery"", ""confidence"": 0.1043}, {""rank"": 4, ""label"": ""fountain"", ""confidence"": 0.0737}, {""rank"": 5, ""label"": ""cliff"", ""confidence"": 0.0534}]",False
Places365_val_00017243.jpg,/Users/aidahamzic/PycharmProjects/PythonProject1/val_256/Places365_val_00017243.jpg,rainforest,forest,three-toed sloth,0.3094,"[{""rank"": 1, ""label"": ""three-toed sloth"", ""confidence"": 0.3094}, {""rank"": 2, ""label"": ""howler monkey"", ""confidence"": 0.135}, {""rank"": 3, ""label"": ""indri"", ""confidence"": 0.1181}, {""rank"": 4, ""label"": ""toucan"", ""confidence"": 0.1181}, {""rank"": 5, ""label"": ""proboscis monkey"", ""confidence"": 0.0792}]",False
Places365_val_00017246.jpg,/Users/aidahamzic/PycharmProjects/PythonProject1/val_256/Places365_val_00017246.jpg,rainforest,forest,restaurant,0.0822,"[{""rank"": 1, ""label"": ""restaurant"", ""confidence"": 0.0822}, {""rank"": 2, ""label"": ""jigsaw puzzle"", ""confidence"": 0.0585}, {""rank"": 3, ""label"": ""pot"", ""confidence"": 0.0427}, {""rank"": 4, ""label"": ""Christmas stocking"", ""confidence"": 0.0422}, {""rank"": 5, ""label"": ""dining table"", ""confidence"": 0.0255}]",False
Places365_val_00017271.jpg,/Users/aidahamzic/PycharmProjects/PythonProject1/val_256/Places365_val_00017271.jpg,street,street,streetcar,0.5506,"[{""rank"": 1, ""label"": ""streetcar"", ""confidence"": 0.5506}, {""rank"": 2, ""label"": ""passenger car"", ""confidence"": 0.0855}, {""rank"": 3, ""label"": ""electric locomotive"", ""confidence"": 0.067}, {""rank"": 4, ""label"": ""prison"", ""confidence"": 0.0543}, {""rank"": 5, ""label"": ""lumbermill"", ""confidence"": 0.0465}]",True
Places365_val_00017277.jpg,/Users/aidahamzic/PycharmProjects/PythonProject1/val_256/Places365_val_00017277.jpg,ocean,water,redbone,0.1159,"[{""rank"": 1, ""label"": ""redbone"", ""confidence"": 0.1159}, {""rank"": 2, ""label"": ""lakeside"", ""confidence"": 0.0906}, {""rank"": 3, ""label"": ""sandbar"", ""confidence"": 0.0441}, {""rank"": 4, ""label"": ""vizsla"", ""confidence"": 0.0368}, {""rank"": 5, ""label"": ""seashore"", ""confidence"": 0.0324}]",True
Places365_val_00017297.jpg,/Users/aidahamzic/PycharmProjects/PythonProject1/val_256/Places365_val_00017297.jpg,street,street,jinrikisha,0.3148,"[{""rank"": 1, ""label"": ""jinrikisha"", ""confidence"": 0.3148}, {""rank"": 2, ""label"": ""unicycle"", ""confidence"": 0.2111}, {""rank"": 3, ""label"": ""racket"", ""confidence"": 0.0505}, {""rank"": 4, ""label"": ""tricycle"", ""confidence"": 0.0369}, {""rank"": 5, ""label"": ""knee pad"", ""confidence"": 0.0358}]",True
Places365_val_00017299.jpg,/Users/aidahamzic/PycharmProjects/PythonProject1/val_256/Places365_val_00017299.jpg,alley,street,barbershop,0.1513,"[{""rank"": 1, ""label"": ""barbershop"", ""confidence"": 0.1513}, {""rank"": 2, ""label"": ""barber chair"", ""confidence"": 0.0932}, {""rank"": 3, ""label"": ""restaurant"", ""confidence"": 0.063}, {""rank"": 4, ""label"": ""abaya"", ""confidence"": 0.0492}, {""rank"": 5, ""label"": ""passenger car"", ""confidence"": 0.0359}]",False
Places365_val_00017336.jpg,/Users/aidahamzic/PycharmProjects/PythonProject1/val_256/Places365_val_00017336.jpg,river,water,valley,0.3382,"[{""rank"": 1, ""label"": ""valley"", ""confidence"": 0.3382}, {""rank"": 2, ""label"": ""viaduct"", ""confidence"": 0.1493}, {""rank"": 3, ""label"": ""lakeside"", ""confidence"": 0.1254}, {""rank"": 4, ""label"": ""castle"", ""confidence"": 0.0866}, {""rank"": 5, ""label"": ""volcano"", ""confidence"": 0.0497}]",True
Places365_val_00017360.jpg,/Users/aidahamzic/PycharmProjects/PythonProject1/val_256/Places365_val_00017360.jpg,house,building,mobile home,0.743,"[{""rank"": 1, ""label"": ""mobile home"", ""confidence"": 0.743}, {""rank"": 2, ""label"": ""picket fence"", ""confidence"": 0.1282}, {""rank"": 3, ""label"": ""church"", ""confidence"": 0.0603}, {""rank"": 4, ""label"": ""worm fence"", ""confidence"": 0.0094}, {""rank"": 5, ""label"": ""monastery"", ""confidence"": 0.0088}]",True
Places365_val_00017396.jpg,/Users/aidahamzic/PycharmProjects/PythonProject1/val_256/Places365_val_00017396.jpg,ocean,water,seashore,0.43,"[{""rank"": 1, ""label"": ""seashore"", ""confidence"": 0.43}, {""rank"": 2, ""label"": ""sandbar"", ""confidence"": 0.3855}, {""rank"": 3, ""label"": ""promontory"", ""confidence"": 0.0441}, {""rank"": 4, ""label"": ""coral reef"", ""confidence"": 0.0258}, {""rank"": 5, ""label"": ""snorkel"", ""confidence"": 0.0244}]",True
Places365_val_00017430.jpg,/Users/aidahamzic/PycharmProjects/PythonProject1/val_256/Places365_val_00017430.jpg,downtown,building,scoreboard,0.2504,"[{""rank"": 1, ""label"": ""scoreboard"", ""confidence"": 0.2504}, {""rank"": 2, ""label"": ""pot"", ""confidence"": 0.1008}, {""rank"": 3, ""label"": ""greenhouse"", ""confidence"": 0.07}, {""rank"": 4, ""label"": ""flagpole"", ""confidence"": 0.0381}, {""rank"": 5, ""label"": ""picket fence"", ""confidence"": 0.0325}]",True
Places365_val_00017431.jpg,/Users/aidahamzic/PycharmProjects/PythonProject1/val_256/Places365_val_00017431.jpg,river,water,lakeside,0.901,"[{""rank"": 1, ""label"": ""lakeside"", ""confidence"": 0.901}, {""rank"": 2, ""label"": ""boathouse"", ""confidence"": 0.0421}, {""rank"": 3, ""label"": ""seashore"", ""confidence"": 0.0168}, {""rank"": 4, ""label"": ""promontory"", ""confidence"": 0.0146}, {""rank"": 5, ""label"": ""valley"", ""confidence"": 0.0082}]",True
Places365_val_00017458.jpg,/Users/aidahamzic/PycharmProjects/PythonProject1/val_256/Places365_val_00017458.jpg,glacier,glacier,lakeside,0.1203,"[{""rank"": 1, ""label"": ""lakeside"", ""confidence"": 0.1203}, {""rank"": 2, ""label"": ""catamaran"", ""confidence"": 0.1129}, {""rank"": 3, ""label"": ""amphibian"", ""confidence"": 0.1105}, {""rank"": 4, ""label"": ""speedboat"", ""confidence"": 0.0957}, {""rank"": 5, ""label"": ""canoe"", ""confidence"": 0.0638}]",False
Places365_val_00017489.jpg,/Users/aidahamzic/PycharmProjects/PythonProject1/val_256/Places365_val_00017489.jpg,house,building,boathouse,0.5573,"[{""rank"": 1, ""label"": ""boathouse"", ""confidence"": 0.5573}, {""rank"": 2, ""label"": ""lakeside"", ""confidence"": 0.1552}, {""rank"": 3, ""label"": ""palace"", ""confidence"": 0.0469}, {""rank"": 4, ""label"": ""mobile home"", ""confidence"": 0.0324}, {""rank"": 5, ""label"": ""thatch"", ""confidence"": 0.0256}]",True
Places365_val_00017519.jpg,/Users/aidahamzic/PycharmProjects/PythonProject1/val_256/Places365_val_00017519.jpg,mountain,mountain,cliff,0.2181,"[{""rank"": 1, ""label"": ""cliff"", ""confidence"": 0.2181}, {""rank"": 2, ""label"": ""promontory"", ""confidence"": 0.2026}, {""rank"": 3, ""label"": ""volcano"", ""confidence"": 0.1803}, {""rank"": 4, ""label"": ""seashore"", ""confidence"": 0.1342}, {""rank"": 5, ""label"": ""valley"", ""confidence"": 0.1066}]",True
Places365_val_00017594.jpg,/Users/aidahamzic/PycharmProjects/PythonProject1/val_256/Places365_val_00017594.jpg,hotel-outdoor,building,mobile home,0.443,"[{""rank"": 1, ""label"": ""mobile home"", ""confidence"": 0.443}, {""rank"": 2, ""label"": ""monastery"", ""confidence"": 0.3313}, {""rank"": 3, ""label"": ""patio"", ""confidence"": 0.0526}, {""rank"": 4, ""label"": ""birdhouse"", ""confidence"": 0.0255}, {""rank"": 5, ""label"": ""recreational vehicle"", ""confidence"": 0.025}]",True
Places365_val_00017620.jpg,/Users/aidahamzic/PycharmProjects/PythonProject1/val_256/Places365_val_00017620.jpg,tower,building,monastery,0.451,"[{""rank"": 1, ""label"": ""monastery"", ""confidence"": 0.451}, {""rank"": 2, ""label"": ""palace"", ""confidence"": 0.3408}, {""rank"": 3, ""label"": ""dome"", ""confidence"": 0.0997}, {""rank"": 4, ""label"": ""mosque"", ""confidence"": 0.0505}, {""rank"": 5, ""label"": ""stupa"", ""confidence"": 0.0152}]",True
Places365_val_00017652.jpg,/Users/aidahamzic/PycharmProjects/PythonProject1/val_256/Places365_val_00017652.jpg,coast,water,seashore,0.4523,"[{""rank"": 1, ""label"": ""seashore"", ""confidence"": 0.4523}, {""rank"": 2, ""label"": ""promontory"", ""confidence"": 0.4145}, {""rank"": 3, ""label"": ""cliff"", ""confidence"": 0.0627}, {""rank"": 4, ""label"": ""lakeside"", ""confidence"": 0.0146}, {""rank"": 5, ""label"": ""sandbar"", ""confidence"": 0.0141}]",True
Places365_val_00017687.jpg,/Users/aidahamzic/PycharmProjects/PythonProject1/val_256/Places365_val_00017687.jpg,hotel-outdoor,building,bell cote,0.1344,"[{""rank"": 1, ""label"": ""bell cote"", ""confidence"": 0.1344}, {""rank"": 2, ""label"": ""palace"", ""confidence"": 0.1343}, {""rank"": 3, ""label"": ""limousine"", ""confidence"": 0.0651}, {""rank"": 4, ""label"": ""dome"", ""confidence"": 0.0599}, {""rank"": 5, ""label"": ""cab"", ""confidence"": 0.0539}]",True
Places365_val_00017718.jpg,/Users/aidahamzic/PycharmProjects/PythonProject1/val_256/Places365_val_00017718.jpg,highway,street,car mirror,0.1872,"[{""rank"": 1, ""label"": ""car mirror"", ""confidence"": 0.1872}, {""rank"": 2, ""label"": ""dam"", ""confidence"": 0.11}, {""rank"": 3, ""label"": ""viaduct"", ""confidence"": 0.0848}, {""rank"": 4, ""label"": ""rapeseed"", ""confidence"": 0.0717}, {""rank"": 5, ""label"": ""lakeside"", ""confidence"": 0.0556}]",False
Places365_val_00017724.jpg,/Users/aidahamzic/PycharmProjects/PythonProject1/val_256/Places365_val_00017724.jpg,coast,water,sunglass,0.5733,"[{""rank"": 1, ""label"": ""sunglass"", ""confidence"": 0.5733}, {""rank"": 2, ""label"": ""sunglasses"", ""confidence"": 0.3842}, {""rank"": 3, ""label"": ""bathing cap"", ""confidence"": 0.0096}, {""rank"": 4, ""label"": ""snorkel"", ""confidence"": 0.0044}, {""rank"": 5, ""label"": ""mask"", ""confidence"": 0.0017}]",True
Places365_val_00017735.jpg,/Users/aidahamzic/PycharmProjects/PythonProject1/val_256/Places365_val_00017735.jpg,highway,street,worm fence,0.3527,"[{""rank"": 1, ""label"": ""worm fence"", ""confidence"": 0.3527}, {""rank"": 2, ""label"": ""dam"", ""confidence"": 0.3478}, {""rank"": 3, ""label"": ""alp"", ""confidence"": 0.0722}, {""rank"": 4, ""label"": ""lakeside"", ""confidence"": 0.0216}, {""rank"": 5, ""label"": ""valley"", ""confidence"": 0.0146}]",False
Places365_val_00017738.jpg,/Users/aidahamzic/PycharmProjects/PythonProject1/val_256/Places365_val_00017738.jpg,street,street,miniskirt,0.6365,"[{""rank"": 1, ""label"": ""miniskirt"", ""confidence"": 0.6365}, {""rank"": 2, ""label"": ""bearskin"", ""confidence"": 0.1611}, {""rank"": 3, ""label"": ""jinrikisha"", ""confidence"": 0.0495}, {""rank"": 4, ""label"": ""fur coat"", ""confidence"": 0.0445}, {""rank"": 5, ""label"": ""trench coat"", ""confidence"": 0.0204}]",True
Places365_val_00017770.jpg,/Users/aidahamzic/PycharmProjects/PythonProject1/val_256/Places365_val_00017770.jpg,coast,water,valley,0.4919,"[{""rank"": 1, ""label"": ""valley"", ""confidence"": 0.4919}, {""rank"": 2, ""label"": ""alp"", ""confidence"": 0.1223}, {""rank"": 3, ""label"": ""thatch"", ""confidence"": 0.0779}, {""rank"": 4, ""label"": ""boathouse"", ""confidence"": 0.0655}, {""rank"": 5, ""label"": ""lakeside"", ""confidence"": 0.0433}]",True
Places365_val_00017841.jpg,/Users/aidahamzic/PycharmProjects/PythonProject1/val_256/Places365_val_00017841.jpg,hotel-outdoor,building,lakeside,0.2632,"[{""rank"": 1, ""label"": ""lakeside"", ""confidence"": 0.2632}, {""rank"": 2, ""label"": ""seashore"", ""confidence"": 0.1853}, {""rank"": 3, ""label"": ""airship"", ""confidence"": 0.0499}, {""rank"": 4, ""label"": ""sandbar"", ""confidence"": 0.0386}, {""rank"": 5, ""label"": ""steel arch bridge"", ""confidence"": 0.0326}]",False
Places365_val_00017859.jpg,/Users/aidahamzic/PycharmProjects/PythonProject1/val_256/Places365_val_00017859.jpg,forest-broadleaf,forest,park bench,0.3263,"[{""rank"": 1, ""label"": ""park bench"", ""confidence"": 0.3263}, {""rank"": 2, ""label"": ""worm fence"", ""confidence"": 0.1676}, {""rank"": 3, ""label"": ""swing"", ""confidence"": 0.0489}, {""rank"": 4, ""label"": ""shopping cart"", ""confidence"": 0.0299}, {""rank"": 5, ""label"": ""lakeside"", ""confidence"": 0.0208}]",True
Places365_val_00017868.jpg,/Users/aidahamzic/PycharmProjects/PythonProject1/val_256/Places365_val_00017868.jpg,forest-broadleaf,forest,worm fence,0.2044,"[{""rank"": 1, ""label"": ""worm fence"", ""confidence"": 0.2044}, {""rank"": 2, ""label"": ""stone wall"", ""confidence"": 0.0521}, {""rank"": 3, ""label"": ""birdhouse"", ""confidence"": 0.0414}, {""rank"": 4, ""label"": ""barn"", ""confidence"": 0.04}, {""rank"": 5, ""label"": ""cliff"", ""confidence"": 0.0273}]",True
Places365_val_00017896.jpg,/Users/aidahamzic/PycharmProjects/PythonProject1/val_256/Places365_val_00017896.jpg,house,building,mobile home,0.2471,"[{""rank"": 1, ""label"": ""mobile home"", ""confidence"": 0.2471}, {""rank"": 2, ""label"": ""boathouse"", ""confidence"": 0.148}, {""rank"": 3, ""label"": ""church"", ""confidence"": 0.1256}, {""rank"": 4, ""label"": ""worm fence"", ""confidence"": 0.1083}, {""rank"": 5, ""label"": ""monastery"", ""confidence"": 0.0656}]",True
Places365_val_00017910.jpg,/Users/aidahamzic/PycharmProjects/PythonProject1/val_256/Places365_val_00017910.jpg,rainforest,forest,hartebeest,0.3121,"[{""rank"": 1, ""label"": ""hartebeest"", ""confidence"": 0.3121}, {""rank"": 2, ""label"": ""plow"", ""confidence"": 0.1588}, {""rank"": 3, ""label"": ""worm fence"", ""confidence"": 0.1024}, {""rank"": 4, ""label"": ""lumbermill"", ""confidence"": 0.0621}, {""rank"": 5, ""label"": ""oxcart"", ""confidence"": 0.0377}]",False
Places365_val_00017933.jpg,/Users/aidahamzic/PycharmProjects/PythonProject1/val_256/Places365_val_00017933.jpg,skyscraper,building,prison,0.093,"[{""rank"": 1, ""label"": ""prison"", ""confidence"": 0.093}, {""rank"": 2, ""label"": ""church"", ""confidence"": 0.0905}, {""rank"": 3, ""label"": ""cinema"", ""confidence"": 0.0576}, {""rank"": 4, ""label"": ""tile roof"", ""confidence"": 0.0554}, {""rank"": 5, ""label"": ""computer keyboard"", ""confidence"": 0.041}]",True
Places365_val_00017955.jpg,/Users/aidahamzic/PycharmProjects/PythonProject1/val_256/Places365_val_00017955.jpg,rainforest,forest,orangutan,0.497,"[{""rank"": 1, ""label"": ""orangutan"", ""confidence"": 0.497}, {""rank"": 2, ""label"": ""titi"", ""confidence"": 0.2418}, {""rank"": 3, ""label"": ""howler monkey"", ""confidence"": 0.1397}, {""rank"": 4, ""label"": ""spider monkey"", ""confidence"": 0.0357}, {""rank"": 5, ""label"": ""capuchin"", ""confidence"": 0.016}]",True
Places365_val_00017962.jpg,/Users/aidahamzic/PycharmProjects/PythonProject1/val_256/Places365_val_00017962.jpg,rainforest,forest,valley,0.0821,"[{""rank"": 1, ""label"": ""valley"", ""confidence"": 0.0821}, {""rank"": 2, ""label"": ""breastplate"", ""confidence"": 0.0488}, {""rank"": 3, ""label"": ""spotlight"", ""confidence"": 0.0441}, {""rank"": 4, ""label"": ""alp"", ""confidence"": 0.0384}, {""rank"": 5, ""label"": ""cliff"", ""confidence"": 0.0315}]",True
Places365_val_00017984.jpg,/Users/aidahamzic/PycharmProjects/PythonProject1/val_256/Places365_val_00017984.jpg,street,street,cinema,0.2262,"[{""rank"": 1, ""label"": ""cinema"", ""confidence"": 0.2262}, {""rank"": 2, ""label"": ""streetcar"", ""confidence"": 0.0417}, {""rank"": 3, ""label"": ""limousine"", ""confidence"": 0.0369}, {""rank"": 4, ""label"": ""planetarium"", ""confidence"": 0.0298}, {""rank"": 5, ""label"": ""patio"", ""confidence"": 0.0298}]",True
Places365_val_00017993.jpg,/Users/aidahamzic/PycharmProjects/PythonProject1/val_256/Places365_val_00017993.jpg,house,building,mobile home,0.4143,"[{""rank"": 1, ""label"": ""mobile home"", ""confidence"": 0.4143}, {""rank"": 2, ""label"": ""picket fence"", ""confidence"": 0.1117}, {""rank"": 3, ""label"": ""boathouse"", ""confidence"": 0.1061}, {""rank"": 4, ""label"": ""library"", ""confidence"": 0.0255}, {""rank"": 5, ""label"": ""barn"", ""confidence"": 0.0227}]",True
Places365_val_00018014.jpg,/Users/aidahamzic/PycharmProjects/PythonProject1/val_256/Places365_val_00018014.jpg,tower,building,castle,0.4738,"[{""rank"": 1, ""label"": ""castle"", ""confidence"": 0.4738}, {""rank"": 2, ""label"": ""monastery"", ""confidence"": 0.2779}, {""rank"": 3, ""label"": ""bell cote"", ""confidence"": 0.1621}, {""rank"": 4, ""label"": ""palace"", ""confidence"": 0.0489}, {""rank"": 5, ""label"": ""church"", ""confidence"": 0.0093}]",True
Places365_val_00018049.jpg,/Users/aidahamzic/PycharmProjects/PythonProject1/val_256/Places365_val_00018049.jpg,tower,building,lakeside,0.3359,"[{""rank"": 1, ""label"": ""lakeside"", ""confidence"": 0.3359}, {""rank"": 2, ""label"": ""aircraft carrier"", ""confidence"": 0.1464}, {""rank"": 3, ""label"": ""dock"", ""confidence"": 0.0925}, {""rank"": 4, ""label"": ""seashore"", ""confidence"": 0.0898}, {""rank"": 5, ""label"": ""drilling platform"", ""confidence"": 0.063}]",False
Places365_val_00018056.jpg,/Users/aidahamzic/PycharmProjects/PythonProject1/val_256/Places365_val_00018056.jpg,tower,building,monastery,0.7064,"[{""rank"": 1, ""label"": ""monastery"", ""confidence"": 0.7064}, {""rank"": 2, ""label"": ""palace"", ""confidence"": 0.0856}, {""rank"": 3, ""label"": ""church"", ""confidence"": 0.0815}, {""rank"": 4, ""label"": ""castle"", ""confidence"": 0.0599}, {""rank"": 5, ""label"": ""bell cote"", ""confidence"": 0.0417}]",True
Places365_val_00018113.jpg,/Users/aidahamzic/PycharmProjects/PythonProject1/val_256/Places365_val_00018113.jpg,river,water,king penguin,0.1276,"[{""rank"": 1, ""label"": ""king penguin"", ""confidence"": 0.1276}, {""rank"": 2, ""label"": ""sandbar"", ""confidence"": 0.1083}, {""rank"": 3, ""label"": ""seashore"", ""confidence"": 0.0921}, {""rank"": 4, ""label"": ""maze"", ""confidence"": 0.0627}, {""rank"": 5, ""label"": ""shovel"", ""confidence"": 0.0565}]",True
Places365_val_00018172.jpg,/Users/aidahamzic/PycharmProjects/PythonProject1/val_256/Places365_val_00018172.jpg,river,water,lakeside,0.1365,"[{""rank"": 1, ""label"": ""lakeside"", ""confidence"": 0.1365}, {""rank"": 2, ""label"": ""canoe"", ""confidence"": 0.0366}, {""rank"": 3, ""label"": ""thatch"", ""confidence"": 0.0282}, {""rank"": 4, ""label"": ""valley"", ""confidence"": 0.0253}, {""rank"": 5, ""label"": ""mountain tent"", ""confidence"": 0.0215}]",True
Places365_val_00018183.jpg,/Users/aidahamzic/PycharmProjects/PythonProject1/val_256/Places365_val_00018183.jpg,tower,building,loudspeaker,0.162,"[{""rank"": 1, ""label"": ""loudspeaker"", ""confidence"": 0.162}, {""rank"": 2, ""label"": ""cannon"", ""confidence"": 0.1057}, {""rank"": 3, ""label"": ""binoculars"", ""confidence"": 0.1011}, {""rank"": 4, ""label"": ""gong"", ""confidence"": 0.0879}, {""rank"": 5, ""label"": ""projector"", ""confidence"": 0.072}]",False
Places365_val_00018189.jpg,/Users/aidahamzic/PycharmProjects/PythonProject1/val_256/Places365_val_00018189.jpg,river,water,viaduct,0.1813,"[{""rank"": 1, ""label"": ""viaduct"", ""confidence"": 0.1813}, {""rank"": 2, ""label"": ""dam"", ""confidence"": 0.1229}, {""rank"": 3, ""label"": ""alp"", ""confidence"": 0.1083}, {""rank"": 4, ""label"": ""suspension bridge"", ""confidence"": 0.0953}, {""rank"": 5, ""label"": ""castle"", ""confidence"": 0.0912}]",False
Places365_val_00018210.jpg,/Users/aidahamzic/PycharmProjects/PythonProject1/val_256/Places365_val_00018210.jpg,tower,building,castle,0.4011,"[{""rank"": 1, ""label"": ""castle"", ""confidence"": 0.4011}, {""rank"": 2, ""label"": ""seashore"", ""confidence"": 0.1436}, {""rank"": 3, ""label"": ""lakeside"", ""confidence"": 0.0712}, {""rank"": 4, ""label"": ""promontory"", ""confidence"": 0.0529}, {""rank"": 5, ""label"": ""valley"", ""confidence"": 0.0237}]",True
Places365_val_00018285.jpg,/Users/aidahamzic/PycharmProjects/PythonProject1/val_256/Places365_val_00018285.jpg,rainforest,forest,lakeside,0.0855,"[{""rank"": 1, ""label"": ""lakeside"", ""confidence"": 0.0855}, {""rank"": 2, ""label"": ""apiary"", ""confidence"": 0.0787}, {""rank"": 3, ""label"": ""peacock"", ""confidence"": 0.0415}, {""rank"": 4, ""label"": ""bighorn"", ""confidence"": 0.0348}, {""rank"": 5, ""label"": ""goose"", ""confidence"": 0.0275}]",False
Places365_val_00018299.jpg,/Users/aidahamzic/PycharmProjects/PythonProject1/val_256/Places365_val_00018299.jpg,skyscraper,building,drilling platform,0.4922,"[{""rank"": 1, ""label"": ""drilling platform"", ""confidence"": 0.4922}, {""rank"": 2, ""label"": ""stage"", ""confidence"": 0.0773}, {""rank"": 3, ""label"": ""crane"", ""confidence"": 0.0352}, {""rank"": 4, ""label"": ""electric guitar"", ""confidence"": 0.0348}, {""rank"": 5, ""label"": ""bell cote"", ""confidence"": 0.03}]",False
Places365_val_00018329.jpg,/Users/aidahamzic/PycharmProjects/PythonProject1/val_256/Places365_val_00018329.jpg,glacier,glacier,alp,0.5267,"[{""rank"": 1, ""label"": ""alp"", ""confidence"": 0.5267}, {""rank"": 2, ""label"": ""valley"", ""confidence"": 0.2081}, {""rank"": 3, ""label"": ""volcano"", ""confidence"": 0.147}, {""rank"": 4, ""label"": ""mountain tent"", ""confidence"": 0.0671}, {""rank"": 5, ""label"": ""yurt"", ""confidence"": 0.0119}]",True
Places365_val_00018410.jpg,/Users/aidahamzic/PycharmProjects/PythonProject1/val_256/Places365_val_00018410.jpg,house,building,guillotine,0.3292,"[{""rank"": 1, ""label"": ""guillotine"", ""confidence"": 0.3292}, {""rank"": 2, ""label"": ""analog clock"", ""confidence"": 0.1404}, {""rank"": 3, ""label"": ""street sign"", ""confidence"": 0.0771}, {""rank"": 4, ""label"": ""bell cote"", ""confidence"": 0.043}, {""rank"": 5, ""label"": ""bannister"", ""confidence"": 0.0382}]",False
Places365_val_00018446.jpg,/Users/aidahamzic/PycharmProjects/PythonProject1/val_256/Places365_val_00018446.jpg,highway,street,trailer truck,0.4448,"[{""rank"": 1, ""label"": ""trailer truck"", ""confidence"": 0.4448}, {""rank"": 2, ""label"": ""passenger car"", ""confidence"": 0.1226}, {""rank"": 3, ""label"": ""steam locomotive"", ""confidence"": 0.0612}, {""rank"": 4, ""label"": ""limousine"", ""confidence"": 0.0533}, {""rank"": 5, ""label"": ""worm fence"", ""confidence"": 0.0388}]",True
Places365_val_00018470.jpg,/Users/aidahamzic/PycharmProjects/PythonProject1/val_256/Places365_val_00018470.jpg,tower,building,water tower,0.2425,"[{""rank"": 1, ""label"": ""water tower"", ""confidence"": 0.2425}, {""rank"": 2, ""label"": ""solar dish"", ""confidence"": 0.1388}, {""rank"": 3, ""label"": ""radio telescope"", ""confidence"": 0.1388}, {""rank"": 4, ""label"": ""beacon"", ""confidence"": 0.116}, {""rank"": 5, ""label"": ""crane"", ""confidence"": 0.0399}]",False
Places365_val_00018502.jpg,/Users/aidahamzic/PycharmProjects/PythonProject1/val_256/Places365_val_00018502.jpg,mountain,mountain,volcano,0.9152,"[{""rank"": 1, ""label"": ""volcano"", ""confidence"": 0.9152}, {""rank"": 2, ""label"": ""alp"", ""confidence"": 0.0595}, {""rank"": 3, ""label"": ""valley"", ""confidence"": 0.0193}, {""rank"": 4, ""label"": ""mountain tent"", ""confidence"": 0.0043}, {""rank"": 5, ""label"": ""promontory"", ""confidence"": 0.0003}]",True
Places365_val_00018512.jpg,/Users/aidahamzic/PycharmProjects/PythonProject1/val_256/Places365_val_00018512.jpg,tower,building,monastery,0.6741,"[{""rank"": 1, ""label"": ""monastery"", ""confidence"": 0.6741}, {""rank"": 2, ""label"": ""church"", ""confidence"": 0.1336}, {""rank"": 3, ""label"": ""palace"", ""confidence"": 0.1001}, {""rank"": 4, ""label"": ""castle"", ""confidence"": 0.0265}, {""rank"": 5, ""label"": ""bell cote"", ""confidence"": 0.0172}]",True
Places365_val_00018553.jpg,/Users/aidahamzic/PycharmProjects/PythonProject1/val_256/Places365_val_00018553.jpg,glacier,glacier,valley,0.5036,"[{""rank"": 1, ""label"": ""valley"", ""confidence"": 0.5036}, {""rank"": 2, ""label"": ""alp"", ""confidence"": 0.0876}, {""rank"": 3, ""label"": ""volcano"", ""confidence"": 0.0218}, {""rank"": 4, ""label"": ""gar"", ""confidence"": 0.0199}, {""rank"": 5, ""label"": ""leatherback turtle"", ""confidence"": 0.0177}]",True
Places365_val_00018621.jpg,/Users/aidahamzic/PycharmProjects/PythonProject1/val_256/Places365_val_00018621.jpg,skyscraper,building,stage,0.1569,"[{""rank"": 1, ""label"": ""stage"", ""confidence"": 0.1569}, {""rank"": 2, ""label"": ""scoreboard"", ""confidence"": 0.1004}, {""rank"": 3, ""label"": ""fountain"", ""confidence"": 0.0977}, {""rank"": 4, ""label"": ""bell cote"", ""confidence"": 0.0807}, {""rank"": 5, ""label"": ""candle"", ""confidence"": 0.0441}]",False
Places365_val_00018640.jpg,/Users/aidahamzic/PycharmProjects/PythonProject1/val_256/Places365_val_00018640.jpg,hotel-outdoor,building,streetcar,0.1704,"[{""rank"": 1, ""label"": ""streetcar"", ""confidence"": 0.1704}, {""rank"": 2, ""label"": ""street sign"", ""confidence"": 0.1155}, {""rank"": 3, ""label"": ""restaurant"", ""confidence"": 0.0383}, {""rank"": 4, ""label"": ""palace"", ""confidence"": 0.0349}, {""rank"": 5, ""label"": ""traffic light"", ""confidence"": 0.0327}]",True
Places365_val_00018643.jpg,/Users/aidahamzic/PycharmProjects/PythonProject1/val_256/Places365_val_00018643.jpg,skyscraper,building,planetarium,0.1604,"[{""rank"": 1, ""label"": ""planetarium"", ""confidence"": 0.1604}, {""rank"": 2, ""label"": ""prison"", ""confidence"": 0.1088}, {""rank"": 3, ""label"": ""water tower"", ""confidence"": 0.0674}, {""rank"": 4, ""label"": ""solar dish"", ""confidence"": 0.0557}, {""rank"": 5, ""label"": ""palace"", ""confidence"": 0.0401}]",True
Places365_val_00018647.jpg,/Users/aidahamzic/PycharmProjects/PythonProject1/val_256/Places365_val_00018647.jpg,street,street,cab,0.2804,"[{""rank"": 1, ""label"": ""cab"", ""confidence"": 0.2804}, {""rank"": 2, ""label"": ""streetcar"", ""confidence"": 0.0913}, {""rank"": 3, ""label"": ""moving van"", ""confidence"": 0.0745}, {""rank"": 4, ""label"": ""snowplow"", ""confidence"": 0.074}, {""rank"": 5, ""label"": ""fire engine"", ""confidence"": 0.0591}]",True
Places365_val_00018689.jpg,/Users/aidahamzic/PycharmProjects/PythonProject1/val_256/Places365_val_00018689.jpg,highway,street,stone wall,0.1558,"[{""rank"": 1, ""label"": ""stone wall"", ""confidence"": 0.1558}, {""rank"": 2, ""label"": ""dam"", ""confidence"": 0.1551}, {""rank"": 3, ""label"": ""suspension bridge"", ""confidence"": 0.0667}, {""rank"": 4, ""label"": ""worm fence"", ""confidence"": 0.0647}, {""rank"": 5, ""label"": ""valley"", ""confidence"": 0.0552}]",False
Places365_val_00018717.jpg,/Users/aidahamzic/PycharmProjects/PythonProject1/val_256/Places365_val_00018717.jpg,rainforest,forest,cloak,0.0777,"[{""rank"": 1, ""label"": ""cloak"", ""confidence"": 0.0777}, {""rank"": 2, ""label"": ""tusker"", ""confidence"": 0.0765}, {""rank"": 3, ""label"": ""American black bear"", ""confidence"": 0.0532}, {""rank"": 4, ""label"": ""worm fence"", ""confidence"": 0.0383}, {""rank"": 5, ""label"": ""wild boar"", ""confidence"": 0.0284}]",False
Places365_val_00018733.jpg,/Users/aidahamzic/PycharmProjects/PythonProject1/val_256/Places365_val_00018733.jpg,highway,street,street sign,0.9929,"[{""rank"": 1, ""label"": ""street sign"", ""confidence"": 0.9929}, {""rank"": 2, ""label"": ""traffic light"", ""confidence"": 0.0055}, {""rank"": 3, ""label"": ""scoreboard"", ""confidence"": 0.0008}, {""rank"": 4, ""label"": ""moving van"", ""confidence"": 0.0001}, {""rank"": 5, ""label"": ""trailer truck"", ""confidence"": 0.0}]",False
Places365_val_00018797.jpg,/Users/aidahamzic/PycharmProjects/PythonProject1/val_256/Places365_val_00018797.jpg,tower,building,bell cote,0.3867,"[{""rank"": 1, ""label"": ""bell cote"", ""confidence"": 0.3867}, {""rank"": 2, ""label"": ""church"", ""confidence"": 0.3032}, {""rank"": 3, ""label"": ""castle"", ""confidence"": 0.0496}, {""rank"": 4, ""label"": ""monastery"", ""confidence"": 0.0309}, {""rank"": 5, ""label"": ""mosque"", ""confidence"": 0.0164}]",True
Places365_val_00018824.jpg,/Users/aidahamzic/PycharmProjects/PythonProject1/val_256/Places365_val_00018824.jpg,hotel-outdoor,building,bell cote,0.1989,"[{""rank"": 1, ""label"": ""bell cote"", ""confidence"": 0.1989}, {""rank"": 2, ""label"": ""castle"", ""confidence"": 0.1754}, {""rank"": 3, ""label"": ""planetarium"", ""confidence"": 0.0993}, {""rank"": 4, ""label"": ""window shade"", ""confidence"": 0.0452}, {""rank"": 5, ""label"": ""lakeside"", ""confidence"": 0.0356}]",True
Places365_val_00018846.jpg,/Users/aidahamzic/PycharmProjects/PythonProject1/val_256/Places365_val_00018846.jpg,alley,street,cab,0.201,"[{""rank"": 1, ""label"": ""cab"", ""confidence"": 0.201}, {""rank"": 2, ""label"": ""bullet train"", ""confidence"": 0.1625}, {""rank"": 3, ""label"": ""streetcar"", ""confidence"": 0.0592}, {""rank"": 4, ""label"": ""jinrikisha"", ""confidence"": 0.0518}, {""rank"": 5, ""label"": ""bookshop"", ""confidence"": 0.0495}]",True
Places365_val_00018865.jpg,/Users/aidahamzic/PycharmProjects/PythonProject1/val_256/Places365_val_00018865.jpg,downtown,building,seashore,0.1904,"[{""rank"": 1, ""label"": ""seashore"", ""confidence"": 0.1904}, {""rank"": 2, ""label"": ""drilling platform"", ""confidence"": 0.0925}, {""rank"": 3, ""label"": ""alp"", ""confidence"": 0.0552}, {""rank"": 4, ""label"": ""lumbermill"", ""confidence"": 0.0483}, {""rank"": 5, ""label"": ""tile roof"", ""confidence"": 0.0445}]",False
Places365_val_00018888.jpg,/Users/aidahamzic/PycharmProjects/PythonProject1/val_256/Places365_val_00018888.jpg,rainforest,forest,valley,0.837,"[{""rank"": 1, ""label"": ""valley"", ""confidence"": 0.837}, {""rank"": 2, ""label"": ""alp"", ""confidence"": 0.063}, {""rank"": 3, ""label"": ""volcano"", ""confidence"": 0.0435}, {""rank"": 4, ""label"": ""cliff"", ""confidence"": 0.0251}, {""rank"": 5, ""label"": ""lakeside"", ""confidence"": 0.0047}]",True
Places365_val_00018904.jpg,/Users/aidahamzic/PycharmProjects/PythonProject1/val_256/Places365_val_00018904.jpg,skyscraper,building,crane,0.0993,"[{""rank"": 1, ""label"": ""crane"", ""confidence"": 0.0993}, {""rank"": 2, ""label"": ""flagpole"", ""confidence"": 0.0855}, {""rank"": 3, ""label"": ""solar dish"", ""confidence"": 0.0706}, {""rank"": 4, ""label"": ""bell cote"", ""confidence"": 0.0694}, {""rank"": 5, ""label"": ""suspension bridge"", ""confidence"": 0.0391}]",False
Places365_val_00018942.jpg,/Users/aidahamzic/PycharmProjects/PythonProject1/val_256/Places365_val_00018942.jpg,street,street,obelisk,0.2019,"[{""rank"": 1, ""label"": ""obelisk"", ""confidence"": 0.2019}, {""rank"": 2, ""label"": ""triumphal arch"", ""confidence"": 0.1504}, {""rank"": 3, ""label"": ""traffic light"", ""confidence"": 0.1494}, {""rank"": 4, ""label"": ""pier"", ""confidence"": 0.0784}, {""rank"": 5, ""label"": ""cab"", ""confidence"": 0.077}]",True
Places365_val_00018952.jpg,/Users/aidahamzic/PycharmProjects/PythonProject1/val_256/Places365_val_00018952.jpg,street,street,tow truck,0.2029,"[{""rank"": 1, ""label"": ""tow truck"", ""confidence"": 0.2029}, {""rank"": 2, ""label"": ""mobile home"", ""confidence"": 0.0685}, {""rank"": 3, ""label"": ""pickup"", ""confidence"": 0.0466}, {""rank"": 4, ""label"": ""pedestal"", ""confidence"": 0.0426}, {""rank"": 5, ""label"": ""sea lion"", ""confidence"": 0.0403}]",False
Places365_val_00018957.jpg,/Users/aidahamzic/PycharmProjects/PythonProject1/val_256/Places365_val_00018957.jpg,highway,street,trailer truck,0.2826,"[{""rank"": 1, ""label"": ""trailer truck"", ""confidence"": 0.2826}, {""rank"": 2, ""label"": ""traffic light"", ""confidence"": 0.1455}, {""rank"": 3, ""label"": ""mobile home"", ""confidence"": 0.0959}, {""rank"": 4, ""label"": ""water tower"", ""confidence"": 0.028}, {""rank"": 5, ""label"": ""moving van"", ""confidence"": 0.0261}]",False
Places365_val_00018967.jpg,/Users/aidahamzic/PycharmProjects/PythonProject1/val_256/Places365_val_00018967.jpg,skyscraper,building,dome,0.2347,"[{""rank"": 1, ""label"": ""dome"", ""confidence"": 0.2347}, {""rank"": 2, ""label"": ""fountain"", ""confidence"": 0.1281}, {""rank"": 3, ""label"": ""solar dish"", ""confidence"": 0.1156}, {""rank"": 4, ""label"": ""volcano"", ""confidence"": 0.0838}, {""rank"": 5, ""label"": ""wing"", ""confidence"": 0.0813}]",True
Places365_val_00018985.jpg,/Users/aidahamzic/PycharmProjects/PythonProject1/val_256/Places365_val_00018985.jpg,house,building,mobile home,0.7298,"[{""rank"": 1, ""label"": ""mobile home"", ""confidence"": 0.7298}, {""rank"": 2, ""label"": ""picket fence"", ""confidence"": 0.1636}, {""rank"": 3, ""label"": ""worm fence"", ""confidence"": 0.0331}, {""rank"": 4, ""label"": ""boathouse"", ""confidence"": 0.0241}, {""rank"": 5, ""label"": ""solar dish"", ""confidence"": 0.0049}]",True
Places365_val_00019000.jpg,/Users/aidahamzic/PycharmProjects/PythonProject1/val_256/Places365_val_00019000.jpg,downtown,building,Irish wolfhound,0.7131,"[{""rank"": 1, ""label"": ""Irish wolfhound"", ""confidence"": 0.7131}, {""rank"": 2, ""label"": ""briard"", ""confidence"": 0.0492}, {""rank"": 3, ""label"": ""Bouvier des Flandres"", ""confidence"": 0.0477}, {""rank"": 4, ""label"": ""Scottish deerhound"", ""confidence"": 0.0396}, {""rank"": 5, ""label"": ""komondor"", ""confidence"": 0.0258}]",False
Places365_val_00019058.jpg,/Users/aidahamzic/PycharmProjects/PythonProject1/val_256/Places365_val_00019058.jpg,downtown,building,seashore,0.1625,"[{""rank"": 1, ""label"": ""seashore"", ""confidence"": 0.1625}, {""rank"": 2, ""label"": ""drilling platform"", ""confidence"": 0.1188}, {""rank"": 3, ""label"": ""honeycomb"", ""confidence"": 0.1006}, {""rank"": 4, ""label"": ""apiary"", ""confidence"": 0.0674}, {""rank"": 5, ""label"": ""dock"", ""confidence"": 0.0604}]",False
Places365_val_00019112.jpg,/Users/aidahamzic/PycharmProjects/PythonProject1/val_256/Places365_val_00019112.jpg,mountain,mountain,promontory,0.4942,"[{""rank"": 1, ""label"": ""promontory"", ""confidence"": 0.4942}, {""rank"": 2, ""label"": ""cliff"", ""confidence"": 0.3985}, {""rank"": 3, ""label"": ""valley"", ""confidence"": 0.0414}, {""rank"": 4, ""label"": ""alp"", ""confidence"": 0.0257}, {""rank"": 5, ""label"": ""seashore"", ""confidence"": 0.0096}]",True
Places365_val_00019131.jpg,/Users/aidahamzic/PycharmProjects/PythonProject1/val_256/Places365_val_00019131.jpg,mountain,mountain,valley,0.2923,"[{""rank"": 1, ""label"": ""valley"", ""confidence"": 0.2923}, {""rank"": 2, ""label"": ""alp"", ""confidence"": 0.2037}, {""rank"": 3, ""label"": ""volcano"", ""confidence"": 0.0536}, {""rank"": 4, ""label"": ""mountain tent"", ""confidence"": 0.0475}, {""rank"": 5, ""label"": ""lakeside"", ""confidence"": 0.0375}]",True
Places365_val_00019133.jpg,/Users/aidahamzic/PycharmProjects/PythonProject1/val_256/Places365_val_00019133.jpg,street,street,miniskirt,0.3427,"[{""rank"": 1, ""label"": ""miniskirt"", ""confidence"": 0.3427}, {""rank"": 2, ""label"": ""barbell"", ""confidence"": 0.1132}, {""rank"": 3, ""label"": ""torch"", ""confidence"": 0.0486}, {""rank"": 4, ""label"": ""unicycle"", ""confidence"": 0.032}, {""rank"": 5, ""label"": ""dumbbell"", ""confidence"": 0.0293}]",False
Places365_val_00019150.jpg,/Users/aidahamzic/PycharmProjects/PythonProject1/val_256/Places365_val_00019150.jpg,tower,building,water tower,0.8955,"[{""rank"": 1, ""label"": ""water tower"", ""confidence"": 0.8955}, {""rank"": 2, ""label"": ""beacon"", ""confidence"": 0.081}, {""rank"": 3, ""label"": ""crane"", ""confidence"": 0.0047}, {""rank"": 4, ""label"": ""mosque"", ""confidence"": 0.0024}, {""rank"": 5, ""label"": ""monastery"", ""confidence"": 0.0015}]",True
Places365_val_00019157.jpg,/Users/aidahamzic/PycharmProjects/PythonProject1/val_256/Places365_val_00019157.jpg,mountain,mountain,volcano,0.4862,"[{""rank"": 1, ""label"": ""volcano"", ""confidence"": 0.4862}, {""rank"": 2, ""label"": ""lakeside"", ""confidence"": 0.1765}, {""rank"": 3, ""label"": ""valley"", ""confidence"": 0.1168}, {""rank"": 4, ""label"": ""promontory"", ""confidence"": 0.0685}, {""rank"": 5, ""label"": ""alp"", ""confidence"": 0.0553}]",True
Places365_val_00019160.jpg,/Users/aidahamzic/PycharmProjects/PythonProject1/val_256/Places365_val_00019160.jpg,glacier,glacier,paddle,0.497,"[{""rank"": 1, ""label"": ""paddle"", ""confidence"": 0.497}, {""rank"": 2, ""label"": ""canoe"", ""confidence"": 0.4505}, {""rank"": 3, ""label"": ""yawl"", ""confidence"": 0.0476}, {""rank"": 4, ""label"": ""killer whale"", ""confidence"": 0.001}, {""rank"": 5, ""label"": ""trimaran"", ""confidence"": 0.0008}]",False
Places365_val_00019168.jpg,/Users/aidahamzic/PycharmProjects/PythonProject1/val_256/Places365_val_00019168.jpg,alley,street,palace,0.0298,"[{""rank"": 1, ""label"": ""palace"", ""confidence"": 0.0298}, {""rank"": 2, ""label"": ""accordion"", ""confidence"": 0.0288}, {""rank"": 3, ""label"": ""moving van"", ""confidence"": 0.0274}, {""rank"": 4, ""label"": ""mobile home"", ""confidence"": 0.0263}, {""rank"": 5, ""label"": ""punching bag"", ""confidence"": 0.0242}]",False
Places365_val_00019174.jpg,/Users/aidahamzic/PycharmProjects/PythonProject1/val_256/Places365_val_00019174.jpg,house,building,convertible,0.1208,"[{""rank"": 1, ""label"": ""convertible"", ""confidence"": 0.1208}, {""rank"": 2, ""label"": ""minivan"", ""confidence"": 0.0873}, {""rank"": 3, ""label"": ""limousine"", ""confidence"": 0.0567}, {""rank"": 4, ""label"": ""beach wagon"", ""confidence"": 0.0564}, {""rank"": 5, ""label"": ""solar dish"", ""confidence"": 0.0389}]",False
Places365_val_00019291.jpg,/Users/aidahamzic/PycharmProjects/PythonProject1/val_256/Places365_val_00019291.jpg,alley,street,passenger car,0.1472,"[{""rank"": 1, ""label"": ""passenger car"", ""confidence"": 0.1472}, {""rank"": 2, ""label"": ""trolleybus"", ""confidence"": 0.1307}, {""rank"": 3, ""label"": ""electric locomotive"", ""confidence"": 0.1201}, {""rank"": 4, ""label"": ""streetcar"", ""confidence"": 0.0993}, {""rank"": 5, ""label"": ""steam locomotive"", ""confidence"": 0.0907}]",True
Places365_val_00019299.jpg,/Users/aidahamzic/PycharmProjects/PythonProject1/val_256/Places365_val_00019299.jpg,forest-broadleaf,forest,worm fence,0.3263,"[{""rank"": 1, ""label"": ""worm fence"", ""confidence"": 0.3263}, {""rank"": 2, ""label"": ""lakeside"", ""confidence"": 0.1028}, {""rank"": 3, ""label"": ""valley"", ""confidence"": 0.0453}, {""rank"": 4, ""label"": ""maze"", ""confidence"": 0.0282}, {""rank"": 5, ""label"": ""stone wall"", ""confidence"": 0.024}]",True
Places365_val_00019320.jpg,/Users/aidahamzic/PycharmProjects/PythonProject1/val_256/Places365_val_00019320.jpg,alley,street,bannister,0.1496,"[{""rank"": 1, ""label"": ""bannister"", ""confidence"": 0.1496}, {""rank"": 2, ""label"": ""bow"", ""confidence"": 0.1467}, {""rank"": 3, ""label"": ""rocking chair"", ""confidence"": 0.0902}, {""rank"": 4, ""label"": ""prison"", ""confidence"": 0.0599}, {""rank"": 5, ""label"": ""lumbermill"", ""confidence"": 0.0357}]",False
Places365_val_00019332.jpg,/Users/aidahamzic/PycharmProjects/PythonProject1/val_256/Places365_val_00019332.jpg,street,street,trolleybus,0.7654,"[{""rank"": 1, ""label"": ""trolleybus"", ""confidence"": 0.7654}, {""rank"": 2, ""label"": ""traffic light"", ""confidence"": 0.0561}, {""rank"": 3, ""label"": ""tow truck"", ""confidence"": 0.0278}, {""rank"": 4, ""label"": ""limousine"", ""confidence"": 0.0202}, {""rank"": 5, ""label"": ""cab"", ""confidence"": 0.0156}]",True
Places365_val_00019349.jpg,/Users/aidahamzic/PycharmProjects/PythonProject1/val_256/Places365_val_00019349.jpg,house,building,boathouse,0.6854,"[{""rank"": 1, ""label"": ""boathouse"", ""confidence"": 0.6854}, {""rank"": 2, ""label"": ""church"", ""confidence"": 0.0384}, {""rank"": 3, ""label"": ""lakeside"", ""confidence"": 0.0323}, {""rank"": 4, ""label"": ""monastery"", ""confidence"": 0.0254}, {""rank"": 5, ""label"": ""worm fence"", ""confidence"": 0.0223}]",True
Places365_val_00019354.jpg,/Users/aidahamzic/PycharmProjects/PythonProject1/val_256/Places365_val_00019354.jpg,river,water,lakeside,0.761,"[{""rank"": 1, ""label"": ""lakeside"", ""confidence"": 0.761}, {""rank"": 2, ""label"": ""sandbar"", ""confidence"": 0.067}, {""rank"": 3, ""label"": ""boathouse"", ""confidence"": 0.0611}, {""rank"": 4, ""label"": ""seashore"", ""confidence"": 0.0265}, {""rank"": 5, ""label"": ""breakwater"", ""confidence"": 0.0152}]",True
Places365_val_00019402.jpg,/Users/aidahamzic/PycharmProjects/PythonProject1/val_256/Places365_val_00019402.jpg,downtown,building,obelisk,0.4014,"[{""rank"": 1, ""label"": ""obelisk"", ""confidence"": 0.4014}, {""rank"": 2, ""label"": ""pole"", ""confidence"": 0.1075}, {""rank"": 3, ""label"": ""crane"", ""confidence"": 0.0654}, {""rank"": 4, ""label"": ""pedestal"", ""confidence"": 0.0604}, {""rank"": 5, ""label"": ""flagpole"", ""confidence"": 0.0505}]",True
Places365_val_00019412.jpg,/Users/aidahamzic/PycharmProjects/PythonProject1/val_256/Places365_val_00019412.jpg,mountain,mountain,volcano,0.2494,"[{""rank"": 1, ""label"": ""volcano"", ""confidence"": 0.2494}, {""rank"": 2, ""label"": ""beacon"", ""confidence"": 0.0754}, {""rank"": 3, ""label"": ""hay"", ""confidence"": 0.0639}, {""rank"": 4, ""label"": ""geyser"", ""confidence"": 0.0632}, {""rank"": 5, ""label"": ""megalith"", ""confidence"": 0.0582}]",True
Places365_val_00019416.jpg,/Users/aidahamzic/PycharmProjects/PythonProject1/val_256/Places365_val_00019416.jpg,mountain,mountain,alp,0.2459,"[{""rank"": 1, ""label"": ""alp"", ""confidence"": 0.2459}, {""rank"": 2, ""label"": ""Arabian camel"", ""confidence"": 0.1423}, {""rank"": 3, ""label"": ""tripod"", ""confidence"": 0.0939}, {""rank"": 4, ""label"": ""crutch"", ""confidence"": 0.0657}, {""rank"": 5, ""label"": ""volcano"", ""confidence"": 0.0606}]",True
Places365_val_00019453.jpg,/Users/aidahamzic/PycharmProjects/PythonProject1/val_256/Places365_val_00019453.jpg,street,street,streetcar,0.1287,"[{""rank"": 1, ""label"": ""streetcar"", ""confidence"": 0.1287}, {""rank"": 2, ""label"": ""bullet train"", ""confidence"": 0.1128}, {""rank"": 3, ""label"": ""gondola"", ""confidence"": 0.0944}, {""rank"": 4, ""label"": ""palace"", ""confidence"": 0.072}, {""rank"": 5, ""label"": ""pier"", ""confidence"": 0.0535}]",True
Places365_val_00019455.jpg,/Users/aidahamzic/PycharmProjects/PythonProject1/val_256/Places365_val_00019455.jpg,coast,water,seashore,0.232,"[{""rank"": 1, ""label"": ""seashore"", ""confidence"": 0.232}, {""rank"": 2, ""label"": ""conch"", ""confidence"": 0.1208}, {""rank"": 3, ""label"": ""sandbar"", ""confidence"": 0.0847}, {""rank"": 4, ""label"": ""Arabian camel"", ""confidence"": 0.0723}, {""rank"": 5, ""label"": ""dingo"", ""confidence"": 0.0371}]",True
Places365_val_00019485.jpg,/Users/aidahamzic/PycharmProjects/PythonProject1/val_256/Places365_val_00019485.jpg,highway,street,suspension bridge,0.2923,"[{""rank"": 1, ""label"": ""suspension bridge"", ""confidence"": 0.2923}, {""rank"": 2, ""label"": ""traffic light"", ""confidence"": 0.1694}, {""rank"": 3, ""label"": ""planetarium"", ""confidence"": 0.0421}, {""rank"": 4, ""label"": ""fountain"", ""confidence"": 0.0421}, {""rank"": 5, ""label"": ""pier"", ""confidence"": 0.0414}]",False
Places365_val_00019510.jpg,/Users/aidahamzic/PycharmProjects/PythonProject1/val_256/Places365_val_00019510.jpg,house,building,boathouse,0.2978,"[{""rank"": 1, ""label"": ""boathouse"", ""confidence"": 0.2978}, {""rank"": 2, ""label"": ""patio"", ""confidence"": 0.15}, {""rank"": 3, ""label"": ""picket fence"", ""confidence"": 0.1212}, {""rank"": 4, ""label"": ""mobile home"", ""confidence"": 0.1176}, {""rank"": 5, ""label"": ""church"", ""confidence"": 0.0676}]",True
Places365_val_00019543.jpg,/Users/aidahamzic/PycharmProjects/PythonProject1/val_256/Places365_val_00019543.jpg,hotel-outdoor,building,worm fence,0.1986,"[{""rank"": 1, ""label"": ""worm fence"", ""confidence"": 0.1986}, {""rank"": 2, ""label"": ""solar dish"", ""confidence"": 0.1026}, {""rank"": 3, ""label"": ""flagpole"", ""confidence"": 0.098}, {""rank"": 4, ""label"": ""church"", ""confidence"": 0.0571}, {""rank"": 5, ""label"": ""beacon"", ""confidence"": 0.0417}]",True
Places365_val_00019547.jpg,/Users/aidahamzic/PycharmProjects/PythonProject1/val_256/Places365_val_00019547.jpg,hotel-outdoor,building,palace,0.9708,"[{""rank"": 1, ""label"": ""palace"", ""confidence"": 0.9708}, {""rank"": 2, ""label"": ""carousel"", ""confidence"": 0.0072}, {""rank"": 3, ""label"": ""castle"", ""confidence"": 0.0042}, {""rank"": 4, ""label"": ""bell cote"", ""confidence"": 0.0034}, {""rank"": 5, ""label"": ""monastery"", ""confidence"": 0.003}]",True
Places365_val_00019612.jpg,/Users/aidahamzic/PycharmProjects/PythonProject1/val_256/Places365_val_00019612.jpg,skyscraper,building,obelisk,0.3403,"[{""rank"": 1, ""label"": ""obelisk"", ""confidence"": 0.3403}, {""rank"": 2, ""label"": ""triumphal arch"", ""confidence"": 0.2492}, {""rank"": 3, ""label"": ""cab"", ""confidence"": 0.2314}, {""rank"": 4, ""label"": ""traffic light"", ""confidence"": 0.0801}, {""rank"": 5, ""label"": ""bell cote"", ""confidence"": 0.05}]",True
Places365_val_00019618.jpg,/Users/aidahamzic/PycharmProjects/PythonProject1/val_256/Places365_val_00019618.jpg,river,water,lakeside,0.7732,"[{""rank"": 1, ""label"": ""lakeside"", ""confidence"": 0.7732}, {""rank"": 2, ""label"": ""seashore"", ""confidence"": 0.1231}, {""rank"": 3, ""label"": ""boathouse"", ""confidence"": 0.0209}, {""rank"": 4, ""label"": ""sandbar"", ""confidence"": 0.0158}, {""rank"": 5, ""label"": ""dock"", ""confidence"": 0.0134}]",True
Places365_val_00019640.jpg,/Users/aidahamzic/PycharmProjects/PythonProject1/val_256/Places365_val_00019640.jpg,forest-broadleaf,forest,valley,0.0452,"[{""rank"": 1, ""label"": ""valley"", ""confidence"": 0.0452}, {""rank"": 2, ""label"": ""solar dish"", ""confidence"": 0.0444}, {""rank"": 3, ""label"": ""spotlight"", ""confidence"": 0.0379}, {""rank"": 4, ""label"": ""lakeside"", ""confidence"": 0.0344}, {""rank"": 5, ""label"": ""mountain tent"", ""confidence"": 0.0287}]",True
Places365_val_00019683.jpg,/Users/aidahamzic/PycharmProjects/PythonProject1/val_256/Places365_val_00019683.jpg,downtown,building,fountain,0.2537,"[{""rank"": 1, ""label"": ""fountain"", ""confidence"": 0.2537}, {""rank"": 2, ""label"": ""lakeside"", ""confidence"": 0.0778}, {""rank"": 3, ""label"": ""bell cote"", ""confidence"": 0.0738}, {""rank"": 4, ""label"": ""palace"", ""confidence"": 0.0664}, {""rank"": 5, ""label"": ""pier"", ""confidence"": 0.0568}]",True
Places365_val_00019699.jpg,/Users/aidahamzic/PycharmProjects/PythonProject1/val_256/Places365_val_00019699.jpg,skyscraper,building,drilling platform,0.3079,"[{""rank"": 1, ""label"": ""drilling platform"", ""confidence"": 0.3079}, {""rank"": 2, ""label"": ""stage"", ""confidence"": 0.1144}, {""rank"": 3, ""label"": ""bell cote"", ""confidence"": 0.088}, {""rank"": 4, ""label"": ""fountain"", ""confidence"": 0.0585}, {""rank"": 5, ""label"": ""torch"", ""confidence"": 0.0415}]",False
Places365_val_00019717.jpg,/Users/aidahamzic/PycharmProjects/PythonProject1/val_256/Places365_val_00019717.jpg,ocean,water,seashore,0.5525,"[{""rank"": 1, ""label"": ""seashore"", ""confidence"": 0.5525}, {""rank"": 2, ""label"": ""promontory"", ""confidence"": 0.091}, {""rank"": 3, ""label"": ""sandbar"", ""confidence"": 0.0336}, {""rank"": 4, ""label"": ""beacon"", ""confidence"": 0.0287}, {""rank"": 5, ""label"": ""drilling platform"", ""confidence"": 0.0243}]",True
Places365_val_00019721.jpg,/Users/aidahamzic/PycharmProjects/PythonProject1/val_256/Places365_val_00019721.jpg,downtown,building,academic gown,0.1877,"[{""rank"": 1, ""label"": ""academic gown"", ""confidence"": 0.1877}, {""rank"": 2, ""label"": ""prison"", ""confidence"": 0.0989}, {""rank"": 3, ""label"": ""triumphal arch"", ""confidence"": 0.0543}, {""rank"": 4, ""label"": ""mortarboard"", ""confidence"": 0.0408}, {""rank"": 5, ""label"": ""guillotine"", ""confidence"": 0.0379}]",True
Places365_val_00019729.jpg,/Users/aidahamzic/PycharmProjects/PythonProject1/val_256/Places365_val_00019729.jpg,skyscraper,building,fountain,0.8151,"[{""rank"": 1, ""label"": ""fountain"", ""confidence"": 0.8151}, {""rank"": 2, ""label"": ""geyser"", ""confidence"": 0.0414}, {""rank"": 3, ""label"": ""lakeside"", ""confidence"": 0.0311}, {""rank"": 4, ""label"": ""boathouse"", ""confidence"": 0.015}, {""rank"": 5, ""label"": ""palace"", ""confidence"": 0.0104}]",True
Places365_val_00019747.jpg,/Users/aidahamzic/PycharmProjects/PythonProject1/val_256/Places365_val_00019747.jpg,mountain,mountain,valley,0.6939,"[{""rank"": 1, ""label"": ""valley"", ""confidence"": 0.6939}, {""rank"": 2, ""label"": ""cliff"", ""confidence"": 0.2065}, {""rank"": 3, ""label"": ""alp"", ""confidence"": 0.0513}, {""rank"": 4, ""label"": ""dam"", ""confidence"": 0.0155}, {""rank"": 5, ""label"": ""mountain tent"", ""confidence"": 0.0052}]",True
Places365_val_00019756.jpg,/Users/aidahamzic/PycharmProjects/PythonProject1/val_256/Places365_val_00019756.jpg,tower,building,bell cote,0.5434,"[{""rank"": 1, ""label"": ""bell cote"", ""confidence"": 0.5434}, {""rank"": 2, ""label"": ""guillotine"", ""confidence"": 0.0572}, {""rank"": 3, ""label"": ""pedestal"", ""confidence"": 0.0499}, {""rank"": 4, ""label"": ""crane"", ""confidence"": 0.0339}, {""rank"": 5, ""label"": ""thresher"", ""confidence"": 0.0233}]",False
Places365_val_00019785.jpg,/Users/aidahamzic/PycharmProjects/PythonProject1/val_256/Places365_val_00019785.jpg,skyscraper,building,fountain,0.1991,"[{""rank"": 1, ""label"": ""fountain"", ""confidence"": 0.1991}, {""rank"": 2, ""label"": ""pier"", ""confidence"": 0.0725}, {""rank"": 3, ""label"": ""cab"", ""confidence"": 0.0646}, {""rank"": 4, ""label"": ""dock"", ""confidence"": 0.0548}, {""rank"": 5, ""label"": ""fireboat"", ""confidence"": 0.0396}]",True
Places365_val_00019821.jpg,/Users/aidahamzic/PycharmProjects/PythonProject1/val_256/Places365_val_00019821.jpg,highway,street,traffic light,0.1395,"[{""rank"": 1, ""label"": ""traffic light"", ""confidence"": 0.1395}, {""rank"": 2, ""label"": ""trolleybus"", ""confidence"": 0.13}, {""rank"": 3, ""label"": ""trailer truck"", ""confidence"": 0.099}, {""rank"": 4, ""label"": ""car mirror"", ""confidence"": 0.0707}, {""rank"": 5, ""label"": ""go-kart"", ""confidence"": 0.0388}]",True
Places365_val_00019839.jpg,/Users/aidahamzic/PycharmProjects/PythonProject1/val_256/Places365_val_00019839.jpg,downtown,building,steel arch bridge,0.6987,"[{""rank"": 1, ""label"": ""steel arch bridge"", ""confidence"": 0.6987}, {""rank"": 2, ""label"": ""pier"", ""confidence"": 0.1137}, {""rank"": 3, ""label"": ""suspension bridge"", ""confidence"": 0.0707}, {""rank"": 4, ""label"": ""planetarium"", ""confidence"": 0.0191}, {""rank"": 5, ""label"": ""dome"", ""confidence"": 0.0106}]",True
Places365_val_00019851.jpg,/Users/aidahamzic/PycharmProjects/PythonProject1/val_256/Places365_val_00019851.jpg,tower,building,dome,0.1933,"[{""rank"": 1, ""label"": ""dome"", ""confidence"": 0.1933}, {""rank"": 2, ""label"": ""church"", ""confidence"": 0.1521}, {""rank"": 3, ""label"": ""suspension bridge"", ""confidence"": 0.0759}, {""rank"": 4, ""label"": ""steel arch bridge"", ""confidence"": 0.0607}, {""rank"": 5, ""label"": ""viaduct"", ""confidence"": 0.0426}]",True
Places365_val_00019892.jpg,/Users/aidahamzic/PycharmProjects/PythonProject1/val_256/Places365_val_00019892.jpg,alley,street,thatch,0.0581,"[{""rank"": 1, ""label"": ""thatch"", ""confidence"": 0.0581}, {""rank"": 2, ""label"": ""jean"", ""confidence"": 0.0488}, {""rank"": 3, ""label"": ""bell cote"", ""confidence"": 0.0487}, {""rank"": 4, ""label"": ""grocery store"", ""confidence"": 0.0417}, {""rank"": 5, ""label"": ""tobacco shop"", ""confidence"": 0.0407}]",False
Places365_val_00019973.jpg,/Users/aidahamzic/PycharmProjects/PythonProject1/val_256/Places365_val_00019973.jpg,highway,street,trailer truck,0.3743,"[{""rank"": 1, ""label"": ""trailer truck"", ""confidence"": 0.3743}, {""rank"": 2, ""label"": ""traffic light"", ""confidence"": 0.1219}, {""rank"": 3, ""label"": ""water tower"", ""confidence"": 0.0276}, {""rank"": 4, ""label"": ""pole"", ""confidence"": 0.0246}, {""rank"": 5, ""label"": ""airship"", ""confidence"": 0.0204}]",False
Places365_val_00019984.jpg,/Users/aidahamzic/PycharmProjects/PythonProject1/val_256/Places365_val_00019984.jpg,coast,water,seashore,0.9006,"[{""rank"": 1, ""label"": ""seashore"", ""confidence"": 0.9006}, {""rank"": 2, ""label"": ""promontory"", ""confidence"": 0.0542}, {""rank"": 3, ""label"": ""sandbar"", ""confidence"": 0.0379}, {""rank"": 4, ""label"": ""wreck"", ""confidence"": 0.0013}, {""rank"": 5, ""label"": ""lakeside"", ""confidence"": 0.0012}]",True
Places365_val_00019988.jpg,/Users/aidahamzic/PycharmProjects/PythonProject1/val_256/Places365_val_00019988.jpg,river,water,lakeside,0.4408,"[{""rank"": 1, ""label"": ""lakeside"", ""confidence"": 0.4408}, {""rank"": 2, ""label"": ""boathouse"", ""confidence"": 0.0918}, {""rank"": 3, ""label"": ""dining table"", ""confidence"": 0.0733}, {""rank"": 4, ""label"": ""pier"", ""confidence"": 0.0482}, {""rank"": 5, ""label"": ""bannister"", ""confidence"": 0.0403}]",True
Places365_val_00019998.jpg,/Users/aidahamzic/PycharmProjects/PythonProject1/val_256/Places365_val_00019998.jpg,coast,water,promontory,0.3548,"[{""rank"": 1, ""label"": ""promontory"", ""confidence"": 0.3548}, {""rank"": 2, ""label"": ""seashore"", ""confidence"": 0.1762}, {""rank"": 3, ""label"": ""cliff"", ""confidence"": 0.1623}, {""rank"": 4, ""label"": ""wreck"", ""confidence"": 0.1119}, {""rank"": 5, ""label"": ""valley"", ""confidence"": 0.0908}]",True
Places365_val_00020020.jpg,/Users/aidahamzic/PycharmProjects/PythonProject1/val_256/Places365_val_00020020.jpg,coast,water,seashore,0.4978,"[{""rank"": 1, ""label"": ""seashore"", ""confidence"": 0.4978}, {""rank"": 2, ""label"": ""sandbar"", ""confidence"": 0.4873}, {""rank"": 3, ""label"": ""lakeside"", ""confidence"": 0.0133}, {""rank"": 4, ""label"": ""promontory"", ""confidence"": 0.0005}, {""rank"": 5, ""label"": ""wreck"", ""confidence"": 0.0001}]",True
Places365_val_00020036.jpg,/Users/aidahamzic/PycharmProjects/PythonProject1/val_256/Places365_val_00020036.jpg,forest-broadleaf,forest,alp,0.1953,"[{""rank"": 1, ""label"": ""alp"", ""confidence"": 0.1953}, {""rank"": 2, ""label"": ""valley"", ""confidence"": 0.172}, {""rank"": 3, ""label"": ""cliff"", ""confidence"": 0.0783}, {""rank"": 4, ""label"": ""viaduct"", ""confidence"": 0.0513}, {""rank"": 5, ""label"": ""worm fence"", ""confidence"": 0.0402}]",True
Places365_val_00020038.jpg,/Users/aidahamzic/PycharmProjects/PythonProject1/val_256/Places365_val_00020038.jpg,forest-broadleaf,forest,hartebeest,0.2815,"[{""rank"": 1, ""label"": ""hartebeest"", ""confidence"": 0.2815}, {""rank"": 2, ""label"": ""impala"", ""confidence"": 0.1704}, {""rank"": 3, ""label"": ""gazelle"", ""confidence"": 0.0419}, {""rank"": 4, ""label"": ""hyena"", ""confidence"": 0.0376}, {""rank"": 5, ""label"": ""warthog"", ""confidence"": 0.0373}]",False
Places365_val_00020044.jpg,/Users/aidahamzic/PycharmProjects/PythonProject1/val_256/Places365_val_00020044.jpg,downtown,building,palace,0.1243,"[{""rank"": 1, ""label"": ""palace"", ""confidence"": 0.1243}, {""rank"": 2, ""label"": ""airship"", ""confidence"": 0.1186}, {""rank"": 3, ""label"": ""dome"", ""confidence"": 0.081}, {""rank"": 4, ""label"": ""seashore"", ""confidence"": 0.0756}, {""rank"": 5, ""label"": ""bell cote"", ""confidence"": 0.0672}]",True
Places365_val_00020116.jpg,/Users/aidahamzic/PycharmProjects/PythonProject1/val_256/Places365_val_00020116.jpg,coast,water,seashore,0.7723,"[{""rank"": 1, ""label"": ""seashore"", ""confidence"": 0.7723}, {""rank"": 2, ""label"": ""sandbar"", ""confidence"": 0.1736}, {""rank"": 3, ""label"": ""promontory"", ""confidence"": 0.0374}, {""rank"": 4, ""label"": ""cliff"", ""confidence"": 0.0048}, {""rank"": 5, ""label"": ""lakeside"", ""confidence"": 0.0046}]",True
Places365_val_00020120.jpg,/Users/aidahamzic/PycharmProjects/PythonProject1/val_256/Places365_val_00020120.jpg,street,street,streetcar,0.4156,"[{""rank"": 1, ""label"": ""streetcar"", ""confidence"": 0.4156}, {""rank"": 2, ""label"": ""passenger car"", ""confidence"": 0.2621}, {""rank"": 3, ""label"": ""trolleybus"", ""confidence"": 0.1451}, {""rank"": 4, ""label"": ""moving van"", ""confidence"": 0.0397}, {""rank"": 5, ""label"": ""minibus"", ""confidence"": 0.0323}]",True
Places365_val_00020159.jpg,/Users/aidahamzic/PycharmProjects/PythonProject1/val_256/Places365_val_00020159.jpg,downtown,building,tobacco shop,0.2391,"[{""rank"": 1, ""label"": ""tobacco shop"", ""confidence"": 0.2391}, {""rank"": 2, ""label"": ""street sign"", ""confidence"": 0.1496}, {""rank"": 3, ""label"": ""cab"", ""confidence"": 0.1046}, {""rank"": 4, ""label"": ""streetcar"", ""confidence"": 0.1022}, {""rank"": 5, ""label"": ""traffic light"", ""confidence"": 0.095}]",False
Places365_val_00020189.jpg,/Users/aidahamzic/PycharmProjects/PythonProject1/val_256/Places365_val_00020189.jpg,hotel-outdoor,building,worm fence,0.2223,"[{""rank"": 1, ""label"": ""worm fence"", ""confidence"": 0.2223}, {""rank"": 2, ""label"": ""scoreboard"", ""confidence"": 0.1139}, {""rank"": 3, ""label"": ""guillotine"", ""confidence"": 0.049}, {""rank"": 4, ""label"": ""cinema"", ""confidence"": 0.0437}, {""rank"": 5, ""label"": ""prison"", ""confidence"": 0.043}]",True
Places365_val_00020220.jpg,/Users/aidahamzic/PycharmProjects/PythonProject1/val_256/Places365_val_00020220.jpg,street,street,academic gown,0.3001,"[{""rank"": 1, ""label"": ""academic gown"", ""confidence"": 0.3001}, {""rank"": 2, ""label"": ""bearskin"", ""confidence"": 0.1833}, {""rank"": 3, ""label"": ""palace"", ""confidence"": 0.0941}, {""rank"": 4, ""label"": ""mortarboard"", ""confidence"": 0.0472}, {""rank"": 5, ""label"": ""fur coat"", ""confidence"": 0.0267}]",False
Places365_val_00020231.jpg,/Users/aidahamzic/PycharmProjects/PythonProject1/val_256/Places365_val_00020231.jpg,rainforest,forest,valley,0.3081,"[{""rank"": 1, ""label"": ""valley"", ""confidence"": 0.3081}, {""rank"": 2, ""label"": ""lakeside"", ""confidence"": 0.1012}, {""rank"": 3, ""label"": ""promontory"", ""confidence"": 0.0962}, {""rank"": 4, ""label"": ""cliff"", ""confidence"": 0.0785}, {""rank"": 5, ""label"": ""seashore"", ""confidence"": 0.0317}]",True
Places365_val_00020250.jpg,/Users/aidahamzic/PycharmProjects/PythonProject1/val_256/Places365_val_00020250.jpg,skyscraper,building,restaurant,0.1505,"[{""rank"": 1, ""label"": ""restaurant"", ""confidence"": 0.1505}, {""rank"": 2, ""label"": ""library"", ""confidence"": 0.082}, {""rank"": 3, ""label"": ""horse cart"", ""confidence"": 0.0642}, {""rank"": 4, ""label"": ""palace"", ""confidence"": 0.0472}, {""rank"": 5, ""label"": ""park bench"", ""confidence"": 0.041}]",True
Places365_val_00020253.jpg,/Users/aidahamzic/PycharmProjects/PythonProject1/val_256/Places365_val_00020253.jpg,skyscraper,building,maze,0.2496,"[{""rank"": 1, ""label"": ""maze"", ""confidence"": 0.2496}, {""rank"": 2, ""label"": ""window shade"", ""confidence"": 0.0776}, {""rank"": 3, ""label"": ""worm fence"", ""confidence"": 0.06}, {""rank"": 4, ""label"": ""library"", ""confidence"": 0.0471}, {""rank"": 5, ""label"": ""patio"", ""confidence"": 0.0439}]",True
Places365_val_00020261.jpg,/Users/aidahamzic/PycharmProjects/PythonProject1/val_256/Places365_val_00020261.jpg,tower,building,drilling platform,0.9,"[{""rank"": 1, ""label"": ""drilling platform"", ""confidence"": 0.9}, {""rank"": 2, ""label"": ""crane"", ""confidence"": 0.0563}, {""rank"": 3, ""label"": ""pier"", ""confidence"": 0.0197}, {""rank"": 4, ""label"": ""dock"", ""confidence"": 0.0055}, {""rank"": 5, ""label"": ""paddlewheel"", ""confidence"": 0.0026}]",True
Places365_val_00020326.jpg,/Users/aidahamzic/PycharmProjects/PythonProject1/val_256/Places365_val_00020326.jpg,coast,water,promontory,0.251,"[{""rank"": 1, ""label"": ""promontory"", ""confidence"": 0.251}, {""rank"": 2, ""label"": ""seashore"", ""confidence"": 0.165}, {""rank"": 3, ""label"": ""lakeside"", ""confidence"": 0.0701}, {""rank"": 4, ""label"": ""breakwater"", ""confidence"": 0.0519}, {""rank"": 5, ""label"": ""beacon"", ""confidence"": 0.0373}]",True
Places365_val_00020380.jpg,/Users/aidahamzic/PycharmProjects/PythonProject1/val_256/Places365_val_00020380.jpg,tower,building,unicycle,0.0854,"[{""rank"": 1, ""label"": ""unicycle"", ""confidence"": 0.0854}, {""rank"": 2, ""label"": ""butcher shop"", ""confidence"": 0.0747}, {""rank"": 3, ""label"": ""cliff"", ""confidence"": 0.0697}, {""rank"": 4, ""label"": ""basketball"", ""confidence"": 0.0577}, {""rank"": 5, ""label"": ""gondola"", ""confidence"": 0.0531}]",False
Places365_val_00020427.jpg,/Users/aidahamzic/PycharmProjects/PythonProject1/val_256/Places365_val_00020427.jpg,downtown,building,beacon,0.16,"[{""rank"": 1, ""label"": ""beacon"", ""confidence"": 0.16}, {""rank"": 2, ""label"": ""castle"", ""confidence"": 0.1268}, {""rank"": 3, ""label"": ""palace"", ""confidence"": 0.0701}, {""rank"": 4, ""label"": ""steel arch bridge"", ""confidence"": 0.0609}, {""rank"": 5, ""label"": ""flagpole"", ""confidence"": 0.0339}]",True
Places365_val_00020465.jpg,/Users/aidahamzic/PycharmProjects/PythonProject1/val_256/Places365_val_00020465.jpg,house,building,mobile home,0.8854,"[{""rank"": 1, ""label"": ""mobile home"", ""confidence"": 0.8854}, {""rank"": 2, ""label"": ""patio"", ""confidence"": 0.0671}, {""rank"": 3, ""label"": ""solar dish"", ""confidence"": 0.012}, {""rank"": 4, ""label"": ""picket fence"", ""confidence"": 0.0112}, {""rank"": 5, ""label"": ""window screen"", ""confidence"": 0.0039}]",True
Places365_val_00020509.jpg,/Users/aidahamzic/PycharmProjects/PythonProject1/val_256/Places365_val_00020509.jpg,highway,street,file,0.9771,"[{""rank"": 1, ""label"": ""file"", ""confidence"": 0.9771}, {""rank"": 2, ""label"": ""turnstile"", ""confidence"": 0.0023}, {""rank"": 3, ""label"": ""safe"", ""confidence"": 0.0016}, {""rank"": 4, ""label"": ""chiffonier"", ""confidence"": 0.0016}, {""rank"": 5, ""label"": ""pay-phone"", ""confidence"": 0.0009}]",False
Places365_val_00020580.jpg,/Users/aidahamzic/PycharmProjects/PythonProject1/val_256/Places365_val_00020580.jpg,tower,building,bell cote,0.8286,"[{""rank"": 1, ""label"": ""bell cote"", ""confidence"": 0.8286}, {""rank"": 2, ""label"": ""castle"", ""confidence"": 0.0476}, {""rank"": 3, ""label"": ""monastery"", ""confidence"": 0.0474}, {""rank"": 4, ""label"": ""church"", ""confidence"": 0.0255}, {""rank"": 5, ""label"": ""analog clock"", ""confidence"": 0.0089}]",True
Places365_val_00020598.jpg,/Users/aidahamzic/PycharmProjects/PythonProject1/val_256/Places365_val_00020598.jpg,hotel-outdoor,building,cinema,0.6055,"[{""rank"": 1, ""label"": ""cinema"", ""confidence"": 0.6055}, {""rank"": 2, ""label"": ""prison"", ""confidence"": 0.0982}, {""rank"": 3, ""label"": ""library"", ""confidence"": 0.0672}, {""rank"": 4, ""label"": ""palace"", ""confidence"": 0.0325}, {""rank"": 5, ""label"": ""flagpole"", ""confidence"": 0.0226}]",True
Places365_val_00020618.jpg,/Users/aidahamzic/PycharmProjects/PythonProject1/val_256/Places365_val_00020618.jpg,rainforest,forest,suspension bridge,0.9712,"[{""rank"": 1, ""label"": ""suspension bridge"", ""confidence"": 0.9712}, {""rank"": 2, ""label"": ""stupa"", ""confidence"": 0.0158}, {""rank"": 3, ""label"": ""worm fence"", ""confidence"": 0.0042}, {""rank"": 4, ""label"": ""bannister"", ""confidence"": 0.0011}, {""rank"": 5, ""label"": ""pier"", ""confidence"": 0.0009}]",False
Places365_val_00020628.jpg,/Users/aidahamzic/PycharmProjects/PythonProject1/val_256/Places365_val_00020628.jpg,hotel-outdoor,building,church,0.2988,"[{""rank"": 1, ""label"": ""church"", ""confidence"": 0.2988}, {""rank"": 2, ""label"": ""water tower"", ""confidence"": 0.1516}, {""rank"": 3, ""label"": ""barn"", ""confidence"": 0.1388}, {""rank"": 4, ""label"": ""planetarium"", ""confidence"": 0.0833}, {""rank"": 5, ""label"": ""monastery"", ""confidence"": 0.0377}]",True
Places365_val_00020656.jpg,/Users/aidahamzic/PycharmProjects/PythonProject1/val_256/Places365_val_00020656.jpg,forest-broadleaf,forest,valley,0.4954,"[{""rank"": 1, ""label"": ""valley"", ""confidence"": 0.4954}, {""rank"": 2, ""label"": ""broccoli"", ""confidence"": 0.091}, {""rank"": 3, ""label"": ""suspension bridge"", ""confidence"": 0.0666}, {""rank"": 4, ""label"": ""viaduct"", ""confidence"": 0.0366}, {""rank"": 5, ""label"": ""coral reef"", ""confidence"": 0.0226}]",True
Places365_val_00020736.jpg,/Users/aidahamzic/PycharmProjects/PythonProject1/val_256/Places365_val_00020736.jpg,street,street,unicycle,0.3939,"[{""rank"": 1, ""label"": ""unicycle"", ""confidence"": 0.3939}, {""rank"": 2, ""label"": ""bearskin"", ""confidence"": 0.1761}, {""rank"": 3, ""label"": ""jinrikisha"", ""confidence"": 0.1677}, {""rank"": 4, ""label"": ""motor scooter"", ""confidence"": 0.025}, {""rank"": 5, ""label"": ""moped"", ""confidence"": 0.0208}]",True
Places365_val_00020754.jpg,/Users/aidahamzic/PycharmProjects/PythonProject1/val_256/Places365_val_00020754.jpg,river,water,lakeside,0.4977,"[{""rank"": 1, ""label"": ""lakeside"", ""confidence"": 0.4977}, {""rank"": 2, ""label"": ""worm fence"", ""confidence"": 0.0636}, {""rank"": 3, ""label"": ""boathouse"", ""confidence"": 0.0518}, {""rank"": 4, ""label"": ""bison"", ""confidence"": 0.0406}, {""rank"": 5, ""label"": ""valley"", ""confidence"": 0.0228}]",True
Places365_val_00020761.jpg,/Users/aidahamzic/PycharmProjects/PythonProject1/val_256/Places365_val_00020761.jpg,house,building,mobile home,0.8296,"[{""rank"": 1, ""label"": ""mobile home"", ""confidence"": 0.8296}, {""rank"": 2, ""label"": ""boathouse"", ""confidence"": 0.0462}, {""rank"": 3, ""label"": ""recreational vehicle"", ""confidence"": 0.016}, {""rank"": 4, ""label"": ""limousine"", ""confidence"": 0.0145}, {""rank"": 5, ""label"": ""worm fence"", ""confidence"": 0.0142}]",True
Places365_val_00020780.jpg,/Users/aidahamzic/PycharmProjects/PythonProject1/val_256/Places365_val_00020780.jpg,hotel-outdoor,building,bell cote,0.225,"[{""rank"": 1, ""label"": ""bell cote"", ""confidence"": 0.225}, {""rank"": 2, ""label"": ""cinema"", ""confidence"": 0.1184}, {""rank"": 3, ""label"": ""obelisk"", ""confidence"": 0.0845}, {""rank"": 4, ""label"": ""limousine"", ""confidence"": 0.0474}, {""rank"": 5, ""label"": ""street sign"", ""confidence"": 0.0411}]",True
Places365_val_00020806.jpg,/Users/aidahamzic/PycharmProjects/PythonProject1/val_256/Places365_val_00020806.jpg,street,street,cab,0.4122,"[{""rank"": 1, ""label"": ""cab"", ""confidence"": 0.4122}, {""rank"": 2, ""label"": ""limousine"", ""confidence"": 0.363}, {""rank"": 3, ""label"": ""minivan"", ""confidence"": 0.0445}, {""rank"": 4, ""label"": ""police van"", ""confidence"": 0.0318}, {""rank"": 5, ""label"": ""minibus"", ""confidence"": 0.0199}]",True
Places365_val_00020808.jpg,/Users/aidahamzic/PycharmProjects/PythonProject1/val_256/Places365_val_00020808.jpg,tower,building,mosque,0.3088,"[{""rank"": 1, ""label"": ""mosque"", ""confidence"": 0.3088}, {""rank"": 2, ""label"": ""palace"", ""confidence"": 0.2764}, {""rank"": 3, ""label"": ""bell cote"", ""confidence"": 0.0835}, {""rank"": 4, ""label"": ""beacon"", ""confidence"": 0.0432}, {""rank"": 5, ""label"": ""monastery"", ""confidence"": 0.0225}]",True
Places365_val_00020848.jpg,/Users/aidahamzic/PycharmProjects/PythonProject1/val_256/Places365_val_00020848.jpg,coast,water,seashore,0.5136,"[{""rank"": 1, ""label"": ""seashore"", ""confidence"": 0.5136}, {""rank"": 2, ""label"": ""promontory"", ""confidence"": 0.2851}, {""rank"": 3, ""label"": ""lakeside"", ""confidence"": 0.0521}, {""rank"": 4, ""label"": ""cliff"", ""confidence"": 0.0407}, {""rank"": 5, ""label"": ""aircraft carrier"", ""confidence"": 0.0256}]",True
Places365_val_00020883.jpg,/Users/aidahamzic/PycharmProjects/PythonProject1/val_256/Places365_val_00020883.jpg,hotel-outdoor,building,barbershop,0.4385,"[{""rank"": 1, ""label"": ""barbershop"", ""confidence"": 0.4385}, {""rank"": 2, ""label"": ""restaurant"", ""confidence"": 0.1209}, {""rank"": 3, ""label"": ""analog clock"", ""confidence"": 0.1043}, {""rank"": 4, ""label"": ""cinema"", ""confidence"": 0.064}, {""rank"": 5, ""label"": ""scoreboard"", ""confidence"": 0.0554}]",True
Places365_val_00020923.jpg,/Users/aidahamzic/PycharmProjects/PythonProject1/val_256/Places365_val_00020923.jpg,ocean,water,castle,0.3202,"[{""rank"": 1, ""label"": ""castle"", ""confidence"": 0.3202}, {""rank"": 2, ""label"": ""promontory"", ""confidence"": 0.1534}, {""rank"": 3, ""label"": ""beacon"", ""confidence"": 0.1467}, {""rank"": 4, ""label"": ""cliff"", ""confidence"": 0.0885}, {""rank"": 5, ""label"": ""monastery"", ""confidence"": 0.0671}]",True
Places365_val_00020928.jpg,/Users/aidahamzic/PycharmProjects/PythonProject1/val_256/Places365_val_00020928.jpg,skyscraper,building,scoreboard,0.8281,"[{""rank"": 1, ""label"": ""scoreboard"", ""confidence"": 0.8281}, {""rank"": 2, ""label"": ""radio"", ""confidence"": 0.0191}, {""rank"": 3, ""label"": ""church"", ""confidence"": 0.0078}, {""rank"": 4, ""label"": ""container ship"", ""confidence"": 0.0064}, {""rank"": 5, ""label"": ""flagpole"", ""confidence"": 0.0061}]",True
Places365_val_00020933.jpg,/Users/aidahamzic/PycharmProjects/PythonProject1/val_256/Places365_val_00020933.jpg,street,street,unicycle,0.5642,"[{""rank"": 1, ""label"": ""unicycle"", ""confidence"": 0.5642}, {""rank"": 2, ""label"": ""jinrikisha"", ""confidence"": 0.2214}, {""rank"": 3, ""label"": ""bicycle-built-for-two"", ""confidence"": 0.0615}, {""rank"": 4, ""label"": ""tricycle"", ""confidence"": 0.0109}, {""rank"": 5, ""label"": ""broom"", ""confidence"": 0.0108}]",True
Places365_val_00020972.jpg,/Users/aidahamzic/PycharmProjects/PythonProject1/val_256/Places365_val_00020972.jpg,highway,street,go-kart,0.1584,"[{""rank"": 1, ""label"": ""go-kart"", ""confidence"": 0.1584}, {""rank"": 2, ""label"": ""bicycle-built-for-two"", ""confidence"": 0.095}, {""rank"": 3, ""label"": ""unicycle"", ""confidence"": 0.0712}, {""rank"": 4, ""label"": ""racer"", ""confidence"": 0.0651}, {""rank"": 5, ""label"": ""sports car"", ""confidence"": 0.0639}]",False
Places365_val_00020983.jpg,/Users/aidahamzic/PycharmProjects/PythonProject1/val_256/Places365_val_00020983.jpg,alley,street,prison,0.1545,"[{""rank"": 1, ""label"": ""prison"", ""confidence"": 0.1545}, {""rank"": 2, ""label"": ""streetcar"", ""confidence"": 0.068}, {""rank"": 3, ""label"": ""passenger car"", ""confidence"": 0.068}, {""rank"": 4, ""label"": ""electric locomotive"", ""confidence"": 0.0497}, {""rank"": 5, ""label"": ""traffic light"", ""confidence"": 0.0397}]",True
Places365_val_00021017.jpg,/Users/aidahamzic/PycharmProjects/PythonProject1/val_256/Places365_val_00021017.jpg,mountain,mountain,lakeside,0.3619,"[{""rank"": 1, ""label"": ""lakeside"", ""confidence"": 0.3619}, {""rank"": 2, ""label"": ""promontory"", ""confidence"": 0.2816}, {""rank"": 3, ""label"": ""seashore"", ""confidence"": 0.1481}, {""rank"": 4, ""label"": ""volcano"", ""confidence"": 0.0514}, {""rank"": 5, ""label"": ""sandbar"", ""confidence"": 0.0488}]",True
Places365_val_00021053.jpg,/Users/aidahamzic/PycharmProjects/PythonProject1/val_256/Places365_val_00021053.jpg,forest-broadleaf,forest,hen-of-the-woods,0.8765,"[{""rank"": 1, ""label"": ""hen-of-the-woods"", ""confidence"": 0.8765}, {""rank"": 2, ""label"": ""coral fungus"", ""confidence"": 0.058}, {""rank"": 3, ""label"": ""bighorn"", ""confidence"": 0.0145}, {""rank"": 4, ""label"": ""sea slug"", ""confidence"": 0.0045}, {""rank"": 5, ""label"": ""earthstar"", ""confidence"": 0.0037}]",True
Places365_val_00021062.jpg,/Users/aidahamzic/PycharmProjects/PythonProject1/val_256/Places365_val_00021062.jpg,street,street,streetcar,0.7231,"[{""rank"": 1, ""label"": ""streetcar"", ""confidence"": 0.7231}, {""rank"": 2, ""label"": ""tobacco shop"", ""confidence"": 0.0787}, {""rank"": 3, ""label"": ""jinrikisha"", ""confidence"": 0.0282}, {""rank"": 4, ""label"": ""bookshop"", ""confidence"": 0.0242}, {""rank"": 5, ""label"": ""pay-phone"", ""confidence"": 0.0153}]",True
Places365_val_00021089.jpg,/Users/aidahamzic/PycharmProjects/PythonProject1/val_256/Places365_val_00021089.jpg,house,building,window screen,0.1201,"[{""rank"": 1, ""label"": ""window screen"", ""confidence"": 0.1201}, {""rank"": 2, ""label"": ""monastery"", ""confidence"": 0.0785}, {""rank"": 3, ""label"": ""planetarium"", ""confidence"": 0.0566}, {""rank"": 4, ""label"": ""solar dish"", ""confidence"": 0.0532}, {""rank"": 5, ""label"": ""mobile home"", ""confidence"": 0.0395}]",True
Places365_val_00021107.jpg,/Users/aidahamzic/PycharmProjects/PythonProject1/val_256/Places365_val_00021107.jpg,coast,water,sandbar,0.6915,"[{""rank"": 1, ""label"": ""sandbar"", ""confidence"": 0.6915}, {""rank"": 2, ""label"": ""seashore"", ""confidence"": 0.3046}, {""rank"": 3, ""label"": ""promontory"", ""confidence"": 0.0014}, {""rank"": 4, ""label"": ""lakeside"", ""confidence"": 0.0008}, {""rank"": 5, ""label"": ""wreck"", ""confidence"": 0.0002}]",True
Places365_val_00021111.jpg,/Users/aidahamzic/PycharmProjects/PythonProject1/val_256/Places365_val_00021111.jpg,skyscraper,building,castle,0.3935,"[{""rank"": 1, ""label"": ""castle"", ""confidence"": 0.3935}, {""rank"": 2, ""label"": ""liner"", ""confidence"": 0.1127}, {""rank"": 3, ""label"": ""drilling platform"", ""confidence"": 0.0859}, {""rank"": 4, ""label"": ""dock"", ""confidence"": 0.0831}, {""rank"": 5, ""label"": ""container ship"", ""confidence"": 0.0735}]",True
Places365_val_00021145.jpg,/Users/aidahamzic/PycharmProjects/PythonProject1/val_256/Places365_val_00021145.jpg,glacier,glacier,alp,0.6438,"[{""rank"": 1, ""label"": ""alp"", ""confidence"": 0.6438}, {""rank"": 2, ""label"": ""valley"", ""confidence"": 0.3514}, {""rank"": 3, ""label"": ""mountain tent"", ""confidence"": 0.0023}, {""rank"": 4, ""label"": ""volcano"", ""confidence"": 0.0007}, {""rank"": 5, ""label"": ""ski"", ""confidence"": 0.0004}]",True
Places365_val_00021157.jpg,/Users/aidahamzic/PycharmProjects/PythonProject1/val_256/Places365_val_00021157.jpg,street,street,palace,0.1308,"[{""rank"": 1, ""label"": ""palace"", ""confidence"": 0.1308}, {""rank"": 2, ""label"": ""bell cote"", ""confidence"": 0.105}, {""rank"": 3, ""label"": ""streetcar"", ""confidence"": 0.0952}, {""rank"": 4, ""label"": ""monastery"", ""confidence"": 0.0862}, {""rank"": 5, ""label"": ""tobacco shop"", ""confidence"": 0.0775}]",True
Places365_val_00021227.jpg,/Users/aidahamzic/PycharmProjects/PythonProject1/val_256/Places365_val_00021227.jpg,rainforest,forest,lakeside,0.8209,"[{""rank"": 1, ""label"": ""lakeside"", ""confidence"": 0.8209}, {""rank"": 2, ""label"": ""boathouse"", ""confidence"": 0.055}, {""rank"": 3, ""label"": ""seashore"", ""confidence"": 0.0261}, {""rank"": 4, ""label"": ""sandbar"", ""confidence"": 0.0174}, {""rank"": 5, ""label"": ""valley"", ""confidence"": 0.0161}]",True
Places365_val_00021231.jpg,/Users/aidahamzic/PycharmProjects/PythonProject1/val_256/Places365_val_00021231.jpg,skyscraper,building,scoreboard,0.2274,"[{""rank"": 1, ""label"": ""scoreboard"", ""confidence"": 0.2274}, {""rank"": 2, ""label"": ""garbage truck"", ""confidence"": 0.196}, {""rank"": 3, ""label"": ""cassette"", ""confidence"": 0.1378}, {""rank"": 4, ""label"": ""trailer truck"", ""confidence"": 0.0942}, {""rank"": 5, ""label"": ""monitor"", ""confidence"": 0.0574}]",True
Places365_val_00021258.jpg,/Users/aidahamzic/PycharmProjects/PythonProject1/val_256/Places365_val_00021258.jpg,ocean,water,cliff,0.5216,"[{""rank"": 1, ""label"": ""cliff"", ""confidence"": 0.5216}, {""rank"": 2, ""label"": ""volcano"", ""confidence"": 0.1611}, {""rank"": 3, ""label"": ""promontory"", ""confidence"": 0.1563}, {""rank"": 4, ""label"": ""seashore"", ""confidence"": 0.0645}, {""rank"": 5, ""label"": ""swimming trunks"", ""confidence"": 0.0169}]",True
Places365_val_00021296.jpg,/Users/aidahamzic/PycharmProjects/PythonProject1/val_256/Places365_val_00021296.jpg,mountain,mountain,valley,0.514,"[{""rank"": 1, ""label"": ""valley"", ""confidence"": 0.514}, {""rank"": 2, ""label"": ""alp"", ""confidence"": 0.2267}, {""rank"": 3, ""label"": ""volcano"", ""confidence"": 0.1734}, {""rank"": 4, ""label"": ""cliff"", ""confidence"": 0.0253}, {""rank"": 5, ""label"": ""mountain tent"", ""confidence"": 0.0134}]",True
Places365_val_00021312.jpg,/Users/aidahamzic/PycharmProjects/PythonProject1/val_256/Places365_val_00021312.jpg,glacier,glacier,valley,0.4912,"[{""rank"": 1, ""label"": ""valley"", ""confidence"": 0.4912}, {""rank"": 2, ""label"": ""alp"", ""confidence"": 0.4886}, {""rank"": 3, ""label"": ""cliff"", ""confidence"": 0.0081}, {""rank"": 4, ""label"": ""promontory"", ""confidence"": 0.0055}, {""rank"": 5, ""label"": ""mountain tent"", ""confidence"": 0.003}]",True
Places365_val_00021331.jpg,/Users/aidahamzic/PycharmProjects/PythonProject1/val_256/Places365_val_00021331.jpg,ocean,water,dam,0.509,"[{""rank"": 1, ""label"": ""dam"", ""confidence"": 0.509}, {""rank"": 2, ""label"": ""dock"", ""confidence"": 0.1094}, {""rank"": 3, ""label"": ""breakwater"", ""confidence"": 0.1018}, {""rank"": 4, ""label"": ""lakeside"", ""confidence"": 0.0595}, {""rank"": 5, ""label"": ""pier"", ""confidence"": 0.0588}]",True
Places365_val_00021369.jpg,/Users/aidahamzic/PycharmProjects/PythonProject1/val_256/Places365_val_00021369.jpg,downtown,building,dome,0.2542,"[{""rank"": 1, ""label"": ""dome"", ""confidence"": 0.2542}, {""rank"": 2, ""label"": ""bell cote"", ""confidence"": 0.2525}, {""rank"": 3, ""label"": ""mosque"", ""confidence"": 0.2019}, {""rank"": 4, ""label"": ""palace"", ""confidence"": 0.0835}, {""rank"": 5, ""label"": ""planetarium"", ""confidence"": 0.0606}]",True
Places365_val_00021373.jpg,/Users/aidahamzic/PycharmProjects/PythonProject1/val_256/Places365_val_00021373.jpg,skyscraper,building,library,0.248,"[{""rank"": 1, ""label"": ""library"", ""confidence"": 0.248}, {""rank"": 2, ""label"": ""vault"", ""confidence"": 0.0918}, {""rank"": 3, ""label"": ""dome"", ""confidence"": 0.0844}, {""rank"": 4, ""label"": ""lampshade"", ""confidence"": 0.0802}, {""rank"": 5, ""label"": ""church"", ""confidence"": 0.0451}]",True
Places365_val_00021383.jpg,/Users/aidahamzic/PycharmProjects/PythonProject1/val_256/Places365_val_00021383.jpg,glacier,glacier,king penguin,0.6456,"[{""rank"": 1, ""label"": ""king penguin"", ""confidence"": 0.6456}, {""rank"": 2, ""label"": ""killer whale"", ""confidence"": 0.0822}, {""rank"": 3, ""label"": ""bighorn"", ""confidence"": 0.0572}, {""rank"": 4, ""label"": ""African hunting dog"", ""confidence"": 0.031}, {""rank"": 5, ""label"": ""ibex"", ""confidence"": 0.0217}]",False
Places365_val_00021395.jpg,/Users/aidahamzic/PycharmProjects/PythonProject1/val_256/Places365_val_00021395.jpg,river,water,castle,0.1931,"[{""rank"": 1, ""label"": ""castle"", ""confidence"": 0.1931}, {""rank"": 2, ""label"": ""dock"", ""confidence"": 0.1669}, {""rank"": 3, ""label"": ""palace"", ""confidence"": 0.0869}, {""rank"": 4, ""label"": ""fountain"", ""confidence"": 0.0802}, {""rank"": 5, ""label"": ""pier"", ""confidence"": 0.0537}]",True
Places365_val_00021404.jpg,/Users/aidahamzic/PycharmProjects/PythonProject1/val_256/Places365_val_00021404.jpg,street,street,neck brace,0.0953,"[{""rank"": 1, ""label"": ""neck brace"", ""confidence"": 0.0953}, {""rank"": 2, ""label"": ""crutch"", ""confidence"": 0.0638}, {""rank"": 3, ""label"": ""shower cap"", ""confidence"": 0.0423}, {""rank"": 4, ""label"": ""fur coat"", ""confidence"": 0.0247}, {""rank"": 5, ""label"": ""sombrero"", ""confidence"": 0.0238}]",False
Places365_val_00021426.jpg,/Users/aidahamzic/PycharmProjects/PythonProject1/val_256/Places365_val_00021426.jpg,mountain,mountain,promontory,0.8395,"[{""rank"": 1, ""label"": ""promontory"", ""confidence"": 0.8395}, {""rank"": 2, ""label"": ""cliff"", ""confidence"": 0.1017}, {""rank"": 3, ""label"": ""seashore"", ""confidence"": 0.0128}, {""rank"": 4, ""label"": ""megalith"", ""confidence"": 0.0063}, {""rank"": 5, ""label"": ""valley"", ""confidence"": 0.003}]",True
Places365_val_00021428.jpg,/Users/aidahamzic/PycharmProjects/PythonProject1/val_256/Places365_val_00021428.jpg,tower,building,monastery,0.4462,"[{""rank"": 1, ""label"": ""monastery"", ""confidence"": 0.4462}, {""rank"": 2, ""label"": ""bell cote"", ""confidence"": 0.3279}, {""rank"": 3, ""label"": ""castle"", ""confidence"": 0.1871}, {""rank"": 4, ""label"": ""palace"", ""confidence"": 0.0102}, {""rank"": 5, ""label"": ""church"", ""confidence"": 0.0075}]",True
Places365_val_00021454.jpg,/Users/aidahamzic/PycharmProjects/PythonProject1/val_256/Places365_val_00021454.jpg,downtown,building,palace,0.4269,"[{""rank"": 1, ""label"": ""palace"", ""confidence"": 0.4269}, {""rank"": 2, ""label"": ""castle"", ""confidence"": 0.175}, {""rank"": 3, ""label"": ""monastery"", ""confidence"": 0.1342}, {""rank"": 4, ""label"": ""lakeside"", ""confidence"": 0.0305}, {""rank"": 5, ""label"": ""seashore"", ""confidence"": 0.0272}]",True
Places365_val_00021477.jpg,/Users/aidahamzic/PycharmProjects/PythonProject1/val_256/Places365_val_00021477.jpg,glacier,glacier,alp,0.6315,"[{""rank"": 1, ""label"": ""alp"", ""confidence"": 0.6315}, {""rank"": 2, ""label"": ""valley"", ""confidence"": 0.3375}, {""rank"": 3, ""label"": ""cliff"", ""confidence"": 0.0089}, {""rank"": 4, ""label"": ""promontory"", ""confidence"": 0.0088}, {""rank"": 5, ""label"": ""mountain tent"", ""confidence"": 0.0032}]",True
Places365_val_00021531.jpg,/Users/aidahamzic/PycharmProjects/PythonProject1/val_256/Places365_val_00021531.jpg,hotel-outdoor,building,racer,0.1272,"[{""rank"": 1, ""label"": ""racer"", ""confidence"": 0.1272}, {""rank"": 2, ""label"": ""scoreboard"", ""confidence"": 0.1246}, {""rank"": 3, ""label"": ""flagpole"", ""confidence"": 0.0842}, {""rank"": 4, ""label"": ""cinema"", ""confidence"": 0.057}, {""rank"": 5, ""label"": ""seashore"", ""confidence"": 0.0446}]",True
Places365_val_00021543.jpg,/Users/aidahamzic/PycharmProjects/PythonProject1/val_256/Places365_val_00021543.jpg,rainforest,forest,capuchin,0.0427,"[{""rank"": 1, ""label"": ""capuchin"", ""confidence"": 0.0427}, {""rank"": 2, ""label"": ""proboscis monkey"", ""confidence"": 0.0421}, {""rank"": 3, ""label"": ""three-toed sloth"", ""confidence"": 0.04}, {""rank"": 4, ""label"": ""indri"", ""confidence"": 0.0379}, {""rank"": 5, ""label"": ""American black bear"", ""confidence"": 0.037}]",True
Places365_val_00021571.jpg,/Users/aidahamzic/PycharmProjects/PythonProject1/val_256/Places365_val_00021571.jpg,rainforest,forest,valley,0.3325,"[{""rank"": 1, ""label"": ""valley"", ""confidence"": 0.3325}, {""rank"": 2, ""label"": ""lakeside"", ""confidence"": 0.0883}, {""rank"": 3, ""label"": ""solar dish"", ""confidence"": 0.052}, {""rank"": 4, ""label"": ""alp"", ""confidence"": 0.0414}, {""rank"": 5, ""label"": ""mountain tent"", ""confidence"": 0.0342}]",True
Places365_val_00021577.jpg,/Users/aidahamzic/PycharmProjects/PythonProject1/val_256/Places365_val_00021577.jpg,river,water,promontory,0.269,"[{""rank"": 1, ""label"": ""promontory"", ""confidence"": 0.269}, {""rank"": 2, ""label"": ""seashore"", ""confidence"": 0.1615}, {""rank"": 3, ""label"": ""cliff"", ""confidence"": 0.1201}, {""rank"": 4, ""label"": ""valley"", ""confidence"": 0.1199}, {""rank"": 5, ""label"": ""lakeside"", ""confidence"": 0.0653}]",True
Places365_val_00021585.jpg,/Users/aidahamzic/PycharmProjects/PythonProject1/val_256/Places365_val_00021585.jpg,rainforest,forest,valley,0.3473,"[{""rank"": 1, ""label"": ""valley"", ""confidence"": 0.3473}, {""rank"": 2, ""label"": ""cliff"", ""confidence"": 0.0664}, {""rank"": 3, ""label"": ""lakeside"", ""confidence"": 0.0625}, {""rank"": 4, ""label"": ""boathouse"", ""confidence"": 0.0551}, {""rank"": 5, ""label"": ""canoe"", ""confidence"": 0.0502}]",True
Places365_val_00021595.jpg,/Users/aidahamzic/PycharmProjects/PythonProject1/val_256/Places365_val_00021595.jpg,downtown,building,seat belt,0.2698,"[{""rank"": 1, ""label"": ""seat belt"", ""confidence"": 0.2698}, {""rank"": 2, ""label"": ""revolver"", ""confidence"": 0.1322}, {""rank"": 3, ""label"": ""crash helmet"", ""confidence"": 0.114}, {""rank"": 4, ""label"": ""disk brake"", ""confidence"": 0.044}, {""rank"": 5, ""label"": ""assault rifle"", ""confidence"": 0.0323}]",False
Places365_val_00021681.jpg,/Users/aidahamzic/PycharmProjects/PythonProject1/val_256/Places365_val_00021681.jpg,coast,water,seashore,0.7047,"[{""rank"": 1, ""label"": ""seashore"", ""confidence"": 0.7047}, {""rank"": 2, ""label"": ""lakeside"", ""confidence"": 0.2168}, {""rank"": 3, ""label"": ""sandbar"", ""confidence"": 0.0315}, {""rank"": 4, ""label"": ""promontory"", ""confidence"": 0.0059}, {""rank"": 5, ""label"": ""pole"", ""confidence"": 0.0016}]",True
Places365_val_00021698.jpg,/Users/aidahamzic/PycharmProjects/PythonProject1/val_256/Places365_val_00021698.jpg,river,water,breakwater,0.2648,"[{""rank"": 1, ""label"": ""breakwater"", ""confidence"": 0.2648}, {""rank"": 2, ""label"": ""lakeside"", ""confidence"": 0.1319}, {""rank"": 3, ""label"": ""pier"", ""confidence"": 0.0836}, {""rank"": 4, ""label"": ""dock"", ""confidence"": 0.058}, {""rank"": 5, ""label"": ""fireboat"", ""confidence"": 0.0508}]",True
Places365_val_00021705.jpg,/Users/aidahamzic/PycharmProjects/PythonProject1/val_256/Places365_val_00021705.jpg,house,building,mobile home,0.888,"[{""rank"": 1, ""label"": ""mobile home"", ""confidence"": 0.888}, {""rank"": 2, ""label"": ""recreational vehicle"", ""confidence"": 0.0661}, {""rank"": 3, ""label"": ""boathouse"", ""confidence"": 0.0133}, {""rank"": 4, ""label"": ""snowplow"", ""confidence"": 0.0037}, {""rank"": 5, ""label"": ""moving van"", ""confidence"": 0.0032}]",True
Places365_val_00021722.jpg,/Users/aidahamzic/PycharmProjects/PythonProject1/val_256/Places365_val_00021722.jpg,coast,water,catamaran,0.2852,"[{""rank"": 1, ""label"": ""catamaran"", ""confidence"": 0.2852}, {""rank"": 2, ""label"": ""pirate"", ""confidence"": 0.1259}, {""rank"": 3, ""label"": ""schooner"", ""confidence"": 0.1222}, {""rank"": 4, ""label"": ""dock"", ""confidence"": 0.1085}, {""rank"": 5, ""label"": ""yawl"", ""confidence"": 0.1079}]",True
Places365_val_00021729.jpg,/Users/aidahamzic/PycharmProjects/PythonProject1/val_256/Places365_val_00021729.jpg,downtown,building,pier,0.2777,"[{""rank"": 1, ""label"": ""pier"", ""confidence"": 0.2777}, {""rank"": 2, ""label"": ""drilling platform"", ""confidence"": 0.2255}, {""rank"": 3, ""label"": ""dock"", ""confidence"": 0.1276}, {""rank"": 4, ""label"": ""lakeside"", ""confidence"": 0.0639}, {""rank"": 5, ""label"": ""liner"", ""confidence"": 0.0578}]",True
Places365_val_00021747.jpg,/Users/aidahamzic/PycharmProjects/PythonProject1/val_256/Places365_val_00021747.jpg,tower,building,church,0.2485,"[{""rank"": 1, ""label"": ""church"", ""confidence"": 0.2485}, {""rank"": 2, ""label"": ""bell cote"", ""confidence"": 0.1523}, {""rank"": 3, ""label"": ""castle"", ""confidence"": 0.1254}, {""rank"": 4, ""label"": ""monastery"", ""confidence"": 0.0718}, {""rank"": 5, ""label"": ""flagpole"", ""confidence"": 0.0458}]",True
Places365_val_00021776.jpg,/Users/aidahamzic/PycharmProjects/PythonProject1/val_256/Places365_val_00021776.jpg,forest-broadleaf,forest,valley,0.371,"[{""rank"": 1, ""label"": ""valley"", ""confidence"": 0.371}, {""rank"": 2, ""label"": ""alp"", ""confidence"": 0.1923}, {""rank"": 3, ""label"": ""volcano"", ""confidence"": 0.1893}, {""rank"": 4, ""label"": ""lakeside"", ""confidence"": 0.0331}, {""rank"": 5, ""label"": ""mountain tent"", ""confidence"": 0.0239}]",True
Places365_val_00021777.jpg,/Users/aidahamzic/PycharmProjects/PythonProject1/val_256/Places365_val_00021777.jpg,downtown,building,beacon,0.2649,"[{""rank"": 1, ""label"": ""beacon"", ""confidence"": 0.2649}, {""rank"": 2, ""label"": ""palace"", ""confidence"": 0.1042}, {""rank"": 3, ""label"": ""dome"", ""confidence"": 0.0987}, {""rank"": 4, ""label"": ""water tower"", ""confidence"": 0.0924}, {""rank"": 5, ""label"": ""planetarium"", ""confidence"": 0.0768}]",True
Places365_val_00021788.jpg,/Users/aidahamzic/PycharmProjects/PythonProject1/val_256/Places365_val_00021788.jpg,forest-broadleaf,forest,church,0.1126,"[{""rank"": 1, ""label"": ""church"", ""confidence"": 0.1126}, {""rank"": 2, ""label"": ""rapeseed"", ""confidence"": 0.0964}, {""rank"": 3, ""label"": ""water tower"", ""confidence"": 0.0858}, {""rank"": 4, ""label"": ""barn"", ""confidence"": 0.0803}, {""rank"": 5, ""label"": ""castle"", ""confidence"": 0.0762}]",False
Places365_val_00021791.jpg,/Users/aidahamzic/PycharmProjects/PythonProject1/val_256/Places365_val_00021791.jpg,alley,street,prison,0.0994,"[{""rank"": 1, ""label"": ""prison"", ""confidence"": 0.0994}, {""rank"": 2, ""label"": ""streetcar"", ""confidence"": 0.097}, {""rank"": 3, ""label"": ""jinrikisha"", ""confidence"": 0.0643}, {""rank"": 4, ""label"": ""passenger car"", ""confidence"": 0.0524}, {""rank"": 5, ""label"": ""tobacco shop"", ""confidence"": 0.044}]",True
Places365_val_00021820.jpg,/Users/aidahamzic/PycharmProjects/PythonProject1/val_256/Places365_val_00021820.jpg,mountain,mountain,alp,0.4775,"[{""rank"": 1, ""label"": ""alp"", ""confidence"": 0.4775}, {""rank"": 2, ""label"": ""valley"", ""confidence"": 0.2074}, {""rank"": 3, ""label"": ""cliff"", ""confidence"": 0.0868}, {""rank"": 4, ""label"": ""cliff dwelling"", ""confidence"": 0.0806}, {""rank"": 5, ""label"": ""dam"", ""confidence"": 0.0281}]",True
Places365_val_00021831.jpg,/Users/aidahamzic/PycharmProjects/PythonProject1/val_256/Places365_val_00021831.jpg,river,water,dam,0.1663,"[{""rank"": 1, ""label"": ""dam"", ""confidence"": 0.1663}, {""rank"": 2, ""label"": ""hippopotamus"", ""confidence"": 0.1579}, {""rank"": 3, ""label"": ""lakeside"", ""confidence"": 0.1549}, {""rank"": 4, ""label"": ""sandbar"", ""confidence"": 0.086}, {""rank"": 5, ""label"": ""valley"", ""confidence"": 0.0714}]",True
Places365_val_00021840.jpg,/Users/aidahamzic/PycharmProjects/PythonProject1/val_256/Places365_val_00021840.jpg,hotel-outdoor,building,vending machine,0.5114,"[{""rank"": 1, ""label"": ""vending machine"", ""confidence"": 0.5114}, {""rank"": 2, ""label"": ""tobacco shop"", ""confidence"": 0.2929}, {""rank"": 3, ""label"": ""abacus"", ""confidence"": 0.0805}, {""rank"": 4, ""label"": ""shoe shop"", ""confidence"": 0.0101}, {""rank"": 5, ""label"": ""wine bottle"", ""confidence"": 0.0098}]",False
Places365_val_00021887.jpg,/Users/aidahamzic/PycharmProjects/PythonProject1/val_256/Places365_val_00021887.jpg,highway,street,great white shark,0.2012,"[{""rank"": 1, ""label"": ""great white shark"", ""confidence"": 0.2012}, {""rank"": 2, ""label"": ""spider web"", ""confidence"": 0.0653}, {""rank"": 3, ""label"": ""hammerhead"", ""confidence"": 0.0602}, {""rank"": 4, ""label"": ""tiger shark"", ""confidence"": 0.0493}, {""rank"": 5, ""label"": ""black and gold garden spider"", ""confidence"": 0.0452}]",False
Places365_val_00021889.jpg,/Users/aidahamzic/PycharmProjects/PythonProject1/val_256/Places365_val_00021889.jpg,ocean,water,seashore,0.2645,"[{""rank"": 1, ""label"": ""seashore"", ""confidence"": 0.2645}, {""rank"": 2, ""label"": ""lakeside"", ""confidence"": 0.2538}, {""rank"": 3, ""label"": ""beacon"", ""confidence"": 0.1865}, {""rank"": 4, ""label"": ""planetarium"", ""confidence"": 0.06}, {""rank"": 5, ""label"": ""promontory"", ""confidence"": 0.0181}]",True
Places365_val_00021905.jpg,/Users/aidahamzic/PycharmProjects/PythonProject1/val_256/Places365_val_00021905.jpg,ocean,water,sea lion,0.664,"[{""rank"": 1, ""label"": ""sea lion"", ""confidence"": 0.664}, {""rank"": 2, ""label"": ""otter"", ""confidence"": 0.2275}, {""rank"": 3, ""label"": ""mink"", ""confidence"": 0.0274}, {""rank"": 4, ""label"": ""beaver"", ""confidence"": 0.0164}, {""rank"": 5, ""label"": ""marmot"", ""confidence"": 0.016}]",False
Places365_val_00021924.jpg,/Users/aidahamzic/PycharmProjects/PythonProject1/val_256/Places365_val_00021924.jpg,alley,street,streetcar,0.3153,"[{""rank"": 1, ""label"": ""streetcar"", ""confidence"": 0.3153}, {""rank"": 2, ""label"": ""passenger car"", ""confidence"": 0.1551}, {""rank"": 3, ""label"": ""trolleybus"", ""confidence"": 0.0359}, {""rank"": 4, ""label"": ""electric locomotive"", ""confidence"": 0.0278}, {""rank"": 5, ""label"": ""vault"", ""confidence"": 0.0269}]",True
Places365_val_00021970.jpg,/Users/aidahamzic/PycharmProjects/PythonProject1/val_256/Places365_val_00021970.jpg,glacier,glacier,volcano,0.7737,"[{""rank"": 1, ""label"": ""volcano"", ""confidence"": 0.7737}, {""rank"": 2, ""label"": ""alp"", ""confidence"": 0.1988}, {""rank"": 3, ""label"": ""geyser"", ""confidence"": 0.0118}, {""rank"": 4, ""label"": ""valley"", ""confidence"": 0.0097}, {""rank"": 5, ""label"": ""mountain tent"", ""confidence"": 0.0013}]",True
Places365_val_00021985.jpg,/Users/aidahamzic/PycharmProjects/PythonProject1/val_256/Places365_val_00021985.jpg,rainforest,forest,buckeye,0.1629,"[{""rank"": 1, ""label"": ""buckeye"", ""confidence"": 0.1629}, {""rank"": 2, ""label"": ""eft"", ""confidence"": 0.0547}, {""rank"": 3, ""label"": ""stinkhorn"", ""confidence"": 0.0317}, {""rank"": 4, ""label"": ""cock"", ""confidence"": 0.0303}, {""rank"": 5, ""label"": ""coral fungus"", ""confidence"": 0.0298}]",False
Places365_val_00022067.jpg,/Users/aidahamzic/PycharmProjects/PythonProject1/val_256/Places365_val_00022067.jpg,coast,water,seashore,0.572,"[{""rank"": 1, ""label"": ""seashore"", ""confidence"": 0.572}, {""rank"": 2, ""label"": ""sandbar"", ""confidence"": 0.1934}, {""rank"": 3, ""label"": ""promontory"", ""confidence"": 0.0846}, {""rank"": 4, ""label"": ""wing"", ""confidence"": 0.0461}, {""rank"": 5, ""label"": ""volcano"", ""confidence"": 0.0202}]",True
Places365_val_00022111.jpg,/Users/aidahamzic/PycharmProjects/PythonProject1/val_256/Places365_val_00022111.jpg,alley,street,streetcar,0.2322,"[{""rank"": 1, ""label"": ""streetcar"", ""confidence"": 0.2322}, {""rank"": 2, ""label"": ""jinrikisha"", ""confidence"": 0.1563}, {""rank"": 3, ""label"": ""gondola"", ""confidence"": 0.0896}, {""rank"": 4, ""label"": ""restaurant"", ""confidence"": 0.0828}, {""rank"": 5, ""label"": ""passenger car"", ""confidence"": 0.0681}]",True
Places365_val_00022117.jpg,/Users/aidahamzic/PycharmProjects/PythonProject1/val_256/Places365_val_00022117.jpg,tower,building,water tower,0.9992,"[{""rank"": 1, ""label"": ""water tower"", ""confidence"": 0.9992}, {""rank"": 2, ""label"": ""beacon"", ""confidence"": 0.0003}, {""rank"": 3, ""label"": ""drilling platform"", ""confidence"": 0.0002}, {""rank"": 4, ""label"": ""wreck"", ""confidence"": 0.0}, {""rank"": 5, ""label"": ""pedestal"", ""confidence"": 0.0}]",False
Places365_val_00022123.jpg,/Users/aidahamzic/PycharmProjects/PythonProject1/val_256/Places365_val_00022123.jpg,alley,street,yurt,0.1781,"[{""rank"": 1, ""label"": ""yurt"", ""confidence"": 0.1781}, {""rank"": 2, ""label"": ""gas pump"", ""confidence"": 0.0966}, {""rank"": 3, ""label"": ""guillotine"", ""confidence"": 0.0946}, {""rank"": 4, ""label"": ""sliding door"", ""confidence"": 0.081}, {""rank"": 5, ""label"": ""monastery"", ""confidence"": 0.0483}]",False
Places365_val_00022172.jpg,/Users/aidahamzic/PycharmProjects/PythonProject1/val_256/Places365_val_00022172.jpg,rainforest,forest,valley,0.8578,"[{""rank"": 1, ""label"": ""valley"", ""confidence"": 0.8578}, {""rank"": 2, ""label"": ""lakeside"", ""confidence"": 0.0499}, {""rank"": 3, ""label"": ""viaduct"", ""confidence"": 0.0156}, {""rank"": 4, ""label"": ""mountain bike"", ""confidence"": 0.0098}, {""rank"": 5, ""label"": ""alp"", ""confidence"": 0.0097}]",True
Places365_val_00022199.jpg,/Users/aidahamzic/PycharmProjects/PythonProject1/val_256/Places365_val_00022199.jpg,river,water,valley,0.5817,"[{""rank"": 1, ""label"": ""valley"", ""confidence"": 0.5817}, {""rank"": 2, ""label"": ""lakeside"", ""confidence"": 0.3325}, {""rank"": 3, ""label"": ""promontory"", ""confidence"": 0.0176}, {""rank"": 4, ""label"": ""cliff"", ""confidence"": 0.0154}, {""rank"": 5, ""label"": ""dam"", ""confidence"": 0.0151}]",True
Places365_val_00022213.jpg,/Users/aidahamzic/PycharmProjects/PythonProject1/val_256/Places365_val_00022213.jpg,coast,water,dam,0.2327,"[{""rank"": 1, ""label"": ""dam"", ""confidence"": 0.2327}, {""rank"": 2, ""label"": ""lakeside"", ""confidence"": 0.1752}, {""rank"": 3, ""label"": ""promontory"", ""confidence"": 0.1416}, {""rank"": 4, ""label"": ""valley"", ""confidence"": 0.1241}, {""rank"": 5, ""label"": ""seashore"", ""confidence"": 0.1091}]",True
Places365_val_00022215.jpg,/Users/aidahamzic/PycharmProjects/PythonProject1/val_256/Places365_val_00022215.jpg,glacier,glacier,alp,0.6847,"[{""rank"": 1, ""label"": ""alp"", ""confidence"": 0.6847}, {""rank"": 2, ""label"": ""mountain tent"", ""confidence"": 0.0969}, {""rank"": 3, ""label"": ""ski"", ""confidence"": 0.0272}, {""rank"": 4, ""label"": ""snowmobile"", ""confidence"": 0.0232}, {""rank"": 5, ""label"": ""valley"", ""confidence"": 0.0191}]",True
Places365_val_00022257.jpg,/Users/aidahamzic/PycharmProjects/PythonProject1/val_256/Places365_val_00022257.jpg,alley,street,monastery,0.5674,"[{""rank"": 1, ""label"": ""monastery"", ""confidence"": 0.5674}, {""rank"": 2, ""label"": ""prison"", ""confidence"": 0.1986}, {""rank"": 3, ""label"": ""palace"", ""confidence"": 0.0955}, {""rank"": 4, ""label"": ""castle"", ""confidence"": 0.0288}, {""rank"": 5, ""label"": ""crate"", ""confidence"": 0.0274}]",False
Places365_val_00022258.jpg,/Users/aidahamzic/PycharmProjects/PythonProject1/val_256/Places365_val_00022258.jpg,hotel-outdoor,building,palace,0.6408,"[{""rank"": 1, ""label"": ""palace"", ""confidence"": 0.6408}, {""rank"": 2, ""label"": ""dome"", ""confidence"": 0.1798}, {""rank"": 3, ""label"": ""planetarium"", ""confidence"": 0.1107}, {""rank"": 4, ""label"": ""mosque"", ""confidence"": 0.0264}, {""rank"": 5, ""label"": ""stupa"", ""confidence"": 0.0209}]",True
Places365_val_00022268.jpg,/Users/aidahamzic/PycharmProjects/PythonProject1/val_256/Places365_val_00022268.jpg,hotel-outdoor,building,palace,0.3132,"[{""rank"": 1, ""label"": ""palace"", ""confidence"": 0.3132}, {""rank"": 2, ""label"": ""castle"", ""confidence"": 0.2821}, {""rank"": 3, ""label"": ""mosque"", ""confidence"": 0.0574}, {""rank"": 4, ""label"": ""dome"", ""confidence"": 0.03}, {""rank"": 5, ""label"": ""balloon"", ""confidence"": 0.0236}]",True
Places365_val_00022308.jpg,/Users/aidahamzic/PycharmProjects/PythonProject1/val_256/Places365_val_00022308.jpg,house,building,castle,0.4263,"[{""rank"": 1, ""label"": ""castle"", ""confidence"": 0.4263}, {""rank"": 2, ""label"": ""monastery"", ""confidence"": 0.2036}, {""rank"": 3, ""label"": ""palace"", ""confidence"": 0.1302}, {""rank"": 4, ""label"": ""bell cote"", ""confidence"": 0.0605}, {""rank"": 5, ""label"": ""church"", ""confidence"": 0.0579}]",True
Places365_val_00022340.jpg,/Users/aidahamzic/PycharmProjects/PythonProject1/val_256/Places365_val_00022340.jpg,highway,street,trailer truck,0.5906,"[{""rank"": 1, ""label"": ""trailer truck"", ""confidence"": 0.5906}, {""rank"": 2, ""label"": ""moving van"", ""confidence"": 0.1118}, {""rank"": 3, ""label"": ""street sign"", ""confidence"": 0.0794}, {""rank"": 4, ""label"": ""garbage truck"", ""confidence"": 0.0726}, {""rank"": 5, ""label"": ""police van"", ""confidence"": 0.0178}]",False
Places365_val_00022344.jpg,/Users/aidahamzic/PycharmProjects/PythonProject1/val_256/Places365_val_00022344.jpg,alley,street,mobile home,0.1475,"[{""rank"": 1, ""label"": ""mobile home"", ""confidence"": 0.1475}, {""rank"": 2, ""label"": ""ashcan"", ""confidence"": 0.1114}, {""rank"": 3, ""label"": ""trolleybus"", ""confidence"": 0.0919}, {""rank"": 4, ""label"": ""electric locomotive"", ""confidence"": 0.0854}, {""rank"": 5, ""label"": ""boathouse"", ""confidence"": 0.0667}]",True
Places365_val_00022362.jpg,/Users/aidahamzic/PycharmProjects/PythonProject1/val_256/Places365_val_00022362.jpg,river,water,pier,0.8846,"[{""rank"": 1, ""label"": ""pier"", ""confidence"": 0.8846}, {""rank"": 2, ""label"": ""steel arch bridge"", ""confidence"": 0.046}, {""rank"": 3, ""label"": ""dam"", ""confidence"": 0.0208}, {""rank"": 4, ""label"": ""suspension bridge"", ""confidence"": 0.0064}, {""rank"": 5, ""label"": ""drilling platform"", ""confidence"": 0.0059}]",False
Places365_val_00022375.jpg,/Users/aidahamzic/PycharmProjects/PythonProject1/val_256/Places365_val_00022375.jpg,highway,street,trailer truck,0.3119,"[{""rank"": 1, ""label"": ""trailer truck"", ""confidence"": 0.3119}, {""rank"": 2, ""label"": ""worm fence"", ""confidence"": 0.0642}, {""rank"": 3, ""label"": ""lakeside"", ""confidence"": 0.0436}, {""rank"": 4, ""label"": ""suspension bridge"", ""confidence"": 0.0313}, {""rank"": 5, ""label"": ""chainlink fence"", ""confidence"": 0.0286}]",False
Places365_val_00022420.jpg,/Users/aidahamzic/PycharmProjects/PythonProject1/val_256/Places365_val_00022420.jpg,river,water,lakeside,0.4675,"[{""rank"": 1, ""label"": ""lakeside"", ""confidence"": 0.4675}, {""rank"": 2, ""label"": ""seashore"", ""confidence"": 0.1328}, {""rank"": 3, ""label"": ""alp"", ""confidence"": 0.0777}, {""rank"": 4, ""label"": ""valley"", ""confidence"": 0.0661}, {""rank"": 5, ""label"": ""promontory"", ""confidence"": 0.0388}]",True
Places365_val_00022421.jpg,/Users/aidahamzic/PycharmProjects/PythonProject1/val_256/Places365_val_00022421.jpg,house,building,castle,0.4789,"[{""rank"": 1, ""label"": ""castle"", ""confidence"": 0.4789}, {""rank"": 2, ""label"": ""church"", ""confidence"": 0.2817}, {""rank"": 3, ""label"": ""barn"", ""confidence"": 0.1587}, {""rank"": 4, ""label"": ""worm fence"", ""confidence"": 0.0131}, {""rank"": 5, ""label"": ""monastery"", ""confidence"": 0.0106}]",True
Places365_val_00022422.jpg,/Users/aidahamzic/PycharmProjects/PythonProject1/val_256/Places365_val_00022422.jpg,street,street,triumphal arch,0.1611,"[{""rank"": 1, ""label"": ""triumphal arch"", ""confidence"": 0.1611}, {""rank"": 2, ""label"": ""library"", ""confidence"": 0.0945}, {""rank"": 3, ""label"": ""prison"", ""confidence"": 0.0929}, {""rank"": 4, ""label"": ""streetcar"", ""confidence"": 0.0828}, {""rank"": 5, ""label"": ""street sign"", ""confidence"": 0.0611}]",True
Places365_val_00022425.jpg,/Users/aidahamzic/PycharmProjects/PythonProject1/val_256/Places365_val_00022425.jpg,ocean,water,lakeside,0.8953,"[{""rank"": 1, ""label"": ""lakeside"", ""confidence"": 0.8953}, {""rank"": 2, ""label"": ""valley"", ""confidence"": 0.0583}, {""rank"": 3, ""label"": ""canoe"", ""confidence"": 0.0223}, {""rank"": 4, ""label"": ""boathouse"", ""confidence"": 0.0108}, {""rank"": 5, ""label"": ""dam"", ""confidence"": 0.0012}]",True
Places365_val_00022448.jpg,/Users/aidahamzic/PycharmProjects/PythonProject1/val_256/Places365_val_00022448.jpg,glacier,glacier,alp,0.6659,"[{""rank"": 1, ""label"": ""alp"", ""confidence"": 0.6659}, {""rank"": 2, ""label"": ""valley"", ""confidence"": 0.1992}, {""rank"": 3, ""label"": ""cliff"", ""confidence"": 0.035}, {""rank"": 4, ""label"": ""volcano"", ""confidence"": 0.0234}, {""rank"": 5, ""label"": ""mountain tent"", ""confidence"": 0.0225}]",True
Places365_val_00022481.jpg,/Users/aidahamzic/PycharmProjects/PythonProject1/val_256/Places365_val_00022481.jpg,glacier,glacier,mountain tent,0.6846,"[{""rank"": 1, ""label"": ""mountain tent"", ""confidence"": 0.6846}, {""rank"": 2, ""label"": ""sleeping bag"", ""confidence"": 0.1951}, {""rank"": 3, ""label"": ""alp"", ""confidence"": 0.0562}, {""rank"": 4, ""label"": ""valley"", ""confidence"": 0.0259}, {""rank"": 5, ""label"": ""stretcher"", ""confidence"": 0.0059}]",True
Places365_val_00022487.jpg,/Users/aidahamzic/PycharmProjects/PythonProject1/val_256/Places365_val_00022487.jpg,glacier,glacier,alp,0.8893,"[{""rank"": 1, ""label"": ""alp"", ""confidence"": 0.8893}, {""rank"": 2, ""label"": ""valley"", ""confidence"": 0.0643}, {""rank"": 3, ""label"": ""volcano"", ""confidence"": 0.0255}, {""rank"": 4, ""label"": ""promontory"", ""confidence"": 0.006}, {""rank"": 5, ""label"": ""cliff"", ""confidence"": 0.0034}]",True
Places365_val_00022530.jpg,/Users/aidahamzic/PycharmProjects/PythonProject1/val_256/Places365_val_00022530.jpg,highway,street,fountain,0.1165,"[{""rank"": 1, ""label"": ""fountain"", ""confidence"": 0.1165}, {""rank"": 2, ""label"": ""spotlight"", ""confidence"": 0.0948}, {""rank"": 3, ""label"": ""bannister"", ""confidence"": 0.0573}, {""rank"": 4, ""label"": ""umbrella"", ""confidence"": 0.0518}, {""rank"": 5, ""label"": ""missile"", ""confidence"": 0.0486}]",False
Places365_val_00022554.jpg,/Users/aidahamzic/PycharmProjects/PythonProject1/val_256/Places365_val_00022554.jpg,mountain,mountain,valley,0.5995,"[{""rank"": 1, ""label"": ""valley"", ""confidence"": 0.5995}, {""rank"": 2, ""label"": ""worm fence"", ""confidence"": 0.0773}, {""rank"": 3, ""label"": ""alp"", ""confidence"": 0.0717}, {""rank"": 4, ""label"": ""radio telescope"", ""confidence"": 0.0301}, {""rank"": 5, ""label"": ""mountain tent"", ""confidence"": 0.018}]",True
Places365_val_00022594.jpg,/Users/aidahamzic/PycharmProjects/PythonProject1/val_256/Places365_val_00022594.jpg,hotel-outdoor,building,lakeside,0.6314,"[{""rank"": 1, ""label"": ""lakeside"", ""confidence"": 0.6314}, {""rank"": 2, ""label"": ""seashore"", ""confidence"": 0.105}, {""rank"": 3, ""label"": ""boathouse"", ""confidence"": 0.028}, {""rank"": 4, ""label"": ""palace"", ""confidence"": 0.025}, {""rank"": 5, ""label"": ""steel arch bridge"", ""confidence"": 0.0105}]",True
Places365_val_00022640.jpg,/Users/aidahamzic/PycharmProjects/PythonProject1/val_256/Places365_val_00022640.jpg,ocean,water,castle,0.3288,"[{""rank"": 1, ""label"": ""castle"", ""confidence"": 0.3288}, {""rank"": 2, ""label"": ""wreck"", ""confidence"": 0.1654}, {""rank"": 3, ""label"": ""breakwater"", ""confidence"": 0.1055}, {""rank"": 4, ""label"": ""cliff"", ""confidence"": 0.0936}, {""rank"": 5, ""label"": ""dam"", ""confidence"": 0.081}]",True
Places365_val_00022652.jpg,/Users/aidahamzic/PycharmProjects/PythonProject1/val_256/Places365_val_00022652.jpg,river,water,canoe,0.6323,"[{""rank"": 1, ""label"": ""canoe"", ""confidence"": 0.6323}, {""rank"": 2, ""label"": ""paddle"", ""confidence"": 0.2216}, {""rank"": 3, ""label"": ""reel"", ""confidence"": 0.0406}, {""rank"": 4, ""label"": ""amphibian"", ""confidence"": 0.0291}, {""rank"": 5, ""label"": ""lakeside"", ""confidence"": 0.0138}]",True
Places365_val_00022654.jpg,/Users/aidahamzic/PycharmProjects/PythonProject1/val_256/Places365_val_00022654.jpg,tower,building,beacon,0.9999,"[{""rank"": 1, ""label"": ""beacon"", ""confidence"": 0.9999}, {""rank"": 2, ""label"": ""fireboat"", ""confidence"": 0.0001}, {""rank"": 3, ""label"": ""liner"", ""confidence"": 0.0}, {""rank"": 4, ""label"": ""lifeboat"", ""confidence"": 0.0}, {""rank"": 5, ""label"": ""dock"", ""confidence"": 0.0}]",False
Places365_val_00022655.jpg,/Users/aidahamzic/PycharmProjects/PythonProject1/val_256/Places365_val_00022655.jpg,forest-broadleaf,forest,cliff,0.2803,"[{""rank"": 1, ""label"": ""cliff"", ""confidence"": 0.2803}, {""rank"": 2, ""label"": ""chime"", ""confidence"": 0.1118}, {""rank"": 3, ""label"": ""shovel"", ""confidence"": 0.0648}, {""rank"": 4, ""label"": ""pole"", ""confidence"": 0.0374}, {""rank"": 5, ""label"": ""guillotine"", ""confidence"": 0.037}]",True
Places365_val_00022767.jpg,/Users/aidahamzic/PycharmProjects/PythonProject1/val_256/Places365_val_00022767.jpg,skyscraper,building,solar dish,0.2455,"[{""rank"": 1, ""label"": ""solar dish"", ""confidence"": 0.2455}, {""rank"": 2, ""label"": ""patio"", ""confidence"": 0.0617}, {""rank"": 3, ""label"": ""prison"", ""confidence"": 0.0362}, {""rank"": 4, ""label"": ""radiator"", ""confidence"": 0.0357}, {""rank"": 5, ""label"": ""bell cote"", ""confidence"": 0.0294}]",True
Places365_val_00022802.jpg,/Users/aidahamzic/PycharmProjects/PythonProject1/val_256/Places365_val_00022802.jpg,tower,building,stupa,0.1766,"[{""rank"": 1, ""label"": ""stupa"", ""confidence"": 0.1766}, {""rank"": 2, ""label"": ""suspension bridge"", ""confidence"": 0.1392}, {""rank"": 3, ""label"": ""alp"", ""confidence"": 0.1195}, {""rank"": 4, ""label"": ""dam"", ""confidence"": 0.0765}, {""rank"": 5, ""label"": ""monastery"", ""confidence"": 0.0529}]",True
Places365_val_00022814.jpg,/Users/aidahamzic/PycharmProjects/PythonProject1/val_256/Places365_val_00022814.jpg,skyscraper,building,fountain,0.4008,"[{""rank"": 1, ""label"": ""fountain"", ""confidence"": 0.4008}, {""rank"": 2, ""label"": ""drilling platform"", ""confidence"": 0.0752}, {""rank"": 3, ""label"": ""dock"", ""confidence"": 0.0716}, {""rank"": 4, ""label"": ""castle"", ""confidence"": 0.0501}, {""rank"": 5, ""label"": ""picket fence"", ""confidence"": 0.0256}]",True
Places365_val_00022838.jpg,/Users/aidahamzic/PycharmProjects/PythonProject1/val_256/Places365_val_00022838.jpg,house,building,picket fence,0.2201,"[{""rank"": 1, ""label"": ""picket fence"", ""confidence"": 0.2201}, {""rank"": 2, ""label"": ""fountain"", ""confidence"": 0.1205}, {""rank"": 3, ""label"": ""palace"", ""confidence"": 0.1072}, {""rank"": 4, ""label"": ""church"", ""confidence"": 0.0513}, {""rank"": 5, ""label"": ""lakeside"", ""confidence"": 0.0388}]",True
Places365_val_00022889.jpg,/Users/aidahamzic/PycharmProjects/PythonProject1/val_256/Places365_val_00022889.jpg,glacier,glacier,valley,0.9337,"[{""rank"": 1, ""label"": ""valley"", ""confidence"": 0.9337}, {""rank"": 2, ""label"": ""alp"", ""confidence"": 0.0409}, {""rank"": 3, ""label"": ""volcano"", ""confidence"": 0.0085}, {""rank"": 4, ""label"": ""mountain tent"", ""confidence"": 0.0049}, {""rank"": 5, ""label"": ""cliff"", ""confidence"": 0.0029}]",True
Places365_val_00022946.jpg,/Users/aidahamzic/PycharmProjects/PythonProject1/val_256/Places365_val_00022946.jpg,glacier,glacier,ski,0.5162,"[{""rank"": 1, ""label"": ""ski"", ""confidence"": 0.5162}, {""rank"": 2, ""label"": ""alp"", ""confidence"": 0.2506}, {""rank"": 3, ""label"": ""snowmobile"", ""confidence"": 0.1915}, {""rank"": 4, ""label"": ""bobsled"", ""confidence"": 0.0297}, {""rank"": 5, ""label"": ""ski mask"", ""confidence"": 0.0038}]",True
Places365_val_00022993.jpg,/Users/aidahamzic/PycharmProjects/PythonProject1/val_256/Places365_val_00022993.jpg,skyscraper,building,library,0.2737,"[{""rank"": 1, ""label"": ""library"", ""confidence"": 0.2737}, {""rank"": 2, ""label"": ""prison"", ""confidence"": 0.1285}, {""rank"": 3, ""label"": ""scoreboard"", ""confidence"": 0.1008}, {""rank"": 4, ""label"": ""maze"", ""confidence"": 0.0588}, {""rank"": 5, ""label"": ""prayer rug"", ""confidence"": 0.0558}]",True
Places365_val_00023016.jpg,/Users/aidahamzic/PycharmProjects/PythonProject1/val_256/Places365_val_00023016.jpg,highway,street,wing,0.3322,"[{""rank"": 1, ""label"": ""wing"", ""confidence"": 0.3322}, {""rank"": 2, ""label"": ""trailer truck"", ""confidence"": 0.2432}, {""rank"": 3, ""label"": ""patio"", ""confidence"": 0.0301}, {""rank"": 4, ""label"": ""mobile home"", ""confidence"": 0.03}, {""rank"": 5, ""label"": ""traffic light"", ""confidence"": 0.0172}]",False
Places365_val_00023060.jpg,/Users/aidahamzic/PycharmProjects/PythonProject1/val_256/Places365_val_00023060.jpg,river,water,caldron,0.3941,"[{""rank"": 1, ""label"": ""caldron"", ""confidence"": 0.3941}, {""rank"": 2, ""label"": ""volcano"", ""confidence"": 0.0778}, {""rank"": 3, ""label"": ""great white shark"", ""confidence"": 0.0709}, {""rank"": 4, ""label"": ""grey whale"", ""confidence"": 0.0589}, {""rank"": 5, ""label"": ""killer whale"", ""confidence"": 0.0503}]",False
Places365_val_00023136.jpg,/Users/aidahamzic/PycharmProjects/PythonProject1/val_256/Places365_val_00023136.jpg,coast,water,seashore,0.8964,"[{""rank"": 1, ""label"": ""seashore"", ""confidence"": 0.8964}, {""rank"": 2, ""label"": ""sandbar"", ""confidence"": 0.0981}, {""rank"": 3, ""label"": ""promontory"", ""confidence"": 0.0041}, {""rank"": 4, ""label"": ""lakeside"", ""confidence"": 0.0006}, {""rank"": 5, ""label"": ""cliff"", ""confidence"": 0.0002}]",True
Places365_val_00023172.jpg,/Users/aidahamzic/PycharmProjects/PythonProject1/val_256/Places365_val_00023172.jpg,highway,street,street sign,0.9797,"[{""rank"": 1, ""label"": ""street sign"", ""confidence"": 0.9797}, {""rank"": 2, ""label"": ""traffic light"", ""confidence"": 0.0091}, {""rank"": 3, ""label"": ""scoreboard"", ""confidence"": 0.003}, {""rank"": 4, ""label"": ""lakeside"", ""confidence"": 0.0008}, {""rank"": 5, ""label"": ""moving van"", ""confidence"": 0.0006}]",False
Places365_val_00023194.jpg,/Users/aidahamzic/PycharmProjects/PythonProject1/val_256/Places365_val_00023194.jpg,alley,street,tobacco shop,0.6511,"[{""rank"": 1, ""label"": ""tobacco shop"", ""confidence"": 0.6511}, {""rank"": 2, ""label"": ""toyshop"", ""confidence"": 0.0948}, {""rank"": 3, ""label"": ""barbershop"", ""confidence"": 0.0677}, {""rank"": 4, ""label"": ""comic book"", ""confidence"": 0.0561}, {""rank"": 5, ""label"": ""shoe shop"", ""confidence"": 0.0244}]",False
Places365_val_00023207.jpg,/Users/aidahamzic/PycharmProjects/PythonProject1/val_256/Places365_val_00023207.jpg,forest-broadleaf,forest,valley,0.3484,"[{""rank"": 1, ""label"": ""valley"", ""confidence"": 0.3484}, {""rank"": 2, ""label"": ""alp"", ""confidence"": 0.2379}, {""rank"": 3, ""label"": ""mountain tent"", ""confidence"": 0.0558}, {""rank"": 4, ""label"": ""cliff"", ""confidence"": 0.0374}, {""rank"": 5, ""label"": ""yurt"", ""confidence"": 0.025}]",True
Places365_val_00023221.jpg,/Users/aidahamzic/PycharmProjects/PythonProject1/val_256/Places365_val_00023221.jpg,rainforest,forest,rapeseed,0.3013,"[{""rank"": 1, ""label"": ""rapeseed"", ""confidence"": 0.3013}, {""rank"": 2, ""label"": ""sulphur butterfly"", ""confidence"": 0.244}, {""rank"": 3, ""label"": ""bee"", ""confidence"": 0.0759}, {""rank"": 4, ""label"": ""yellow lady's slipper"", ""confidence"": 0.0452}, {""rank"": 5, ""label"": ""cabbage butterfly"", ""confidence"": 0.0447}]",False
Places365_val_00023247.jpg,/Users/aidahamzic/PycharmProjects/PythonProject1/val_256/Places365_val_00023247.jpg,alley,street,mobile home,0.3422,"[{""rank"": 1, ""label"": ""mobile home"", ""confidence"": 0.3422}, {""rank"": 2, ""label"": ""bannister"", ""confidence"": 0.2288}, {""rank"": 3, ""label"": ""patio"", ""confidence"": 0.1304}, {""rank"": 4, ""label"": ""solar dish"", ""confidence"": 0.0681}, {""rank"": 5, ""label"": ""prison"", ""confidence"": 0.0382}]",False
Places365_val_00023276.jpg,/Users/aidahamzic/PycharmProjects/PythonProject1/val_256/Places365_val_00023276.jpg,alley,street,monastery,0.088,"[{""rank"": 1, ""label"": ""monastery"", ""confidence"": 0.088}, {""rank"": 2, ""label"": ""sliding door"", ""confidence"": 0.0796}, {""rank"": 3, ""label"": ""wardrobe"", ""confidence"": 0.0623}, {""rank"": 4, ""label"": ""window shade"", ""confidence"": 0.0568}, {""rank"": 5, ""label"": ""Arabian camel"", ""confidence"": 0.0448}]",False
Places365_val_00023290.jpg,/Users/aidahamzic/PycharmProjects/PythonProject1/val_256/Places365_val_00023290.jpg,skyscraper,building,dome,0.2931,"[{""rank"": 1, ""label"": ""dome"", ""confidence"": 0.2931}, {""rank"": 2, ""label"": ""palace"", ""confidence"": 0.2132}, {""rank"": 3, ""label"": ""mosque"", ""confidence"": 0.1824}, {""rank"": 4, ""label"": ""monastery"", ""confidence"": 0.1118}, {""rank"": 5, ""label"": ""bell cote"", ""confidence"": 0.0368}]",True
Places365_val_00023317.jpg,/Users/aidahamzic/PycharmProjects/PythonProject1/val_256/Places365_val_00023317.jpg,street,street,crutch,0.4095,"[{""rank"": 1, ""label"": ""crutch"", ""confidence"": 0.4095}, {""rank"": 2, ""label"": ""broom"", ""confidence"": 0.0956}, {""rank"": 3, ""label"": ""umbrella"", ""confidence"": 0.0937}, {""rank"": 4, ""label"": ""bubble"", ""confidence"": 0.0677}, {""rank"": 5, ""label"": ""bearskin"", ""confidence"": 0.0218}]",False
Places365_val_00023322.jpg,/Users/aidahamzic/PycharmProjects/PythonProject1/val_256/Places365_val_00023322.jpg,tower,building,castle,0.4003,"[{""rank"": 1, ""label"": ""castle"", ""confidence"": 0.4003}, {""rank"": 2, ""label"": ""monastery"", ""confidence"": 0.2476}, {""rank"": 3, ""label"": ""cliff"", ""confidence"": 0.1702}, {""rank"": 4, ""label"": ""cliff dwelling"", ""confidence"": 0.107}, {""rank"": 5, ""label"": ""bell cote"", ""confidence"": 0.0218}]",True
Places365_val_00023346.jpg,/Users/aidahamzic/PycharmProjects/PythonProject1/val_256/Places365_val_00023346.jpg,coast,water,seashore,0.2533,"[{""rank"": 1, ""label"": ""seashore"", ""confidence"": 0.2533}, {""rank"": 2, ""label"": ""cliff"", ""confidence"": 0.1377}, {""rank"": 3, ""label"": ""promontory"", ""confidence"": 0.1195}, {""rank"": 4, ""label"": ""valley"", ""confidence"": 0.0664}, {""rank"": 5, ""label"": ""beacon"", ""confidence"": 0.0656}]",True
Places365_val_00023367.jpg,/Users/aidahamzic/PycharmProjects/PythonProject1/val_256/Places365_val_00023367.jpg,street,street,bullet train,0.0814,"[{""rank"": 1, ""label"": ""bullet train"", ""confidence"": 0.0814}, {""rank"": 2, ""label"": ""jinrikisha"", ""confidence"": 0.0761}, {""rank"": 3, ""label"": ""motor scooter"", ""confidence"": 0.0751}, {""rank"": 4, ""label"": ""bobsled"", ""confidence"": 0.0585}, {""rank"": 5, ""label"": ""kimono"", ""confidence"": 0.0426}]",True
Places365_val_00023380.jpg,/Users/aidahamzic/PycharmProjects/PythonProject1/val_256/Places365_val_00023380.jpg,ocean,water,Siberian husky,0.2253,"[{""rank"": 1, ""label"": ""Siberian husky"", ""confidence"": 0.2253}, {""rank"": 2, ""label"": ""malamute"", ""confidence"": 0.1388}, {""rank"": 3, ""label"": ""Eskimo dog"", ""confidence"": 0.1223}, {""rank"": 4, ""label"": ""borzoi"", ""confidence"": 0.1045}, {""rank"": 5, ""label"": ""dogsled"", ""confidence"": 0.0717}]",False
Places365_val_00023383.jpg,/Users/aidahamzic/PycharmProjects/PythonProject1/val_256/Places365_val_00023383.jpg,tower,building,bell cote,0.7789,"[{""rank"": 1, ""label"": ""bell cote"", ""confidence"": 0.7789}, {""rank"": 2, ""label"": ""monastery"", ""confidence"": 0.1531}, {""rank"": 3, ""label"": ""church"", ""confidence"": 0.0299}, {""rank"": 4, ""label"": ""dome"", ""confidence"": 0.012}, {""rank"": 5, ""label"": ""beacon"", ""confidence"": 0.0084}]",True
Places365_val_00023469.jpg,/Users/aidahamzic/PycharmProjects/PythonProject1/val_256/Places365_val_00023469.jpg,downtown,building,prison,0.17,"[{""rank"": 1, ""label"": ""prison"", ""confidence"": 0.17}, {""rank"": 2, ""label"": ""planetarium"", ""confidence"": 0.0372}, {""rank"": 3, ""label"": ""bannister"", ""confidence"": 0.0348}, {""rank"": 4, ""label"": ""picket fence"", ""confidence"": 0.0342}, {""rank"": 5, ""label"": ""cinema"", ""confidence"": 0.0341}]",True
Places365_val_00023484.jpg,/Users/aidahamzic/PycharmProjects/PythonProject1/val_256/Places365_val_00023484.jpg,alley,street,prison,0.6864,"[{""rank"": 1, ""label"": ""prison"", ""confidence"": 0.6864}, {""rank"": 2, ""label"": ""chainlink fence"", ""confidence"": 0.0411}, {""rank"": 3, ""label"": ""picket fence"", ""confidence"": 0.0322}, {""rank"": 4, ""label"": ""vault"", ""confidence"": 0.0294}, {""rank"": 5, ""label"": ""viaduct"", ""confidence"": 0.0294}]",False
Places365_val_00023520.jpg,/Users/aidahamzic/PycharmProjects/PythonProject1/val_256/Places365_val_00023520.jpg,rainforest,forest,valley,0.077,"[{""rank"": 1, ""label"": ""valley"", ""confidence"": 0.077}, {""rank"": 2, ""label"": ""seashore"", ""confidence"": 0.0558}, {""rank"": 3, ""label"": ""volcano"", ""confidence"": 0.0475}, {""rank"": 4, ""label"": ""lakeside"", ""confidence"": 0.0418}, {""rank"": 5, ""label"": ""vulture"", ""confidence"": 0.0251}]",True
Places365_val_00023535.jpg,/Users/aidahamzic/PycharmProjects/PythonProject1/val_256/Places365_val_00023535.jpg,highway,street,trolleybus,0.0387,"[{""rank"": 1, ""label"": ""trolleybus"", ""confidence"": 0.0387}, {""rank"": 2, ""label"": ""mobile home"", ""confidence"": 0.0364}, {""rank"": 3, ""label"": ""traffic light"", ""confidence"": 0.029}, {""rank"": 4, ""label"": ""pole"", ""confidence"": 0.0279}, {""rank"": 5, ""label"": ""shopping cart"", ""confidence"": 0.0234}]",True
Places365_val_00023577.jpg,/Users/aidahamzic/PycharmProjects/PythonProject1/val_256/Places365_val_00023577.jpg,street,street,streetcar,0.1499,"[{""rank"": 1, ""label"": ""streetcar"", ""confidence"": 0.1499}, {""rank"": 2, ""label"": ""tobacco shop"", ""confidence"": 0.1443}, {""rank"": 3, ""label"": ""cinema"", ""confidence"": 0.0687}, {""rank"": 4, ""label"": ""grocery store"", ""confidence"": 0.0647}, {""rank"": 5, ""label"": ""jinrikisha"", ""confidence"": 0.0584}]",True
Places365_val_00023581.jpg,/Users/aidahamzic/PycharmProjects/PythonProject1/val_256/Places365_val_00023581.jpg,mountain,mountain,valley,0.4232,"[{""rank"": 1, ""label"": ""valley"", ""confidence"": 0.4232}, {""rank"": 2, ""label"": ""alp"", ""confidence"": 0.3211}, {""rank"": 3, ""label"": ""promontory"", ""confidence"": 0.1476}, {""rank"": 4, ""label"": ""cliff"", ""confidence"": 0.0321}, {""rank"": 5, ""label"": ""lakeside"", ""confidence"": 0.0143}]",True
Places365_val_00023593.jpg,/Users/aidahamzic/PycharmProjects/PythonProject1/val_256/Places365_val_00023593.jpg,rainforest,forest,cliff,0.3953,"[{""rank"": 1, ""label"": ""cliff"", ""confidence"": 0.3953}, {""rank"": 2, ""label"": ""valley"", ""confidence"": 0.0877}, {""rank"": 3, ""label"": ""volcano"", ""confidence"": 0.0851}, {""rank"": 4, ""label"": ""sandbar"", ""confidence"": 0.0694}, {""rank"": 5, ""label"": ""alp"", ""confidence"": 0.0668}]",True
Places365_val_00023604.jpg,/Users/aidahamzic/PycharmProjects/PythonProject1/val_256/Places365_val_00023604.jpg,alley,street,vault,0.3284,"[{""rank"": 1, ""label"": ""vault"", ""confidence"": 0.3284}, {""rank"": 2, ""label"": ""theater curtain"", ""confidence"": 0.2055}, {""rank"": 3, ""label"": ""cinema"", ""confidence"": 0.1571}, {""rank"": 4, ""label"": ""monastery"", ""confidence"": 0.0555}, {""rank"": 5, ""label"": ""throne"", ""confidence"": 0.0296}]",False
Places365_val_00023674.jpg,/Users/aidahamzic/PycharmProjects/PythonProject1/val_256/Places365_val_00023674.jpg,street,street,airship,0.7647,"[{""rank"": 1, ""label"": ""airship"", ""confidence"": 0.7647}, {""rank"": 2, ""label"": ""library"", ""confidence"": 0.0476}, {""rank"": 3, ""label"": ""crane"", ""confidence"": 0.0258}, {""rank"": 4, ""label"": ""pier"", ""confidence"": 0.0207}, {""rank"": 5, ""label"": ""cinema"", ""confidence"": 0.0181}]",False
Places365_val_00023705.jpg,/Users/aidahamzic/PycharmProjects/PythonProject1/val_256/Places365_val_00023705.jpg,street,street,jinrikisha,0.442,"[{""rank"": 1, ""label"": ""jinrikisha"", ""confidence"": 0.442}, {""rank"": 2, ""label"": ""motor scooter"", ""confidence"": 0.1363}, {""rank"": 3, ""label"": ""unicycle"", ""confidence"": 0.093}, {""rank"": 4, ""label"": ""moped"", ""confidence"": 0.0414}, {""rank"": 5, ""label"": ""Model T"", ""confidence"": 0.0285}]",True
Places365_val_00023718.jpg,/Users/aidahamzic/PycharmProjects/PythonProject1/val_256/Places365_val_00023718.jpg,tower,building,bell cote,0.7655,"[{""rank"": 1, ""label"": ""bell cote"", ""confidence"": 0.7655}, {""rank"": 2, ""label"": ""monastery"", ""confidence"": 0.0934}, {""rank"": 3, ""label"": ""church"", ""confidence"": 0.0376}, {""rank"": 4, ""label"": ""palace"", ""confidence"": 0.0261}, {""rank"": 5, ""label"": ""castle"", ""confidence"": 0.0235}]",True
Places365_val_00023828.jpg,/Users/aidahamzic/PycharmProjects/PythonProject1/val_256/Places365_val_00023828.jpg,hotel-outdoor,building,limousine,0.3261,"[{""rank"": 1, ""label"": ""limousine"", ""confidence"": 0.3261}, {""rank"": 2, ""label"": ""convertible"", ""confidence"": 0.16}, {""rank"": 3, ""label"": ""mobile home"", ""confidence"": 0.0555}, {""rank"": 4, ""label"": ""car mirror"", ""confidence"": 0.0554}, {""rank"": 5, ""label"": ""minivan"", ""confidence"": 0.0278}]",False
Places365_val_00023837.jpg,/Users/aidahamzic/PycharmProjects/PythonProject1/val_256/Places365_val_00023837.jpg,rainforest,forest,valley,0.2108,"[{""rank"": 1, ""label"": ""valley"", ""confidence"": 0.2108}, {""rank"": 2, ""label"": ""colobus"", ""confidence"": 0.153}, {""rank"": 3, ""label"": ""fountain"", ""confidence"": 0.0785}, {""rank"": 4, ""label"": ""head cabbage"", ""confidence"": 0.0336}, {""rank"": 5, ""label"": ""megalith"", ""confidence"": 0.0328}]",True
Places365_val_00023839.jpg,/Users/aidahamzic/PycharmProjects/PythonProject1/val_256/Places365_val_00023839.jpg,river,water,sandbar,0.5335,"[{""rank"": 1, ""label"": ""sandbar"", ""confidence"": 0.5335}, {""rank"": 2, ""label"": ""lakeside"", ""confidence"": 0.193}, {""rank"": 3, ""label"": ""seashore"", ""confidence"": 0.0943}, {""rank"": 4, ""label"": ""dam"", ""confidence"": 0.0865}, {""rank"": 5, ""label"": ""valley"", ""confidence"": 0.0363}]",True
Places365_val_00023869.jpg,/Users/aidahamzic/PycharmProjects/PythonProject1/val_256/Places365_val_00023869.jpg,alley,street,vault,0.3897,"[{""rank"": 1, ""label"": ""vault"", ""confidence"": 0.3897}, {""rank"": 2, ""label"": ""monastery"", ""confidence"": 0.2697}, {""rank"": 3, ""label"": ""viaduct"", ""confidence"": 0.1997}, {""rank"": 4, ""label"": ""triumphal arch"", ""confidence"": 0.0717}, {""rank"": 5, ""label"": ""bell cote"", ""confidence"": 0.02}]",False
Places365_val_00023946.jpg,/Users/aidahamzic/PycharmProjects/PythonProject1/val_256/Places365_val_00023946.jpg,forest-broadleaf,forest,valley,0.4188,"[{""rank"": 1, ""label"": ""valley"", ""confidence"": 0.4188}, {""rank"": 2, ""label"": ""cliff"", ""confidence"": 0.2635}, {""rank"": 3, ""label"": ""alp"", ""confidence"": 0.0813}, {""rank"": 4, ""label"": ""promontory"", ""confidence"": 0.0791}, {""rank"": 5, ""label"": ""stone wall"", ""confidence"": 0.0289}]",True
Places365_val_00024011.jpg,/Users/aidahamzic/PycharmProjects/PythonProject1/val_256/Places365_val_00024011.jpg,rainforest,forest,ibex,0.1157,"[{""rank"": 1, ""label"": ""ibex"", ""confidence"": 0.1157}, {""rank"": 2, ""label"": ""volcano"", ""confidence"": 0.0538}, {""rank"": 3, ""label"": ""worm fence"", ""confidence"": 0.0482}, {""rank"": 4, ""label"": ""cliff"", ""confidence"": 0.0389}, {""rank"": 5, ""label"": ""park bench"", ""confidence"": 0.0313}]",True
Places365_val_00024156.jpg,/Users/aidahamzic/PycharmProjects/PythonProject1/val_256/Places365_val_00024156.jpg,alley,street,prison,0.5101,"[{""rank"": 1, ""label"": ""prison"", ""confidence"": 0.5101}, {""rank"": 2, ""label"": ""beacon"", ""confidence"": 0.0685}, {""rank"": 3, ""label"": ""guillotine"", ""confidence"": 0.0517}, {""rank"": 4, ""label"": ""barrel"", ""confidence"": 0.0454}, {""rank"": 5, ""label"": ""dam"", ""confidence"": 0.0383}]",False
Places365_val_00024158.jpg,/Users/aidahamzic/PycharmProjects/PythonProject1/val_256/Places365_val_00024158.jpg,alley,street,mountain bike,0.5606,"[{""rank"": 1, ""label"": ""mountain bike"", ""confidence"": 0.5606}, {""rank"": 2, ""label"": ""bicycle-built-for-two"", ""confidence"": 0.2051}, {""rank"": 3, ""label"": ""unicycle"", ""confidence"": 0.1117}, {""rank"": 4, ""label"": ""tricycle"", ""confidence"": 0.0698}, {""rank"": 5, ""label"": ""stethoscope"", ""confidence"": 0.0216}]",False
Places365_val_00024188.jpg,/Users/aidahamzic/PycharmProjects/PythonProject1/val_256/Places365_val_00024188.jpg,tower,building,bell cote,0.49,"[{""rank"": 1, ""label"": ""bell cote"", ""confidence"": 0.49}, {""rank"": 2, ""label"": ""monastery"", ""confidence"": 0.1962}, {""rank"": 3, ""label"": ""castle"", ""confidence"": 0.1151}, {""rank"": 4, ""label"": ""triumphal arch"", ""confidence"": 0.1063}, {""rank"": 5, ""label"": ""church"", ""confidence"": 0.0386}]",True
Places365_val_00024196.jpg,/Users/aidahamzic/PycharmProjects/PythonProject1/val_256/Places365_val_00024196.jpg,ocean,water,seashore,0.1539,"[{""rank"": 1, ""label"": ""seashore"", ""confidence"": 0.1539}, {""rank"": 2, ""label"": ""lakeside"", ""confidence"": 0.0974}, {""rank"": 3, ""label"": ""pier"", ""confidence"": 0.073}, {""rank"": 4, ""label"": ""breakwater"", ""confidence"": 0.0646}, {""rank"": 5, ""label"": ""dock"", ""confidence"": 0.0539}]",True
Places365_val_00024215.jpg,/Users/aidahamzic/PycharmProjects/PythonProject1/val_256/Places365_val_00024215.jpg,river,water,seashore,0.7351,"[{""rank"": 1, ""label"": ""seashore"", ""confidence"": 0.7351}, {""rank"": 2, ""label"": ""beacon"", ""confidence"": 0.0582}, {""rank"": 3, ""label"": ""drilling platform"", ""confidence"": 0.0356}, {""rank"": 4, ""label"": ""lakeside"", ""confidence"": 0.0276}, {""rank"": 5, ""label"": ""dock"", ""confidence"": 0.011}]",True
Places365_val_00024242.jpg,/Users/aidahamzic/PycharmProjects/PythonProject1/val_256/Places365_val_00024242.jpg,mountain,mountain,alp,0.4429,"[{""rank"": 1, ""label"": ""alp"", ""confidence"": 0.4429}, {""rank"": 2, ""label"": ""ski"", ""confidence"": 0.2826}, {""rank"": 3, ""label"": ""valley"", ""confidence"": 0.0482}, {""rank"": 4, ""label"": ""cliff"", ""confidence"": 0.0331}, {""rank"": 5, ""label"": ""mountain bike"", ""confidence"": 0.0321}]",True
Places365_val_00024326.jpg,/Users/aidahamzic/PycharmProjects/PythonProject1/val_256/Places365_val_00024326.jpg,tower,building,obelisk,0.102,"[{""rank"": 1, ""label"": ""obelisk"", ""confidence"": 0.102}, {""rank"": 2, ""label"": ""bell cote"", ""confidence"": 0.0799}, {""rank"": 3, ""label"": ""flagpole"", ""confidence"": 0.0772}, {""rank"": 4, ""label"": ""pole"", ""confidence"": 0.0752}, {""rank"": 5, ""label"": ""water tower"", ""confidence"": 0.0644}]",True
Places365_val_00024352.jpg,/Users/aidahamzic/PycharmProjects/PythonProject1/val_256/Places365_val_00024352.jpg,rainforest,forest,mountain bike,0.1719,"[{""rank"": 1, ""label"": ""mountain bike"", ""confidence"": 0.1719}, {""rank"": 2, ""label"": ""valley"", ""confidence"": 0.1116}, {""rank"": 3, ""label"": ""lakeside"", ""confidence"": 0.0893}, {""rank"": 4, ""label"": ""maze"", ""confidence"": 0.0882}, {""rank"": 5, ""label"": ""worm fence"", ""confidence"": 0.0878}]",True
Places365_val_00024371.jpg,/Users/aidahamzic/PycharmProjects/PythonProject1/val_256/Places365_val_00024371.jpg,glacier,glacier,alp,0.3549,"[{""rank"": 1, ""label"": ""alp"", ""confidence"": 0.3549}, {""rank"": 2, ""label"": ""promontory"", ""confidence"": 0.1723}, {""rank"": 3, ""label"": ""cliff"", ""confidence"": 0.1299}, {""rank"": 4, ""label"": ""valley"", ""confidence"": 0.1025}, {""rank"": 5, ""label"": ""ibex"", ""confidence"": 0.0405}]",True
Places365_val_00024377.jpg,/Users/aidahamzic/PycharmProjects/PythonProject1/val_256/Places365_val_00024377.jpg,alley,street,shoe shop,0.1535,"[{""rank"": 1, ""label"": ""shoe shop"", ""confidence"": 0.1535}, {""rank"": 2, ""label"": ""bow"", ""confidence"": 0.0641}, {""rank"": 3, ""label"": ""tobacco shop"", ""confidence"": 0.046}, {""rank"": 4, ""label"": ""oscilloscope"", ""confidence"": 0.0409}, {""rank"": 5, ""label"": ""ski"", ""confidence"": 0.0384}]",False
Places365_val_00024449.jpg,/Users/aidahamzic/PycharmProjects/PythonProject1/val_256/Places365_val_00024449.jpg,mountain,mountain,valley,0.4922,"[{""rank"": 1, ""label"": ""valley"", ""confidence"": 0.4922}, {""rank"": 2, ""label"": ""alp"", ""confidence"": 0.2442}, {""rank"": 3, ""label"": ""promontory"", ""confidence"": 0.0755}, {""rank"": 4, ""label"": ""cliff"", ""confidence"": 0.0501}, {""rank"": 5, ""label"": ""ibex"", ""confidence"": 0.0381}]",True
Places365_val_00024534.jpg,/Users/aidahamzic/PycharmProjects/PythonProject1/val_256/Places365_val_00024534.jpg,alley,street,prison,0.127,"[{""rank"": 1, ""label"": ""prison"", ""confidence"": 0.127}, {""rank"": 2, ""label"": ""Indian elephant"", ""confidence"": 0.1086}, {""rank"": 3, ""label"": ""monastery"", ""confidence"": 0.0725}, {""rank"": 4, ""label"": ""pier"", ""confidence"": 0.0581}, {""rank"": 5, ""label"": ""patio"", ""confidence"": 0.0562}]",False
Places365_val_00024562.jpg,/Users/aidahamzic/PycharmProjects/PythonProject1/val_256/Places365_val_00024562.jpg,ocean,water,bathtub,0.0496,"[{""rank"": 1, ""label"": ""bathtub"", ""confidence"": 0.0496}, {""rank"": 2, ""label"": ""lakeside"", ""confidence"": 0.0365}, {""rank"": 3, ""label"": ""bison"", ""confidence"": 0.0342}, {""rank"": 4, ""label"": ""geyser"", ""confidence"": 0.0337}, {""rank"": 5, ""label"": ""water buffalo"", ""confidence"": 0.0271}]",True
Places365_val_00024604.jpg,/Users/aidahamzic/PycharmProjects/PythonProject1/val_256/Places365_val_00024604.jpg,highway,street,trailer truck,0.1957,"[{""rank"": 1, ""label"": ""trailer truck"", ""confidence"": 0.1957}, {""rank"": 2, ""label"": ""valley"", ""confidence"": 0.129}, {""rank"": 3, ""label"": ""lakeside"", ""confidence"": 0.0616}, {""rank"": 4, ""label"": ""minivan"", ""confidence"": 0.0614}, {""rank"": 5, ""label"": ""suspension bridge"", ""confidence"": 0.0516}]",False
Places365_val_00024624.jpg,/Users/aidahamzic/PycharmProjects/PythonProject1/val_256/Places365_val_00024624.jpg,rainforest,forest,lawn mower,0.1518,"[{""rank"": 1, ""label"": ""lawn mower"", ""confidence"": 0.1518}, {""rank"": 2, ""label"": ""croquet ball"", ""confidence"": 0.148}, {""rank"": 3, ""label"": ""tricycle"", ""confidence"": 0.0374}, {""rank"": 4, ""label"": ""pay-phone"", ""confidence"": 0.0343}, {""rank"": 5, ""label"": ""barrow"", ""confidence"": 0.026}]",False
Places365_val_00024665.jpg,/Users/aidahamzic/PycharmProjects/PythonProject1/val_256/Places365_val_00024665.jpg,highway,street,trailer truck,0.1612,"[{""rank"": 1, ""label"": ""trailer truck"", ""confidence"": 0.1612}, {""rank"": 2, ""label"": ""alp"", ""confidence"": 0.1556}, {""rank"": 3, ""label"": ""mountain tent"", ""confidence"": 0.086}, {""rank"": 4, ""label"": ""worm fence"", ""confidence"": 0.0729}, {""rank"": 5, ""label"": ""snowplow"", ""confidence"": 0.0551}]",False
Places365_val_00024667.jpg,/Users/aidahamzic/PycharmProjects/PythonProject1/val_256/Places365_val_00024667.jpg,alley,street,prison,0.6332,"[{""rank"": 1, ""label"": ""prison"", ""confidence"": 0.6332}, {""rank"": 2, ""label"": ""streetcar"", ""confidence"": 0.0689}, {""rank"": 3, ""label"": ""cab"", ""confidence"": 0.0244}, {""rank"": 4, ""label"": ""submarine"", ""confidence"": 0.023}, {""rank"": 5, ""label"": ""passenger car"", ""confidence"": 0.0183}]",True
Places365_val_00024671.jpg,/Users/aidahamzic/PycharmProjects/PythonProject1/val_256/Places365_val_00024671.jpg,house,building,boathouse,0.4675,"[{""rank"": 1, ""label"": ""boathouse"", ""confidence"": 0.4675}, {""rank"": 2, ""label"": ""mobile home"", ""confidence"": 0.2088}, {""rank"": 3, ""label"": ""worm fence"", ""confidence"": 0.0469}, {""rank"": 4, ""label"": ""church"", ""confidence"": 0.0354}, {""rank"": 5, ""label"": ""picket fence"", ""confidence"": 0.0344}]",True
Places365_val_00024680.jpg,/Users/aidahamzic/PycharmProjects/PythonProject1/val_256/Places365_val_00024680.jpg,hotel-outdoor,building,mobile home,0.4441,"[{""rank"": 1, ""label"": ""mobile home"", ""confidence"": 0.4441}, {""rank"": 2, ""label"": ""solar dish"", ""confidence"": 0.1249}, {""rank"": 3, ""label"": ""recreational vehicle"", ""confidence"": 0.0816}, {""rank"": 4, ""label"": ""alp"", ""confidence"": 0.0481}, {""rank"": 5, ""label"": ""monastery"", ""confidence"": 0.0391}]",True
Places365_val_00024688.jpg,/Users/aidahamzic/PycharmProjects/PythonProject1/val_256/Places365_val_00024688.jpg,mountain,mountain,spider web,0.2457,"[{""rank"": 1, ""label"": ""spider web"", ""confidence"": 0.2457}, {""rank"": 2, ""label"": ""airship"", ""confidence"": 0.1161}, {""rank"": 3, ""label"": ""solar dish"", ""confidence"": 0.1088}, {""rank"": 4, ""label"": ""worm fence"", ""confidence"": 0.0566}, {""rank"": 5, ""label"": ""barn spider"", ""confidence"": 0.0237}]",False
Places365_val_00024689.jpg,/Users/aidahamzic/PycharmProjects/PythonProject1/val_256/Places365_val_00024689.jpg,downtown,building,streetcar,0.1643,"[{""rank"": 1, ""label"": ""streetcar"", ""confidence"": 0.1643}, {""rank"": 2, ""label"": ""palace"", ""confidence"": 0.1592}, {""rank"": 3, ""label"": ""triumphal arch"", ""confidence"": 0.1076}, {""rank"": 4, ""label"": ""bell cote"", ""confidence"": 0.0592}, {""rank"": 5, ""label"": ""cab"", ""confidence"": 0.0471}]",True
Places365_val_00024694.jpg,/Users/aidahamzic/PycharmProjects/PythonProject1/val_256/Places365_val_00024694.jpg,alley,street,mobile home,0.2327,"[{""rank"": 1, ""label"": ""mobile home"", ""confidence"": 0.2327}, {""rank"": 2, ""label"": ""lumbermill"", ""confidence"": 0.2005}, {""rank"": 3, ""label"": ""solar dish"", ""confidence"": 0.1902}, {""rank"": 4, ""label"": ""crane"", ""confidence"": 0.0377}, {""rank"": 5, ""label"": ""harvester"", ""confidence"": 0.0344}]",False
Places365_val_00024698.jpg,/Users/aidahamzic/PycharmProjects/PythonProject1/val_256/Places365_val_00024698.jpg,river,water,dock,0.3761,"[{""rank"": 1, ""label"": ""dock"", ""confidence"": 0.3761}, {""rank"": 2, ""label"": ""paddlewheel"", ""confidence"": 0.3566}, {""rank"": 3, ""label"": ""fireboat"", ""confidence"": 0.0878}, {""rank"": 4, ""label"": ""boathouse"", ""confidence"": 0.0569}, {""rank"": 5, ""label"": ""submarine"", ""confidence"": 0.0207}]",True
Places365_val_00024700.jpg,/Users/aidahamzic/PycharmProjects/PythonProject1/val_256/Places365_val_00024700.jpg,glacier,glacier,alp,0.7741,"[{""rank"": 1, ""label"": ""alp"", ""confidence"": 0.7741}, {""rank"": 2, ""label"": ""ski"", ""confidence"": 0.0502}, {""rank"": 3, ""label"": ""weasel"", ""confidence"": 0.0208}, {""rank"": 4, ""label"": ""ptarmigan"", ""confidence"": 0.0171}, {""rank"": 5, ""label"": ""ice bear"", ""confidence"": 0.0139}]",True
Places365_val_00024714.jpg,/Users/aidahamzic/PycharmProjects/PythonProject1/val_256/Places365_val_00024714.jpg,downtown,building,seashore,0.5706,"[{""rank"": 1, ""label"": ""seashore"", ""confidence"": 0.5706}, {""rank"": 2, ""label"": ""promontory"", ""confidence"": 0.221}, {""rank"": 3, ""label"": ""lakeside"", ""confidence"": 0.0786}, {""rank"": 4, ""label"": ""cliff"", ""confidence"": 0.0416}, {""rank"": 5, ""label"": ""aircraft carrier"", ""confidence"": 0.0137}]",False
Places365_val_00024716.jpg,/Users/aidahamzic/PycharmProjects/PythonProject1/val_256/Places365_val_00024716.jpg,coast,water,seashore,0.389,"[{""rank"": 1, ""label"": ""seashore"", ""confidence"": 0.389}, {""rank"": 2, ""label"": ""drilling platform"", ""confidence"": 0.0993}, {""rank"": 3, ""label"": ""lakeside"", ""confidence"": 0.0686}, {""rank"": 4, ""label"": ""sandbar"", ""confidence"": 0.063}, {""rank"": 5, ""label"": ""promontory"", ""confidence"": 0.0567}]",True
Places365_val_00024797.jpg,/Users/aidahamzic/PycharmProjects/PythonProject1/val_256/Places365_val_00024797.jpg,ocean,water,catamaran,0.7259,"[{""rank"": 1, ""label"": ""catamaran"", ""confidence"": 0.7259}, {""rank"": 2, ""label"": ""yawl"", ""confidence"": 0.2123}, {""rank"": 3, ""label"": ""trimaran"", ""confidence"": 0.0527}, {""rank"": 4, ""label"": ""schooner"", ""confidence"": 0.0082}, {""rank"": 5, ""label"": ""liner"", ""confidence"": 0.0006}]",True
Places365_val_00024814.jpg,/Users/aidahamzic/PycharmProjects/PythonProject1/val_256/Places365_val_00024814.jpg,alley,street,streetcar,0.6529,"[{""rank"": 1, ""label"": ""streetcar"", ""confidence"": 0.6529}, {""rank"": 2, ""label"": ""passenger car"", ""confidence"": 0.1224}, {""rank"": 3, ""label"": ""electric locomotive"", ""confidence"": 0.1056}, {""rank"": 4, ""label"": ""trolleybus"", ""confidence"": 0.018}, {""rank"": 5, ""label"": ""freight car"", ""confidence"": 0.0167}]",True
Places365_val_00024851.jpg,/Users/aidahamzic/PycharmProjects/PythonProject1/val_256/Places365_val_00024851.jpg,house,building,monastery,0.148,"[{""rank"": 1, ""label"": ""monastery"", ""confidence"": 0.148}, {""rank"": 2, ""label"": ""patio"", ""confidence"": 0.0814}, {""rank"": 3, ""label"": ""palace"", ""confidence"": 0.0557}, {""rank"": 4, ""label"": ""lakeside"", ""confidence"": 0.0501}, {""rank"": 5, ""label"": ""boathouse"", ""confidence"": 0.0487}]",True
Places365_val_00024862.jpg,/Users/aidahamzic/PycharmProjects/PythonProject1/val_256/Places365_val_00024862.jpg,highway,street,pier,0.2562,"[{""rank"": 1, ""label"": ""pier"", ""confidence"": 0.2562}, {""rank"": 2, ""label"": ""lumbermill"", ""confidence"": 0.2373}, {""rank"": 3, ""label"": ""steel arch bridge"", ""confidence"": 0.2285}, {""rank"": 4, ""label"": ""paddlewheel"", ""confidence"": 0.0757}, {""rank"": 5, ""label"": ""wreck"", ""confidence"": 0.05}]",False
Places365_val_00024871.jpg,/Users/aidahamzic/PycharmProjects/PythonProject1/val_256/Places365_val_00024871.jpg,coast,water,promontory,0.3655,"[{""rank"": 1, ""label"": ""promontory"", ""confidence"": 0.3655}, {""rank"": 2, ""label"": ""lakeside"", ""confidence"": 0.0874}, {""rank"": 3, ""label"": ""breakwater"", ""confidence"": 0.0751}, {""rank"": 4, ""label"": ""seashore"", ""confidence"": 0.0741}, {""rank"": 5, ""label"": ""cliff"", ""confidence"": 0.0652}]",True
Places365_val_00024906.jpg,/Users/aidahamzic/PycharmProjects/PythonProject1/val_256/Places365_val_00024906.jpg,glacier,glacier,alp,0.7725,"[{""rank"": 1, ""label"": ""alp"", ""confidence"": 0.7725}, {""rank"": 2, ""label"": ""valley"", ""confidence"": 0.2055}, {""rank"": 3, ""label"": ""mountain tent"", ""confidence"": 0.008}, {""rank"": 4, ""label"": ""cliff"", ""confidence"": 0.002}, {""rank"": 5, ""label"": ""ski"", ""confidence"": 0.002}]",True
Places365_val_00024974.jpg,/Users/aidahamzic/PycharmProjects/PythonProject1/val_256/Places365_val_00024974.jpg,highway,street,tub,0.1248,"[{""rank"": 1, ""label"": ""tub"", ""confidence"": 0.1248}, {""rank"": 2, ""label"": ""bathtub"", ""confidence"": 0.1054}, {""rank"": 3, ""label"": ""alp"", ""confidence"": 0.0371}, {""rank"": 4, ""label"": ""washbasin"", ""confidence"": 0.0365}, {""rank"": 5, ""label"": ""mountain tent"", ""confidence"": 0.0317}]",False
Places365_val_00024983.jpg,/Users/aidahamzic/PycharmProjects/PythonProject1/val_256/Places365_val_00024983.jpg,alley,street,theater curtain,0.1246,"[{""rank"": 1, ""label"": ""theater curtain"", ""confidence"": 0.1246}, {""rank"": 2, ""label"": ""palace"", ""confidence"": 0.0478}, {""rank"": 3, ""label"": ""cinema"", ""confidence"": 0.044}, {""rank"": 4, ""label"": ""vault"", ""confidence"": 0.0421}, {""rank"": 5, ""label"": ""restaurant"", ""confidence"": 0.036}]",False
Places365_val_00024990.jpg,/Users/aidahamzic/PycharmProjects/PythonProject1/val_256/Places365_val_00024990.jpg,ocean,water,seashore,0.5383,"[{""rank"": 1, ""label"": ""seashore"", ""confidence"": 0.5383}, {""rank"": 2, ""label"": ""beacon"", ""confidence"": 0.2051}, {""rank"": 3, ""label"": ""promontory"", ""confidence"": 0.0786}, {""rank"": 4, ""label"": ""breakwater"", ""confidence"": 0.0436}, {""rank"": 5, ""label"": ""cliff"", ""confidence"": 0.0238}]",True
Places365_val_00025001.jpg,/Users/aidahamzic/PycharmProjects/PythonProject1/val_256/Places365_val_00025001.jpg,downtown,building,dam,0.2201,"[{""rank"": 1, ""label"": ""dam"", ""confidence"": 0.2201}, {""rank"": 2, ""label"": ""pier"", ""confidence"": 0.1402}, {""rank"": 3, ""label"": ""container ship"", ""confidence"": 0.0983}, {""rank"": 4, ""label"": ""dock"", ""confidence"": 0.0869}, {""rank"": 5, ""label"": ""steel arch bridge"", ""confidence"": 0.0508}]",True
Places365_val_00025059.jpg,/Users/aidahamzic/PycharmProjects/PythonProject1/val_256/Places365_val_00025059.jpg,skyscraper,building,jigsaw puzzle,0.1623,"[{""rank"": 1, ""label"": ""jigsaw puzzle"", ""confidence"": 0.1623}, {""rank"": 2, ""label"": ""palace"", ""confidence"": 0.1442}, {""rank"": 3, ""label"": ""bell cote"", ""confidence"": 0.0863}, {""rank"": 4, ""label"": ""church"", ""confidence"": 0.0715}, {""rank"": 5, ""label"": ""book jacket"", ""confidence"": 0.057}]",True
Places365_val_00025074.jpg,/Users/aidahamzic/PycharmProjects/PythonProject1/val_256/Places365_val_00025074.jpg,river,water,steel arch bridge,0.998,"[{""rank"": 1, ""label"": ""steel arch bridge"", ""confidence"": 0.998}, {""rank"": 2, ""label"": ""suspension bridge"", ""confidence"": 0.0014}, {""rank"": 3, ""label"": ""pier"", ""confidence"": 0.0006}, {""rank"": 4, ""label"": ""viaduct"", ""confidence"": 0.0}, {""rank"": 5, ""label"": ""planetarium"", ""confidence"": 0.0}]",False
Places365_val_00025183.jpg,/Users/aidahamzic/PycharmProjects/PythonProject1/val_256/Places365_val_00025183.jpg,forest-broadleaf,forest,snowmobile,0.4389,"[{""rank"": 1, ""label"": ""snowmobile"", ""confidence"": 0.4389}, {""rank"": 2, ""label"": ""dogsled"", ""confidence"": 0.2455}, {""rank"": 3, ""label"": ""snowplow"", ""confidence"": 0.0769}, {""rank"": 4, ""label"": ""ski"", ""confidence"": 0.0674}, {""rank"": 5, ""label"": ""coyote"", ""confidence"": 0.0454}]",False
Places365_val_00025194.jpg,/Users/aidahamzic/PycharmProjects/PythonProject1/val_256/Places365_val_00025194.jpg,skyscraper,building,church,0.2835,"[{""rank"": 1, ""label"": ""church"", ""confidence"": 0.2835}, {""rank"": 2, ""label"": ""palace"", ""confidence"": 0.086}, {""rank"": 3, ""label"": ""bell cote"", ""confidence"": 0.0533}, {""rank"": 4, ""label"": ""cinema"", ""confidence"": 0.0455}, {""rank"": 5, ""label"": ""fountain"", ""confidence"": 0.044}]",True
Places365_val_00025233.jpg,/Users/aidahamzic/PycharmProjects/PythonProject1/val_256/Places365_val_00025233.jpg,forest-broadleaf,forest,barn,0.1718,"[{""rank"": 1, ""label"": ""barn"", ""confidence"": 0.1718}, {""rank"": 2, ""label"": ""worm fence"", ""confidence"": 0.1652}, {""rank"": 3, ""label"": ""alp"", ""confidence"": 0.1316}, {""rank"": 4, ""label"": ""stone wall"", ""confidence"": 0.0718}, {""rank"": 5, ""label"": ""valley"", ""confidence"": 0.0672}]",True
Places365_val_00025241.jpg,/Users/aidahamzic/PycharmProjects/PythonProject1/val_256/Places365_val_00025241.jpg,highway,street,beacon,0.4724,"[{""rank"": 1, ""label"": ""beacon"", ""confidence"": 0.4724}, {""rank"": 2, ""label"": ""lakeside"", ""confidence"": 0.0472}, {""rank"": 3, ""label"": ""planetarium"", ""confidence"": 0.0439}, {""rank"": 4, ""label"": ""water tower"", ""confidence"": 0.042}, {""rank"": 5, ""label"": ""flagpole"", ""confidence"": 0.0415}]",False
Places365_val_00025251.jpg,/Users/aidahamzic/PycharmProjects/PythonProject1/val_256/Places365_val_00025251.jpg,downtown,building,shopping cart,0.0622,"[{""rank"": 1, ""label"": ""shopping cart"", ""confidence"": 0.0622}, {""rank"": 2, ""label"": ""vault"", ""confidence"": 0.0558}, {""rank"": 3, ""label"": ""running shoe"", ""confidence"": 0.0504}, {""rank"": 4, ""label"": ""stupa"", ""confidence"": 0.0344}, {""rank"": 5, ""label"": ""library"", ""confidence"": 0.0334}]",True
Places365_val_00025280.jpg,/Users/aidahamzic/PycharmProjects/PythonProject1/val_256/Places365_val_00025280.jpg,street,street,butcher shop,0.2362,"[{""rank"": 1, ""label"": ""butcher shop"", ""confidence"": 0.2362}, {""rank"": 2, ""label"": ""grocery store"", ""confidence"": 0.1335}, {""rank"": 3, ""label"": ""lumbermill"", ""confidence"": 0.0592}, {""rank"": 4, ""label"": ""tobacco shop"", ""confidence"": 0.0567}, {""rank"": 5, ""label"": ""bookshop"", ""confidence"": 0.0371}]",False
Places365_val_00025307.jpg,/Users/aidahamzic/PycharmProjects/PythonProject1/val_256/Places365_val_00025307.jpg,hotel-outdoor,building,mobile home,0.2469,"[{""rank"": 1, ""label"": ""mobile home"", ""confidence"": 0.2469}, {""rank"": 2, ""label"": ""picket fence"", ""confidence"": 0.0462}, {""rank"": 3, ""label"": ""lakeside"", ""confidence"": 0.0436}, {""rank"": 4, ""label"": ""recreational vehicle"", ""confidence"": 0.0384}, {""rank"": 5, ""label"": ""solar dish"", ""confidence"": 0.0315}]",False
Places365_val_00025326.jpg,/Users/aidahamzic/PycharmProjects/PythonProject1/val_256/Places365_val_00025326.jpg,tower,building,dome,0.444,"[{""rank"": 1, ""label"": ""dome"", ""confidence"": 0.444}, {""rank"": 2, ""label"": ""planetarium"", ""confidence"": 0.0831}, {""rank"": 3, ""label"": ""water tower"", ""confidence"": 0.051}, {""rank"": 4, ""label"": ""balloon"", ""confidence"": 0.0351}, {""rank"": 5, ""label"": ""flagpole"", ""confidence"": 0.0277}]",True
Places365_val_00025327.jpg,/Users/aidahamzic/PycharmProjects/PythonProject1/val_256/Places365_val_00025327.jpg,street,street,jinrikisha,0.8195,"[{""rank"": 1, ""label"": ""jinrikisha"", ""confidence"": 0.8195}, {""rank"": 2, ""label"": ""unicycle"", ""confidence"": 0.0591}, {""rank"": 3, ""label"": ""crutch"", ""confidence"": 0.0493}, {""rank"": 4, ""label"": ""bicycle-built-for-two"", ""confidence"": 0.0191}, {""rank"": 5, ""label"": ""moped"", ""confidence"": 0.0166}]",True
Places365_val_00025336.jpg,/Users/aidahamzic/PycharmProjects/PythonProject1/val_256/Places365_val_00025336.jpg,downtown,building,seashore,0.2261,"[{""rank"": 1, ""label"": ""seashore"", ""confidence"": 0.2261}, {""rank"": 2, ""label"": ""lakeside"", ""confidence"": 0.1659}, {""rank"": 3, ""label"": ""promontory"", ""confidence"": 0.0756}, {""rank"": 4, ""label"": ""palace"", ""confidence"": 0.0474}, {""rank"": 5, ""label"": ""castle"", ""confidence"": 0.0443}]",True
Places365_val_00025344.jpg,/Users/aidahamzic/PycharmProjects/PythonProject1/val_256/Places365_val_00025344.jpg,house,building,window screen,0.2431,"[{""rank"": 1, ""label"": ""window screen"", ""confidence"": 0.2431}, {""rank"": 2, ""label"": ""prison"", ""confidence"": 0.0701}, {""rank"": 3, ""label"": ""rain barrel"", ""confidence"": 0.0585}, {""rank"": 4, ""label"": ""bannister"", ""confidence"": 0.0479}, {""rank"": 5, ""label"": ""patio"", ""confidence"": 0.0459}]",True
Places365_val_00025352.jpg,/Users/aidahamzic/PycharmProjects/PythonProject1/val_256/Places365_val_00025352.jpg,rainforest,forest,great grey owl,0.4853,"[{""rank"": 1, ""label"": ""great grey owl"", ""confidence"": 0.4853}, {""rank"": 2, ""label"": ""ringlet"", ""confidence"": 0.1593}, {""rank"": 3, ""label"": ""lycaenid"", ""confidence"": 0.1281}, {""rank"": 4, ""label"": ""indri"", ""confidence"": 0.0804}, {""rank"": 5, ""label"": ""admiral"", ""confidence"": 0.0158}]",False
Places365_val_00025363.jpg,/Users/aidahamzic/PycharmProjects/PythonProject1/val_256/Places365_val_00025363.jpg,forest-broadleaf,forest,milk can,0.1186,"[{""rank"": 1, ""label"": ""milk can"", ""confidence"": 0.1186}, {""rank"": 2, ""label"": ""coho"", ""confidence"": 0.1009}, {""rank"": 3, ""label"": ""bulletproof vest"", ""confidence"": 0.0793}, {""rank"": 4, ""label"": ""cowboy hat"", ""confidence"": 0.0419}, {""rank"": 5, ""label"": ""bucket"", ""confidence"": 0.0386}]",False
Places365_val_00025384.jpg,/Users/aidahamzic/PycharmProjects/PythonProject1/val_256/Places365_val_00025384.jpg,mountain,mountain,cliff,0.694,"[{""rank"": 1, ""label"": ""cliff"", ""confidence"": 0.694}, {""rank"": 2, ""label"": ""promontory"", ""confidence"": 0.0936}, {""rank"": 3, ""label"": ""valley"", ""confidence"": 0.0621}, {""rank"": 4, ""label"": ""cliff dwelling"", ""confidence"": 0.0353}, {""rank"": 5, ""label"": ""dam"", ""confidence"": 0.0326}]",True
Places365_val_00025395.jpg,/Users/aidahamzic/PycharmProjects/PythonProject1/val_256/Places365_val_00025395.jpg,glacier,glacier,alp,0.3319,"[{""rank"": 1, ""label"": ""alp"", ""confidence"": 0.3319}, {""rank"": 2, ""label"": ""cliff"", ""confidence"": 0.1566}, {""rank"": 3, ""label"": ""valley"", ""confidence"": 0.0641}, {""rank"": 4, ""label"": ""promontory"", ""confidence"": 0.0574}, {""rank"": 5, ""label"": ""seashore"", ""confidence"": 0.0312}]",True
Places365_val_00025418.jpg,/Users/aidahamzic/PycharmProjects/PythonProject1/val_256/Places365_val_00025418.jpg,alley,street,guillotine,0.1858,"[{""rank"": 1, ""label"": ""guillotine"", ""confidence"": 0.1858}, {""rank"": 2, ""label"": ""pier"", ""confidence"": 0.1314}, {""rank"": 3, ""label"": ""bell cote"", ""confidence"": 0.0804}, {""rank"": 4, ""label"": ""patio"", ""confidence"": 0.0661}, {""rank"": 5, ""label"": ""prison"", ""confidence"": 0.041}]",False
Places365_val_00025419.jpg,/Users/aidahamzic/PycharmProjects/PythonProject1/val_256/Places365_val_00025419.jpg,coast,water,lakeside,0.3975,"[{""rank"": 1, ""label"": ""lakeside"", ""confidence"": 0.3975}, {""rank"": 2, ""label"": ""solar dish"", ""confidence"": 0.029}, {""rank"": 3, ""label"": ""barracouta"", ""confidence"": 0.0286}, {""rank"": 4, ""label"": ""horse cart"", ""confidence"": 0.0239}, {""rank"": 5, ""label"": ""valley"", ""confidence"": 0.022}]",True
Places365_val_00025437.jpg,/Users/aidahamzic/PycharmProjects/PythonProject1/val_256/Places365_val_00025437.jpg,skyscraper,building,steam locomotive,0.0986,"[{""rank"": 1, ""label"": ""steam locomotive"", ""confidence"": 0.0986}, {""rank"": 2, ""label"": ""trailer truck"", ""confidence"": 0.0677}, {""rank"": 3, ""label"": ""loudspeaker"", ""confidence"": 0.0536}, {""rank"": 4, ""label"": ""space heater"", ""confidence"": 0.0504}, {""rank"": 5, ""label"": ""solar dish"", ""confidence"": 0.0432}]",False
Places365_val_00025442.jpg,/Users/aidahamzic/PycharmProjects/PythonProject1/val_256/Places365_val_00025442.jpg,skyscraper,building,pier,0.3095,"[{""rank"": 1, ""label"": ""pier"", ""confidence"": 0.3095}, {""rank"": 2, ""label"": ""mosque"", ""confidence"": 0.0753}, {""rank"": 3, ""label"": ""steel arch bridge"", ""confidence"": 0.0748}, {""rank"": 4, ""label"": ""suspension bridge"", ""confidence"": 0.06}, {""rank"": 5, ""label"": ""lakeside"", ""confidence"": 0.0443}]",True
Places365_val_00025446.jpg,/Users/aidahamzic/PycharmProjects/PythonProject1/val_256/Places365_val_00025446.jpg,alley,street,freight car,0.178,"[{""rank"": 1, ""label"": ""freight car"", ""confidence"": 0.178}, {""rank"": 2, ""label"": ""lumbermill"", ""confidence"": 0.1219}, {""rank"": 3, ""label"": ""viaduct"", ""confidence"": 0.1141}, {""rank"": 4, ""label"": ""patio"", ""confidence"": 0.1067}, {""rank"": 5, ""label"": ""monastery"", ""confidence"": 0.0375}]",False
Places365_val_00025507.jpg,/Users/aidahamzic/PycharmProjects/PythonProject1/val_256/Places365_val_00025507.jpg,skyscraper,building,aircraft carrier,0.3462,"[{""rank"": 1, ""label"": ""aircraft carrier"", ""confidence"": 0.3462}, {""rank"": 2, ""label"": ""liner"", ""confidence"": 0.1723}, {""rank"": 3, ""label"": ""dock"", ""confidence"": 0.0762}, {""rank"": 4, ""label"": ""drilling platform"", ""confidence"": 0.0623}, {""rank"": 5, ""label"": ""scoreboard"", ""confidence"": 0.0376}]",False
Places365_val_00025526.jpg,/Users/aidahamzic/PycharmProjects/PythonProject1/val_256/Places365_val_00025526.jpg,hotel-outdoor,building,lakeside,0.1759,"[{""rank"": 1, ""label"": ""lakeside"", ""confidence"": 0.1759}, {""rank"": 2, ""label"": ""palace"", ""confidence"": 0.1349}, {""rank"": 3, ""label"": ""patio"", ""confidence"": 0.0625}, {""rank"": 4, ""label"": ""mosque"", ""confidence"": 0.0503}, {""rank"": 5, ""label"": ""window screen"", ""confidence"": 0.0327}]",True
Places365_val_00025577.jpg,/Users/aidahamzic/PycharmProjects/PythonProject1/val_256/Places365_val_00025577.jpg,alley,street,prison,0.6919,"[{""rank"": 1, ""label"": ""prison"", ""confidence"": 0.6919}, {""rank"": 2, ""label"": ""streetcar"", ""confidence"": 0.1495}, {""rank"": 3, ""label"": ""passenger car"", ""confidence"": 0.0829}, {""rank"": 4, ""label"": ""umbrella"", ""confidence"": 0.0087}, {""rank"": 5, ""label"": ""bullet train"", ""confidence"": 0.0058}]",True
Places365_val_00025580.jpg,/Users/aidahamzic/PycharmProjects/PythonProject1/val_256/Places365_val_00025580.jpg,river,water,lakeside,0.6393,"[{""rank"": 1, ""label"": ""lakeside"", ""confidence"": 0.6393}, {""rank"": 2, ""label"": ""barracouta"", ""confidence"": 0.1024}, {""rank"": 3, ""label"": ""dam"", ""confidence"": 0.073}, {""rank"": 4, ""label"": ""boathouse"", ""confidence"": 0.0509}, {""rank"": 5, ""label"": ""canoe"", ""confidence"": 0.0194}]",True
Places365_val_00025601.jpg,/Users/aidahamzic/PycharmProjects/PythonProject1/val_256/Places365_val_00025601.jpg,street,street,streetcar,0.4141,"[{""rank"": 1, ""label"": ""streetcar"", ""confidence"": 0.4141}, {""rank"": 2, ""label"": ""prison"", ""confidence"": 0.2758}, {""rank"": 3, ""label"": ""library"", ""confidence"": 0.071}, {""rank"": 4, ""label"": ""gondola"", ""confidence"": 0.0611}, {""rank"": 5, ""label"": ""cab"", ""confidence"": 0.0351}]",True
Places365_val_00025631.jpg,/Users/aidahamzic/PycharmProjects/PythonProject1/val_256/Places365_val_00025631.jpg,ocean,water,seashore,0.6358,"[{""rank"": 1, ""label"": ""seashore"", ""confidence"": 0.6358}, {""rank"": 2, ""label"": ""sandbar"", ""confidence"": 0.3011}, {""rank"": 3, ""label"": ""swimming trunks"", ""confidence"": 0.0179}, {""rank"": 4, ""label"": ""maillot tank suit"", ""confidence"": 0.0118}, {""rank"": 5, ""label"": ""lakeside"", ""confidence"": 0.0051}]",True
Places365_val_00025635.jpg,/Users/aidahamzic/PycharmProjects/PythonProject1/val_256/Places365_val_00025635.jpg,street,street,prison,0.0993,"[{""rank"": 1, ""label"": ""prison"", ""confidence"": 0.0993}, {""rank"": 2, ""label"": ""academic gown"", ""confidence"": 0.086}, {""rank"": 3, ""label"": ""unicycle"", ""confidence"": 0.0388}, {""rank"": 4, ""label"": ""military uniform"", ""confidence"": 0.0357}, {""rank"": 5, ""label"": ""maypole"", ""confidence"": 0.0355}]",False
Places365_val_00025641.jpg,/Users/aidahamzic/PycharmProjects/PythonProject1/val_256/Places365_val_00025641.jpg,glacier,glacier,valley,0.5894,"[{""rank"": 1, ""label"": ""valley"", ""confidence"": 0.5894}, {""rank"": 2, ""label"": ""alp"", ""confidence"": 0.3538}, {""rank"": 3, ""label"": ""mountain tent"", ""confidence"": 0.0142}, {""rank"": 4, ""label"": ""lakeside"", ""confidence"": 0.0107}, {""rank"": 5, ""label"": ""cliff"", ""confidence"": 0.0067}]",True
Places365_val_00025675.jpg,/Users/aidahamzic/PycharmProjects/PythonProject1/val_256/Places365_val_00025675.jpg,ocean,water,jellyfish,0.9859,"[{""rank"": 1, ""label"": ""jellyfish"", ""confidence"": 0.9859}, {""rank"": 2, ""label"": ""ping-pong ball"", ""confidence"": 0.0029}, {""rank"": 3, ""label"": ""maraca"", ""confidence"": 0.0023}, {""rank"": 4, ""label"": ""scuba diver"", ""confidence"": 0.0011}, {""rank"": 5, ""label"": ""yellow lady's slipper"", ""confidence"": 0.0009}]",False
Places365_val_00025739.jpg,/Users/aidahamzic/PycharmProjects/PythonProject1/val_256/Places365_val_00025739.jpg,forest-broadleaf,forest,park bench,0.0694,"[{""rank"": 1, ""label"": ""park bench"", ""confidence"": 0.0694}, {""rank"": 2, ""label"": ""fountain"", ""confidence"": 0.0618}, {""rank"": 3, ""label"": ""swing"", ""confidence"": 0.0569}, {""rank"": 4, ""label"": ""lakeside"", ""confidence"": 0.0521}, {""rank"": 5, ""label"": ""picket fence"", ""confidence"": 0.0358}]",True
Places365_val_00025753.jpg,/Users/aidahamzic/PycharmProjects/PythonProject1/val_256/Places365_val_00025753.jpg,forest-broadleaf,forest,fountain,0.1684,"[{""rank"": 1, ""label"": ""fountain"", ""confidence"": 0.1684}, {""rank"": 2, ""label"": ""theater curtain"", ""confidence"": 0.0427}, {""rank"": 3, ""label"": ""paintbrush"", ""confidence"": 0.0404}, {""rank"": 4, ""label"": ""boathouse"", ""confidence"": 0.0288}, {""rank"": 5, ""label"": ""dam"", ""confidence"": 0.0248}]",False
Places365_val_00025761.jpg,/Users/aidahamzic/PycharmProjects/PythonProject1/val_256/Places365_val_00025761.jpg,skyscraper,building,dome,0.1964,"[{""rank"": 1, ""label"": ""dome"", ""confidence"": 0.1964}, {""rank"": 2, ""label"": ""mosque"", ""confidence"": 0.071}, {""rank"": 3, ""label"": ""airship"", ""confidence"": 0.0689}, {""rank"": 4, ""label"": ""umbrella"", ""confidence"": 0.0688}, {""rank"": 5, ""label"": ""planetarium"", ""confidence"": 0.0488}]",True
Places365_val_00025772.jpg,/Users/aidahamzic/PycharmProjects/PythonProject1/val_256/Places365_val_00025772.jpg,ocean,water,lakeside,0.4454,"[{""rank"": 1, ""label"": ""lakeside"", ""confidence"": 0.4454}, {""rank"": 2, ""label"": ""seashore"", ""confidence"": 0.3921}, {""rank"": 3, ""label"": ""sandbar"", ""confidence"": 0.0441}, {""rank"": 4, ""label"": ""breakwater"", ""confidence"": 0.0322}, {""rank"": 5, ""label"": ""promontory"", ""confidence"": 0.0183}]",True
Places365_val_00025816.jpg,/Users/aidahamzic/PycharmProjects/PythonProject1/val_256/Places365_val_00025816.jpg,rainforest,forest,valley,0.1967,"[{""rank"": 1, ""label"": ""valley"", ""confidence"": 0.1967}, {""rank"": 2, ""label"": ""tusker"", ""confidence"": 0.0997}, {""rank"": 3, ""label"": ""Indian elephant"", ""confidence"": 0.0684}, {""rank"": 4, ""label"": ""mountain bike"", ""confidence"": 0.0566}, {""rank"": 5, ""label"": ""cliff"", ""confidence"": 0.0456}]",True
Places365_val_00025817.jpg,/Users/aidahamzic/PycharmProjects/PythonProject1/val_256/Places365_val_00025817.jpg,skyscraper,building,bell cote,0.1296,"[{""rank"": 1, ""label"": ""bell cote"", ""confidence"": 0.1296}, {""rank"": 2, ""label"": ""mosque"", ""confidence"": 0.1186}, {""rank"": 3, ""label"": ""palace"", ""confidence"": 0.1177}, {""rank"": 4, ""label"": ""flagpole"", ""confidence"": 0.0691}, {""rank"": 5, ""label"": ""pedestal"", ""confidence"": 0.062}]",True
Places365_val_00025857.jpg,/Users/aidahamzic/PycharmProjects/PythonProject1/val_256/Places365_val_00025857.jpg,mountain,mountain,volcano,0.6705,"[{""rank"": 1, ""label"": ""volcano"", ""confidence"": 0.6705}, {""rank"": 2, ""label"": ""alp"", ""confidence"": 0.1917}, {""rank"": 3, ""label"": ""valley"", ""confidence"": 0.0339}, {""rank"": 4, ""label"": ""geyser"", ""confidence"": 0.0303}, {""rank"": 5, ""label"": ""mountain tent"", ""confidence"": 0.0074}]",True
Places365_val_00025861.jpg,/Users/aidahamzic/PycharmProjects/PythonProject1/val_256/Places365_val_00025861.jpg,mountain,mountain,ibex,0.1862,"[{""rank"": 1, ""label"": ""ibex"", ""confidence"": 0.1862}, {""rank"": 2, ""label"": ""bighorn"", ""confidence"": 0.1707}, {""rank"": 3, ""label"": ""zebra"", ""confidence"": 0.1169}, {""rank"": 4, ""label"": ""mountain bike"", ""confidence"": 0.1046}, {""rank"": 5, ""label"": ""warthog"", ""confidence"": 0.0632}]",False
Places365_val_00025900.jpg,/Users/aidahamzic/PycharmProjects/PythonProject1/val_256/Places365_val_00025900.jpg,mountain,mountain,alp,0.6756,"[{""rank"": 1, ""label"": ""alp"", ""confidence"": 0.6756}, {""rank"": 2, ""label"": ""promontory"", ""confidence"": 0.1598}, {""rank"": 3, ""label"": ""valley"", ""confidence"": 0.0833}, {""rank"": 4, ""label"": ""cliff"", ""confidence"": 0.0519}, {""rank"": 5, ""label"": ""seashore"", ""confidence"": 0.0051}]",True
Places365_val_00025910.jpg,/Users/aidahamzic/PycharmProjects/PythonProject1/val_256/Places365_val_00025910.jpg,coast,water,sandbar,0.5191,"[{""rank"": 1, ""label"": ""sandbar"", ""confidence"": 0.5191}, {""rank"": 2, ""label"": ""seashore"", ""confidence"": 0.4201}, {""rank"": 3, ""label"": ""promontory"", ""confidence"": 0.0127}, {""rank"": 4, ""label"": ""valley"", ""confidence"": 0.0116}, {""rank"": 5, ""label"": ""lakeside"", ""confidence"": 0.0086}]",True
Places365_val_00025918.jpg,/Users/aidahamzic/PycharmProjects/PythonProject1/val_256/Places365_val_00025918.jpg,alley,street,slot,0.1212,"[{""rank"": 1, ""label"": ""slot"", ""confidence"": 0.1212}, {""rank"": 2, ""label"": ""vending machine"", ""confidence"": 0.1178}, {""rank"": 3, ""label"": ""toyshop"", ""confidence"": 0.1025}, {""rank"": 4, ""label"": ""ashcan"", ""confidence"": 0.099}, {""rank"": 5, ""label"": ""grocery store"", ""confidence"": 0.0984}]",False
Places365_val_00025925.jpg,/Users/aidahamzic/PycharmProjects/PythonProject1/val_256/Places365_val_00025925.jpg,mountain,mountain,alp,0.4224,"[{""rank"": 1, ""label"": ""alp"", ""confidence"": 0.4224}, {""rank"": 2, ""label"": ""cliff"", ""confidence"": 0.277}, {""rank"": 3, ""label"": ""valley"", ""confidence"": 0.1957}, {""rank"": 4, ""label"": ""promontory"", ""confidence"": 0.0427}, {""rank"": 5, ""label"": ""volcano"", ""confidence"": 0.0237}]",True
Places365_val_00025965.jpg,/Users/aidahamzic/PycharmProjects/PythonProject1/val_256/Places365_val_00025965.jpg,skyscraper,building,bell cote,0.3154,"[{""rank"": 1, ""label"": ""bell cote"", ""confidence"": 0.3154}, {""rank"": 2, ""label"": ""monastery"", ""confidence"": 0.1472}, {""rank"": 3, ""label"": ""tile roof"", ""confidence"": 0.1135}, {""rank"": 4, ""label"": ""castle"", ""confidence"": 0.0879}, {""rank"": 5, ""label"": ""church"", ""confidence"": 0.0434}]",True
Places365_val_00025970.jpg,/Users/aidahamzic/PycharmProjects/PythonProject1/val_256/Places365_val_00025970.jpg,house,building,snowplow,0.2353,"[{""rank"": 1, ""label"": ""snowplow"", ""confidence"": 0.2353}, {""rank"": 2, ""label"": ""gas pump"", ""confidence"": 0.1032}, {""rank"": 3, ""label"": ""streetcar"", ""confidence"": 0.0734}, {""rank"": 4, ""label"": ""apiary"", ""confidence"": 0.0571}, {""rank"": 5, ""label"": ""trolleybus"", ""confidence"": 0.0536}]",False
Places365_val_00025973.jpg,/Users/aidahamzic/PycharmProjects/PythonProject1/val_256/Places365_val_00025973.jpg,hotel-outdoor,building,cinema,0.0802,"[{""rank"": 1, ""label"": ""cinema"", ""confidence"": 0.0802}, {""rank"": 2, ""label"": ""bell cote"", ""confidence"": 0.0623}, {""rank"": 3, ""label"": ""drilling platform"", ""confidence"": 0.0561}, {""rank"": 4, ""label"": ""scoreboard"", ""confidence"": 0.047}, {""rank"": 5, ""label"": ""restaurant"", ""confidence"": 0.0312}]",True
Places365_val_00026036.jpg,/Users/aidahamzic/PycharmProjects/PythonProject1/val_256/Places365_val_00026036.jpg,forest-broadleaf,forest,dam,0.5824,"[{""rank"": 1, ""label"": ""dam"", ""confidence"": 0.5824}, {""rank"": 2, ""label"": ""valley"", ""confidence"": 0.2438}, {""rank"": 3, ""label"": ""lakeside"", ""confidence"": 0.0886}, {""rank"": 4, ""label"": ""cliff"", ""confidence"": 0.028}, {""rank"": 5, ""label"": ""seashore"", ""confidence"": 0.0198}]",True
Places365_val_00026061.jpg,/Users/aidahamzic/PycharmProjects/PythonProject1/val_256/Places365_val_00026061.jpg,forest-broadleaf,forest,maze,0.5602,"[{""rank"": 1, ""label"": ""maze"", ""confidence"": 0.5602}, {""rank"": 2, ""label"": ""worm fence"", ""confidence"": 0.0953}, {""rank"": 3, ""label"": ""stone wall"", ""confidence"": 0.0441}, {""rank"": 4, ""label"": ""valley"", ""confidence"": 0.0372}, {""rank"": 5, ""label"": ""mountain bike"", ""confidence"": 0.0371}]",True
Places365_val_00026079.jpg,/Users/aidahamzic/PycharmProjects/PythonProject1/val_256/Places365_val_00026079.jpg,skyscraper,building,obelisk,0.2878,"[{""rank"": 1, ""label"": ""obelisk"", ""confidence"": 0.2878}, {""rank"": 2, ""label"": ""pier"", ""confidence"": 0.0748}, {""rank"": 3, ""label"": ""water tower"", ""confidence"": 0.0492}, {""rank"": 4, ""label"": ""pole"", ""confidence"": 0.0407}, {""rank"": 5, ""label"": ""steel arch bridge"", ""confidence"": 0.037}]",True
Places365_val_00026103.jpg,/Users/aidahamzic/PycharmProjects/PythonProject1/val_256/Places365_val_00026103.jpg,downtown,building,library,0.1577,"[{""rank"": 1, ""label"": ""library"", ""confidence"": 0.1577}, {""rank"": 2, ""label"": ""container ship"", ""confidence"": 0.0723}, {""rank"": 3, ""label"": ""boathouse"", ""confidence"": 0.0532}, {""rank"": 4, ""label"": ""palace"", ""confidence"": 0.0471}, {""rank"": 5, ""label"": ""pier"", ""confidence"": 0.0452}]",True
Places365_val_00026117.jpg,/Users/aidahamzic/PycharmProjects/PythonProject1/val_256/Places365_val_00026117.jpg,hotel-outdoor,building,lakeside,0.1161,"[{""rank"": 1, ""label"": ""lakeside"", ""confidence"": 0.1161}, {""rank"": 2, ""label"": ""palace"", ""confidence"": 0.0779}, {""rank"": 3, ""label"": ""boathouse"", ""confidence"": 0.0538}, {""rank"": 4, ""label"": ""dam"", ""confidence"": 0.0461}, {""rank"": 5, ""label"": ""crane"", ""confidence"": 0.0404}]",True
Places365_val_00026125.jpg,/Users/aidahamzic/PycharmProjects/PythonProject1/val_256/Places365_val_00026125.jpg,forest-broadleaf,forest,cliff,0.1294,"[{""rank"": 1, ""label"": ""cliff"", ""confidence"": 0.1294}, {""rank"": 2, ""label"": ""megalith"", ""confidence"": 0.0833}, {""rank"": 3, ""label"": ""stone wall"", ""confidence"": 0.0592}, {""rank"": 4, ""label"": ""valley"", ""confidence"": 0.0563}, {""rank"": 5, ""label"": ""chiton"", ""confidence"": 0.0543}]",True
Places365_val_00026134.jpg,/Users/aidahamzic/PycharmProjects/PythonProject1/val_256/Places365_val_00026134.jpg,glacier,glacier,alp,0.8487,"[{""rank"": 1, ""label"": ""alp"", ""confidence"": 0.8487}, {""rank"": 2, ""label"": ""ski"", ""confidence"": 0.0461}, {""rank"": 3, ""label"": ""mountain tent"", ""confidence"": 0.0406}, {""rank"": 4, ""label"": ""volcano"", ""confidence"": 0.0254}, {""rank"": 5, ""label"": ""valley"", ""confidence"": 0.0132}]",True
Places365_val_00026137.jpg,/Users/aidahamzic/PycharmProjects/PythonProject1/val_256/Places365_val_00026137.jpg,rainforest,forest,giant panda,0.1095,"[{""rank"": 1, ""label"": ""giant panda"", ""confidence"": 0.1095}, {""rank"": 2, ""label"": ""sloth bear"", ""confidence"": 0.0807}, {""rank"": 3, ""label"": ""lesser panda"", ""confidence"": 0.0538}, {""rank"": 4, ""label"": ""mongoose"", ""confidence"": 0.0419}, {""rank"": 5, ""label"": ""Komodo dragon"", ""confidence"": 0.0403}]",False
Places365_val_00026140.jpg,/Users/aidahamzic/PycharmProjects/PythonProject1/val_256/Places365_val_00026140.jpg,skyscraper,building,bell cote,0.2759,"[{""rank"": 1, ""label"": ""bell cote"", ""confidence"": 0.2759}, {""rank"": 2, ""label"": ""planetarium"", ""confidence"": 0.2425}, {""rank"": 3, ""label"": ""dome"", ""confidence"": 0.1408}, {""rank"": 4, ""label"": ""stupa"", ""confidence"": 0.1116}, {""rank"": 5, ""label"": ""beacon"", ""confidence"": 0.0636}]",True
Places365_val_00026150.jpg,/Users/aidahamzic/PycharmProjects/PythonProject1/val_256/Places365_val_00026150.jpg,house,building,thatch,0.2701,"[{""rank"": 1, ""label"": ""thatch"", ""confidence"": 0.2701}, {""rank"": 2, ""label"": ""monastery"", ""confidence"": 0.0801}, {""rank"": 3, ""label"": ""bell cote"", ""confidence"": 0.0769}, {""rank"": 4, ""label"": ""palace"", ""confidence"": 0.0599}, {""rank"": 5, ""label"": ""patio"", ""confidence"": 0.0528}]",True
Places365_val_00026225.jpg,/Users/aidahamzic/PycharmProjects/PythonProject1/val_256/Places365_val_00026225.jpg,alley,street,mobile home,0.228,"[{""rank"": 1, ""label"": ""mobile home"", ""confidence"": 0.228}, {""rank"": 2, ""label"": ""turnstile"", ""confidence"": 0.2046}, {""rank"": 3, ""label"": ""patio"", ""confidence"": 0.0907}, {""rank"": 4, ""label"": ""library"", ""confidence"": 0.058}, {""rank"": 5, ""label"": ""prison"", ""confidence"": 0.0494}]",False
Places365_val_00026239.jpg,/Users/aidahamzic/PycharmProjects/PythonProject1/val_256/Places365_val_00026239.jpg,river,water,schooner,0.579,"[{""rank"": 1, ""label"": ""schooner"", ""confidence"": 0.579}, {""rank"": 2, ""label"": ""pirate"", ""confidence"": 0.2903}, {""rank"": 3, ""label"": ""yawl"", ""confidence"": 0.1124}, {""rank"": 4, ""label"": ""trimaran"", ""confidence"": 0.0097}, {""rank"": 5, ""label"": ""catamaran"", ""confidence"": 0.0064}]",True
Places365_val_00026313.jpg,/Users/aidahamzic/PycharmProjects/PythonProject1/val_256/Places365_val_00026313.jpg,house,building,monastery,0.2624,"[{""rank"": 1, ""label"": ""monastery"", ""confidence"": 0.2624}, {""rank"": 2, ""label"": ""prison"", ""confidence"": 0.1617}, {""rank"": 3, ""label"": ""solar dish"", ""confidence"": 0.0989}, {""rank"": 4, ""label"": ""patio"", ""confidence"": 0.0691}, {""rank"": 5, ""label"": ""boathouse"", ""confidence"": 0.0634}]",True
Places365_val_00026332.jpg,/Users/aidahamzic/PycharmProjects/PythonProject1/val_256/Places365_val_00026332.jpg,skyscraper,building,palace,0.5805,"[{""rank"": 1, ""label"": ""palace"", ""confidence"": 0.5805}, {""rank"": 2, ""label"": ""cinema"", ""confidence"": 0.1248}, {""rank"": 3, ""label"": ""library"", ""confidence"": 0.1133}, {""rank"": 4, ""label"": ""bookshop"", ""confidence"": 0.0382}, {""rank"": 5, ""label"": ""tobacco shop"", ""confidence"": 0.0153}]",True
Places365_val_00026348.jpg,/Users/aidahamzic/PycharmProjects/PythonProject1/val_256/Places365_val_00026348.jpg,alley,street,vault,0.1082,"[{""rank"": 1, ""label"": ""vault"", ""confidence"": 0.1082}, {""rank"": 2, ""label"": ""pier"", ""confidence"": 0.0867}, {""rank"": 3, ""label"": ""dome"", ""confidence"": 0.077}, {""rank"": 4, ""label"": ""window shade"", ""confidence"": 0.063}, {""rank"": 5, ""label"": ""planetarium"", ""confidence"": 0.0515}]",False
Places365_val_00026350.jpg,/Users/aidahamzic/PycharmProjects/PythonProject1/val_256/Places365_val_00026350.jpg,downtown,building,breakwater,0.1017,"[{""rank"": 1, ""label"": ""breakwater"", ""confidence"": 0.1017}, {""rank"": 2, ""label"": ""lakeside"", ""confidence"": 0.0969}, {""rank"": 3, ""label"": ""patio"", ""confidence"": 0.0732}, {""rank"": 4, ""label"": ""dock"", ""confidence"": 0.0615}, {""rank"": 5, ""label"": ""maze"", ""confidence"": 0.0542}]",True
Places365_val_00026366.jpg,/Users/aidahamzic/PycharmProjects/PythonProject1/val_256/Places365_val_00026366.jpg,street,street,sarong,0.1838,"[{""rank"": 1, ""label"": ""sarong"", ""confidence"": 0.1838}, {""rank"": 2, ""label"": ""clog"", ""confidence"": 0.0654}, {""rank"": 3, ""label"": ""jinrikisha"", ""confidence"": 0.046}, {""rank"": 4, ""label"": ""cowboy boot"", ""confidence"": 0.0428}, {""rank"": 5, ""label"": ""miniskirt"", ""confidence"": 0.0394}]",True
Places365_val_00026421.jpg,/Users/aidahamzic/PycharmProjects/PythonProject1/val_256/Places365_val_00026421.jpg,ocean,water,sandbar,0.2314,"[{""rank"": 1, ""label"": ""sandbar"", ""confidence"": 0.2314}, {""rank"": 2, ""label"": ""seashore"", ""confidence"": 0.2167}, {""rank"": 3, ""label"": ""lakeside"", ""confidence"": 0.1052}, {""rank"": 4, ""label"": ""swimming trunks"", ""confidence"": 0.034}, {""rank"": 5, ""label"": ""bathing cap"", ""confidence"": 0.0194}]",True
Places365_val_00026440.jpg,/Users/aidahamzic/PycharmProjects/PythonProject1/val_256/Places365_val_00026440.jpg,ocean,water,seashore,0.6645,"[{""rank"": 1, ""label"": ""seashore"", ""confidence"": 0.6645}, {""rank"": 2, ""label"": ""promontory"", ""confidence"": 0.082}, {""rank"": 3, ""label"": ""grey whale"", ""confidence"": 0.053}, {""rank"": 4, ""label"": ""leatherback turtle"", ""confidence"": 0.0512}, {""rank"": 5, ""label"": ""sandbar"", ""confidence"": 0.0395}]",True
Places365_val_00026454.jpg,/Users/aidahamzic/PycharmProjects/PythonProject1/val_256/Places365_val_00026454.jpg,ocean,water,electric ray,0.2947,"[{""rank"": 1, ""label"": ""electric ray"", ""confidence"": 0.2947}, {""rank"": 2, ""label"": ""dugong"", ""confidence"": 0.1367}, {""rank"": 3, ""label"": ""scuba diver"", ""confidence"": 0.1333}, {""rank"": 4, ""label"": ""tiger shark"", ""confidence"": 0.1218}, {""rank"": 5, ""label"": ""coral reef"", ""confidence"": 0.1028}]",False
Places365_val_00026458.jpg,/Users/aidahamzic/PycharmProjects/PythonProject1/val_256/Places365_val_00026458.jpg,rainforest,forest,stone wall,0.0948,"[{""rank"": 1, ""label"": ""stone wall"", ""confidence"": 0.0948}, {""rank"": 2, ""label"": ""suspension bridge"", ""confidence"": 0.0927}, {""rank"": 3, ""label"": ""valley"", ""confidence"": 0.0484}, {""rank"": 4, ""label"": ""spider web"", ""confidence"": 0.0418}, {""rank"": 5, ""label"": ""mountain bike"", ""confidence"": 0.0346}]",True
Places365_val_00026507.jpg,/Users/aidahamzic/PycharmProjects/PythonProject1/val_256/Places365_val_00026507.jpg,tower,building,jean,0.1766,"[{""rank"": 1, ""label"": ""jean"", ""confidence"": 0.1766}, {""rank"": 2, ""label"": ""worm fence"", ""confidence"": 0.0442}, {""rank"": 3, ""label"": ""chime"", ""confidence"": 0.0354}, {""rank"": 4, ""label"": ""radiator"", ""confidence"": 0.026}, {""rank"": 5, ""label"": ""clog"", ""confidence"": 0.0247}]",False
Places365_val_00026513.jpg,/Users/aidahamzic/PycharmProjects/PythonProject1/val_256/Places365_val_00026513.jpg,glacier,glacier,alp,0.4301,"[{""rank"": 1, ""label"": ""alp"", ""confidence"": 0.4301}, {""rank"": 2, ""label"": ""ski"", ""confidence"": 0.1749}, {""rank"": 3, ""label"": ""valley"", ""confidence"": 0.1462}, {""rank"": 4, ""label"": ""tripod"", ""confidence"": 0.064}, {""rank"": 5, ""label"": ""dogsled"", ""confidence"": 0.015}]",True
Places365_val_00026526.jpg,/Users/aidahamzic/PycharmProjects/PythonProject1/val_256/Places365_val_00026526.jpg,coast,water,lakeside,0.3152,"[{""rank"": 1, ""label"": ""lakeside"", ""confidence"": 0.3152}, {""rank"": 2, ""label"": ""greenhouse"", ""confidence"": 0.1303}, {""rank"": 3, ""label"": ""worm fence"", ""confidence"": 0.0763}, {""rank"": 4, ""label"": ""steel arch bridge"", ""confidence"": 0.0719}, {""rank"": 5, ""label"": ""dam"", ""confidence"": 0.0647}]",True
Places365_val_00026541.jpg,/Users/aidahamzic/PycharmProjects/PythonProject1/val_256/Places365_val_00026541.jpg,highway,street,submarine,0.1618,"[{""rank"": 1, ""label"": ""submarine"", ""confidence"": 0.1618}, {""rank"": 2, ""label"": ""aircraft carrier"", ""confidence"": 0.0789}, {""rank"": 3, ""label"": ""trailer truck"", ""confidence"": 0.0687}, {""rank"": 4, ""label"": ""breakwater"", ""confidence"": 0.056}, {""rank"": 5, ""label"": ""airship"", ""confidence"": 0.0506}]",False
Places365_val_00026546.jpg,/Users/aidahamzic/PycharmProjects/PythonProject1/val_256/Places365_val_00026546.jpg,coast,water,beacon,0.977,"[{""rank"": 1, ""label"": ""beacon"", ""confidence"": 0.977}, {""rank"": 2, ""label"": ""breakwater"", ""confidence"": 0.0213}, {""rank"": 3, ""label"": ""promontory"", ""confidence"": 0.0012}, {""rank"": 4, ""label"": ""castle"", ""confidence"": 0.0001}, {""rank"": 5, ""label"": ""seashore"", ""confidence"": 0.0001}]",True
Places365_val_00026560.jpg,/Users/aidahamzic/PycharmProjects/PythonProject1/val_256/Places365_val_00026560.jpg,forest-broadleaf,forest,valley,0.2206,"[{""rank"": 1, ""label"": ""valley"", ""confidence"": 0.2206}, {""rank"": 2, ""label"": ""stone wall"", ""confidence"": 0.0599}, {""rank"": 3, ""label"": ""alp"", ""confidence"": 0.0473}, {""rank"": 4, ""label"": ""lakeside"", ""confidence"": 0.047}, {""rank"": 5, ""label"": ""maze"", ""confidence"": 0.0449}]",True
Places365_val_00026566.jpg,/Users/aidahamzic/PycharmProjects/PythonProject1/val_256/Places365_val_00026566.jpg,mountain,mountain,alp,0.3651,"[{""rank"": 1, ""label"": ""alp"", ""confidence"": 0.3651}, {""rank"": 2, ""label"": ""promontory"", ""confidence"": 0.2231}, {""rank"": 3, ""label"": ""valley"", ""confidence"": 0.1574}, {""rank"": 4, ""label"": ""cliff"", ""confidence"": 0.1355}, {""rank"": 5, ""label"": ""volcano"", ""confidence"": 0.0458}]",True
Places365_val_00026608.jpg,/Users/aidahamzic/PycharmProjects/PythonProject1/val_256/Places365_val_00026608.jpg,hotel-outdoor,building,palace,0.3312,"[{""rank"": 1, ""label"": ""palace"", ""confidence"": 0.3312}, {""rank"": 2, ""label"": ""castle"", ""confidence"": 0.1285}, {""rank"": 3, ""label"": ""church"", ""confidence"": 0.1065}, {""rank"": 4, ""label"": ""cab"", ""confidence"": 0.0719}, {""rank"": 5, ""label"": ""streetcar"", ""confidence"": 0.0648}]",True
Places365_val_00026624.jpg,/Users/aidahamzic/PycharmProjects/PythonProject1/val_256/Places365_val_00026624.jpg,street,street,valley,0.0867,"[{""rank"": 1, ""label"": ""valley"", ""confidence"": 0.0867}, {""rank"": 2, ""label"": ""dam"", ""confidence"": 0.0849}, {""rank"": 3, ""label"": ""breakwater"", ""confidence"": 0.0626}, {""rank"": 4, ""label"": ""patio"", ""confidence"": 0.0548}, {""rank"": 5, ""label"": ""seashore"", ""confidence"": 0.0364}]",False
Places365_val_00026640.jpg,/Users/aidahamzic/PycharmProjects/PythonProject1/val_256/Places365_val_00026640.jpg,coast,water,seashore,0.5767,"[{""rank"": 1, ""label"": ""seashore"", ""confidence"": 0.5767}, {""rank"": 2, ""label"": ""promontory"", ""confidence"": 0.108}, {""rank"": 3, ""label"": ""aircraft carrier"", ""confidence"": 0.0743}, {""rank"": 4, ""label"": ""lakeside"", ""confidence"": 0.063}, {""rank"": 5, ""label"": ""airship"", ""confidence"": 0.03}]",True
Places365_val_00026643.jpg,/Users/aidahamzic/PycharmProjects/PythonProject1/val_256/Places365_val_00026643.jpg,tower,building,castle,0.8891,"[{""rank"": 1, ""label"": ""castle"", ""confidence"": 0.8891}, {""rank"": 2, ""label"": ""monastery"", ""confidence"": 0.0895}, {""rank"": 3, ""label"": ""palace"", ""confidence"": 0.0084}, {""rank"": 4, ""label"": ""church"", ""confidence"": 0.0057}, {""rank"": 5, ""label"": ""bell cote"", ""confidence"": 0.0036}]",True
Places365_val_00026654.jpg,/Users/aidahamzic/PycharmProjects/PythonProject1/val_256/Places365_val_00026654.jpg,mountain,mountain,cliff,0.3387,"[{""rank"": 1, ""label"": ""cliff"", ""confidence"": 0.3387}, {""rank"": 2, ""label"": ""volcano"", ""confidence"": 0.2339}, {""rank"": 3, ""label"": ""cliff dwelling"", ""confidence"": 0.1119}, {""rank"": 4, ""label"": ""alp"", ""confidence"": 0.1039}, {""rank"": 5, ""label"": ""geyser"", ""confidence"": 0.0702}]",True
Places365_val_00026669.jpg,/Users/aidahamzic/PycharmProjects/PythonProject1/val_256/Places365_val_00026669.jpg,tower,building,obelisk,0.9704,"[{""rank"": 1, ""label"": ""obelisk"", ""confidence"": 0.9704}, {""rank"": 2, ""label"": ""projectile"", ""confidence"": 0.0078}, {""rank"": 3, ""label"": ""missile"", ""confidence"": 0.0059}, {""rank"": 4, ""label"": ""megalith"", ""confidence"": 0.0041}, {""rank"": 5, ""label"": ""candle"", ""confidence"": 0.0038}]",True
Places365_val_00026682.jpg,/Users/aidahamzic/PycharmProjects/PythonProject1/val_256/Places365_val_00026682.jpg,mountain,mountain,volcano,0.2594,"[{""rank"": 1, ""label"": ""volcano"", ""confidence"": 0.2594}, {""rank"": 2, ""label"": ""maze"", ""confidence"": 0.118}, {""rank"": 3, ""label"": ""lakeside"", ""confidence"": 0.1003}, {""rank"": 4, ""label"": ""worm fence"", ""confidence"": 0.0467}, {""rank"": 5, ""label"": ""thatch"", ""confidence"": 0.033}]",True
Places365_val_00026699.jpg,/Users/aidahamzic/PycharmProjects/PythonProject1/val_256/Places365_val_00026699.jpg,mountain,mountain,alp,0.6188,"[{""rank"": 1, ""label"": ""alp"", ""confidence"": 0.6188}, {""rank"": 2, ""label"": ""valley"", ""confidence"": 0.1417}, {""rank"": 3, ""label"": ""mountain tent"", ""confidence"": 0.0367}, {""rank"": 4, ""label"": ""bighorn"", ""confidence"": 0.033}, {""rank"": 5, ""label"": ""promontory"", ""confidence"": 0.0322}]",True
Places365_val_00026752.jpg,/Users/aidahamzic/PycharmProjects/PythonProject1/val_256/Places365_val_00026752.jpg,ocean,water,pier,0.2687,"[{""rank"": 1, ""label"": ""pier"", ""confidence"": 0.2687}, {""rank"": 2, ""label"": ""worm fence"", ""confidence"": 0.2538}, {""rank"": 3, ""label"": ""breakwater"", ""confidence"": 0.0757}, {""rank"": 4, ""label"": ""dock"", ""confidence"": 0.0752}, {""rank"": 5, ""label"": ""lakeside"", ""confidence"": 0.065}]",True
Places365_val_00026771.jpg,/Users/aidahamzic/PycharmProjects/PythonProject1/val_256/Places365_val_00026771.jpg,glacier,glacier,alp,0.7691,"[{""rank"": 1, ""label"": ""alp"", ""confidence"": 0.7691}, {""rank"": 2, ""label"": ""ski"", ""confidence"": 0.2293}, {""rank"": 3, ""label"": ""volcano"", ""confidence"": 0.0007}, {""rank"": 4, ""label"": ""dogsled"", ""confidence"": 0.0002}, {""rank"": 5, ""label"": ""valley"", ""confidence"": 0.0002}]",True
Places365_val_00026774.jpg,/Users/aidahamzic/PycharmProjects/PythonProject1/val_256/Places365_val_00026774.jpg,coast,water,promontory,0.2601,"[{""rank"": 1, ""label"": ""promontory"", ""confidence"": 0.2601}, {""rank"": 2, ""label"": ""seashore"", ""confidence"": 0.2401}, {""rank"": 3, ""label"": ""lakeside"", ""confidence"": 0.1182}, {""rank"": 4, ""label"": ""breakwater"", ""confidence"": 0.0705}, {""rank"": 5, ""label"": ""maze"", ""confidence"": 0.0417}]",True
Places365_val_00026791.jpg,/Users/aidahamzic/PycharmProjects/PythonProject1/val_256/Places365_val_00026791.jpg,downtown,building,cab,0.2887,"[{""rank"": 1, ""label"": ""cab"", ""confidence"": 0.2887}, {""rank"": 2, ""label"": ""minibus"", ""confidence"": 0.2012}, {""rank"": 3, ""label"": ""police van"", ""confidence"": 0.1489}, {""rank"": 4, ""label"": ""ambulance"", ""confidence"": 0.1087}, {""rank"": 5, ""label"": ""racer"", ""confidence"": 0.0411}]",False
Places365_val_00026811.jpg,/Users/aidahamzic/PycharmProjects/PythonProject1/val_256/Places365_val_00026811.jpg,hotel-outdoor,building,monastery,0.2703,"[{""rank"": 1, ""label"": ""monastery"", ""confidence"": 0.2703}, {""rank"": 2, ""label"": ""bell cote"", ""confidence"": 0.2613}, {""rank"": 3, ""label"": ""palace"", ""confidence"": 0.078}, {""rank"": 4, ""label"": ""patio"", ""confidence"": 0.0726}, {""rank"": 5, ""label"": ""prison"", ""confidence"": 0.0724}]",True
Places365_val_00026812.jpg,/Users/aidahamzic/PycharmProjects/PythonProject1/val_256/Places365_val_00026812.jpg,mountain,mountain,alp,0.5291,"[{""rank"": 1, ""label"": ""alp"", ""confidence"": 0.5291}, {""rank"": 2, ""label"": ""cliff"", ""confidence"": 0.0841}, {""rank"": 3, ""label"": ""valley"", ""confidence"": 0.0371}, {""rank"": 4, ""label"": ""whippet"", ""confidence"": 0.0309}, {""rank"": 5, ""label"": ""Scottish deerhound"", ""confidence"": 0.0174}]",True
Places365_val_00026838.jpg,/Users/aidahamzic/PycharmProjects/PythonProject1/val_256/Places365_val_00026838.jpg,tower,building,mosque,0.0611,"[{""rank"": 1, ""label"": ""mosque"", ""confidence"": 0.0611}, {""rank"": 2, ""label"": ""crane"", ""confidence"": 0.051}, {""rank"": 3, ""label"": ""beacon"", ""confidence"": 0.0494}, {""rank"": 4, ""label"": ""drilling platform"", ""confidence"": 0.0412}, {""rank"": 5, ""label"": ""fountain"", ""confidence"": 0.0335}]",True
Places365_val_00026850.jpg,/Users/aidahamzic/PycharmProjects/PythonProject1/val_256/Places365_val_00026850.jpg,forest-broadleaf,forest,worm fence,0.7733,"[{""rank"": 1, ""label"": ""worm fence"", ""confidence"": 0.7733}, {""rank"": 2, ""label"": ""picket fence"", ""confidence"": 0.0222}, {""rank"": 3, ""label"": ""mountain bike"", ""confidence"": 0.0173}, {""rank"": 4, ""label"": ""stone wall"", ""confidence"": 0.0168}, {""rank"": 5, ""label"": ""nail"", ""confidence"": 0.0107}]",False
Places365_val_00026857.jpg,/Users/aidahamzic/PycharmProjects/PythonProject1/val_256/Places365_val_00026857.jpg,river,water,valley,0.3818,"[{""rank"": 1, ""label"": ""valley"", ""confidence"": 0.3818}, {""rank"": 2, ""label"": ""promontory"", ""confidence"": 0.1947}, {""rank"": 3, ""label"": ""cliff"", ""confidence"": 0.1702}, {""rank"": 4, ""label"": ""lakeside"", ""confidence"": 0.1105}, {""rank"": 5, ""label"": ""dam"", ""confidence"": 0.0391}]",True
Places365_val_00026870.jpg,/Users/aidahamzic/PycharmProjects/PythonProject1/val_256/Places365_val_00026870.jpg,mountain,mountain,alp,0.4601,"[{""rank"": 1, ""label"": ""alp"", ""confidence"": 0.4601}, {""rank"": 2, ""label"": ""volcano"", ""confidence"": 0.3964}, {""rank"": 3, ""label"": ""valley"", ""confidence"": 0.0709}, {""rank"": 4, ""label"": ""mountain tent"", ""confidence"": 0.0635}, {""rank"": 5, ""label"": ""promontory"", ""confidence"": 0.0022}]",True
Places365_val_00026876.jpg,/Users/aidahamzic/PycharmProjects/PythonProject1/val_256/Places365_val_00026876.jpg,hotel-outdoor,building,scoreboard,0.2904,"[{""rank"": 1, ""label"": ""scoreboard"", ""confidence"": 0.2904}, {""rank"": 2, ""label"": ""cinema"", ""confidence"": 0.2408}, {""rank"": 3, ""label"": ""bell cote"", ""confidence"": 0.0609}, {""rank"": 4, ""label"": ""restaurant"", ""confidence"": 0.0597}, {""rank"": 5, ""label"": ""palace"", ""confidence"": 0.0489}]",True
Places365_val_00026881.jpg,/Users/aidahamzic/PycharmProjects/PythonProject1/val_256/Places365_val_00026881.jpg,forest-broadleaf,forest,lakeside,0.1934,"[{""rank"": 1, ""label"": ""lakeside"", ""confidence"": 0.1934}, {""rank"": 2, ""label"": ""totem pole"", ""confidence"": 0.1549}, {""rank"": 3, ""label"": ""mountain bike"", ""confidence"": 0.1011}, {""rank"": 4, ""label"": ""valley"", ""confidence"": 0.074}, {""rank"": 5, ""label"": ""mountain tent"", ""confidence"": 0.0387}]",True
Places365_val_00026891.jpg,/Users/aidahamzic/PycharmProjects/PythonProject1/val_256/Places365_val_00026891.jpg,skyscraper,building,canoe,0.1735,"[{""rank"": 1, ""label"": ""canoe"", ""confidence"": 0.1735}, {""rank"": 2, ""label"": ""mobile home"", ""confidence"": 0.114}, {""rank"": 3, ""label"": ""lakeside"", ""confidence"": 0.1021}, {""rank"": 4, ""label"": ""boathouse"", ""confidence"": 0.0864}, {""rank"": 5, ""label"": ""cab"", ""confidence"": 0.0162}]",True
Places365_val_00026899.jpg,/Users/aidahamzic/PycharmProjects/PythonProject1/val_256/Places365_val_00026899.jpg,downtown,building,monastery,0.1236,"[{""rank"": 1, ""label"": ""monastery"", ""confidence"": 0.1236}, {""rank"": 2, ""label"": ""palace"", ""confidence"": 0.0864}, {""rank"": 3, ""label"": ""bell cote"", ""confidence"": 0.0771}, {""rank"": 4, ""label"": ""castle"", ""confidence"": 0.0643}, {""rank"": 5, ""label"": ""lakeside"", ""confidence"": 0.0569}]",True
Places365_val_00026912.jpg,/Users/aidahamzic/PycharmProjects/PythonProject1/val_256/Places365_val_00026912.jpg,forest-broadleaf,forest,valley,0.0747,"[{""rank"": 1, ""label"": ""valley"", ""confidence"": 0.0747}, {""rank"": 2, ""label"": ""worm fence"", ""confidence"": 0.0648}, {""rank"": 3, ""label"": ""thatch"", ""confidence"": 0.0579}, {""rank"": 4, ""label"": ""lakeside"", ""confidence"": 0.0468}, {""rank"": 5, ""label"": ""alp"", ""confidence"": 0.0397}]",True
Places365_val_00026947.jpg,/Users/aidahamzic/PycharmProjects/PythonProject1/val_256/Places365_val_00026947.jpg,alley,street,prison,0.204,"[{""rank"": 1, ""label"": ""prison"", ""confidence"": 0.204}, {""rank"": 2, ""label"": ""patio"", ""confidence"": 0.138}, {""rank"": 3, ""label"": ""passenger car"", ""confidence"": 0.0841}, {""rank"": 4, ""label"": ""electric locomotive"", ""confidence"": 0.0753}, {""rank"": 5, ""label"": ""greenhouse"", ""confidence"": 0.049}]",False
Places365_val_00026961.jpg,/Users/aidahamzic/PycharmProjects/PythonProject1/val_256/Places365_val_00026961.jpg,downtown,building,traffic light,0.1033,"[{""rank"": 1, ""label"": ""traffic light"", ""confidence"": 0.1033}, {""rank"": 2, ""label"": ""flagpole"", ""confidence"": 0.0717}, {""rank"": 3, ""label"": ""bell cote"", ""confidence"": 0.0612}, {""rank"": 4, ""label"": ""mosque"", ""confidence"": 0.04}, {""rank"": 5, ""label"": ""cinema"", ""confidence"": 0.0385}]",True
Places365_val_00027007.jpg,/Users/aidahamzic/PycharmProjects/PythonProject1/val_256/Places365_val_00027007.jpg,river,water,lakeside,0.6453,"[{""rank"": 1, ""label"": ""lakeside"", ""confidence"": 0.6453}, {""rank"": 2, ""label"": ""boathouse"", ""confidence"": 0.2371}, {""rank"": 3, ""label"": ""canoe"", ""confidence"": 0.0358}, {""rank"": 4, ""label"": ""valley"", ""confidence"": 0.0266}, {""rank"": 5, ""label"": ""sandbar"", ""confidence"": 0.0117}]",True
Places365_val_00027093.jpg,/Users/aidahamzic/PycharmProjects/PythonProject1/val_256/Places365_val_00027093.jpg,river,water,mobile home,0.2116,"[{""rank"": 1, ""label"": ""mobile home"", ""confidence"": 0.2116}, {""rank"": 2, ""label"": ""boathouse"", ""confidence"": 0.1687}, {""rank"": 3, ""label"": ""tub"", ""confidence"": 0.1011}, {""rank"": 4, ""label"": ""thatch"", ""confidence"": 0.0477}, {""rank"": 5, ""label"": ""monastery"", ""confidence"": 0.0369}]",True
Places365_val_00027098.jpg,/Users/aidahamzic/PycharmProjects/PythonProject1/val_256/Places365_val_00027098.jpg,tower,building,bell cote,0.5541,"[{""rank"": 1, ""label"": ""bell cote"", ""confidence"": 0.5541}, {""rank"": 2, ""label"": ""beacon"", ""confidence"": 0.1148}, {""rank"": 3, ""label"": ""monastery"", ""confidence"": 0.0582}, {""rank"": 4, ""label"": ""analog clock"", ""confidence"": 0.0302}, {""rank"": 5, ""label"": ""church"", ""confidence"": 0.0294}]",True
Places365_val_00027143.jpg,/Users/aidahamzic/PycharmProjects/PythonProject1/val_256/Places365_val_00027143.jpg,hotel-outdoor,building,tobacco shop,0.5982,"[{""rank"": 1, ""label"": ""tobacco shop"", ""confidence"": 0.5982}, {""rank"": 2, ""label"": ""cinema"", ""confidence"": 0.1183}, {""rank"": 3, ""label"": ""vending machine"", ""confidence"": 0.1086}, {""rank"": 4, ""label"": ""abacus"", ""confidence"": 0.0505}, {""rank"": 5, ""label"": ""bell cote"", ""confidence"": 0.01}]",True
Places365_val_00027144.jpg,/Users/aidahamzic/PycharmProjects/PythonProject1/val_256/Places365_val_00027144.jpg,street,street,jinrikisha,0.1582,"[{""rank"": 1, ""label"": ""jinrikisha"", ""confidence"": 0.1582}, {""rank"": 2, ""label"": ""cab"", ""confidence"": 0.0901}, {""rank"": 3, ""label"": ""lawn mower"", ""confidence"": 0.0853}, {""rank"": 4, ""label"": ""golfcart"", ""confidence"": 0.082}, {""rank"": 5, ""label"": ""barber chair"", ""confidence"": 0.0721}]",True
Places365_val_00027163.jpg,/Users/aidahamzic/PycharmProjects/PythonProject1/val_256/Places365_val_00027163.jpg,skyscraper,building,seashore,0.2005,"[{""rank"": 1, ""label"": ""seashore"", ""confidence"": 0.2005}, {""rank"": 2, ""label"": ""bell cote"", ""confidence"": 0.1009}, {""rank"": 3, ""label"": ""promontory"", ""confidence"": 0.0938}, {""rank"": 4, ""label"": ""lakeside"", ""confidence"": 0.0887}, {""rank"": 5, ""label"": ""airship"", ""confidence"": 0.0434}]",False
Places365_val_00027185.jpg,/Users/aidahamzic/PycharmProjects/PythonProject1/val_256/Places365_val_00027185.jpg,glacier,glacier,promontory,0.4305,"[{""rank"": 1, ""label"": ""promontory"", ""confidence"": 0.4305}, {""rank"": 2, ""label"": ""cliff"", ""confidence"": 0.0876}, {""rank"": 3, ""label"": ""lakeside"", ""confidence"": 0.0726}, {""rank"": 4, ""label"": ""killer whale"", ""confidence"": 0.0682}, {""rank"": 5, ""label"": ""valley"", ""confidence"": 0.0586}]",True
Places365_val_00027213.jpg,/Users/aidahamzic/PycharmProjects/PythonProject1/val_256/Places365_val_00027213.jpg,forest-broadleaf,forest,radio telescope,0.5188,"[{""rank"": 1, ""label"": ""radio telescope"", ""confidence"": 0.5188}, {""rank"": 2, ""label"": ""mountain tent"", ""confidence"": 0.0698}, {""rank"": 3, ""label"": ""barn"", ""confidence"": 0.0521}, {""rank"": 4, ""label"": ""space shuttle"", ""confidence"": 0.0251}, {""rank"": 5, ""label"": ""airship"", ""confidence"": 0.0239}]",False
Places365_val_00027282.jpg,/Users/aidahamzic/PycharmProjects/PythonProject1/val_256/Places365_val_00027282.jpg,coast,water,seashore,0.3537,"[{""rank"": 1, ""label"": ""seashore"", ""confidence"": 0.3537}, {""rank"": 2, ""label"": ""oxcart"", ""confidence"": 0.0859}, {""rank"": 3, ""label"": ""sandbar"", ""confidence"": 0.0493}, {""rank"": 4, ""label"": ""sarong"", ""confidence"": 0.0331}, {""rank"": 5, ""label"": ""golfcart"", ""confidence"": 0.0309}]",True
Places365_val_00027300.jpg,/Users/aidahamzic/PycharmProjects/PythonProject1/val_256/Places365_val_00027300.jpg,forest-broadleaf,forest,hartebeest,0.6894,"[{""rank"": 1, ""label"": ""hartebeest"", ""confidence"": 0.6894}, {""rank"": 2, ""label"": ""impala"", ""confidence"": 0.1222}, {""rank"": 3, ""label"": ""gazelle"", ""confidence"": 0.0826}, {""rank"": 4, ""label"": ""ibex"", ""confidence"": 0.0591}, {""rank"": 5, ""label"": ""ox"", ""confidence"": 0.0078}]",True
Places365_val_00027320.jpg,/Users/aidahamzic/PycharmProjects/PythonProject1/val_256/Places365_val_00027320.jpg,glacier,glacier,valley,0.5757,"[{""rank"": 1, ""label"": ""valley"", ""confidence"": 0.5757}, {""rank"": 2, ""label"": ""lakeside"", ""confidence"": 0.2501}, {""rank"": 3, ""label"": ""alp"", ""confidence"": 0.0601}, {""rank"": 4, ""label"": ""promontory"", ""confidence"": 0.0249}, {""rank"": 5, ""label"": ""mountain tent"", ""confidence"": 0.0234}]",True
Places365_val_00027332.jpg,/Users/aidahamzic/PycharmProjects/PythonProject1/val_256/Places365_val_00027332.jpg,tower,building,tripod,0.859,"[{""rank"": 1, ""label"": ""tripod"", ""confidence"": 0.859}, {""rank"": 2, ""label"": ""water tower"", ""confidence"": 0.0673}, {""rank"": 3, ""label"": ""beacon"", ""confidence"": 0.0413}, {""rank"": 4, ""label"": ""crane"", ""confidence"": 0.0124}, {""rank"": 5, ""label"": ""suspension bridge"", ""confidence"": 0.0027}]",False
Places365_val_00027339.jpg,/Users/aidahamzic/PycharmProjects/PythonProject1/val_256/Places365_val_00027339.jpg,forest-broadleaf,forest,ear,0.3865,"[{""rank"": 1, ""label"": ""ear"", ""confidence"": 0.3865}, {""rank"": 2, ""label"": ""yellow lady's slipper"", ""confidence"": 0.3735}, {""rank"": 3, ""label"": ""corn"", ""confidence"": 0.0605}, {""rank"": 4, ""label"": ""banana"", ""confidence"": 0.0357}, {""rank"": 5, ""label"": ""bell pepper"", ""confidence"": 0.0208}]",False
Places365_val_00027355.jpg,/Users/aidahamzic/PycharmProjects/PythonProject1/val_256/Places365_val_00027355.jpg,house,building,monastery,0.2685,"[{""rank"": 1, ""label"": ""monastery"", ""confidence"": 0.2685}, {""rank"": 2, ""label"": ""bell cote"", ""confidence"": 0.1806}, {""rank"": 3, ""label"": ""thatch"", ""confidence"": 0.0781}, {""rank"": 4, ""label"": ""church"", ""confidence"": 0.0615}, {""rank"": 5, ""label"": ""solar dish"", ""confidence"": 0.0321}]",True
Places365_val_00027381.jpg,/Users/aidahamzic/PycharmProjects/PythonProject1/val_256/Places365_val_00027381.jpg,glacier,glacier,alp,0.7758,"[{""rank"": 1, ""label"": ""alp"", ""confidence"": 0.7758}, {""rank"": 2, ""label"": ""mountain tent"", ""confidence"": 0.0747}, {""rank"": 3, ""label"": ""valley"", ""confidence"": 0.0639}, {""rank"": 4, ""label"": ""cliff"", ""confidence"": 0.0179}, {""rank"": 5, ""label"": ""motor scooter"", ""confidence"": 0.0102}]",True
Places365_val_00027386.jpg,/Users/aidahamzic/PycharmProjects/PythonProject1/val_256/Places365_val_00027386.jpg,mountain,mountain,valley,0.3959,"[{""rank"": 1, ""label"": ""valley"", ""confidence"": 0.3959}, {""rank"": 2, ""label"": ""cliff"", ""confidence"": 0.1472}, {""rank"": 3, ""label"": ""suspension bridge"", ""confidence"": 0.0431}, {""rank"": 4, ""label"": ""cucumber"", ""confidence"": 0.0357}, {""rank"": 5, ""label"": ""zucchini"", ""confidence"": 0.0286}]",True
Places365_val_00027527.jpg,/Users/aidahamzic/PycharmProjects/PythonProject1/val_256/Places365_val_00027527.jpg,downtown,building,castle,0.2697,"[{""rank"": 1, ""label"": ""castle"", ""confidence"": 0.2697}, {""rank"": 2, ""label"": ""dock"", ""confidence"": 0.0909}, {""rank"": 3, ""label"": ""gondola"", ""confidence"": 0.0572}, {""rank"": 4, ""label"": ""palace"", ""confidence"": 0.0538}, {""rank"": 5, ""label"": ""worm fence"", ""confidence"": 0.0335}]",True
Places365_val_00027532.jpg,/Users/aidahamzic/PycharmProjects/PythonProject1/val_256/Places365_val_00027532.jpg,hotel-outdoor,building,cinema,0.3038,"[{""rank"": 1, ""label"": ""cinema"", ""confidence"": 0.3038}, {""rank"": 2, ""label"": ""bell cote"", ""confidence"": 0.1508}, {""rank"": 3, ""label"": ""mosque"", ""confidence"": 0.0633}, {""rank"": 4, ""label"": ""scoreboard"", ""confidence"": 0.0578}, {""rank"": 5, ""label"": ""planetarium"", ""confidence"": 0.0574}]",True
Places365_val_00027554.jpg,/Users/aidahamzic/PycharmProjects/PythonProject1/val_256/Places365_val_00027554.jpg,skyscraper,building,boathouse,0.3134,"[{""rank"": 1, ""label"": ""boathouse"", ""confidence"": 0.3134}, {""rank"": 2, ""label"": ""dome"", ""confidence"": 0.0938}, {""rank"": 3, ""label"": ""lumbermill"", ""confidence"": 0.0692}, {""rank"": 4, ""label"": ""lakeside"", ""confidence"": 0.0684}, {""rank"": 5, ""label"": ""monastery"", ""confidence"": 0.0663}]",True
Places365_val_00027563.jpg,/Users/aidahamzic/PycharmProjects/PythonProject1/val_256/Places365_val_00027563.jpg,tower,building,beacon,0.9892,"[{""rank"": 1, ""label"": ""beacon"", ""confidence"": 0.9892}, {""rank"": 2, ""label"": ""bell cote"", ""confidence"": 0.0064}, {""rank"": 3, ""label"": ""breakwater"", ""confidence"": 0.0007}, {""rank"": 4, ""label"": ""monastery"", ""confidence"": 0.0007}, {""rank"": 5, ""label"": ""birdhouse"", ""confidence"": 0.0006}]",True
Places365_val_00027587.jpg,/Users/aidahamzic/PycharmProjects/PythonProject1/val_256/Places365_val_00027587.jpg,forest-broadleaf,forest,park bench,0.2547,"[{""rank"": 1, ""label"": ""park bench"", ""confidence"": 0.2547}, {""rank"": 2, ""label"": ""pole"", ""confidence"": 0.0715}, {""rank"": 3, ""label"": ""church"", ""confidence"": 0.0453}, {""rank"": 4, ""label"": ""suspension bridge"", ""confidence"": 0.0446}, {""rank"": 5, ""label"": ""viaduct"", ""confidence"": 0.0358}]",False
Places365_val_00027609.jpg,/Users/aidahamzic/PycharmProjects/PythonProject1/val_256/Places365_val_00027609.jpg,river,water,pier,0.4246,"[{""rank"": 1, ""label"": ""pier"", ""confidence"": 0.4246}, {""rank"": 2, ""label"": ""restaurant"", ""confidence"": 0.1114}, {""rank"": 3, ""label"": ""dock"", ""confidence"": 0.032}, {""rank"": 4, ""label"": ""rifle"", ""confidence"": 0.031}, {""rank"": 5, ""label"": ""oboe"", ""confidence"": 0.0306}]",True
Places365_val_00027622.jpg,/Users/aidahamzic/PycharmProjects/PythonProject1/val_256/Places365_val_00027622.jpg,house,building,mobile home,0.3456,"[{""rank"": 1, ""label"": ""mobile home"", ""confidence"": 0.3456}, {""rank"": 2, ""label"": ""boathouse"", ""confidence"": 0.1868}, {""rank"": 3, ""label"": ""barn"", ""confidence"": 0.0853}, {""rank"": 4, ""label"": ""church"", ""confidence"": 0.0326}, {""rank"": 5, ""label"": ""picket fence"", ""confidence"": 0.0253}]",True
Places365_val_00027625.jpg,/Users/aidahamzic/PycharmProjects/PythonProject1/val_256/Places365_val_00027625.jpg,house,building,monastery,0.3038,"[{""rank"": 1, ""label"": ""monastery"", ""confidence"": 0.3038}, {""rank"": 2, ""label"": ""tile roof"", ""confidence"": 0.1702}, {""rank"": 3, ""label"": ""thatch"", ""confidence"": 0.1408}, {""rank"": 4, ""label"": ""bell cote"", ""confidence"": 0.1296}, {""rank"": 5, ""label"": ""church"", ""confidence"": 0.1084}]",True
Places365_val_00027627.jpg,/Users/aidahamzic/PycharmProjects/PythonProject1/val_256/Places365_val_00027627.jpg,highway,street,stone wall,0.0667,"[{""rank"": 1, ""label"": ""stone wall"", ""confidence"": 0.0667}, {""rank"": 2, ""label"": ""dam"", ""confidence"": 0.0653}, {""rank"": 3, ""label"": ""planetarium"", ""confidence"": 0.059}, {""rank"": 4, ""label"": ""hay"", ""confidence"": 0.0453}, {""rank"": 5, ""label"": ""thatch"", ""confidence"": 0.0444}]",False
Places365_val_00027671.jpg,/Users/aidahamzic/PycharmProjects/PythonProject1/val_256/Places365_val_00027671.jpg,rainforest,forest,worm fence,0.1514,"[{""rank"": 1, ""label"": ""worm fence"", ""confidence"": 0.1514}, {""rank"": 2, ""label"": ""mountain tent"", ""confidence"": 0.0399}, {""rank"": 3, ""label"": ""lakeside"", ""confidence"": 0.0354}, {""rank"": 4, ""label"": ""apiary"", ""confidence"": 0.0298}, {""rank"": 5, ""label"": ""mountain bike"", ""confidence"": 0.0269}]",False
Places365_val_00027700.jpg,/Users/aidahamzic/PycharmProjects/PythonProject1/val_256/Places365_val_00027700.jpg,rainforest,forest,geyser,0.836,"[{""rank"": 1, ""label"": ""geyser"", ""confidence"": 0.836}, {""rank"": 2, ""label"": ""fountain"", ""confidence"": 0.0823}, {""rank"": 3, ""label"": ""valley"", ""confidence"": 0.0355}, {""rank"": 4, ""label"": ""dam"", ""confidence"": 0.0263}, {""rank"": 5, ""label"": ""speedboat"", ""confidence"": 0.005}]",True
Places365_val_00027706.jpg,/Users/aidahamzic/PycharmProjects/PythonProject1/val_256/Places365_val_00027706.jpg,downtown,building,horse cart,0.2117,"[{""rank"": 1, ""label"": ""horse cart"", ""confidence"": 0.2117}, {""rank"": 2, ""label"": ""oxcart"", ""confidence"": 0.1578}, {""rank"": 3, ""label"": ""submarine"", ""confidence"": 0.0637}, {""rank"": 4, ""label"": ""solar dish"", ""confidence"": 0.0342}, {""rank"": 5, ""label"": ""worm fence"", ""confidence"": 0.0327}]",False
Places365_val_00027725.jpg,/Users/aidahamzic/PycharmProjects/PythonProject1/val_256/Places365_val_00027725.jpg,tower,building,crane,0.5189,"[{""rank"": 1, ""label"": ""crane"", ""confidence"": 0.5189}, {""rank"": 2, ""label"": ""solar dish"", ""confidence"": 0.1329}, {""rank"": 3, ""label"": ""radio telescope"", ""confidence"": 0.0368}, {""rank"": 4, ""label"": ""drilling platform"", ""confidence"": 0.0334}, {""rank"": 5, ""label"": ""flagpole"", ""confidence"": 0.023}]",False
Places365_val_00027754.jpg,/Users/aidahamzic/PycharmProjects/PythonProject1/val_256/Places365_val_00027754.jpg,tower,building,seashore,0.093,"[{""rank"": 1, ""label"": ""seashore"", ""confidence"": 0.093}, {""rank"": 2, ""label"": ""lakeside"", ""confidence"": 0.059}, {""rank"": 3, ""label"": ""airship"", ""confidence"": 0.0378}, {""rank"": 4, ""label"": ""freight car"", ""confidence"": 0.0326}, {""rank"": 5, ""label"": ""steel arch bridge"", ""confidence"": 0.0216}]",False
Places365_val_00027801.jpg,/Users/aidahamzic/PycharmProjects/PythonProject1/val_256/Places365_val_00027801.jpg,tower,building,mosque,0.3202,"[{""rank"": 1, ""label"": ""mosque"", ""confidence"": 0.3202}, {""rank"": 2, ""label"": ""water tower"", ""confidence"": 0.1779}, {""rank"": 3, ""label"": ""beacon"", ""confidence"": 0.1165}, {""rank"": 4, ""label"": ""spotlight"", ""confidence"": 0.0743}, {""rank"": 5, ""label"": ""crane"", ""confidence"": 0.0256}]",True
Places365_val_00027804.jpg,/Users/aidahamzic/PycharmProjects/PythonProject1/val_256/Places365_val_00027804.jpg,hotel-outdoor,building,cinema,0.3568,"[{""rank"": 1, ""label"": ""cinema"", ""confidence"": 0.3568}, {""rank"": 2, ""label"": ""library"", ""confidence"": 0.0739}, {""rank"": 3, ""label"": ""window shade"", ""confidence"": 0.0284}, {""rank"": 4, ""label"": ""crate"", ""confidence"": 0.0215}, {""rank"": 5, ""label"": ""bell cote"", ""confidence"": 0.0173}]",True
Places365_val_00027843.jpg,/Users/aidahamzic/PycharmProjects/PythonProject1/val_256/Places365_val_00027843.jpg,hotel-outdoor,building,alp,0.2111,"[{""rank"": 1, ""label"": ""alp"", ""confidence"": 0.2111}, {""rank"": 2, ""label"": ""beacon"", ""confidence"": 0.117}, {""rank"": 3, ""label"": ""castle"", ""confidence"": 0.0696}, {""rank"": 4, ""label"": ""monastery"", ""confidence"": 0.0496}, {""rank"": 5, ""label"": ""valley"", ""confidence"": 0.0426}]",True
Places365_val_00027890.jpg,/Users/aidahamzic/PycharmProjects/PythonProject1/val_256/Places365_val_00027890.jpg,coast,water,breakwater,0.2279,"[{""rank"": 1, ""label"": ""breakwater"", ""confidence"": 0.2279}, {""rank"": 2, ""label"": ""promontory"", ""confidence"": 0.2191}, {""rank"": 3, ""label"": ""beacon"", ""confidence"": 0.1822}, {""rank"": 4, ""label"": ""seashore"", ""confidence"": 0.1603}, {""rank"": 5, ""label"": ""cliff"", ""confidence"": 0.1158}]",True
Places365_val_00027905.jpg,/Users/aidahamzic/PycharmProjects/PythonProject1/val_256/Places365_val_00027905.jpg,river,water,valley,0.6856,"[{""rank"": 1, ""label"": ""valley"", ""confidence"": 0.6856}, {""rank"": 2, ""label"": ""volcano"", ""confidence"": 0.2757}, {""rank"": 3, ""label"": ""lakeside"", ""confidence"": 0.0205}, {""rank"": 4, ""label"": ""viaduct"", ""confidence"": 0.0037}, {""rank"": 5, ""label"": ""cliff"", ""confidence"": 0.0027}]",True
Places365_val_00027913.jpg,/Users/aidahamzic/PycharmProjects/PythonProject1/val_256/Places365_val_00027913.jpg,glacier,glacier,sax,0.2323,"[{""rank"": 1, ""label"": ""sax"", ""confidence"": 0.2323}, {""rank"": 2, ""label"": ""flute"", ""confidence"": 0.1328}, {""rank"": 3, ""label"": ""alp"", ""confidence"": 0.0809}, {""rank"": 4, ""label"": ""ibex"", ""confidence"": 0.0504}, {""rank"": 5, ""label"": ""bassoon"", ""confidence"": 0.0453}]",True
Places365_val_00027923.jpg,/Users/aidahamzic/PycharmProjects/PythonProject1/val_256/Places365_val_00027923.jpg,downtown,building,palace,0.2187,"[{""rank"": 1, ""label"": ""palace"", ""confidence"": 0.2187}, {""rank"": 2, ""label"": ""prison"", ""confidence"": 0.0698}, {""rank"": 3, ""label"": ""mosque"", ""confidence"": 0.0442}, {""rank"": 4, ""label"": ""monastery"", ""confidence"": 0.0438}, {""rank"": 5, ""label"": ""limousine"", ""confidence"": 0.0301}]",True
Places365_val_00027943.jpg,/Users/aidahamzic/PycharmProjects/PythonProject1/val_256/Places365_val_00027943.jpg,alley,street,prison,0.7915,"[{""rank"": 1, ""label"": ""prison"", ""confidence"": 0.7915}, {""rank"": 2, ""label"": ""vault"", ""confidence"": 0.0525}, {""rank"": 3, ""label"": ""monastery"", ""confidence"": 0.0326}, {""rank"": 4, ""label"": ""castle"", ""confidence"": 0.0279}, {""rank"": 5, ""label"": ""bannister"", ""confidence"": 0.0248}]",False
Places365_val_00027978.jpg,/Users/aidahamzic/PycharmProjects/PythonProject1/val_256/Places365_val_00027978.jpg,mountain,mountain,valley,0.9036,"[{""rank"": 1, ""label"": ""valley"", ""confidence"": 0.9036}, {""rank"": 2, ""label"": ""alp"", ""confidence"": 0.0562}, {""rank"": 3, ""label"": ""promontory"", ""confidence"": 0.0103}, {""rank"": 4, ""label"": ""cliff"", ""confidence"": 0.0101}, {""rank"": 5, ""label"": ""volcano"", ""confidence"": 0.0069}]",True
Places365_val_00028040.jpg,/Users/aidahamzic/PycharmProjects/PythonProject1/val_256/Places365_val_00028040.jpg,glacier,glacier,ski,0.3804,"[{""rank"": 1, ""label"": ""ski"", ""confidence"": 0.3804}, {""rank"": 2, ""label"": ""flat-coated retriever"", ""confidence"": 0.1561}, {""rank"": 3, ""label"": ""standard poodle"", ""confidence"": 0.1203}, {""rank"": 4, ""label"": ""giant schnauzer"", ""confidence"": 0.0756}, {""rank"": 5, ""label"": ""Afghan hound"", ""confidence"": 0.0286}]",True
Places365_val_00028113.jpg,/Users/aidahamzic/PycharmProjects/PythonProject1/val_256/Places365_val_00028113.jpg,alley,street,apiary,0.8433,"[{""rank"": 1, ""label"": ""apiary"", ""confidence"": 0.8433}, {""rank"": 2, ""label"": ""rocking chair"", ""confidence"": 0.0285}, {""rank"": 3, ""label"": ""barrow"", ""confidence"": 0.0184}, {""rank"": 4, ""label"": ""tench"", ""confidence"": 0.01}, {""rank"": 5, ""label"": ""barber chair"", ""confidence"": 0.0063}]",False
Places365_val_00028118.jpg,/Users/aidahamzic/PycharmProjects/PythonProject1/val_256/Places365_val_00028118.jpg,coast,water,lakeside,0.7077,"[{""rank"": 1, ""label"": ""lakeside"", ""confidence"": 0.7077}, {""rank"": 2, ""label"": ""seashore"", ""confidence"": 0.1591}, {""rank"": 3, ""label"": ""breakwater"", ""confidence"": 0.0467}, {""rank"": 4, ""label"": ""sandbar"", ""confidence"": 0.0352}, {""rank"": 5, ""label"": ""beacon"", ""confidence"": 0.0133}]",True
Places365_val_00028119.jpg,/Users/aidahamzic/PycharmProjects/PythonProject1/val_256/Places365_val_00028119.jpg,glacier,glacier,alp,0.9902,"[{""rank"": 1, ""label"": ""alp"", ""confidence"": 0.9902}, {""rank"": 2, ""label"": ""valley"", ""confidence"": 0.0043}, {""rank"": 3, ""label"": ""mountain tent"", ""confidence"": 0.0023}, {""rank"": 4, ""label"": ""promontory"", ""confidence"": 0.0007}, {""rank"": 5, ""label"": ""monastery"", ""confidence"": 0.0005}]",True
Places365_val_00028122.jpg,/Users/aidahamzic/PycharmProjects/PythonProject1/val_256/Places365_val_00028122.jpg,alley,street,monastery,0.2475,"[{""rank"": 1, ""label"": ""monastery"", ""confidence"": 0.2475}, {""rank"": 2, ""label"": ""bell cote"", ""confidence"": 0.1106}, {""rank"": 3, ""label"": ""castle"", ""confidence"": 0.1095}, {""rank"": 4, ""label"": ""patio"", ""confidence"": 0.0988}, {""rank"": 5, ""label"": ""prison"", ""confidence"": 0.044}]",False
Places365_val_00028132.jpg,/Users/aidahamzic/PycharmProjects/PythonProject1/val_256/Places365_val_00028132.jpg,downtown,building,palace,0.4,"[{""rank"": 1, ""label"": ""palace"", ""confidence"": 0.4}, {""rank"": 2, ""label"": ""monastery"", ""confidence"": 0.1095}, {""rank"": 3, ""label"": ""castle"", ""confidence"": 0.108}, {""rank"": 4, ""label"": ""mosque"", ""confidence"": 0.1049}, {""rank"": 5, ""label"": ""church"", ""confidence"": 0.0926}]",True
Places365_val_00028133.jpg,/Users/aidahamzic/PycharmProjects/PythonProject1/val_256/Places365_val_00028133.jpg,hotel-outdoor,building,fountain,0.1613,"[{""rank"": 1, ""label"": ""fountain"", ""confidence"": 0.1613}, {""rank"": 2, ""label"": ""palace"", ""confidence"": 0.1529}, {""rank"": 3, ""label"": ""planetarium"", ""confidence"": 0.0951}, {""rank"": 4, ""label"": ""cinema"", ""confidence"": 0.0887}, {""rank"": 5, ""label"": ""mosque"", ""confidence"": 0.0847}]",True
Places365_val_00028135.jpg,/Users/aidahamzic/PycharmProjects/PythonProject1/val_256/Places365_val_00028135.jpg,downtown,building,lakeside,0.4942,"[{""rank"": 1, ""label"": ""lakeside"", ""confidence"": 0.4942}, {""rank"": 2, ""label"": ""seashore"", ""confidence"": 0.1432}, {""rank"": 3, ""label"": ""boathouse"", ""confidence"": 0.1254}, {""rank"": 4, ""label"": ""pier"", ""confidence"": 0.0367}, {""rank"": 5, ""label"": ""sandbar"", ""confidence"": 0.0228}]",True
Places365_val_00028154.jpg,/Users/aidahamzic/PycharmProjects/PythonProject1/val_256/Places365_val_00028154.jpg,forest-broadleaf,forest,valley,0.1374,"[{""rank"": 1, ""label"": ""valley"", ""confidence"": 0.1374}, {""rank"": 2, ""label"": ""American black bear"", ""confidence"": 0.0583}, {""rank"": 3, ""label"": ""suspension bridge"", ""confidence"": 0.0523}, {""rank"": 4, ""label"": ""hen-of-the-woods"", ""confidence"": 0.0331}, {""rank"": 5, ""label"": ""stone wall"", ""confidence"": 0.0299}]",True
Places365_val_00028156.jpg,/Users/aidahamzic/PycharmProjects/PythonProject1/val_256/Places365_val_00028156.jpg,skyscraper,building,folding chair,0.5648,"[{""rank"": 1, ""label"": ""folding chair"", ""confidence"": 0.5648}, {""rank"": 2, ""label"": ""rocking chair"", ""confidence"": 0.2113}, {""rank"": 3, ""label"": ""park bench"", ""confidence"": 0.0582}, {""rank"": 4, ""label"": ""bannister"", ""confidence"": 0.0295}, {""rank"": 5, ""label"": ""solar dish"", ""confidence"": 0.0208}]",False
Places365_val_00028160.jpg,/Users/aidahamzic/PycharmProjects/PythonProject1/val_256/Places365_val_00028160.jpg,river,water,castle,0.7064,"[{""rank"": 1, ""label"": ""castle"", ""confidence"": 0.7064}, {""rank"": 2, ""label"": ""palace"", ""confidence"": 0.067}, {""rank"": 3, ""label"": ""boathouse"", ""confidence"": 0.0352}, {""rank"": 4, ""label"": ""pier"", ""confidence"": 0.0263}, {""rank"": 5, ""label"": ""container ship"", ""confidence"": 0.0221}]",True
Places365_val_00028181.jpg,/Users/aidahamzic/PycharmProjects/PythonProject1/val_256/Places365_val_00028181.jpg,river,water,coho,0.1836,"[{""rank"": 1, ""label"": ""coho"", ""confidence"": 0.1836}, {""rank"": 2, ""label"": ""sturgeon"", ""confidence"": 0.1693}, {""rank"": 3, ""label"": ""gar"", ""confidence"": 0.1254}, {""rank"": 4, ""label"": ""sea lion"", ""confidence"": 0.0755}, {""rank"": 5, ""label"": ""lakeside"", ""confidence"": 0.0695}]",True
Places365_val_00028225.jpg,/Users/aidahamzic/PycharmProjects/PythonProject1/val_256/Places365_val_00028225.jpg,river,water,valley,0.254,"[{""rank"": 1, ""label"": ""valley"", ""confidence"": 0.254}, {""rank"": 2, ""label"": ""cliff"", ""confidence"": 0.1516}, {""rank"": 3, ""label"": ""cliff dwelling"", ""confidence"": 0.141}, {""rank"": 4, ""label"": ""megalith"", ""confidence"": 0.0552}, {""rank"": 5, ""label"": ""mountain tent"", ""confidence"": 0.0346}]",False
Places365_val_00028253.jpg,/Users/aidahamzic/PycharmProjects/PythonProject1/val_256/Places365_val_00028253.jpg,skyscraper,building,airship,0.2822,"[{""rank"": 1, ""label"": ""airship"", ""confidence"": 0.2822}, {""rank"": 2, ""label"": ""drilling platform"", ""confidence"": 0.1631}, {""rank"": 3, ""label"": ""aircraft carrier"", ""confidence"": 0.1443}, {""rank"": 4, ""label"": ""submarine"", ""confidence"": 0.0621}, {""rank"": 5, ""label"": ""steel arch bridge"", ""confidence"": 0.027}]",False
Places365_val_00028256.jpg,/Users/aidahamzic/PycharmProjects/PythonProject1/val_256/Places365_val_00028256.jpg,tower,building,pole,0.1786,"[{""rank"": 1, ""label"": ""pole"", ""confidence"": 0.1786}, {""rank"": 2, ""label"": ""bow"", ""confidence"": 0.1781}, {""rank"": 3, ""label"": ""crane"", ""confidence"": 0.0224}, {""rank"": 4, ""label"": ""barbell"", ""confidence"": 0.0216}, {""rank"": 5, ""label"": ""horizontal bar"", ""confidence"": 0.0215}]",False
Places365_val_00028345.jpg,/Users/aidahamzic/PycharmProjects/PythonProject1/val_256/Places365_val_00028345.jpg,rainforest,forest,valley,0.2602,"[{""rank"": 1, ""label"": ""valley"", ""confidence"": 0.2602}, {""rank"": 2, ""label"": ""lakeside"", ""confidence"": 0.0602}, {""rank"": 3, ""label"": ""cliff"", ""confidence"": 0.0366}, {""rank"": 4, ""label"": ""worm fence"", ""confidence"": 0.0288}, {""rank"": 5, ""label"": ""oxcart"", ""confidence"": 0.0246}]",True
Places365_val_00028378.jpg,/Users/aidahamzic/PycharmProjects/PythonProject1/val_256/Places365_val_00028378.jpg,ocean,water,seashore,0.1467,"[{""rank"": 1, ""label"": ""seashore"", ""confidence"": 0.1467}, {""rank"": 2, ""label"": ""hoopskirt"", ""confidence"": 0.1371}, {""rank"": 3, ""label"": ""promontory"", ""confidence"": 0.0967}, {""rank"": 4, ""label"": ""gown"", ""confidence"": 0.0629}, {""rank"": 5, ""label"": ""lakeside"", ""confidence"": 0.0527}]",True
Places365_val_00028386.jpg,/Users/aidahamzic/PycharmProjects/PythonProject1/val_256/Places365_val_00028386.jpg,coast,water,yawl,0.1871,"[{""rank"": 1, ""label"": ""yawl"", ""confidence"": 0.1871}, {""rank"": 2, ""label"": ""pole"", ""confidence"": 0.17}, {""rank"": 3, ""label"": ""lakeside"", ""confidence"": 0.1104}, {""rank"": 4, ""label"": ""seashore"", ""confidence"": 0.0521}, {""rank"": 5, ""label"": ""flagpole"", ""confidence"": 0.051}]",True
Places365_val_00028392.jpg,/Users/aidahamzic/PycharmProjects/PythonProject1/val_256/Places365_val_00028392.jpg,downtown,building,obelisk,0.0919,"[{""rank"": 1, ""label"": ""obelisk"", ""confidence"": 0.0919}, {""rank"": 2, ""label"": ""limousine"", ""confidence"": 0.0668}, {""rank"": 3, ""label"": ""car mirror"", ""confidence"": 0.0439}, {""rank"": 4, ""label"": ""flagpole"", ""confidence"": 0.0373}, {""rank"": 5, ""label"": ""castle"", ""confidence"": 0.0366}]",True
Places365_val_00028401.jpg,/Users/aidahamzic/PycharmProjects/PythonProject1/val_256/Places365_val_00028401.jpg,house,building,monastery,0.6493,"[{""rank"": 1, ""label"": ""monastery"", ""confidence"": 0.6493}, {""rank"": 2, ""label"": ""castle"", ""confidence"": 0.1038}, {""rank"": 3, ""label"": ""patio"", ""confidence"": 0.047}, {""rank"": 4, ""label"": ""bell cote"", ""confidence"": 0.0255}, {""rank"": 5, ""label"": ""palace"", ""confidence"": 0.0178}]",True
Places365_val_00028403.jpg,/Users/aidahamzic/PycharmProjects/PythonProject1/val_256/Places365_val_00028403.jpg,ocean,water,killer whale,0.7606,"[{""rank"": 1, ""label"": ""killer whale"", ""confidence"": 0.7606}, {""rank"": 2, ""label"": ""great white shark"", ""confidence"": 0.1605}, {""rank"": 3, ""label"": ""grey whale"", ""confidence"": 0.0332}, {""rank"": 4, ""label"": ""albatross"", ""confidence"": 0.0329}, {""rank"": 5, ""label"": ""tiger shark"", ""confidence"": 0.0079}]",False
Places365_val_00028410.jpg,/Users/aidahamzic/PycharmProjects/PythonProject1/val_256/Places365_val_00028410.jpg,hotel-outdoor,building,cinema,0.8814,"[{""rank"": 1, ""label"": ""cinema"", ""confidence"": 0.8814}, {""rank"": 2, ""label"": ""home theater"", ""confidence"": 0.0263}, {""rank"": 3, ""label"": ""stage"", ""confidence"": 0.014}, {""rank"": 4, ""label"": ""restaurant"", ""confidence"": 0.0117}, {""rank"": 5, ""label"": ""space shuttle"", ""confidence"": 0.0083}]",True
Places365_val_00028414.jpg,/Users/aidahamzic/PycharmProjects/PythonProject1/val_256/Places365_val_00028414.jpg,highway,street,valley,0.2546,"[{""rank"": 1, ""label"": ""valley"", ""confidence"": 0.2546}, {""rank"": 2, ""label"": ""volcano"", ""confidence"": 0.2202}, {""rank"": 3, ""label"": ""dam"", ""confidence"": 0.0666}, {""rank"": 4, ""label"": ""alp"", ""confidence"": 0.0548}, {""rank"": 5, ""label"": ""viaduct"", ""confidence"": 0.0465}]",False
Places365_val_00028442.jpg,/Users/aidahamzic/PycharmProjects/PythonProject1/val_256/Places365_val_00028442.jpg,alley,street,prison,0.6164,"[{""rank"": 1, ""label"": ""prison"", ""confidence"": 0.6164}, {""rank"": 2, ""label"": ""bannister"", ""confidence"": 0.2588}, {""rank"": 3, ""label"": ""turnstile"", ""confidence"": 0.0418}, {""rank"": 4, ""label"": ""lumbermill"", ""confidence"": 0.0109}, {""rank"": 5, ""label"": ""vault"", ""confidence"": 0.0107}]",False
Places365_val_00028476.jpg,/Users/aidahamzic/PycharmProjects/PythonProject1/val_256/Places365_val_00028476.jpg,forest-broadleaf,forest,mountain bike,0.0916,"[{""rank"": 1, ""label"": ""mountain bike"", ""confidence"": 0.0916}, {""rank"": 2, ""label"": ""stone wall"", ""confidence"": 0.0429}, {""rank"": 3, ""label"": ""lakeside"", ""confidence"": 0.0405}, {""rank"": 4, ""label"": ""apiary"", ""confidence"": 0.039}, {""rank"": 5, ""label"": ""worm fence"", ""confidence"": 0.0362}]",False
Places365_val_00028486.jpg,/Users/aidahamzic/PycharmProjects/PythonProject1/val_256/Places365_val_00028486.jpg,coast,water,seashore,0.246,"[{""rank"": 1, ""label"": ""seashore"", ""confidence"": 0.246}, {""rank"": 2, ""label"": ""bikini"", ""confidence"": 0.1366}, {""rank"": 3, ""label"": ""swimming trunks"", ""confidence"": 0.075}, {""rank"": 4, ""label"": ""cliff"", ""confidence"": 0.0576}, {""rank"": 5, ""label"": ""speedboat"", ""confidence"": 0.0567}]",True
Places365_val_00028513.jpg,/Users/aidahamzic/PycharmProjects/PythonProject1/val_256/Places365_val_00028513.jpg,alley,street,prison,0.2443,"[{""rank"": 1, ""label"": ""prison"", ""confidence"": 0.2443}, {""rank"": 2, ""label"": ""bannister"", ""confidence"": 0.1135}, {""rank"": 3, ""label"": ""passenger car"", ""confidence"": 0.0861}, {""rank"": 4, ""label"": ""sliding door"", ""confidence"": 0.0669}, {""rank"": 5, ""label"": ""steel arch bridge"", ""confidence"": 0.0667}]",False
Places365_val_00028523.jpg,/Users/aidahamzic/PycharmProjects/PythonProject1/val_256/Places365_val_00028523.jpg,ocean,water,seashore,0.555,"[{""rank"": 1, ""label"": ""seashore"", ""confidence"": 0.555}, {""rank"": 2, ""label"": ""promontory"", ""confidence"": 0.1466}, {""rank"": 3, ""label"": ""sandbar"", ""confidence"": 0.0674}, {""rank"": 4, ""label"": ""beacon"", ""confidence"": 0.0326}, {""rank"": 5, ""label"": ""lakeside"", ""confidence"": 0.0252}]",True
Places365_val_00028557.jpg,/Users/aidahamzic/PycharmProjects/PythonProject1/val_256/Places365_val_00028557.jpg,ocean,water,promontory,0.6078,"[{""rank"": 1, ""label"": ""promontory"", ""confidence"": 0.6078}, {""rank"": 2, ""label"": ""seashore"", ""confidence"": 0.1446}, {""rank"": 3, ""label"": ""cliff"", ""confidence"": 0.1419}, {""rank"": 4, ""label"": ""lakeside"", ""confidence"": 0.0132}, {""rank"": 5, ""label"": ""volcano"", ""confidence"": 0.0122}]",True
Places365_val_00028560.jpg,/Users/aidahamzic/PycharmProjects/PythonProject1/val_256/Places365_val_00028560.jpg,river,water,freight car,0.1189,"[{""rank"": 1, ""label"": ""freight car"", ""confidence"": 0.1189}, {""rank"": 2, ""label"": ""steam locomotive"", ""confidence"": 0.1176}, {""rank"": 3, ""label"": ""lumbermill"", ""confidence"": 0.0928}, {""rank"": 4, ""label"": ""dam"", ""confidence"": 0.0912}, {""rank"": 5, ""label"": ""boathouse"", ""confidence"": 0.0787}]",True
Places365_val_00028562.jpg,/Users/aidahamzic/PycharmProjects/PythonProject1/val_256/Places365_val_00028562.jpg,rainforest,forest,geyser,0.3676,"[{""rank"": 1, ""label"": ""geyser"", ""confidence"": 0.3676}, {""rank"": 2, ""label"": ""valley"", ""confidence"": 0.2086}, {""rank"": 3, ""label"": ""dam"", ""confidence"": 0.142}, {""rank"": 4, ""label"": ""fountain"", ""confidence"": 0.1063}, {""rank"": 5, ""label"": ""cliff"", ""confidence"": 0.0276}]",True
Places365_val_00028597.jpg,/Users/aidahamzic/PycharmProjects/PythonProject1/val_256/Places365_val_00028597.jpg,river,water,valley,0.6608,"[{""rank"": 1, ""label"": ""valley"", ""confidence"": 0.6608}, {""rank"": 2, ""label"": ""lakeside"", ""confidence"": 0.1205}, {""rank"": 3, ""label"": ""promontory"", ""confidence"": 0.0417}, {""rank"": 4, ""label"": ""viaduct"", ""confidence"": 0.0252}, {""rank"": 5, ""label"": ""dam"", ""confidence"": 0.0214}]",True
Places365_val_00028630.jpg,/Users/aidahamzic/PycharmProjects/PythonProject1/val_256/Places365_val_00028630.jpg,house,building,monastery,0.7725,"[{""rank"": 1, ""label"": ""monastery"", ""confidence"": 0.7725}, {""rank"": 2, ""label"": ""church"", ""confidence"": 0.1246}, {""rank"": 3, ""label"": ""bell cote"", ""confidence"": 0.0493}, {""rank"": 4, ""label"": ""castle"", ""confidence"": 0.0171}, {""rank"": 5, ""label"": ""palace"", ""confidence"": 0.0101}]",True
Places365_val_00028641.jpg,/Users/aidahamzic/PycharmProjects/PythonProject1/val_256/Places365_val_00028641.jpg,house,building,mobile home,0.2924,"[{""rank"": 1, ""label"": ""mobile home"", ""confidence"": 0.2924}, {""rank"": 2, ""label"": ""window screen"", ""confidence"": 0.2018}, {""rank"": 3, ""label"": ""boathouse"", ""confidence"": 0.0463}, {""rank"": 4, ""label"": ""picket fence"", ""confidence"": 0.0454}, {""rank"": 5, ""label"": ""church"", ""confidence"": 0.0434}]",True
Places365_val_00028668.jpg,/Users/aidahamzic/PycharmProjects/PythonProject1/val_256/Places365_val_00028668.jpg,forest-broadleaf,forest,sarong,0.7158,"[{""rank"": 1, ""label"": ""sarong"", ""confidence"": 0.7158}, {""rank"": 2, ""label"": ""cloak"", ""confidence"": 0.0613}, {""rank"": 3, ""label"": ""overskirt"", ""confidence"": 0.0562}, {""rank"": 4, ""label"": ""stole"", ""confidence"": 0.0338}, {""rank"": 5, ""label"": ""abaya"", ""confidence"": 0.0215}]",False
Places365_val_00028696.jpg,/Users/aidahamzic/PycharmProjects/PythonProject1/val_256/Places365_val_00028696.jpg,alley,street,sliding door,0.2291,"[{""rank"": 1, ""label"": ""sliding door"", ""confidence"": 0.2291}, {""rank"": 2, ""label"": ""turnstile"", ""confidence"": 0.1515}, {""rank"": 3, ""label"": ""wardrobe"", ""confidence"": 0.1433}, {""rank"": 4, ""label"": ""prison"", ""confidence"": 0.0622}, {""rank"": 5, ""label"": ""china cabinet"", ""confidence"": 0.0569}]",False
Places365_val_00028719.jpg,/Users/aidahamzic/PycharmProjects/PythonProject1/val_256/Places365_val_00028719.jpg,skyscraper,building,airship,0.1153,"[{""rank"": 1, ""label"": ""airship"", ""confidence"": 0.1153}, {""rank"": 2, ""label"": ""steel arch bridge"", ""confidence"": 0.0797}, {""rank"": 3, ""label"": ""pier"", ""confidence"": 0.0552}, {""rank"": 4, ""label"": ""mosque"", ""confidence"": 0.0462}, {""rank"": 5, ""label"": ""lakeside"", ""confidence"": 0.046}]",True
Places365_val_00028747.jpg,/Users/aidahamzic/PycharmProjects/PythonProject1/val_256/Places365_val_00028747.jpg,glacier,glacier,snowmobile,0.6238,"[{""rank"": 1, ""label"": ""snowmobile"", ""confidence"": 0.6238}, {""rank"": 2, ""label"": ""ski"", ""confidence"": 0.3191}, {""rank"": 3, ""label"": ""bobsled"", ""confidence"": 0.0376}, {""rank"": 4, ""label"": ""alp"", ""confidence"": 0.0116}, {""rank"": 5, ""label"": ""dogsled"", ""confidence"": 0.0064}]",True
Places365_val_00028751.jpg,/Users/aidahamzic/PycharmProjects/PythonProject1/val_256/Places365_val_00028751.jpg,glacier,glacier,alp,0.8104,"[{""rank"": 1, ""label"": ""alp"", ""confidence"": 0.8104}, {""rank"": 2, ""label"": ""valley"", ""confidence"": 0.1357}, {""rank"": 3, ""label"": ""bighorn"", ""confidence"": 0.0169}, {""rank"": 4, ""label"": ""cliff"", ""confidence"": 0.0114}, {""rank"": 5, ""label"": ""ibex"", ""confidence"": 0.0059}]",True
Places365_val_00028791.jpg,/Users/aidahamzic/PycharmProjects/PythonProject1/val_256/Places365_val_00028791.jpg,street,street,triumphal arch,0.1938,"[{""rank"": 1, ""label"": ""triumphal arch"", ""confidence"": 0.1938}, {""rank"": 2, ""label"": ""unicycle"", ""confidence"": 0.1368}, {""rank"": 3, ""label"": ""traffic light"", ""confidence"": 0.1308}, {""rank"": 4, ""label"": ""jinrikisha"", ""confidence"": 0.0927}, {""rank"": 5, ""label"": ""bullet train"", ""confidence"": 0.0709}]",True
Places365_val_00028826.jpg,/Users/aidahamzic/PycharmProjects/PythonProject1/val_256/Places365_val_00028826.jpg,downtown,building,dome,0.1239,"[{""rank"": 1, ""label"": ""dome"", ""confidence"": 0.1239}, {""rank"": 2, ""label"": ""sundial"", ""confidence"": 0.0528}, {""rank"": 3, ""label"": ""freight car"", ""confidence"": 0.0524}, {""rank"": 4, ""label"": ""solar dish"", ""confidence"": 0.0484}, {""rank"": 5, ""label"": ""dock"", ""confidence"": 0.0438}]",True
Places365_val_00028858.jpg,/Users/aidahamzic/PycharmProjects/PythonProject1/val_256/Places365_val_00028858.jpg,rainforest,forest,valley,0.2153,"[{""rank"": 1, ""label"": ""valley"", ""confidence"": 0.2153}, {""rank"": 2, ""label"": ""car mirror"", ""confidence"": 0.1487}, {""rank"": 3, ""label"": ""volcano"", ""confidence"": 0.1259}, {""rank"": 4, ""label"": ""worm fence"", ""confidence"": 0.0568}, {""rank"": 5, ""label"": ""lakeside"", ""confidence"": 0.0506}]",True
Places365_val_00028899.jpg,/Users/aidahamzic/PycharmProjects/PythonProject1/val_256/Places365_val_00028899.jpg,coast,water,promontory,0.6657,"[{""rank"": 1, ""label"": ""promontory"", ""confidence"": 0.6657}, {""rank"": 2, ""label"": ""cliff"", ""confidence"": 0.1792}, {""rank"": 3, ""label"": ""volcano"", ""confidence"": 0.0508}, {""rank"": 4, ""label"": ""valley"", ""confidence"": 0.0419}, {""rank"": 5, ""label"": ""alp"", ""confidence"": 0.021}]",False
Places365_val_00028957.jpg,/Users/aidahamzic/PycharmProjects/PythonProject1/val_256/Places365_val_00028957.jpg,tower,building,castle,0.4138,"[{""rank"": 1, ""label"": ""castle"", ""confidence"": 0.4138}, {""rank"": 2, ""label"": ""submarine"", ""confidence"": 0.2057}, {""rank"": 3, ""label"": ""dam"", ""confidence"": 0.1496}, {""rank"": 4, ""label"": ""cliff"", ""confidence"": 0.0478}, {""rank"": 5, ""label"": ""steam locomotive"", ""confidence"": 0.0262}]",True
Places365_val_00028961.jpg,/Users/aidahamzic/PycharmProjects/PythonProject1/val_256/Places365_val_00028961.jpg,coast,water,alp,0.1008,"[{""rank"": 1, ""label"": ""alp"", ""confidence"": 0.1008}, {""rank"": 2, ""label"": ""mountain tent"", ""confidence"": 0.0917}, {""rank"": 3, ""label"": ""lakeside"", ""confidence"": 0.0893}, {""rank"": 4, ""label"": ""cliff"", ""confidence"": 0.0542}, {""rank"": 5, ""label"": ""stone wall"", ""confidence"": 0.0513}]",True
Places365_val_00028996.jpg,/Users/aidahamzic/PycharmProjects/PythonProject1/val_256/Places365_val_00028996.jpg,rainforest,forest,valley,0.7457,"[{""rank"": 1, ""label"": ""valley"", ""confidence"": 0.7457}, {""rank"": 2, ""label"": ""volcano"", ""confidence"": 0.0718}, {""rank"": 3, ""label"": ""cliff"", ""confidence"": 0.0705}, {""rank"": 4, ""label"": ""dam"", ""confidence"": 0.0336}, {""rank"": 5, ""label"": ""geyser"", ""confidence"": 0.0164}]",True
Places365_val_00029066.jpg,/Users/aidahamzic/PycharmProjects/PythonProject1/val_256/Places365_val_00029066.jpg,hotel-outdoor,building,cinema,0.7043,"[{""rank"": 1, ""label"": ""cinema"", ""confidence"": 0.7043}, {""rank"": 2, ""label"": ""planetarium"", ""confidence"": 0.0891}, {""rank"": 3, ""label"": ""airship"", ""confidence"": 0.0262}, {""rank"": 4, ""label"": ""flagpole"", ""confidence"": 0.0167}, {""rank"": 5, ""label"": ""solar dish"", ""confidence"": 0.0155}]",True
Places365_val_00029068.jpg,/Users/aidahamzic/PycharmProjects/PythonProject1/val_256/Places365_val_00029068.jpg,street,street,trolleybus,0.1861,"[{""rank"": 1, ""label"": ""trolleybus"", ""confidence"": 0.1861}, {""rank"": 2, ""label"": ""streetcar"", ""confidence"": 0.167}, {""rank"": 3, ""label"": ""cab"", ""confidence"": 0.0456}, {""rank"": 4, ""label"": ""garbage truck"", ""confidence"": 0.0443}, {""rank"": 5, ""label"": ""bell cote"", ""confidence"": 0.0369}]",True
Places365_val_00029084.jpg,/Users/aidahamzic/PycharmProjects/PythonProject1/val_256/Places365_val_00029084.jpg,mountain,mountain,valley,0.2326,"[{""rank"": 1, ""label"": ""valley"", ""confidence"": 0.2326}, {""rank"": 2, ""label"": ""volcano"", ""confidence"": 0.1581}, {""rank"": 3, ""label"": ""promontory"", ""confidence"": 0.0754}, {""rank"": 4, ""label"": ""cliff"", ""confidence"": 0.0688}, {""rank"": 5, ""label"": ""seashore"", ""confidence"": 0.0663}]",True
Places365_val_00029137.jpg,/Users/aidahamzic/PycharmProjects/PythonProject1/val_256/Places365_val_00029137.jpg,glacier,glacier,lakeside,0.594,"[{""rank"": 1, ""label"": ""lakeside"", ""confidence"": 0.594}, {""rank"": 2, ""label"": ""sandbar"", ""confidence"": 0.0393}, {""rank"": 3, ""label"": ""boathouse"", ""confidence"": 0.0345}, {""rank"": 4, ""label"": ""seashore"", ""confidence"": 0.0319}, {""rank"": 5, ""label"": ""American coot"", ""confidence"": 0.0271}]",False
Places365_val_00029152.jpg,/Users/aidahamzic/PycharmProjects/PythonProject1/val_256/Places365_val_00029152.jpg,skyscraper,building,solar dish,0.9076,"[{""rank"": 1, ""label"": ""solar dish"", ""confidence"": 0.9076}, {""rank"": 2, ""label"": ""pier"", ""confidence"": 0.014}, {""rank"": 3, ""label"": ""flagpole"", ""confidence"": 0.0131}, {""rank"": 4, ""label"": ""water tower"", ""confidence"": 0.0087}, {""rank"": 5, ""label"": ""trailer truck"", ""confidence"": 0.0086}]",True
Places365_val_00029175.jpg,/Users/aidahamzic/PycharmProjects/PythonProject1/val_256/Places365_val_00029175.jpg,hotel-outdoor,building,mosque,0.6101,"[{""rank"": 1, ""label"": ""mosque"", ""confidence"": 0.6101}, {""rank"": 2, ""label"": ""carousel"", ""confidence"": 0.0865}, {""rank"": 3, ""label"": ""palace"", ""confidence"": 0.0808}, {""rank"": 4, ""label"": ""lakeside"", ""confidence"": 0.0589}, {""rank"": 5, ""label"": ""bell cote"", ""confidence"": 0.0277}]",True
Places365_val_00029193.jpg,/Users/aidahamzic/PycharmProjects/PythonProject1/val_256/Places365_val_00029193.jpg,skyscraper,building,space heater,0.345,"[{""rank"": 1, ""label"": ""space heater"", ""confidence"": 0.345}, {""rank"": 2, ""label"": ""radiator"", ""confidence"": 0.214}, {""rank"": 3, ""label"": ""turnstile"", ""confidence"": 0.1135}, {""rank"": 4, ""label"": ""fire screen"", ""confidence"": 0.0447}, {""rank"": 5, ""label"": ""ashcan"", ""confidence"": 0.0252}]",False
Places365_val_00029239.jpg,/Users/aidahamzic/PycharmProjects/PythonProject1/val_256/Places365_val_00029239.jpg,forest-broadleaf,forest,worm fence,0.2322,"[{""rank"": 1, ""label"": ""worm fence"", ""confidence"": 0.2322}, {""rank"": 2, ""label"": ""stone wall"", ""confidence"": 0.0803}, {""rank"": 3, ""label"": ""megalith"", ""confidence"": 0.0424}, {""rank"": 4, ""label"": ""lakeside"", ""confidence"": 0.0346}, {""rank"": 5, ""label"": ""plow"", ""confidence"": 0.0167}]",False
Places365_val_00029284.jpg,/Users/aidahamzic/PycharmProjects/PythonProject1/val_256/Places365_val_00029284.jpg,highway,street,sports car,0.3251,"[{""rank"": 1, ""label"": ""sports car"", ""confidence"": 0.3251}, {""rank"": 2, ""label"": ""Model T"", ""confidence"": 0.1848}, {""rank"": 3, ""label"": ""car wheel"", ""confidence"": 0.0988}, {""rank"": 4, ""label"": ""racer"", ""confidence"": 0.0812}, {""rank"": 5, ""label"": ""tow truck"", ""confidence"": 0.0724}]",False
Places365_val_00029344.jpg,/Users/aidahamzic/PycharmProjects/PythonProject1/val_256/Places365_val_00029344.jpg,forest-broadleaf,forest,oxcart,0.172,"[{""rank"": 1, ""label"": ""oxcart"", ""confidence"": 0.172}, {""rank"": 2, ""label"": ""lumbermill"", ""confidence"": 0.1253}, {""rank"": 3, ""label"": ""yurt"", ""confidence"": 0.0787}, {""rank"": 4, ""label"": ""solar dish"", ""confidence"": 0.0644}, {""rank"": 5, ""label"": ""mountain tent"", ""confidence"": 0.0596}]",False
Places365_val_00029357.jpg,/Users/aidahamzic/PycharmProjects/PythonProject1/val_256/Places365_val_00029357.jpg,ocean,water,killer whale,0.4528,"[{""rank"": 1, ""label"": ""killer whale"", ""confidence"": 0.4528}, {""rank"": 2, ""label"": ""volcano"", ""confidence"": 0.1576}, {""rank"": 3, ""label"": ""grey whale"", ""confidence"": 0.1119}, {""rank"": 4, ""label"": ""albatross"", ""confidence"": 0.0934}, {""rank"": 5, ""label"": ""promontory"", ""confidence"": 0.0337}]",False
Places365_val_00029368.jpg,/Users/aidahamzic/PycharmProjects/PythonProject1/val_256/Places365_val_00029368.jpg,street,street,traffic light,0.2125,"[{""rank"": 1, ""label"": ""traffic light"", ""confidence"": 0.2125}, {""rank"": 2, ""label"": ""cab"", ""confidence"": 0.1231}, {""rank"": 3, ""label"": ""fire engine"", ""confidence"": 0.0903}, {""rank"": 4, ""label"": ""limousine"", ""confidence"": 0.0725}, {""rank"": 5, ""label"": ""streetcar"", ""confidence"": 0.0685}]",True
Places365_val_00029392.jpg,/Users/aidahamzic/PycharmProjects/PythonProject1/val_256/Places365_val_00029392.jpg,tower,building,solar dish,0.2359,"[{""rank"": 1, ""label"": ""solar dish"", ""confidence"": 0.2359}, {""rank"": 2, ""label"": ""dome"", ""confidence"": 0.2248}, {""rank"": 3, ""label"": ""monastery"", ""confidence"": 0.101}, {""rank"": 4, ""label"": ""tile roof"", ""confidence"": 0.0622}, {""rank"": 5, ""label"": ""palace"", ""confidence"": 0.0477}]",True
Places365_val_00029425.jpg,/Users/aidahamzic/PycharmProjects/PythonProject1/val_256/Places365_val_00029425.jpg,hotel-outdoor,building,cinema,0.4188,"[{""rank"": 1, ""label"": ""cinema"", ""confidence"": 0.4188}, {""rank"": 2, ""label"": ""tobacco shop"", ""confidence"": 0.2445}, {""rank"": 3, ""label"": ""restaurant"", ""confidence"": 0.1263}, {""rank"": 4, ""label"": ""bakery"", ""confidence"": 0.1065}, {""rank"": 5, ""label"": ""bookshop"", ""confidence"": 0.0442}]",True
Places365_val_00029450.jpg,/Users/aidahamzic/PycharmProjects/PythonProject1/val_256/Places365_val_00029450.jpg,glacier,glacier,alp,0.4937,"[{""rank"": 1, ""label"": ""alp"", ""confidence"": 0.4937}, {""rank"": 2, ""label"": ""valley"", ""confidence"": 0.0629}, {""rank"": 3, ""label"": ""seashore"", ""confidence"": 0.0563}, {""rank"": 4, ""label"": ""promontory"", ""confidence"": 0.0414}, {""rank"": 5, ""label"": ""mountain tent"", ""confidence"": 0.0302}]",True
Places365_val_00029473.jpg,/Users/aidahamzic/PycharmProjects/PythonProject1/val_256/Places365_val_00029473.jpg,downtown,building,bell cote,0.3388,"[{""rank"": 1, ""label"": ""bell cote"", ""confidence"": 0.3388}, {""rank"": 2, ""label"": ""church"", ""confidence"": 0.0927}, {""rank"": 3, ""label"": ""palace"", ""confidence"": 0.0784}, {""rank"": 4, ""label"": ""window shade"", ""confidence"": 0.0442}, {""rank"": 5, ""label"": ""monastery"", ""confidence"": 0.0381}]",True
Places365_val_00029489.jpg,/Users/aidahamzic/PycharmProjects/PythonProject1/val_256/Places365_val_00029489.jpg,house,building,mobile home,0.3623,"[{""rank"": 1, ""label"": ""mobile home"", ""confidence"": 0.3623}, {""rank"": 2, ""label"": ""limousine"", ""confidence"": 0.1467}, {""rank"": 3, ""label"": ""moving van"", ""confidence"": 0.0732}, {""rank"": 4, ""label"": ""convertible"", ""confidence"": 0.0247}, {""rank"": 5, ""label"": ""minivan"", ""confidence"": 0.0212}]",False
Places365_val_00029508.jpg,/Users/aidahamzic/PycharmProjects/PythonProject1/val_256/Places365_val_00029508.jpg,forest-broadleaf,forest,lakeside,0.0576,"[{""rank"": 1, ""label"": ""lakeside"", ""confidence"": 0.0576}, {""rank"": 2, ""label"": ""valley"", ""confidence"": 0.0387}, {""rank"": 3, ""label"": ""park bench"", ""confidence"": 0.0331}, {""rank"": 4, ""label"": ""barn"", ""confidence"": 0.0206}, {""rank"": 5, ""label"": ""impala"", ""confidence"": 0.0198}]",True
Places365_val_00029514.jpg,/Users/aidahamzic/PycharmProjects/PythonProject1/val_256/Places365_val_00029514.jpg,river,water,dam,0.3172,"[{""rank"": 1, ""label"": ""dam"", ""confidence"": 0.3172}, {""rank"": 2, ""label"": ""dumbbell"", ""confidence"": 0.2786}, {""rank"": 3, ""label"": ""monitor"", ""confidence"": 0.0441}, {""rank"": 4, ""label"": ""bow tie"", ""confidence"": 0.0433}, {""rank"": 5, ""label"": ""pier"", ""confidence"": 0.0259}]",False
Places365_val_00029518.jpg,/Users/aidahamzic/PycharmProjects/PythonProject1/val_256/Places365_val_00029518.jpg,highway,street,traffic light,0.1298,"[{""rank"": 1, ""label"": ""traffic light"", ""confidence"": 0.1298}, {""rank"": 2, ""label"": ""streetcar"", ""confidence"": 0.1201}, {""rank"": 3, ""label"": ""pole"", ""confidence"": 0.0599}, {""rank"": 4, ""label"": ""bobsled"", ""confidence"": 0.0488}, {""rank"": 5, ""label"": ""bullet train"", ""confidence"": 0.0448}]",True
Places365_val_00029652.jpg,/Users/aidahamzic/PycharmProjects/PythonProject1/val_256/Places365_val_00029652.jpg,mountain,mountain,valley,0.4786,"[{""rank"": 1, ""label"": ""valley"", ""confidence"": 0.4786}, {""rank"": 2, ""label"": ""fountain"", ""confidence"": 0.1416}, {""rank"": 3, ""label"": ""cliff"", ""confidence"": 0.0621}, {""rank"": 4, ""label"": ""pole"", ""confidence"": 0.0324}, {""rank"": 5, ""label"": ""megalith"", ""confidence"": 0.0277}]",True
Places365_val_00029664.jpg,/Users/aidahamzic/PycharmProjects/PythonProject1/val_256/Places365_val_00029664.jpg,downtown,building,limousine,0.1089,"[{""rank"": 1, ""label"": ""limousine"", ""confidence"": 0.1089}, {""rank"": 2, ""label"": ""lab coat"", ""confidence"": 0.0489}, {""rank"": 3, ""label"": ""academic gown"", ""confidence"": 0.0417}, {""rank"": 4, ""label"": ""steel arch bridge"", ""confidence"": 0.0362}, {""rank"": 5, ""label"": ""jinrikisha"", ""confidence"": 0.0317}]",False
Places365_val_00029682.jpg,/Users/aidahamzic/PycharmProjects/PythonProject1/val_256/Places365_val_00029682.jpg,mountain,mountain,alp,0.5226,"[{""rank"": 1, ""label"": ""alp"", ""confidence"": 0.5226}, {""rank"": 2, ""label"": ""cliff"", ""confidence"": 0.2277}, {""rank"": 3, ""label"": ""geyser"", ""confidence"": 0.0949}, {""rank"": 4, ""label"": ""promontory"", ""confidence"": 0.0455}, {""rank"": 5, ""label"": ""valley"", ""confidence"": 0.0284}]",True
Places365_val_00029722.jpg,/Users/aidahamzic/PycharmProjects/PythonProject1/val_256/Places365_val_00029722.jpg,rainforest,forest,little blue heron,0.6465,"[{""rank"": 1, ""label"": ""little blue heron"", ""confidence"": 0.6465}, {""rank"": 2, ""label"": ""black stork"", ""confidence"": 0.131}, {""rank"": 3, ""label"": ""bittern"", ""confidence"": 0.0672}, {""rank"": 4, ""label"": ""white stork"", ""confidence"": 0.0456}, {""rank"": 5, ""label"": ""bustard"", ""confidence"": 0.0294}]",False
Places365_val_00029779.jpg,/Users/aidahamzic/PycharmProjects/PythonProject1/val_256/Places365_val_00029779.jpg,rainforest,forest,suspension bridge,0.9548,"[{""rank"": 1, ""label"": ""suspension bridge"", ""confidence"": 0.9548}, {""rank"": 2, ""label"": ""worm fence"", ""confidence"": 0.0283}, {""rank"": 3, ""label"": ""valley"", ""confidence"": 0.0057}, {""rank"": 4, ""label"": ""dam"", ""confidence"": 0.0042}, {""rank"": 5, ""label"": ""cliff"", ""confidence"": 0.0013}]",True
Places365_val_00029822.jpg,/Users/aidahamzic/PycharmProjects/PythonProject1/val_256/Places365_val_00029822.jpg,rainforest,forest,suspension bridge,0.0906,"[{""rank"": 1, ""label"": ""suspension bridge"", ""confidence"": 0.0906}, {""rank"": 2, ""label"": ""bow"", ""confidence"": 0.0685}, {""rank"": 3, ""label"": ""harp"", ""confidence"": 0.0501}, {""rank"": 4, ""label"": ""cloak"", ""confidence"": 0.0498}, {""rank"": 5, ""label"": ""fountain"", ""confidence"": 0.046}]",False
Places365_val_00029824.jpg,/Users/aidahamzic/PycharmProjects/PythonProject1/val_256/Places365_val_00029824.jpg,downtown,building,steel arch bridge,0.2288,"[{""rank"": 1, ""label"": ""steel arch bridge"", ""confidence"": 0.2288}, {""rank"": 2, ""label"": ""fountain"", ""confidence"": 0.0644}, {""rank"": 3, ""label"": ""pier"", ""confidence"": 0.05}, {""rank"": 4, ""label"": ""solar dish"", ""confidence"": 0.0482}, {""rank"": 5, ""label"": ""planetarium"", ""confidence"": 0.044}]",True
Places365_val_00029838.jpg,/Users/aidahamzic/PycharmProjects/PythonProject1/val_256/Places365_val_00029838.jpg,coast,water,seashore,0.2485,"[{""rank"": 1, ""label"": ""seashore"", ""confidence"": 0.2485}, {""rank"": 2, ""label"": ""geyser"", ""confidence"": 0.1763}, {""rank"": 3, ""label"": ""sandbar"", ""confidence"": 0.1346}, {""rank"": 4, ""label"": ""lakeside"", ""confidence"": 0.0758}, {""rank"": 5, ""label"": ""promontory"", ""confidence"": 0.0617}]",True
Places365_val_00029950.jpg,/Users/aidahamzic/PycharmProjects/PythonProject1/val_256/Places365_val_00029950.jpg,alley,street,prison,0.8827,"[{""rank"": 1, ""label"": ""prison"", ""confidence"": 0.8827}, {""rank"": 2, ""label"": ""greenhouse"", ""confidence"": 0.0911}, {""rank"": 3, ""label"": ""vault"", ""confidence"": 0.0082}, {""rank"": 4, ""label"": ""library"", ""confidence"": 0.0027}, {""rank"": 5, ""label"": ""prayer rug"", ""confidence"": 0.0018}]",False
Places365_val_00029962.jpg,/Users/aidahamzic/PycharmProjects/PythonProject1/val_256/Places365_val_00029962.jpg,forest-broadleaf,forest,valley,0.1945,"[{""rank"": 1, ""label"": ""valley"", ""confidence"": 0.1945}, {""rank"": 2, ""label"": ""lakeside"", ""confidence"": 0.0426}, {""rank"": 3, ""label"": ""suspension bridge"", ""confidence"": 0.0348}, {""rank"": 4, ""label"": ""mountain tent"", ""confidence"": 0.0341}, {""rank"": 5, ""label"": ""mountain bike"", ""confidence"": 0.0305}]",True
Places365_val_00029966.jpg,/Users/aidahamzic/PycharmProjects/PythonProject1/val_256/Places365_val_00029966.jpg,rainforest,forest,greenhouse,0.724,"[{""rank"": 1, ""label"": ""greenhouse"", ""confidence"": 0.724}, {""rank"": 2, ""label"": ""steel arch bridge"", ""confidence"": 0.2123}, {""rank"": 3, ""label"": ""suspension bridge"", ""confidence"": 0.0119}, {""rank"": 4, ""label"": ""pier"", ""confidence"": 0.0097}, {""rank"": 5, ""label"": ""planetarium"", ""confidence"": 0.0032}]",False
Places365_val_00030023.jpg,/Users/aidahamzic/PycharmProjects/PythonProject1/val_256/Places365_val_00030023.jpg,coast,water,lakeside,0.1751,"[{""rank"": 1, ""label"": ""lakeside"", ""confidence"": 0.1751}, {""rank"": 2, ""label"": ""patio"", ""confidence"": 0.0733}, {""rank"": 3, ""label"": ""worm fence"", ""confidence"": 0.0653}, {""rank"": 4, ""label"": ""thatch"", ""confidence"": 0.0632}, {""rank"": 5, ""label"": ""greenhouse"", ""confidence"": 0.0609}]",True
Places365_val_00030110.jpg,/Users/aidahamzic/PycharmProjects/PythonProject1/val_256/Places365_val_00030110.jpg,highway,street,crutch,0.0897,"[{""rank"": 1, ""label"": ""crutch"", ""confidence"": 0.0897}, {""rank"": 2, ""label"": ""paddle"", ""confidence"": 0.0716}, {""rank"": 3, ""label"": ""lakeside"", ""confidence"": 0.0614}, {""rank"": 4, ""label"": ""barrow"", ""confidence"": 0.0518}, {""rank"": 5, ""label"": ""bicycle-built-for-two"", ""confidence"": 0.0494}]",False
Places365_val_00030114.jpg,/Users/aidahamzic/PycharmProjects/PythonProject1/val_256/Places365_val_00030114.jpg,highway,street,trailer truck,0.178,"[{""rank"": 1, ""label"": ""trailer truck"", ""confidence"": 0.178}, {""rank"": 2, ""label"": ""streetcar"", ""confidence"": 0.1415}, {""rank"": 3, ""label"": ""go-kart"", ""confidence"": 0.1048}, {""rank"": 4, ""label"": ""bobsled"", ""confidence"": 0.078}, {""rank"": 5, ""label"": ""racer"", ""confidence"": 0.0538}]",True
Places365_val_00030163.jpg,/Users/aidahamzic/PycharmProjects/PythonProject1/val_256/Places365_val_00030163.jpg,skyscraper,building,steel arch bridge,0.0823,"[{""rank"": 1, ""label"": ""steel arch bridge"", ""confidence"": 0.0823}, {""rank"": 2, ""label"": ""patio"", ""confidence"": 0.0621}, {""rank"": 3, ""label"": ""planetarium"", ""confidence"": 0.0533}, {""rank"": 4, ""label"": ""fireboat"", ""confidence"": 0.0493}, {""rank"": 5, ""label"": ""lakeside"", ""confidence"": 0.0415}]",True
Places365_val_00030170.jpg,/Users/aidahamzic/PycharmProjects/PythonProject1/val_256/Places365_val_00030170.jpg,glacier,glacier,television,0.2543,"[{""rank"": 1, ""label"": ""television"", ""confidence"": 0.2543}, {""rank"": 2, ""label"": ""alp"", ""confidence"": 0.0866}, {""rank"": 3, ""label"": ""cliff"", ""confidence"": 0.0818}, {""rank"": 4, ""label"": ""seashore"", ""confidence"": 0.078}, {""rank"": 5, ""label"": ""home theater"", ""confidence"": 0.0689}]",True
Places365_val_00030184.jpg,/Users/aidahamzic/PycharmProjects/PythonProject1/val_256/Places365_val_00030184.jpg,river,water,alp,0.7571,"[{""rank"": 1, ""label"": ""alp"", ""confidence"": 0.7571}, {""rank"": 2, ""label"": ""valley"", ""confidence"": 0.1132}, {""rank"": 3, ""label"": ""cliff"", ""confidence"": 0.055}, {""rank"": 4, ""label"": ""promontory"", ""confidence"": 0.0398}, {""rank"": 5, ""label"": ""mountain tent"", ""confidence"": 0.0094}]",False
Places365_val_00030188.jpg,/Users/aidahamzic/PycharmProjects/PythonProject1/val_256/Places365_val_00030188.jpg,tower,building,palace,0.5763,"[{""rank"": 1, ""label"": ""palace"", ""confidence"": 0.5763}, {""rank"": 2, ""label"": ""fountain"", ""confidence"": 0.1015}, {""rank"": 3, ""label"": ""pier"", ""confidence"": 0.0891}, {""rank"": 4, ""label"": ""suspension bridge"", ""confidence"": 0.0767}, {""rank"": 5, ""label"": ""mosque"", ""confidence"": 0.0608}]",True
Places365_val_00030194.jpg,/Users/aidahamzic/PycharmProjects/PythonProject1/val_256/Places365_val_00030194.jpg,downtown,building,palace,0.2858,"[{""rank"": 1, ""label"": ""palace"", ""confidence"": 0.2858}, {""rank"": 2, ""label"": ""monastery"", ""confidence"": 0.0948}, {""rank"": 3, ""label"": ""lakeside"", ""confidence"": 0.0685}, {""rank"": 4, ""label"": ""alp"", ""confidence"": 0.0666}, {""rank"": 5, ""label"": ""solar dish"", ""confidence"": 0.0316}]",True
Places365_val_00030197.jpg,/Users/aidahamzic/PycharmProjects/PythonProject1/val_256/Places365_val_00030197.jpg,rainforest,forest,valley,0.3006,"[{""rank"": 1, ""label"": ""valley"", ""confidence"": 0.3006}, {""rank"": 2, ""label"": ""cliff"", ""confidence"": 0.2148}, {""rank"": 3, ""label"": ""suspension bridge"", ""confidence"": 0.0679}, {""rank"": 4, ""label"": ""lakeside"", ""confidence"": 0.0604}, {""rank"": 5, ""label"": ""alp"", ""confidence"": 0.0421}]",True
Places365_val_00030203.jpg,/Users/aidahamzic/PycharmProjects/PythonProject1/val_256/Places365_val_00030203.jpg,skyscraper,building,solar dish,0.304,"[{""rank"": 1, ""label"": ""solar dish"", ""confidence"": 0.304}, {""rank"": 2, ""label"": ""radio telescope"", ""confidence"": 0.1478}, {""rank"": 3, ""label"": ""barn"", ""confidence"": 0.0806}, {""rank"": 4, ""label"": ""church"", ""confidence"": 0.058}, {""rank"": 5, ""label"": ""street sign"", ""confidence"": 0.0435}]",True
Places365_val_00030213.jpg,/Users/aidahamzic/PycharmProjects/PythonProject1/val_256/Places365_val_00030213.jpg,coast,water,palace,0.1931,"[{""rank"": 1, ""label"": ""palace"", ""confidence"": 0.1931}, {""rank"": 2, ""label"": ""worm fence"", ""confidence"": 0.1407}, {""rank"": 3, ""label"": ""picket fence"", ""confidence"": 0.1318}, {""rank"": 4, ""label"": ""lakeside"", ""confidence"": 0.0679}, {""rank"": 5, ""label"": ""prison"", ""confidence"": 0.0593}]",True
Places365_val_00030227.jpg,/Users/aidahamzic/PycharmProjects/PythonProject1/val_256/Places365_val_00030227.jpg,glacier,glacier,alp,0.3599,"[{""rank"": 1, ""label"": ""alp"", ""confidence"": 0.3599}, {""rank"": 2, ""label"": ""cliff dwelling"", ""confidence"": 0.147}, {""rank"": 3, ""label"": ""snowplow"", ""confidence"": 0.122}, {""rank"": 4, ""label"": ""valley"", ""confidence"": 0.0764}, {""rank"": 5, ""label"": ""dam"", ""confidence"": 0.0333}]",True
Places365_val_00030282.jpg,/Users/aidahamzic/PycharmProjects/PythonProject1/val_256/Places365_val_00030282.jpg,highway,street,mobile home,0.171,"[{""rank"": 1, ""label"": ""mobile home"", ""confidence"": 0.171}, {""rank"": 2, ""label"": ""seashore"", ""confidence"": 0.1164}, {""rank"": 3, ""label"": ""trailer truck"", ""confidence"": 0.0922}, {""rank"": 4, ""label"": ""trolleybus"", ""confidence"": 0.0918}, {""rank"": 5, ""label"": ""sandbar"", ""confidence"": 0.0765}]",True
Places365_val_00030297.jpg,/Users/aidahamzic/PycharmProjects/PythonProject1/val_256/Places365_val_00030297.jpg,glacier,glacier,alp,0.1979,"[{""rank"": 1, ""label"": ""alp"", ""confidence"": 0.1979}, {""rank"": 2, ""label"": ""snowmobile"", ""confidence"": 0.1465}, {""rank"": 3, ""label"": ""promontory"", ""confidence"": 0.123}, {""rank"": 4, ""label"": ""valley"", ""confidence"": 0.0678}, {""rank"": 5, ""label"": ""yurt"", ""confidence"": 0.0579}]",True
Places365_val_00030333.jpg,/Users/aidahamzic/PycharmProjects/PythonProject1/val_256/Places365_val_00030333.jpg,hotel-outdoor,building,picket fence,0.1932,"[{""rank"": 1, ""label"": ""picket fence"", ""confidence"": 0.1932}, {""rank"": 2, ""label"": ""accordion"", ""confidence"": 0.0707}, {""rank"": 3, ""label"": ""organ"", ""confidence"": 0.0689}, {""rank"": 4, ""label"": ""radiator"", ""confidence"": 0.0411}, {""rank"": 5, ""label"": ""prison"", ""confidence"": 0.0255}]",True
Places365_val_00030354.jpg,/Users/aidahamzic/PycharmProjects/PythonProject1/val_256/Places365_val_00030354.jpg,ocean,water,lakeside,0.3893,"[{""rank"": 1, ""label"": ""lakeside"", ""confidence"": 0.3893}, {""rank"": 2, ""label"": ""valley"", ""confidence"": 0.1153}, {""rank"": 3, ""label"": ""boathouse"", ""confidence"": 0.0403}, {""rank"": 4, ""label"": ""promontory"", ""confidence"": 0.0347}, {""rank"": 5, ""label"": ""sandbar"", ""confidence"": 0.0268}]",True
Places365_val_00030402.jpg,/Users/aidahamzic/PycharmProjects/PythonProject1/val_256/Places365_val_00030402.jpg,house,building,monastery,0.2931,"[{""rank"": 1, ""label"": ""monastery"", ""confidence"": 0.2931}, {""rank"": 2, ""label"": ""lakeside"", ""confidence"": 0.0938}, {""rank"": 3, ""label"": ""prison"", ""confidence"": 0.0839}, {""rank"": 4, ""label"": ""palace"", ""confidence"": 0.0759}, {""rank"": 5, ""label"": ""alp"", ""confidence"": 0.0717}]",True
Places365_val_00030406.jpg,/Users/aidahamzic/PycharmProjects/PythonProject1/val_256/Places365_val_00030406.jpg,alley,street,prison,0.0811,"[{""rank"": 1, ""label"": ""prison"", ""confidence"": 0.0811}, {""rank"": 2, ""label"": ""patio"", ""confidence"": 0.0569}, {""rank"": 3, ""label"": ""fire screen"", ""confidence"": 0.0419}, {""rank"": 4, ""label"": ""swing"", ""confidence"": 0.032}, {""rank"": 5, ""label"": ""triumphal arch"", ""confidence"": 0.0301}]",False
Places365_val_00030412.jpg,/Users/aidahamzic/PycharmProjects/PythonProject1/val_256/Places365_val_00030412.jpg,glacier,glacier,valley,0.9249,"[{""rank"": 1, ""label"": ""valley"", ""confidence"": 0.9249}, {""rank"": 2, ""label"": ""alp"", ""confidence"": 0.0625}, {""rank"": 3, ""label"": ""cliff"", ""confidence"": 0.0087}, {""rank"": 4, ""label"": ""ibex"", ""confidence"": 0.001}, {""rank"": 5, ""label"": ""volcano"", ""confidence"": 0.0008}]",True
Places365_val_00030436.jpg,/Users/aidahamzic/PycharmProjects/PythonProject1/val_256/Places365_val_00030436.jpg,downtown,building,solar dish,0.7276,"[{""rank"": 1, ""label"": ""solar dish"", ""confidence"": 0.7276}, {""rank"": 2, ""label"": ""dam"", ""confidence"": 0.0356}, {""rank"": 3, ""label"": ""lumbermill"", ""confidence"": 0.0252}, {""rank"": 4, ""label"": ""shovel"", ""confidence"": 0.017}, {""rank"": 5, ""label"": ""worm fence"", ""confidence"": 0.015}]",True
Places365_val_00030443.jpg,/Users/aidahamzic/PycharmProjects/PythonProject1/val_256/Places365_val_00030443.jpg,downtown,building,beacon,0.2488,"[{""rank"": 1, ""label"": ""beacon"", ""confidence"": 0.2488}, {""rank"": 2, ""label"": ""solar dish"", ""confidence"": 0.216}, {""rank"": 3, ""label"": ""seashore"", ""confidence"": 0.0797}, {""rank"": 4, ""label"": ""pier"", ""confidence"": 0.045}, {""rank"": 5, ""label"": ""bell cote"", ""confidence"": 0.043}]",True
Places365_val_00030445.jpg,/Users/aidahamzic/PycharmProjects/PythonProject1/val_256/Places365_val_00030445.jpg,house,building,thatch,0.1228,"[{""rank"": 1, ""label"": ""thatch"", ""confidence"": 0.1228}, {""rank"": 2, ""label"": ""boathouse"", ""confidence"": 0.1219}, {""rank"": 3, ""label"": ""monastery"", ""confidence"": 0.0972}, {""rank"": 4, ""label"": ""church"", ""confidence"": 0.0746}, {""rank"": 5, ""label"": ""bell cote"", ""confidence"": 0.0657}]",True
Places365_val_00030447.jpg,/Users/aidahamzic/PycharmProjects/PythonProject1/val_256/Places365_val_00030447.jpg,skyscraper,building,pedestal,0.0743,"[{""rank"": 1, ""label"": ""pedestal"", ""confidence"": 0.0743}, {""rank"": 2, ""label"": ""pier"", ""confidence"": 0.0639}, {""rank"": 3, ""label"": ""airship"", ""confidence"": 0.0565}, {""rank"": 4, ""label"": ""solar dish"", ""confidence"": 0.0414}, {""rank"": 5, ""label"": ""cinema"", ""confidence"": 0.0371}]",True
Places365_val_00030512.jpg,/Users/aidahamzic/PycharmProjects/PythonProject1/val_256/Places365_val_00030512.jpg,river,water,lakeside,0.6003,"[{""rank"": 1, ""label"": ""lakeside"", ""confidence"": 0.6003}, {""rank"": 2, ""label"": ""sandbar"", ""confidence"": 0.1623}, {""rank"": 3, ""label"": ""canoe"", ""confidence"": 0.0633}, {""rank"": 4, ""label"": ""seashore"", ""confidence"": 0.0296}, {""rank"": 5, ""label"": ""water buffalo"", ""confidence"": 0.0216}]",True
Places365_val_00030526.jpg,/Users/aidahamzic/PycharmProjects/PythonProject1/val_256/Places365_val_00030526.jpg,downtown,building,mosque,0.3248,"[{""rank"": 1, ""label"": ""mosque"", ""confidence"": 0.3248}, {""rank"": 2, ""label"": ""planetarium"", ""confidence"": 0.2158}, {""rank"": 3, ""label"": ""bell cote"", ""confidence"": 0.1176}, {""rank"": 4, ""label"": ""dome"", ""confidence"": 0.0496}, {""rank"": 5, ""label"": ""pedestal"", ""confidence"": 0.0382}]",True
Places365_val_00030531.jpg,/Users/aidahamzic/PycharmProjects/PythonProject1/val_256/Places365_val_00030531.jpg,house,building,prison,0.4098,"[{""rank"": 1, ""label"": ""prison"", ""confidence"": 0.4098}, {""rank"": 2, ""label"": ""vault"", ""confidence"": 0.1457}, {""rank"": 3, ""label"": ""patio"", ""confidence"": 0.0711}, {""rank"": 4, ""label"": ""monastery"", ""confidence"": 0.056}, {""rank"": 5, ""label"": ""thatch"", ""confidence"": 0.0341}]",True
Places365_val_00030551.jpg,/Users/aidahamzic/PycharmProjects/PythonProject1/val_256/Places365_val_00030551.jpg,house,building,bell cote,0.2516,"[{""rank"": 1, ""label"": ""bell cote"", ""confidence"": 0.2516}, {""rank"": 2, ""label"": ""monastery"", ""confidence"": 0.1843}, {""rank"": 3, ""label"": ""church"", ""confidence"": 0.1237}, {""rank"": 4, ""label"": ""thatch"", ""confidence"": 0.1227}, {""rank"": 5, ""label"": ""boathouse"", ""confidence"": 0.0561}]",True
Places365_val_00030553.jpg,/Users/aidahamzic/PycharmProjects/PythonProject1/val_256/Places365_val_00030553.jpg,hotel-outdoor,building,palace,0.973,"[{""rank"": 1, ""label"": ""palace"", ""confidence"": 0.973}, {""rank"": 2, ""label"": ""cinema"", ""confidence"": 0.0166}, {""rank"": 3, ""label"": ""monastery"", ""confidence"": 0.0041}, {""rank"": 4, ""label"": ""library"", ""confidence"": 0.0024}, {""rank"": 5, ""label"": ""castle"", ""confidence"": 0.0007}]",True
Places365_val_00030560.jpg,/Users/aidahamzic/PycharmProjects/PythonProject1/val_256/Places365_val_00030560.jpg,skyscraper,building,obelisk,0.2806,"[{""rank"": 1, ""label"": ""obelisk"", ""confidence"": 0.2806}, {""rank"": 2, ""label"": ""missile"", ""confidence"": 0.0748}, {""rank"": 3, ""label"": ""crane"", ""confidence"": 0.0594}, {""rank"": 4, ""label"": ""pole"", ""confidence"": 0.0503}, {""rank"": 5, ""label"": ""traffic light"", ""confidence"": 0.0423}]",True
Places365_val_00030604.jpg,/Users/aidahamzic/PycharmProjects/PythonProject1/val_256/Places365_val_00030604.jpg,mountain,mountain,valley,0.6771,"[{""rank"": 1, ""label"": ""valley"", ""confidence"": 0.6771}, {""rank"": 2, ""label"": ""cliff"", ""confidence"": 0.1148}, {""rank"": 3, ""label"": ""promontory"", ""confidence"": 0.0155}, {""rank"": 4, ""label"": ""alp"", ""confidence"": 0.0138}, {""rank"": 5, ""label"": ""volcano"", ""confidence"": 0.0132}]",True
Places365_val_00030622.jpg,/Users/aidahamzic/PycharmProjects/PythonProject1/val_256/Places365_val_00030622.jpg,skyscraper,building,bell cote,0.2796,"[{""rank"": 1, ""label"": ""bell cote"", ""confidence"": 0.2796}, {""rank"": 2, ""label"": ""mosque"", ""confidence"": 0.0869}, {""rank"": 3, ""label"": ""church"", ""confidence"": 0.0452}, {""rank"": 4, ""label"": ""patio"", ""confidence"": 0.0363}, {""rank"": 5, ""label"": ""lakeside"", ""confidence"": 0.0248}]",True
Places365_val_00030639.jpg,/Users/aidahamzic/PycharmProjects/PythonProject1/val_256/Places365_val_00030639.jpg,highway,street,tow truck,0.1249,"[{""rank"": 1, ""label"": ""tow truck"", ""confidence"": 0.1249}, {""rank"": 2, ""label"": ""lawn mower"", ""confidence"": 0.0778}, {""rank"": 3, ""label"": ""forklift"", ""confidence"": 0.0764}, {""rank"": 4, ""label"": ""golfcart"", ""confidence"": 0.0742}, {""rank"": 5, ""label"": ""trailer truck"", ""confidence"": 0.0713}]",False
Places365_val_00030679.jpg,/Users/aidahamzic/PycharmProjects/PythonProject1/val_256/Places365_val_00030679.jpg,street,street,fire engine,0.5596,"[{""rank"": 1, ""label"": ""fire engine"", ""confidence"": 0.5596}, {""rank"": 2, ""label"": ""trailer truck"", ""confidence"": 0.1601}, {""rank"": 3, ""label"": ""tow truck"", ""confidence"": 0.0697}, {""rank"": 4, ""label"": ""garbage truck"", ""confidence"": 0.0678}, {""rank"": 5, ""label"": ""snowplow"", ""confidence"": 0.02}]",False
Places365_val_00030693.jpg,/Users/aidahamzic/PycharmProjects/PythonProject1/val_256/Places365_val_00030693.jpg,rainforest,forest,coral fungus,0.1303,"[{""rank"": 1, ""label"": ""coral fungus"", ""confidence"": 0.1303}, {""rank"": 2, ""label"": ""coral reef"", ""confidence"": 0.0481}, {""rank"": 3, ""label"": ""broccoli"", ""confidence"": 0.0365}, {""rank"": 4, ""label"": ""valley"", ""confidence"": 0.0333}, {""rank"": 5, ""label"": ""worm fence"", ""confidence"": 0.0327}]",True
Places365_val_00030704.jpg,/Users/aidahamzic/PycharmProjects/PythonProject1/val_256/Places365_val_00030704.jpg,glacier,glacier,alp,0.5462,"[{""rank"": 1, ""label"": ""alp"", ""confidence"": 0.5462}, {""rank"": 2, ""label"": ""valley"", ""confidence"": 0.3415}, {""rank"": 3, ""label"": ""lakeside"", ""confidence"": 0.0512}, {""rank"": 4, ""label"": ""mountain tent"", ""confidence"": 0.0226}, {""rank"": 5, ""label"": ""killer whale"", ""confidence"": 0.008}]",True
Places365_val_00030710.jpg,/Users/aidahamzic/PycharmProjects/PythonProject1/val_256/Places365_val_00030710.jpg,mountain,mountain,volcano,0.9564,"[{""rank"": 1, ""label"": ""volcano"", ""confidence"": 0.9564}, {""rank"": 2, ""label"": ""lakeside"", ""confidence"": 0.0272}, {""rank"": 3, ""label"": ""valley"", ""confidence"": 0.0034}, {""rank"": 4, ""label"": ""seashore"", ""confidence"": 0.0031}, {""rank"": 5, ""label"": ""sandbar"", ""confidence"": 0.0029}]",True
Places365_val_00030723.jpg,/Users/aidahamzic/PycharmProjects/PythonProject1/val_256/Places365_val_00030723.jpg,alley,street,megalith,0.1464,"[{""rank"": 1, ""label"": ""megalith"", ""confidence"": 0.1464}, {""rank"": 2, ""label"": ""cliff"", ""confidence"": 0.0722}, {""rank"": 3, ""label"": ""wreck"", ""confidence"": 0.0716}, {""rank"": 4, ""label"": ""stupa"", ""confidence"": 0.0581}, {""rank"": 5, ""label"": ""totem pole"", ""confidence"": 0.0457}]",False
Places365_val_00030743.jpg,/Users/aidahamzic/PycharmProjects/PythonProject1/val_256/Places365_val_00030743.jpg,downtown,building,scoreboard,0.3194,"[{""rank"": 1, ""label"": ""scoreboard"", ""confidence"": 0.3194}, {""rank"": 2, ""label"": ""fire screen"", ""confidence"": 0.0727}, {""rank"": 3, ""label"": ""freight car"", ""confidence"": 0.0598}, {""rank"": 4, ""label"": ""comic book"", ""confidence"": 0.0347}, {""rank"": 5, ""label"": ""park bench"", ""confidence"": 0.0327}]",False
Places365_val_00030778.jpg,/Users/aidahamzic/PycharmProjects/PythonProject1/val_256/Places365_val_00030778.jpg,coast,water,cliff,0.5023,"[{""rank"": 1, ""label"": ""cliff"", ""confidence"": 0.5023}, {""rank"": 2, ""label"": ""seashore"", ""confidence"": 0.1289}, {""rank"": 3, ""label"": ""promontory"", ""confidence"": 0.1287}, {""rank"": 4, ""label"": ""wreck"", ""confidence"": 0.0676}, {""rank"": 5, ""label"": ""beacon"", ""confidence"": 0.0406}]",True
Places365_val_00030779.jpg,/Users/aidahamzic/PycharmProjects/PythonProject1/val_256/Places365_val_00030779.jpg,glacier,glacier,ski,0.1859,"[{""rank"": 1, ""label"": ""ski"", ""confidence"": 0.1859}, {""rank"": 2, ""label"": ""dogsled"", ""confidence"": 0.0929}, {""rank"": 3, ""label"": ""cliff"", ""confidence"": 0.0626}, {""rank"": 4, ""label"": ""alp"", ""confidence"": 0.0605}, {""rank"": 5, ""label"": ""Irish wolfhound"", ""confidence"": 0.0554}]",True
Places365_val_00030807.jpg,/Users/aidahamzic/PycharmProjects/PythonProject1/val_256/Places365_val_00030807.jpg,alley,street,bookcase,0.1498,"[{""rank"": 1, ""label"": ""bookcase"", ""confidence"": 0.1498}, {""rank"": 2, ""label"": ""comic book"", ""confidence"": 0.0609}, {""rank"": 3, ""label"": ""tobacco shop"", ""confidence"": 0.0501}, {""rank"": 4, ""label"": ""crate"", ""confidence"": 0.0459}, {""rank"": 5, ""label"": ""book jacket"", ""confidence"": 0.0429}]",False
Places365_val_00030820.jpg,/Users/aidahamzic/PycharmProjects/PythonProject1/val_256/Places365_val_00030820.jpg,mountain,mountain,volcano,0.6139,"[{""rank"": 1, ""label"": ""volcano"", ""confidence"": 0.6139}, {""rank"": 2, ""label"": ""komondor"", ""confidence"": 0.2644}, {""rank"": 3, ""label"": ""thatch"", ""confidence"": 0.0227}, {""rank"": 4, ""label"": ""alp"", ""confidence"": 0.0163}, {""rank"": 5, ""label"": ""swab"", ""confidence"": 0.0083}]",True
Places365_val_00030862.jpg,/Users/aidahamzic/PycharmProjects/PythonProject1/val_256/Places365_val_00030862.jpg,ocean,water,liner,0.2637,"[{""rank"": 1, ""label"": ""liner"", ""confidence"": 0.2637}, {""rank"": 2, ""label"": ""dock"", ""confidence"": 0.2059}, {""rank"": 3, ""label"": ""paddlewheel"", ""confidence"": 0.0938}, {""rank"": 4, ""label"": ""fireboat"", ""confidence"": 0.0719}, {""rank"": 5, ""label"": ""lakeside"", ""confidence"": 0.0434}]",True
Places365_val_00030914.jpg,/Users/aidahamzic/PycharmProjects/PythonProject1/val_256/Places365_val_00030914.jpg,house,building,patio,0.3639,"[{""rank"": 1, ""label"": ""patio"", ""confidence"": 0.3639}, {""rank"": 2, ""label"": ""mobile home"", ""confidence"": 0.0676}, {""rank"": 3, ""label"": ""boathouse"", ""confidence"": 0.0441}, {""rank"": 4, ""label"": ""pot"", ""confidence"": 0.0409}, {""rank"": 5, ""label"": ""thatch"", ""confidence"": 0.0299}]",True
Places365_val_00030916.jpg,/Users/aidahamzic/PycharmProjects/PythonProject1/val_256/Places365_val_00030916.jpg,river,water,lakeside,0.4599,"[{""rank"": 1, ""label"": ""lakeside"", ""confidence"": 0.4599}, {""rank"": 2, ""label"": ""seashore"", ""confidence"": 0.187}, {""rank"": 3, ""label"": ""cliff"", ""confidence"": 0.0815}, {""rank"": 4, ""label"": ""maillot tank suit"", ""confidence"": 0.0617}, {""rank"": 5, ""label"": ""bikini"", ""confidence"": 0.0596}]",True
Places365_val_00030922.jpg,/Users/aidahamzic/PycharmProjects/PythonProject1/val_256/Places365_val_00030922.jpg,downtown,building,bullet train,0.0733,"[{""rank"": 1, ""label"": ""bullet train"", ""confidence"": 0.0733}, {""rank"": 2, ""label"": ""electric locomotive"", ""confidence"": 0.0613}, {""rank"": 3, ""label"": ""pier"", ""confidence"": 0.0569}, {""rank"": 4, ""label"": ""obelisk"", ""confidence"": 0.0553}, {""rank"": 5, ""label"": ""viaduct"", ""confidence"": 0.0532}]",True
Places365_val_00030936.jpg,/Users/aidahamzic/PycharmProjects/PythonProject1/val_256/Places365_val_00030936.jpg,river,water,fountain,0.0697,"[{""rank"": 1, ""label"": ""fountain"", ""confidence"": 0.0697}, {""rank"": 2, ""label"": ""bell cote"", ""confidence"": 0.0692}, {""rank"": 3, ""label"": ""castle"", ""confidence"": 0.0551}, {""rank"": 4, ""label"": ""bubble"", ""confidence"": 0.0375}, {""rank"": 5, ""label"": ""balloon"", ""confidence"": 0.0313}]",False
Places365_val_00030966.jpg,/Users/aidahamzic/PycharmProjects/PythonProject1/val_256/Places365_val_00030966.jpg,ocean,water,promontory,0.8882,"[{""rank"": 1, ""label"": ""promontory"", ""confidence"": 0.8882}, {""rank"": 2, ""label"": ""cliff"", ""confidence"": 0.102}, {""rank"": 3, ""label"": ""seashore"", ""confidence"": 0.007}, {""rank"": 4, ""label"": ""valley"", ""confidence"": 0.0015}, {""rank"": 5, ""label"": ""lakeside"", ""confidence"": 0.0005}]",True
Places365_val_00030969.jpg,/Users/aidahamzic/PycharmProjects/PythonProject1/val_256/Places365_val_00030969.jpg,mountain,mountain,red wine,0.1825,"[{""rank"": 1, ""label"": ""red wine"", ""confidence"": 0.1825}, {""rank"": 2, ""label"": ""volcano"", ""confidence"": 0.1366}, {""rank"": 3, ""label"": ""candle"", ""confidence"": 0.0441}, {""rank"": 4, ""label"": ""spotlight"", ""confidence"": 0.0345}, {""rank"": 5, ""label"": ""caldron"", ""confidence"": 0.0328}]",True
Places365_val_00031014.jpg,/Users/aidahamzic/PycharmProjects/PythonProject1/val_256/Places365_val_00031014.jpg,forest-broadleaf,forest,alp,0.4888,"[{""rank"": 1, ""label"": ""alp"", ""confidence"": 0.4888}, {""rank"": 2, ""label"": ""snowplow"", ""confidence"": 0.2575}, {""rank"": 3, ""label"": ""valley"", ""confidence"": 0.0468}, {""rank"": 4, ""label"": ""dogsled"", ""confidence"": 0.0313}, {""rank"": 5, ""label"": ""ski"", ""confidence"": 0.0268}]",True
Places365_val_00031047.jpg,/Users/aidahamzic/PycharmProjects/PythonProject1/val_256/Places365_val_00031047.jpg,downtown,building,window shade,0.4226,"[{""rank"": 1, ""label"": ""window shade"", ""confidence"": 0.4226}, {""rank"": 2, ""label"": ""library"", ""confidence"": 0.1103}, {""rank"": 3, ""label"": ""bookcase"", ""confidence"": 0.1103}, {""rank"": 4, ""label"": ""window screen"", ""confidence"": 0.0364}, {""rank"": 5, ""label"": ""prison"", ""confidence"": 0.0313}]",True
Places365_val_00031138.jpg,/Users/aidahamzic/PycharmProjects/PythonProject1/val_256/Places365_val_00031138.jpg,tower,building,bell cote,0.5139,"[{""rank"": 1, ""label"": ""bell cote"", ""confidence"": 0.5139}, {""rank"": 2, ""label"": ""beacon"", ""confidence"": 0.273}, {""rank"": 3, ""label"": ""church"", ""confidence"": 0.0567}, {""rank"": 4, ""label"": ""monastery"", ""confidence"": 0.0482}, {""rank"": 5, ""label"": ""tile roof"", ""confidence"": 0.0252}]",True
Places365_val_00031145.jpg,/Users/aidahamzic/PycharmProjects/PythonProject1/val_256/Places365_val_00031145.jpg,river,water,canoe,0.8703,"[{""rank"": 1, ""label"": ""canoe"", ""confidence"": 0.8703}, {""rank"": 2, ""label"": ""paddle"", ""confidence"": 0.064}, {""rank"": 3, ""label"": ""lakeside"", ""confidence"": 0.0359}, {""rank"": 4, ""label"": ""sandbar"", ""confidence"": 0.0182}, {""rank"": 5, ""label"": ""valley"", ""confidence"": 0.0025}]",True
Places365_val_00031193.jpg,/Users/aidahamzic/PycharmProjects/PythonProject1/val_256/Places365_val_00031193.jpg,ocean,water,paddle,0.3086,"[{""rank"": 1, ""label"": ""paddle"", ""confidence"": 0.3086}, {""rank"": 2, ""label"": ""canoe"", ""confidence"": 0.2215}, {""rank"": 3, ""label"": ""lakeside"", ""confidence"": 0.1938}, {""rank"": 4, ""label"": ""snorkel"", ""confidence"": 0.0348}, {""rank"": 5, ""label"": ""killer whale"", ""confidence"": 0.0238}]",True
Places365_val_00031196.jpg,/Users/aidahamzic/PycharmProjects/PythonProject1/val_256/Places365_val_00031196.jpg,tower,building,palace,0.2614,"[{""rank"": 1, ""label"": ""palace"", ""confidence"": 0.2614}, {""rank"": 2, ""label"": ""castle"", ""confidence"": 0.1174}, {""rank"": 3, ""label"": ""monastery"", ""confidence"": 0.0984}, {""rank"": 4, ""label"": ""lakeside"", ""confidence"": 0.0926}, {""rank"": 5, ""label"": ""seashore"", ""confidence"": 0.0885}]",True
Places365_val_00031214.jpg,/Users/aidahamzic/PycharmProjects/PythonProject1/val_256/Places365_val_00031214.jpg,tower,building,palace,0.2517,"[{""rank"": 1, ""label"": ""palace"", ""confidence"": 0.2517}, {""rank"": 2, ""label"": ""worm fence"", ""confidence"": 0.142}, {""rank"": 3, ""label"": ""castle"", ""confidence"": 0.0378}, {""rank"": 4, ""label"": ""pedestal"", ""confidence"": 0.0348}, {""rank"": 5, ""label"": ""monastery"", ""confidence"": 0.0331}]",True
Places365_val_00031247.jpg,/Users/aidahamzic/PycharmProjects/PythonProject1/val_256/Places365_val_00031247.jpg,house,building,boathouse,0.6589,"[{""rank"": 1, ""label"": ""boathouse"", ""confidence"": 0.6589}, {""rank"": 2, ""label"": ""barn"", ""confidence"": 0.0994}, {""rank"": 3, ""label"": ""birdhouse"", ""confidence"": 0.067}, {""rank"": 4, ""label"": ""thatch"", ""confidence"": 0.0201}, {""rank"": 5, ""label"": ""mobile home"", ""confidence"": 0.0197}]",True
Places365_val_00031250.jpg,/Users/aidahamzic/PycharmProjects/PythonProject1/val_256/Places365_val_00031250.jpg,highway,street,crutch,0.3014,"[{""rank"": 1, ""label"": ""crutch"", ""confidence"": 0.3014}, {""rank"": 2, ""label"": ""abaya"", ""confidence"": 0.0818}, {""rank"": 3, ""label"": ""sweatshirt"", ""confidence"": 0.0396}, {""rank"": 4, ""label"": ""cloak"", ""confidence"": 0.0367}, {""rank"": 5, ""label"": ""poncho"", ""confidence"": 0.0326}]",False
Places365_val_00031265.jpg,/Users/aidahamzic/PycharmProjects/PythonProject1/val_256/Places365_val_00031265.jpg,forest-broadleaf,forest,worm fence,0.1012,"[{""rank"": 1, ""label"": ""worm fence"", ""confidence"": 0.1012}, {""rank"": 2, ""label"": ""maypole"", ""confidence"": 0.0679}, {""rank"": 3, ""label"": ""poncho"", ""confidence"": 0.0479}, {""rank"": 4, ""label"": ""lakeside"", ""confidence"": 0.0222}, {""rank"": 5, ""label"": ""spider web"", ""confidence"": 0.0215}]",False
Places365_val_00031270.jpg,/Users/aidahamzic/PycharmProjects/PythonProject1/val_256/Places365_val_00031270.jpg,mountain,mountain,cliff dwelling,0.3587,"[{""rank"": 1, ""label"": ""cliff dwelling"", ""confidence"": 0.3587}, {""rank"": 2, ""label"": ""valley"", ""confidence"": 0.2138}, {""rank"": 3, ""label"": ""cliff"", ""confidence"": 0.1862}, {""rank"": 4, ""label"": ""megalith"", ""confidence"": 0.0356}, {""rank"": 5, ""label"": ""alp"", ""confidence"": 0.0275}]",True
Places365_val_00031275.jpg,/Users/aidahamzic/PycharmProjects/PythonProject1/val_256/Places365_val_00031275.jpg,downtown,building,crane,0.0902,"[{""rank"": 1, ""label"": ""crane"", ""confidence"": 0.0902}, {""rank"": 2, ""label"": ""worm fence"", ""confidence"": 0.0792}, {""rank"": 3, ""label"": ""lumbermill"", ""confidence"": 0.0699}, {""rank"": 4, ""label"": ""freight car"", ""confidence"": 0.0624}, {""rank"": 5, ""label"": ""steel arch bridge"", ""confidence"": 0.0479}]",False
Places365_val_00031280.jpg,/Users/aidahamzic/PycharmProjects/PythonProject1/val_256/Places365_val_00031280.jpg,highway,street,trolleybus,0.2255,"[{""rank"": 1, ""label"": ""trolleybus"", ""confidence"": 0.2255}, {""rank"": 2, ""label"": ""traffic light"", ""confidence"": 0.1438}, {""rank"": 3, ""label"": ""go-kart"", ""confidence"": 0.093}, {""rank"": 4, ""label"": ""trailer truck"", ""confidence"": 0.0432}, {""rank"": 5, ""label"": ""street sign"", ""confidence"": 0.0375}]",True
Places365_val_00031335.jpg,/Users/aidahamzic/PycharmProjects/PythonProject1/val_256/Places365_val_00031335.jpg,coast,water,lakeside,0.1233,"[{""rank"": 1, ""label"": ""lakeside"", ""confidence"": 0.1233}, {""rank"": 2, ""label"": ""cliff"", ""confidence"": 0.1064}, {""rank"": 3, ""label"": ""valley"", ""confidence"": 0.1032}, {""rank"": 4, ""label"": ""seashore"", ""confidence"": 0.0866}, {""rank"": 5, ""label"": ""sandbar"", ""confidence"": 0.0844}]",True
Places365_val_00031365.jpg,/Users/aidahamzic/PycharmProjects/PythonProject1/val_256/Places365_val_00031365.jpg,river,water,castle,0.4032,"[{""rank"": 1, ""label"": ""castle"", ""confidence"": 0.4032}, {""rank"": 2, ""label"": ""lakeside"", ""confidence"": 0.0932}, {""rank"": 3, ""label"": ""boathouse"", ""confidence"": 0.0696}, {""rank"": 4, ""label"": ""dam"", ""confidence"": 0.0669}, {""rank"": 5, ""label"": ""gondola"", ""confidence"": 0.0506}]",True
Places365_val_00031385.jpg,/Users/aidahamzic/PycharmProjects/PythonProject1/val_256/Places365_val_00031385.jpg,hotel-outdoor,building,throne,0.3271,"[{""rank"": 1, ""label"": ""throne"", ""confidence"": 0.3271}, {""rank"": 2, ""label"": ""thimble"", ""confidence"": 0.1672}, {""rank"": 3, ""label"": ""drilling platform"", ""confidence"": 0.0674}, {""rank"": 4, ""label"": ""fountain"", ""confidence"": 0.0614}, {""rank"": 5, ""label"": ""buckle"", ""confidence"": 0.0421}]",False
Places365_val_00031401.jpg,/Users/aidahamzic/PycharmProjects/PythonProject1/val_256/Places365_val_00031401.jpg,forest-broadleaf,forest,bighorn,0.3946,"[{""rank"": 1, ""label"": ""bighorn"", ""confidence"": 0.3946}, {""rank"": 2, ""label"": ""tusker"", ""confidence"": 0.0983}, {""rank"": 3, ""label"": ""ram"", ""confidence"": 0.0678}, {""rank"": 4, ""label"": ""wild boar"", ""confidence"": 0.0419}, {""rank"": 5, ""label"": ""hog"", ""confidence"": 0.0376}]",False
Places365_val_00031414.jpg,/Users/aidahamzic/PycharmProjects/PythonProject1/val_256/Places365_val_00031414.jpg,highway,street,limousine,0.4025,"[{""rank"": 1, ""label"": ""limousine"", ""confidence"": 0.4025}, {""rank"": 2, ""label"": ""minivan"", ""confidence"": 0.2591}, {""rank"": 3, ""label"": ""minibus"", ""confidence"": 0.0678}, {""rank"": 4, ""label"": ""trolleybus"", ""confidence"": 0.0655}, {""rank"": 5, ""label"": ""cab"", ""confidence"": 0.0385}]",True
Places365_val_00031437.jpg,/Users/aidahamzic/PycharmProjects/PythonProject1/val_256/Places365_val_00031437.jpg,tower,building,solar dish,0.3658,"[{""rank"": 1, ""label"": ""solar dish"", ""confidence"": 0.3658}, {""rank"": 2, ""label"": ""spotlight"", ""confidence"": 0.2415}, {""rank"": 3, ""label"": ""radio telescope"", ""confidence"": 0.0577}, {""rank"": 4, ""label"": ""crane"", ""confidence"": 0.0417}, {""rank"": 5, ""label"": ""warplane"", ""confidence"": 0.0286}]",False
Places365_val_00031438.jpg,/Users/aidahamzic/PycharmProjects/PythonProject1/val_256/Places365_val_00031438.jpg,street,street,planetarium,0.158,"[{""rank"": 1, ""label"": ""planetarium"", ""confidence"": 0.158}, {""rank"": 2, ""label"": ""sombrero"", ""confidence"": 0.1176}, {""rank"": 3, ""label"": ""cinema"", ""confidence"": 0.0912}, {""rank"": 4, ""label"": ""restaurant"", ""confidence"": 0.0741}, {""rank"": 5, ""label"": ""umbrella"", ""confidence"": 0.0307}]",False
Places365_val_00031446.jpg,/Users/aidahamzic/PycharmProjects/PythonProject1/val_256/Places365_val_00031446.jpg,ocean,water,seashore,0.4976,"[{""rank"": 1, ""label"": ""seashore"", ""confidence"": 0.4976}, {""rank"": 2, ""label"": ""lakeside"", ""confidence"": 0.2272}, {""rank"": 3, ""label"": ""sandbar"", ""confidence"": 0.1014}, {""rank"": 4, ""label"": ""binoculars"", ""confidence"": 0.0325}, {""rank"": 5, ""label"": ""snorkel"", ""confidence"": 0.0112}]",True
Places365_val_00031491.jpg,/Users/aidahamzic/PycharmProjects/PythonProject1/val_256/Places365_val_00031491.jpg,ocean,water,sandbar,0.3885,"[{""rank"": 1, ""label"": ""sandbar"", ""confidence"": 0.3885}, {""rank"": 2, ""label"": ""lakeside"", ""confidence"": 0.2961}, {""rank"": 3, ""label"": ""seashore"", ""confidence"": 0.0954}, {""rank"": 4, ""label"": ""breakwater"", ""confidence"": 0.0301}, {""rank"": 5, ""label"": ""promontory"", ""confidence"": 0.0093}]",True
Places365_val_00031516.jpg,/Users/aidahamzic/PycharmProjects/PythonProject1/val_256/Places365_val_00031516.jpg,glacier,glacier,valley,0.316,"[{""rank"": 1, ""label"": ""valley"", ""confidence"": 0.316}, {""rank"": 2, ""label"": ""ice bear"", ""confidence"": 0.1816}, {""rank"": 3, ""label"": ""cliff"", ""confidence"": 0.1167}, {""rank"": 4, ""label"": ""volcano"", ""confidence"": 0.0933}, {""rank"": 5, ""label"": ""sea lion"", ""confidence"": 0.0434}]",True
Places365_val_00031518.jpg,/Users/aidahamzic/PycharmProjects/PythonProject1/val_256/Places365_val_00031518.jpg,mountain,mountain,volcano,0.4935,"[{""rank"": 1, ""label"": ""volcano"", ""confidence"": 0.4935}, {""rank"": 2, ""label"": ""valley"", ""confidence"": 0.2324}, {""rank"": 3, ""label"": ""alp"", ""confidence"": 0.2285}, {""rank"": 4, ""label"": ""cliff"", ""confidence"": 0.0128}, {""rank"": 5, ""label"": ""geyser"", ""confidence"": 0.0114}]",True
Places365_val_00031528.jpg,/Users/aidahamzic/PycharmProjects/PythonProject1/val_256/Places365_val_00031528.jpg,river,water,valley,0.575,"[{""rank"": 1, ""label"": ""valley"", ""confidence"": 0.575}, {""rank"": 2, ""label"": ""alp"", ""confidence"": 0.1868}, {""rank"": 3, ""label"": ""promontory"", ""confidence"": 0.0609}, {""rank"": 4, ""label"": ""volcano"", ""confidence"": 0.0585}, {""rank"": 5, ""label"": ""cliff"", ""confidence"": 0.0523}]",False
Places365_val_00031567.jpg,/Users/aidahamzic/PycharmProjects/PythonProject1/val_256/Places365_val_00031567.jpg,house,building,flagpole,0.2229,"[{""rank"": 1, ""label"": ""flagpole"", ""confidence"": 0.2229}, {""rank"": 2, ""label"": ""solar dish"", ""confidence"": 0.1121}, {""rank"": 3, ""label"": ""tile roof"", ""confidence"": 0.1049}, {""rank"": 4, ""label"": ""cinema"", ""confidence"": 0.0789}, {""rank"": 5, ""label"": ""church"", ""confidence"": 0.0712}]",True
Places365_val_00031620.jpg,/Users/aidahamzic/PycharmProjects/PythonProject1/val_256/Places365_val_00031620.jpg,mountain,mountain,valley,0.6326,"[{""rank"": 1, ""label"": ""valley"", ""confidence"": 0.6326}, {""rank"": 2, ""label"": ""alp"", ""confidence"": 0.2925}, {""rank"": 3, ""label"": ""mountain tent"", ""confidence"": 0.0388}, {""rank"": 4, ""label"": ""mountain bike"", ""confidence"": 0.0063}, {""rank"": 5, ""label"": ""cliff"", ""confidence"": 0.0037}]",True
Places365_val_00031648.jpg,/Users/aidahamzic/PycharmProjects/PythonProject1/val_256/Places365_val_00031648.jpg,rainforest,forest,flagpole,0.4286,"[{""rank"": 1, ""label"": ""flagpole"", ""confidence"": 0.4286}, {""rank"": 2, ""label"": ""pole"", ""confidence"": 0.4169}, {""rank"": 3, ""label"": ""car mirror"", ""confidence"": 0.0267}, {""rank"": 4, ""label"": ""swing"", ""confidence"": 0.009}, {""rank"": 5, ""label"": ""sundial"", ""confidence"": 0.0072}]",True
Places365_val_00031671.jpg,/Users/aidahamzic/PycharmProjects/PythonProject1/val_256/Places365_val_00031671.jpg,hotel-outdoor,building,monitor,0.2061,"[{""rank"": 1, ""label"": ""monitor"", ""confidence"": 0.2061}, {""rank"": 2, ""label"": ""web site"", ""confidence"": 0.2055}, {""rank"": 3, ""label"": ""hand-held computer"", ""confidence"": 0.1438}, {""rank"": 4, ""label"": ""screen"", ""confidence"": 0.0697}, {""rank"": 5, ""label"": ""oscilloscope"", ""confidence"": 0.0409}]",True
Places365_val_00031673.jpg,/Users/aidahamzic/PycharmProjects/PythonProject1/val_256/Places365_val_00031673.jpg,forest-broadleaf,forest,mountain bike,0.0615,"[{""rank"": 1, ""label"": ""mountain bike"", ""confidence"": 0.0615}, {""rank"": 2, ""label"": ""worm fence"", ""confidence"": 0.0403}, {""rank"": 3, ""label"": ""giant schnauzer"", ""confidence"": 0.0223}, {""rank"": 4, ""label"": ""Chesapeake Bay retriever"", ""confidence"": 0.0218}, {""rank"": 5, ""label"": ""malinois"", ""confidence"": 0.0191}]",False
Places365_val_00031676.jpg,/Users/aidahamzic/PycharmProjects/PythonProject1/val_256/Places365_val_00031676.jpg,ocean,water,seashore,0.7662,"[{""rank"": 1, ""label"": ""seashore"", ""confidence"": 0.7662}, {""rank"": 2, ""label"": ""promontory"", ""confidence"": 0.1937}, {""rank"": 3, ""label"": ""lakeside"", ""confidence"": 0.0202}, {""rank"": 4, ""label"": ""cliff"", ""confidence"": 0.0138}, {""rank"": 5, ""label"": ""aircraft carrier"", ""confidence"": 0.0017}]",True
Places365_val_00031688.jpg,/Users/aidahamzic/PycharmProjects/PythonProject1/val_256/Places365_val_00031688.jpg,glacier,glacier,alp,0.9452,"[{""rank"": 1, ""label"": ""alp"", ""confidence"": 0.9452}, {""rank"": 2, ""label"": ""valley"", ""confidence"": 0.0111}, {""rank"": 3, ""label"": ""mountain tent"", ""confidence"": 0.0081}, {""rank"": 4, ""label"": ""snowmobile"", ""confidence"": 0.0067}, {""rank"": 5, ""label"": ""jeep"", ""confidence"": 0.0059}]",True
Places365_val_00031689.jpg,/Users/aidahamzic/PycharmProjects/PythonProject1/val_256/Places365_val_00031689.jpg,rainforest,forest,common newt,0.0501,"[{""rank"": 1, ""label"": ""common newt"", ""confidence"": 0.0501}, {""rank"": 2, ""label"": ""eft"", ""confidence"": 0.0428}, {""rank"": 3, ""label"": ""bittern"", ""confidence"": 0.0292}, {""rank"": 4, ""label"": ""African chameleon"", ""confidence"": 0.0249}, {""rank"": 5, ""label"": ""spider web"", ""confidence"": 0.0236}]",False
Places365_val_00031691.jpg,/Users/aidahamzic/PycharmProjects/PythonProject1/val_256/Places365_val_00031691.jpg,house,building,cinema,0.2338,"[{""rank"": 1, ""label"": ""cinema"", ""confidence"": 0.2338}, {""rank"": 2, ""label"": ""palace"", ""confidence"": 0.0887}, {""rank"": 3, ""label"": ""church"", ""confidence"": 0.0795}, {""rank"": 4, ""label"": ""boathouse"", ""confidence"": 0.0677}, {""rank"": 5, ""label"": ""monastery"", ""confidence"": 0.0542}]",True
Places365_val_00031693.jpg,/Users/aidahamzic/PycharmProjects/PythonProject1/val_256/Places365_val_00031693.jpg,hotel-outdoor,building,cinema,0.3521,"[{""rank"": 1, ""label"": ""cinema"", ""confidence"": 0.3521}, {""rank"": 2, ""label"": ""barbershop"", ""confidence"": 0.2379}, {""rank"": 3, ""label"": ""restaurant"", ""confidence"": 0.1604}, {""rank"": 4, ""label"": ""bookshop"", ""confidence"": 0.0707}, {""rank"": 5, ""label"": ""bakery"", ""confidence"": 0.0407}]",True
Places365_val_00031701.jpg,/Users/aidahamzic/PycharmProjects/PythonProject1/val_256/Places365_val_00031701.jpg,hotel-outdoor,building,palace,0.4009,"[{""rank"": 1, ""label"": ""palace"", ""confidence"": 0.4009}, {""rank"": 2, ""label"": ""monastery"", ""confidence"": 0.1392}, {""rank"": 3, ""label"": ""bell cote"", ""confidence"": 0.0851}, {""rank"": 4, ""label"": ""cinema"", ""confidence"": 0.0426}, {""rank"": 5, ""label"": ""triumphal arch"", ""confidence"": 0.029}]",True
Places365_val_00031725.jpg,/Users/aidahamzic/PycharmProjects/PythonProject1/val_256/Places365_val_00031725.jpg,highway,street,car mirror,0.5842,"[{""rank"": 1, ""label"": ""car mirror"", ""confidence"": 0.5842}, {""rank"": 2, ""label"": ""racer"", ""confidence"": 0.0618}, {""rank"": 3, ""label"": ""wing"", ""confidence"": 0.0511}, {""rank"": 4, ""label"": ""sports car"", ""confidence"": 0.0478}, {""rank"": 5, ""label"": ""cannon"", ""confidence"": 0.0166}]",False
Places365_val_00031733.jpg,/Users/aidahamzic/PycharmProjects/PythonProject1/val_256/Places365_val_00031733.jpg,street,street,trolleybus,0.1074,"[{""rank"": 1, ""label"": ""trolleybus"", ""confidence"": 0.1074}, {""rank"": 2, ""label"": ""streetcar"", ""confidence"": 0.0769}, {""rank"": 3, ""label"": ""trailer truck"", ""confidence"": 0.059}, {""rank"": 4, ""label"": ""fire engine"", ""confidence"": 0.0525}, {""rank"": 5, ""label"": ""moving van"", ""confidence"": 0.042}]",True
Places365_val_00031758.jpg,/Users/aidahamzic/PycharmProjects/PythonProject1/val_256/Places365_val_00031758.jpg,highway,street,valley,0.5382,"[{""rank"": 1, ""label"": ""valley"", ""confidence"": 0.5382}, {""rank"": 2, ""label"": ""alp"", ""confidence"": 0.1319}, {""rank"": 3, ""label"": ""cliff"", ""confidence"": 0.0964}, {""rank"": 4, ""label"": ""promontory"", ""confidence"": 0.0792}, {""rank"": 5, ""label"": ""volcano"", ""confidence"": 0.0278}]",False
Places365_val_00031764.jpg,/Users/aidahamzic/PycharmProjects/PythonProject1/val_256/Places365_val_00031764.jpg,hotel-outdoor,building,castle,0.7511,"[{""rank"": 1, ""label"": ""castle"", ""confidence"": 0.7511}, {""rank"": 2, ""label"": ""lakeside"", ""confidence"": 0.105}, {""rank"": 3, ""label"": ""palace"", ""confidence"": 0.0247}, {""rank"": 4, ""label"": ""gondola"", ""confidence"": 0.0119}, {""rank"": 5, ""label"": ""boathouse"", ""confidence"": 0.0118}]",True
Places365_val_00031781.jpg,/Users/aidahamzic/PycharmProjects/PythonProject1/val_256/Places365_val_00031781.jpg,forest-broadleaf,forest,mountain tent,0.2775,"[{""rank"": 1, ""label"": ""mountain tent"", ""confidence"": 0.2775}, {""rank"": 2, ""label"": ""yurt"", ""confidence"": 0.268}, {""rank"": 3, ""label"": ""valley"", ""confidence"": 0.063}, {""rank"": 4, ""label"": ""American black bear"", ""confidence"": 0.0317}, {""rank"": 5, ""label"": ""bison"", ""confidence"": 0.019}]",True
Places365_val_00031790.jpg,/Users/aidahamzic/PycharmProjects/PythonProject1/val_256/Places365_val_00031790.jpg,tower,building,stupa,0.8697,"[{""rank"": 1, ""label"": ""stupa"", ""confidence"": 0.8697}, {""rank"": 2, ""label"": ""palace"", ""confidence"": 0.0488}, {""rank"": 3, ""label"": ""monastery"", ""confidence"": 0.027}, {""rank"": 4, ""label"": ""throne"", ""confidence"": 0.0165}, {""rank"": 5, ""label"": ""dome"", ""confidence"": 0.0059}]",True
Places365_val_00031797.jpg,/Users/aidahamzic/PycharmProjects/PythonProject1/val_256/Places365_val_00031797.jpg,mountain,mountain,valley,0.9403,"[{""rank"": 1, ""label"": ""valley"", ""confidence"": 0.9403}, {""rank"": 2, ""label"": ""cliff"", ""confidence"": 0.0239}, {""rank"": 3, ""label"": ""ibex"", ""confidence"": 0.0037}, {""rank"": 4, ""label"": ""bighorn"", ""confidence"": 0.0033}, {""rank"": 5, ""label"": ""stone wall"", ""confidence"": 0.002}]",True
Places365_val_00031808.jpg,/Users/aidahamzic/PycharmProjects/PythonProject1/val_256/Places365_val_00031808.jpg,glacier,glacier,leatherback turtle,0.2871,"[{""rank"": 1, ""label"": ""leatherback turtle"", ""confidence"": 0.2871}, {""rank"": 2, ""label"": ""sea lion"", ""confidence"": 0.2467}, {""rank"": 3, ""label"": ""seashore"", ""confidence"": 0.0701}, {""rank"": 4, ""label"": ""otter"", ""confidence"": 0.0573}, {""rank"": 5, ""label"": ""killer whale"", ""confidence"": 0.0513}]",False
Places365_val_00031809.jpg,/Users/aidahamzic/PycharmProjects/PythonProject1/val_256/Places365_val_00031809.jpg,mountain,mountain,valley,0.7994,"[{""rank"": 1, ""label"": ""valley"", ""confidence"": 0.7994}, {""rank"": 2, ""label"": ""cliff"", ""confidence"": 0.0566}, {""rank"": 3, ""label"": ""promontory"", ""confidence"": 0.0179}, {""rank"": 4, ""label"": ""dam"", ""confidence"": 0.0159}, {""rank"": 5, ""label"": ""mountain bike"", ""confidence"": 0.0096}]",True
Places365_val_00031821.jpg,/Users/aidahamzic/PycharmProjects/PythonProject1/val_256/Places365_val_00031821.jpg,coast,water,promontory,0.6606,"[{""rank"": 1, ""label"": ""promontory"", ""confidence"": 0.6606}, {""rank"": 2, ""label"": ""seashore"", ""confidence"": 0.1254}, {""rank"": 3, ""label"": ""cliff"", ""confidence"": 0.0718}, {""rank"": 4, ""label"": ""alp"", ""confidence"": 0.051}, {""rank"": 5, ""label"": ""lakeside"", ""confidence"": 0.0148}]",True
Places365_val_00031832.jpg,/Users/aidahamzic/PycharmProjects/PythonProject1/val_256/Places365_val_00031832.jpg,house,building,boathouse,0.85,"[{""rank"": 1, ""label"": ""boathouse"", ""confidence"": 0.85}, {""rank"": 2, ""label"": ""restaurant"", ""confidence"": 0.0167}, {""rank"": 3, ""label"": ""beacon"", ""confidence"": 0.016}, {""rank"": 4, ""label"": ""lakeside"", ""confidence"": 0.0113}, {""rank"": 5, ""label"": ""solar dish"", ""confidence"": 0.0054}]",True
Places365_val_00031838.jpg,/Users/aidahamzic/PycharmProjects/PythonProject1/val_256/Places365_val_00031838.jpg,rainforest,forest,wallaby,0.3181,"[{""rank"": 1, ""label"": ""wallaby"", ""confidence"": 0.3181}, {""rank"": 2, ""label"": ""dingo"", ""confidence"": 0.2643}, {""rank"": 3, ""label"": ""red fox"", ""confidence"": 0.0907}, {""rank"": 4, ""label"": ""red wolf"", ""confidence"": 0.0781}, {""rank"": 5, ""label"": ""dhole"", ""confidence"": 0.0511}]",False
Places365_val_00031862.jpg,/Users/aidahamzic/PycharmProjects/PythonProject1/val_256/Places365_val_00031862.jpg,downtown,building,fountain,0.7611,"[{""rank"": 1, ""label"": ""fountain"", ""confidence"": 0.7611}, {""rank"": 2, ""label"": ""space shuttle"", ""confidence"": 0.069}, {""rank"": 3, ""label"": ""suspension bridge"", ""confidence"": 0.041}, {""rank"": 4, ""label"": ""drilling platform"", ""confidence"": 0.0201}, {""rank"": 5, ""label"": ""castle"", ""confidence"": 0.0184}]",True
Places365_val_00031914.jpg,/Users/aidahamzic/PycharmProjects/PythonProject1/val_256/Places365_val_00031914.jpg,downtown,building,bell cote,0.8926,"[{""rank"": 1, ""label"": ""bell cote"", ""confidence"": 0.8926}, {""rank"": 2, ""label"": ""monastery"", ""confidence"": 0.0341}, {""rank"": 3, ""label"": ""castle"", ""confidence"": 0.0181}, {""rank"": 4, ""label"": ""triumphal arch"", ""confidence"": 0.0161}, {""rank"": 5, ""label"": ""palace"", ""confidence"": 0.013}]",True
Places365_val_00031940.jpg,/Users/aidahamzic/PycharmProjects/PythonProject1/val_256/Places365_val_00031940.jpg,alley,street,jinrikisha,0.6136,"[{""rank"": 1, ""label"": ""jinrikisha"", ""confidence"": 0.6136}, {""rank"": 2, ""label"": ""oxcart"", ""confidence"": 0.0515}, {""rank"": 3, ""label"": ""streetcar"", ""confidence"": 0.0502}, {""rank"": 4, ""label"": ""restaurant"", ""confidence"": 0.037}, {""rank"": 5, ""label"": ""grocery store"", ""confidence"": 0.0157}]",True
Places365_val_00032021.jpg,/Users/aidahamzic/PycharmProjects/PythonProject1/val_256/Places365_val_00032021.jpg,river,water,snowmobile,0.906,"[{""rank"": 1, ""label"": ""snowmobile"", ""confidence"": 0.906}, {""rank"": 2, ""label"": ""alp"", ""confidence"": 0.0132}, {""rank"": 3, ""label"": ""stretcher"", ""confidence"": 0.0111}, {""rank"": 4, ""label"": ""mountain tent"", ""confidence"": 0.0067}, {""rank"": 5, ""label"": ""motor scooter"", ""confidence"": 0.0064}]",False
Places365_val_00032039.jpg,/Users/aidahamzic/PycharmProjects/PythonProject1/val_256/Places365_val_00032039.jpg,river,water,canoe,0.504,"[{""rank"": 1, ""label"": ""canoe"", ""confidence"": 0.504}, {""rank"": 2, ""label"": ""paddle"", ""confidence"": 0.1405}, {""rank"": 3, ""label"": ""gondola"", ""confidence"": 0.1134}, {""rank"": 4, ""label"": ""boathouse"", ""confidence"": 0.0844}, {""rank"": 5, ""label"": ""yawl"", ""confidence"": 0.0473}]",True
Places365_val_00032047.jpg,/Users/aidahamzic/PycharmProjects/PythonProject1/val_256/Places365_val_00032047.jpg,coast,water,lakeside,0.1089,"[{""rank"": 1, ""label"": ""lakeside"", ""confidence"": 0.1089}, {""rank"": 2, ""label"": ""seashore"", ""confidence"": 0.0909}, {""rank"": 3, ""label"": ""pelican"", ""confidence"": 0.0676}, {""rank"": 4, ""label"": ""sandbar"", ""confidence"": 0.0603}, {""rank"": 5, ""label"": ""cliff"", ""confidence"": 0.0465}]",True
Places365_val_00032070.jpg,/Users/aidahamzic/PycharmProjects/PythonProject1/val_256/Places365_val_00032070.jpg,coast,water,seashore,0.442,"[{""rank"": 1, ""label"": ""seashore"", ""confidence"": 0.442}, {""rank"": 2, ""label"": ""lakeside"", ""confidence"": 0.2483}, {""rank"": 3, ""label"": ""beacon"", ""confidence"": 0.1184}, {""rank"": 4, ""label"": ""promontory"", ""confidence"": 0.0326}, {""rank"": 5, ""label"": ""volcano"", ""confidence"": 0.0152}]",True
Places365_val_00032096.jpg,/Users/aidahamzic/PycharmProjects/PythonProject1/val_256/Places365_val_00032096.jpg,hotel-outdoor,building,dome,0.0909,"[{""rank"": 1, ""label"": ""dome"", ""confidence"": 0.0909}, {""rank"": 2, ""label"": ""barn"", ""confidence"": 0.0611}, {""rank"": 3, ""label"": ""church"", ""confidence"": 0.0569}, {""rank"": 4, ""label"": ""bell cote"", ""confidence"": 0.0545}, {""rank"": 5, ""label"": ""planetarium"", ""confidence"": 0.0545}]",True
Places365_val_00032110.jpg,/Users/aidahamzic/PycharmProjects/PythonProject1/val_256/Places365_val_00032110.jpg,downtown,building,palace,0.1956,"[{""rank"": 1, ""label"": ""palace"", ""confidence"": 0.1956}, {""rank"": 2, ""label"": ""monastery"", ""confidence"": 0.1244}, {""rank"": 3, ""label"": ""triumphal arch"", ""confidence"": 0.1059}, {""rank"": 4, ""label"": ""church"", ""confidence"": 0.0816}, {""rank"": 5, ""label"": ""obelisk"", ""confidence"": 0.0712}]",True
Places365_val_00032165.jpg,/Users/aidahamzic/PycharmProjects/PythonProject1/val_256/Places365_val_00032165.jpg,downtown,building,wreck,0.2098,"[{""rank"": 1, ""label"": ""wreck"", ""confidence"": 0.2098}, {""rank"": 2, ""label"": ""crane"", ""confidence"": 0.1236}, {""rank"": 3, ""label"": ""seashore"", ""confidence"": 0.0937}, {""rank"": 4, ""label"": ""garbage truck"", ""confidence"": 0.0393}, {""rank"": 5, ""label"": ""patio"", ""confidence"": 0.036}]",True
Places365_val_00032178.jpg,/Users/aidahamzic/PycharmProjects/PythonProject1/val_256/Places365_val_00032178.jpg,coast,water,sturgeon,0.694,"[{""rank"": 1, ""label"": ""sturgeon"", ""confidence"": 0.694}, {""rank"": 2, ""label"": ""barracouta"", ""confidence"": 0.0436}, {""rank"": 3, ""label"": ""Indian cobra"", ""confidence"": 0.0229}, {""rank"": 4, ""label"": ""sea lion"", ""confidence"": 0.02}, {""rank"": 5, ""label"": ""reel"", ""confidence"": 0.02}]",False
Places365_val_00032289.jpg,/Users/aidahamzic/PycharmProjects/PythonProject1/val_256/Places365_val_00032289.jpg,ocean,water,sandbar,0.4812,"[{""rank"": 1, ""label"": ""sandbar"", ""confidence"": 0.4812}, {""rank"": 2, ""label"": ""seashore"", ""confidence"": 0.181}, {""rank"": 3, ""label"": ""lakeside"", ""confidence"": 0.0516}, {""rank"": 4, ""label"": ""paddle"", ""confidence"": 0.0479}, {""rank"": 5, ""label"": ""promontory"", ""confidence"": 0.0476}]",True
Places365_val_00032290.jpg,/Users/aidahamzic/PycharmProjects/PythonProject1/val_256/Places365_val_00032290.jpg,ocean,water,worm fence,0.3507,"[{""rank"": 1, ""label"": ""worm fence"", ""confidence"": 0.3507}, {""rank"": 2, ""label"": ""seashore"", ""confidence"": 0.0873}, {""rank"": 3, ""label"": ""lakeside"", ""confidence"": 0.0748}, {""rank"": 4, ""label"": ""projectile"", ""confidence"": 0.0713}, {""rank"": 5, ""label"": ""sandbar"", ""confidence"": 0.0396}]",True
Places365_val_00032297.jpg,/Users/aidahamzic/PycharmProjects/PythonProject1/val_256/Places365_val_00032297.jpg,house,building,palace,0.6714,"[{""rank"": 1, ""label"": ""palace"", ""confidence"": 0.6714}, {""rank"": 2, ""label"": ""prison"", ""confidence"": 0.2101}, {""rank"": 3, ""label"": ""library"", ""confidence"": 0.0193}, {""rank"": 4, ""label"": ""flagpole"", ""confidence"": 0.0101}, {""rank"": 5, ""label"": ""maypole"", ""confidence"": 0.0068}]",True
Places365_val_00032367.jpg,/Users/aidahamzic/PycharmProjects/PythonProject1/val_256/Places365_val_00032367.jpg,street,street,traffic light,0.3016,"[{""rank"": 1, ""label"": ""traffic light"", ""confidence"": 0.3016}, {""rank"": 2, ""label"": ""cab"", ""confidence"": 0.1814}, {""rank"": 3, ""label"": ""parking meter"", ""confidence"": 0.1036}, {""rank"": 4, ""label"": ""limousine"", ""confidence"": 0.0559}, {""rank"": 5, ""label"": ""shopping cart"", ""confidence"": 0.0416}]",True
Places365_val_00032454.jpg,/Users/aidahamzic/PycharmProjects/PythonProject1/val_256/Places365_val_00032454.jpg,tower,building,bell cote,0.5154,"[{""rank"": 1, ""label"": ""bell cote"", ""confidence"": 0.5154}, {""rank"": 2, ""label"": ""palace"", ""confidence"": 0.0668}, {""rank"": 3, ""label"": ""monastery"", ""confidence"": 0.0516}, {""rank"": 4, ""label"": ""castle"", ""confidence"": 0.0373}, {""rank"": 5, ""label"": ""tile roof"", ""confidence"": 0.0285}]",True
Places365_val_00032457.jpg,/Users/aidahamzic/PycharmProjects/PythonProject1/val_256/Places365_val_00032457.jpg,street,street,coho,0.1614,"[{""rank"": 1, ""label"": ""coho"", ""confidence"": 0.1614}, {""rank"": 2, ""label"": ""torch"", ""confidence"": 0.1128}, {""rank"": 3, ""label"": ""sweatshirt"", ""confidence"": 0.1097}, {""rank"": 4, ""label"": ""jean"", ""confidence"": 0.1005}, {""rank"": 5, ""label"": ""prison"", ""confidence"": 0.0383}]",False
Places365_val_00032473.jpg,/Users/aidahamzic/PycharmProjects/PythonProject1/val_256/Places365_val_00032473.jpg,skyscraper,building,maze,0.0783,"[{""rank"": 1, ""label"": ""maze"", ""confidence"": 0.0783}, {""rank"": 2, ""label"": ""flagpole"", ""confidence"": 0.0462}, {""rank"": 3, ""label"": ""palace"", ""confidence"": 0.0429}, {""rank"": 4, ""label"": ""obelisk"", ""confidence"": 0.029}, {""rank"": 5, ""label"": ""seashore"", ""confidence"": 0.0247}]",True
Places365_val_00032505.jpg,/Users/aidahamzic/PycharmProjects/PythonProject1/val_256/Places365_val_00032505.jpg,ocean,water,lakeside,0.1514,"[{""rank"": 1, ""label"": ""lakeside"", ""confidence"": 0.1514}, {""rank"": 2, ""label"": ""seashore"", ""confidence"": 0.1242}, {""rank"": 3, ""label"": ""sandbar"", ""confidence"": 0.0546}, {""rank"": 4, ""label"": ""trimaran"", ""confidence"": 0.0334}, {""rank"": 5, ""label"": ""convertible"", ""confidence"": 0.0284}]",True
Places365_val_00032524.jpg,/Users/aidahamzic/PycharmProjects/PythonProject1/val_256/Places365_val_00032524.jpg,house,building,boathouse,0.3596,"[{""rank"": 1, ""label"": ""boathouse"", ""confidence"": 0.3596}, {""rank"": 2, ""label"": ""patio"", ""confidence"": 0.132}, {""rank"": 3, ""label"": ""volcano"", ""confidence"": 0.1006}, {""rank"": 4, ""label"": ""mobile home"", ""confidence"": 0.0899}, {""rank"": 5, ""label"": ""monastery"", ""confidence"": 0.0686}]",True
Places365_val_00032536.jpg,/Users/aidahamzic/PycharmProjects/PythonProject1/val_256/Places365_val_00032536.jpg,forest-broadleaf,forest,Great Dane,0.2249,"[{""rank"": 1, ""label"": ""Great Dane"", ""confidence"": 0.2249}, {""rank"": 2, ""label"": ""German short-haired pointer"", ""confidence"": 0.1417}, {""rank"": 3, ""label"": ""Staffordshire bullterrier"", ""confidence"": 0.1234}, {""rank"": 4, ""label"": ""Labrador retriever"", ""confidence"": 0.1181}, {""rank"": 5, ""label"": ""bluetick"", ""confidence"": 0.1028}]",False
Places365_val_00032552.jpg,/Users/aidahamzic/PycharmProjects/PythonProject1/val_256/Places365_val_00032552.jpg,river,water,lakeside,0.2708,"[{""rank"": 1, ""label"": ""lakeside"", ""confidence"": 0.2708}, {""rank"": 2, ""label"": ""castle"", ""confidence"": 0.1047}, {""rank"": 3, ""label"": ""worm fence"", ""confidence"": 0.0434}, {""rank"": 4, ""label"": ""boathouse"", ""confidence"": 0.0384}, {""rank"": 5, ""label"": ""dock"", ""confidence"": 0.0284}]",True
Places365_val_00032561.jpg,/Users/aidahamzic/PycharmProjects/PythonProject1/val_256/Places365_val_00032561.jpg,rainforest,forest,colobus,0.2284,"[{""rank"": 1, ""label"": ""colobus"", ""confidence"": 0.2284}, {""rank"": 2, ""label"": ""langur"", ""confidence"": 0.1341}, {""rank"": 3, ""label"": ""three-toed sloth"", ""confidence"": 0.0549}, {""rank"": 4, ""label"": ""porcupine"", ""confidence"": 0.0523}, {""rank"": 5, ""label"": ""howler monkey"", ""confidence"": 0.044}]",True
Places365_val_00032612.jpg,/Users/aidahamzic/PycharmProjects/PythonProject1/val_256/Places365_val_00032612.jpg,coast,water,seashore,0.3611,"[{""rank"": 1, ""label"": ""seashore"", ""confidence"": 0.3611}, {""rank"": 2, ""label"": ""cliff"", ""confidence"": 0.2064}, {""rank"": 3, ""label"": ""promontory"", ""confidence"": 0.2035}, {""rank"": 4, ""label"": ""breakwater"", ""confidence"": 0.1053}, {""rank"": 5, ""label"": ""beacon"", ""confidence"": 0.0319}]",True
Places365_val_00032647.jpg,/Users/aidahamzic/PycharmProjects/PythonProject1/val_256/Places365_val_00032647.jpg,hotel-outdoor,building,bell cote,0.4711,"[{""rank"": 1, ""label"": ""bell cote"", ""confidence"": 0.4711}, {""rank"": 2, ""label"": ""lakeside"", ""confidence"": 0.0898}, {""rank"": 3, ""label"": ""fountain"", ""confidence"": 0.0834}, {""rank"": 4, ""label"": ""palace"", ""confidence"": 0.0542}, {""rank"": 5, ""label"": ""castle"", ""confidence"": 0.042}]",True
Places365_val_00032661.jpg,/Users/aidahamzic/PycharmProjects/PythonProject1/val_256/Places365_val_00032661.jpg,rainforest,forest,valley,0.3155,"[{""rank"": 1, ""label"": ""valley"", ""confidence"": 0.3155}, {""rank"": 2, ""label"": ""suspension bridge"", ""confidence"": 0.1649}, {""rank"": 3, ""label"": ""bow"", ""confidence"": 0.077}, {""rank"": 4, ""label"": ""cliff"", ""confidence"": 0.0743}, {""rank"": 5, ""label"": ""American black bear"", ""confidence"": 0.0375}]",True
Places365_val_00032675.jpg,/Users/aidahamzic/PycharmProjects/PythonProject1/val_256/Places365_val_00032675.jpg,tower,building,monastery,0.0792,"[{""rank"": 1, ""label"": ""monastery"", ""confidence"": 0.0792}, {""rank"": 2, ""label"": ""bell cote"", ""confidence"": 0.0616}, {""rank"": 3, ""label"": ""radio telescope"", ""confidence"": 0.0462}, {""rank"": 4, ""label"": ""stupa"", ""confidence"": 0.026}, {""rank"": 5, ""label"": ""spotlight"", ""confidence"": 0.0233}]",True
Places365_val_00032680.jpg,/Users/aidahamzic/PycharmProjects/PythonProject1/val_256/Places365_val_00032680.jpg,tower,building,church,0.4083,"[{""rank"": 1, ""label"": ""church"", ""confidence"": 0.4083}, {""rank"": 2, ""label"": ""monastery"", ""confidence"": 0.2622}, {""rank"": 3, ""label"": ""bell cote"", ""confidence"": 0.202}, {""rank"": 4, ""label"": ""castle"", ""confidence"": 0.07}, {""rank"": 5, ""label"": ""palace"", ""confidence"": 0.017}]",True
Places365_val_00032692.jpg,/Users/aidahamzic/PycharmProjects/PythonProject1/val_256/Places365_val_00032692.jpg,glacier,glacier,alp,0.3157,"[{""rank"": 1, ""label"": ""alp"", ""confidence"": 0.3157}, {""rank"": 2, ""label"": ""valley"", ""confidence"": 0.1216}, {""rank"": 3, ""label"": ""mountain tent"", ""confidence"": 0.083}, {""rank"": 4, ""label"": ""dogsled"", ""confidence"": 0.0548}, {""rank"": 5, ""label"": ""lakeside"", ""confidence"": 0.039}]",True
Places365_val_00032694.jpg,/Users/aidahamzic/PycharmProjects/PythonProject1/val_256/Places365_val_00032694.jpg,rainforest,forest,valley,0.837,"[{""rank"": 1, ""label"": ""valley"", ""confidence"": 0.837}, {""rank"": 2, ""label"": ""cliff"", ""confidence"": 0.0564}, {""rank"": 3, ""label"": ""lakeside"", ""confidence"": 0.0189}, {""rank"": 4, ""label"": ""suspension bridge"", ""confidence"": 0.008}, {""rank"": 5, ""label"": ""alp"", ""confidence"": 0.0078}]",True
Places365_val_00032696.jpg,/Users/aidahamzic/PycharmProjects/PythonProject1/val_256/Places365_val_00032696.jpg,ocean,water,seashore,0.8346,"[{""rank"": 1, ""label"": ""seashore"", ""confidence"": 0.8346}, {""rank"": 2, ""label"": ""beacon"", ""confidence"": 0.0443}, {""rank"": 3, ""label"": ""promontory"", ""confidence"": 0.0326}, {""rank"": 4, ""label"": ""lakeside"", ""confidence"": 0.0245}, {""rank"": 5, ""label"": ""sandbar"", ""confidence"": 0.0146}]",True
Places365_val_00032725.jpg,/Users/aidahamzic/PycharmProjects/PythonProject1/val_256/Places365_val_00032725.jpg,house,building,lakeside,0.178,"[{""rank"": 1, ""label"": ""lakeside"", ""confidence"": 0.178}, {""rank"": 2, ""label"": ""patio"", ""confidence"": 0.147}, {""rank"": 3, ""label"": ""monastery"", ""confidence"": 0.0483}, {""rank"": 4, ""label"": ""worm fence"", ""confidence"": 0.0419}, {""rank"": 5, ""label"": ""picket fence"", ""confidence"": 0.0406}]",True
Places365_val_00032744.jpg,/Users/aidahamzic/PycharmProjects/PythonProject1/val_256/Places365_val_00032744.jpg,tower,building,bell cote,0.2396,"[{""rank"": 1, ""label"": ""bell cote"", ""confidence"": 0.2396}, {""rank"": 2, ""label"": ""restaurant"", ""confidence"": 0.0855}, {""rank"": 3, ""label"": ""altar"", ""confidence"": 0.0667}, {""rank"": 4, ""label"": ""obelisk"", ""confidence"": 0.0619}, {""rank"": 5, ""label"": ""mosque"", ""confidence"": 0.0477}]",True
Places365_val_00032756.jpg,/Users/aidahamzic/PycharmProjects/PythonProject1/val_256/Places365_val_00032756.jpg,coast,water,promontory,0.5409,"[{""rank"": 1, ""label"": ""promontory"", ""confidence"": 0.5409}, {""rank"": 2, ""label"": ""cliff"", ""confidence"": 0.2034}, {""rank"": 3, ""label"": ""seashore"", ""confidence"": 0.112}, {""rank"": 4, ""label"": ""beacon"", ""confidence"": 0.034}, {""rank"": 5, ""label"": ""valley"", ""confidence"": 0.0323}]",True
Places365_val_00032770.jpg,/Users/aidahamzic/PycharmProjects/PythonProject1/val_256/Places365_val_00032770.jpg,tower,building,obelisk,0.352,"[{""rank"": 1, ""label"": ""obelisk"", ""confidence"": 0.352}, {""rank"": 2, ""label"": ""steel arch bridge"", ""confidence"": 0.1452}, {""rank"": 3, ""label"": ""planetarium"", ""confidence"": 0.0939}, {""rank"": 4, ""label"": ""trimaran"", ""confidence"": 0.0938}, {""rank"": 5, ""label"": ""catamaran"", ""confidence"": 0.0715}]",True
Places365_val_00032794.jpg,/Users/aidahamzic/PycharmProjects/PythonProject1/val_256/Places365_val_00032794.jpg,skyscraper,building,dam,0.4646,"[{""rank"": 1, ""label"": ""dam"", ""confidence"": 0.4646}, {""rank"": 2, ""label"": ""prison"", ""confidence"": 0.1505}, {""rank"": 3, ""label"": ""palace"", ""confidence"": 0.1323}, {""rank"": 4, ""label"": ""patio"", ""confidence"": 0.0225}, {""rank"": 5, ""label"": ""pier"", ""confidence"": 0.0196}]",True
Places365_val_00032802.jpg,/Users/aidahamzic/PycharmProjects/PythonProject1/val_256/Places365_val_00032802.jpg,highway,street,trailer truck,0.5853,"[{""rank"": 1, ""label"": ""trailer truck"", ""confidence"": 0.5853}, {""rank"": 2, ""label"": ""mobile home"", ""confidence"": 0.0552}, {""rank"": 3, ""label"": ""worm fence"", ""confidence"": 0.0483}, {""rank"": 4, ""label"": ""dam"", ""confidence"": 0.0287}, {""rank"": 5, ""label"": ""hay"", ""confidence"": 0.0163}]",False
Places365_val_00032815.jpg,/Users/aidahamzic/PycharmProjects/PythonProject1/val_256/Places365_val_00032815.jpg,coast,water,beacon,0.3072,"[{""rank"": 1, ""label"": ""beacon"", ""confidence"": 0.3072}, {""rank"": 2, ""label"": ""breakwater"", ""confidence"": 0.1583}, {""rank"": 3, ""label"": ""seashore"", ""confidence"": 0.1125}, {""rank"": 4, ""label"": ""promontory"", ""confidence"": 0.1114}, {""rank"": 5, ""label"": ""cliff"", ""confidence"": 0.074}]",True
Places365_val_00032820.jpg,/Users/aidahamzic/PycharmProjects/PythonProject1/val_256/Places365_val_00032820.jpg,highway,street,suspension bridge,0.1337,"[{""rank"": 1, ""label"": ""suspension bridge"", ""confidence"": 0.1337}, {""rank"": 2, ""label"": ""viaduct"", ""confidence"": 0.1104}, {""rank"": 3, ""label"": ""trailer truck"", ""confidence"": 0.0968}, {""rank"": 4, ""label"": ""lakeside"", ""confidence"": 0.0356}, {""rank"": 5, ""label"": ""aircraft carrier"", ""confidence"": 0.0332}]",False
Places365_val_00032822.jpg,/Users/aidahamzic/PycharmProjects/PythonProject1/val_256/Places365_val_00032822.jpg,tower,building,castle,0.9708,"[{""rank"": 1, ""label"": ""castle"", ""confidence"": 0.9708}, {""rank"": 2, ""label"": ""megalith"", ""confidence"": 0.0043}, {""rank"": 3, ""label"": ""church"", ""confidence"": 0.004}, {""rank"": 4, ""label"": ""fountain"", ""confidence"": 0.0035}, {""rank"": 5, ""label"": ""obelisk"", ""confidence"": 0.0031}]",True
Places365_val_00032831.jpg,/Users/aidahamzic/PycharmProjects/PythonProject1/val_256/Places365_val_00032831.jpg,highway,street,car mirror,0.3481,"[{""rank"": 1, ""label"": ""car mirror"", ""confidence"": 0.3481}, {""rank"": 2, ""label"": ""traffic light"", ""confidence"": 0.1319}, {""rank"": 3, ""label"": ""worm fence"", ""confidence"": 0.0669}, {""rank"": 4, ""label"": ""lakeside"", ""confidence"": 0.0435}, {""rank"": 5, ""label"": ""minivan"", ""confidence"": 0.027}]",False
Places365_val_00032832.jpg,/Users/aidahamzic/PycharmProjects/PythonProject1/val_256/Places365_val_00032832.jpg,downtown,building,bell cote,0.272,"[{""rank"": 1, ""label"": ""bell cote"", ""confidence"": 0.272}, {""rank"": 2, ""label"": ""obelisk"", ""confidence"": 0.1183}, {""rank"": 3, ""label"": ""scoreboard"", ""confidence"": 0.044}, {""rank"": 4, ""label"": ""mosque"", ""confidence"": 0.0383}, {""rank"": 5, ""label"": ""pier"", ""confidence"": 0.0372}]",True
Places365_val_00032833.jpg,/Users/aidahamzic/PycharmProjects/PythonProject1/val_256/Places365_val_00032833.jpg,highway,street,street sign,0.9459,"[{""rank"": 1, ""label"": ""street sign"", ""confidence"": 0.9459}, {""rank"": 2, ""label"": ""traffic light"", ""confidence"": 0.0318}, {""rank"": 3, ""label"": ""garbage truck"", ""confidence"": 0.0093}, {""rank"": 4, ""label"": ""trolleybus"", ""confidence"": 0.0017}, {""rank"": 5, ""label"": ""ashcan"", ""confidence"": 0.0012}]",True
Places365_val_00032877.jpg,/Users/aidahamzic/PycharmProjects/PythonProject1/val_256/Places365_val_00032877.jpg,forest-broadleaf,forest,tusker,0.1012,"[{""rank"": 1, ""label"": ""tusker"", ""confidence"": 0.1012}, {""rank"": 2, ""label"": ""warthog"", ""confidence"": 0.0898}, {""rank"": 3, ""label"": ""wild boar"", ""confidence"": 0.0466}, {""rank"": 4, ""label"": ""coyote"", ""confidence"": 0.0455}, {""rank"": 5, ""label"": ""worm fence"", ""confidence"": 0.0216}]",False
Places365_val_00032895.jpg,/Users/aidahamzic/PycharmProjects/PythonProject1/val_256/Places365_val_00032895.jpg,forest-broadleaf,forest,Komodo dragon,0.1782,"[{""rank"": 1, ""label"": ""Komodo dragon"", ""confidence"": 0.1782}, {""rank"": 2, ""label"": ""worm fence"", ""confidence"": 0.1301}, {""rank"": 3, ""label"": ""American alligator"", ""confidence"": 0.1182}, {""rank"": 4, ""label"": ""dhole"", ""confidence"": 0.072}, {""rank"": 5, ""label"": ""frilled lizard"", ""confidence"": 0.0423}]",False
Places365_val_00032906.jpg,/Users/aidahamzic/PycharmProjects/PythonProject1/val_256/Places365_val_00032906.jpg,skyscraper,building,boathouse,0.0621,"[{""rank"": 1, ""label"": ""boathouse"", ""confidence"": 0.0621}, {""rank"": 2, ""label"": ""flagpole"", ""confidence"": 0.0605}, {""rank"": 3, ""label"": ""cinema"", ""confidence"": 0.06}, {""rank"": 4, ""label"": ""prison"", ""confidence"": 0.05}, {""rank"": 5, ""label"": ""bell cote"", ""confidence"": 0.0432}]",True
Places365_val_00032950.jpg,/Users/aidahamzic/PycharmProjects/PythonProject1/val_256/Places365_val_00032950.jpg,rainforest,forest,valley,0.739,"[{""rank"": 1, ""label"": ""valley"", ""confidence"": 0.739}, {""rank"": 2, ""label"": ""cliff"", ""confidence"": 0.0248}, {""rank"": 3, ""label"": ""lakeside"", ""confidence"": 0.0245}, {""rank"": 4, ""label"": ""suspension bridge"", ""confidence"": 0.0206}, {""rank"": 5, ""label"": ""mountain tent"", ""confidence"": 0.0183}]",True
Places365_val_00032959.jpg,/Users/aidahamzic/PycharmProjects/PythonProject1/val_256/Places365_val_00032959.jpg,ocean,water,promontory,0.8011,"[{""rank"": 1, ""label"": ""promontory"", ""confidence"": 0.8011}, {""rank"": 2, ""label"": ""seashore"", ""confidence"": 0.1366}, {""rank"": 3, ""label"": ""cliff"", ""confidence"": 0.0585}, {""rank"": 4, ""label"": ""wreck"", ""confidence"": 0.0017}, {""rank"": 5, ""label"": ""lakeside"", ""confidence"": 0.0007}]",True
Places365_val_00032995.jpg,/Users/aidahamzic/PycharmProjects/PythonProject1/val_256/Places365_val_00032995.jpg,downtown,building,bell cote,0.5673,"[{""rank"": 1, ""label"": ""bell cote"", ""confidence"": 0.5673}, {""rank"": 2, ""label"": ""triumphal arch"", ""confidence"": 0.0469}, {""rank"": 3, ""label"": ""mosque"", ""confidence"": 0.0456}, {""rank"": 4, ""label"": ""palace"", ""confidence"": 0.0377}, {""rank"": 5, ""label"": ""obelisk"", ""confidence"": 0.0355}]",True
Places365_val_00033009.jpg,/Users/aidahamzic/PycharmProjects/PythonProject1/val_256/Places365_val_00033009.jpg,rainforest,forest,tench,0.0882,"[{""rank"": 1, ""label"": ""tench"", ""confidence"": 0.0882}, {""rank"": 2, ""label"": ""barracouta"", ""confidence"": 0.0733}, {""rank"": 3, ""label"": ""greenhouse"", ""confidence"": 0.0438}, {""rank"": 4, ""label"": ""worm fence"", ""confidence"": 0.033}, {""rank"": 5, ""label"": ""cloak"", ""confidence"": 0.0264}]",False
Places365_val_00033019.jpg,/Users/aidahamzic/PycharmProjects/PythonProject1/val_256/Places365_val_00033019.jpg,coast,water,seashore,0.4174,"[{""rank"": 1, ""label"": ""seashore"", ""confidence"": 0.4174}, {""rank"": 2, ""label"": ""promontory"", ""confidence"": 0.3928}, {""rank"": 3, ""label"": ""sea lion"", ""confidence"": 0.0457}, {""rank"": 4, ""label"": ""sandbar"", ""confidence"": 0.0433}, {""rank"": 5, ""label"": ""lakeside"", ""confidence"": 0.0273}]",True
Places365_val_00033020.jpg,/Users/aidahamzic/PycharmProjects/PythonProject1/val_256/Places365_val_00033020.jpg,ocean,water,fireboat,0.204,"[{""rank"": 1, ""label"": ""fireboat"", ""confidence"": 0.204}, {""rank"": 2, ""label"": ""liner"", ""confidence"": 0.1838}, {""rank"": 3, ""label"": ""aircraft carrier"", ""confidence"": 0.1463}, {""rank"": 4, ""label"": ""drilling platform"", ""confidence"": 0.1069}, {""rank"": 5, ""label"": ""submarine"", ""confidence"": 0.0426}]",False
Places365_val_00033024.jpg,/Users/aidahamzic/PycharmProjects/PythonProject1/val_256/Places365_val_00033024.jpg,ocean,water,seashore,0.769,"[{""rank"": 1, ""label"": ""seashore"", ""confidence"": 0.769}, {""rank"": 2, ""label"": ""promontory"", ""confidence"": 0.168}, {""rank"": 3, ""label"": ""sandbar"", ""confidence"": 0.0199}, {""rank"": 4, ""label"": ""cliff"", ""confidence"": 0.0088}, {""rank"": 5, ""label"": ""lakeside"", ""confidence"": 0.0063}]",True
Places365_val_00033029.jpg,/Users/aidahamzic/PycharmProjects/PythonProject1/val_256/Places365_val_00033029.jpg,forest-broadleaf,forest,stone wall,0.0545,"[{""rank"": 1, ""label"": ""stone wall"", ""confidence"": 0.0545}, {""rank"": 2, ""label"": ""yurt"", ""confidence"": 0.0474}, {""rank"": 3, ""label"": ""mountain tent"", ""confidence"": 0.0424}, {""rank"": 4, ""label"": ""park bench"", ""confidence"": 0.0368}, {""rank"": 5, ""label"": ""totem pole"", ""confidence"": 0.0358}]",False
Places365_val_00033147.jpg,/Users/aidahamzic/PycharmProjects/PythonProject1/val_256/Places365_val_00033147.jpg,rainforest,forest,suspension bridge,0.1128,"[{""rank"": 1, ""label"": ""suspension bridge"", ""confidence"": 0.1128}, {""rank"": 2, ""label"": ""radio telescope"", ""confidence"": 0.093}, {""rank"": 3, ""label"": ""viaduct"", ""confidence"": 0.087}, {""rank"": 4, ""label"": ""steel arch bridge"", ""confidence"": 0.0748}, {""rank"": 5, ""label"": ""promontory"", ""confidence"": 0.0569}]",False
Places365_val_00033155.jpg,/Users/aidahamzic/PycharmProjects/PythonProject1/val_256/Places365_val_00033155.jpg,coast,water,seashore,0.8681,"[{""rank"": 1, ""label"": ""seashore"", ""confidence"": 0.8681}, {""rank"": 2, ""label"": ""sandbar"", ""confidence"": 0.0564}, {""rank"": 3, ""label"": ""promontory"", ""confidence"": 0.015}, {""rank"": 4, ""label"": ""breakwater"", ""confidence"": 0.0097}, {""rank"": 5, ""label"": ""wreck"", ""confidence"": 0.0076}]",True
Places365_val_00033178.jpg,/Users/aidahamzic/PycharmProjects/PythonProject1/val_256/Places365_val_00033178.jpg,mountain,mountain,moving van,0.442,"[{""rank"": 1, ""label"": ""moving van"", ""confidence"": 0.442}, {""rank"": 2, ""label"": ""trailer truck"", ""confidence"": 0.2864}, {""rank"": 3, ""label"": ""recreational vehicle"", ""confidence"": 0.0948}, {""rank"": 4, ""label"": ""minibus"", ""confidence"": 0.0852}, {""rank"": 5, ""label"": ""passenger car"", ""confidence"": 0.0149}]",False
Places365_val_00033184.jpg,/Users/aidahamzic/PycharmProjects/PythonProject1/val_256/Places365_val_00033184.jpg,house,building,palace,0.227,"[{""rank"": 1, ""label"": ""palace"", ""confidence"": 0.227}, {""rank"": 2, ""label"": ""triumphal arch"", ""confidence"": 0.1078}, {""rank"": 3, ""label"": ""dome"", ""confidence"": 0.0991}, {""rank"": 4, ""label"": ""bell cote"", ""confidence"": 0.0866}, {""rank"": 5, ""label"": ""church"", ""confidence"": 0.084}]",True
Places365_val_00033202.jpg,/Users/aidahamzic/PycharmProjects/PythonProject1/val_256/Places365_val_00033202.jpg,street,street,streetcar,0.3766,"[{""rank"": 1, ""label"": ""streetcar"", ""confidence"": 0.3766}, {""rank"": 2, ""label"": ""trolleybus"", ""confidence"": 0.1904}, {""rank"": 3, ""label"": ""minibus"", ""confidence"": 0.1604}, {""rank"": 4, ""label"": ""cinema"", ""confidence"": 0.0479}, {""rank"": 5, ""label"": ""library"", ""confidence"": 0.0351}]",True
Places365_val_00033225.jpg,/Users/aidahamzic/PycharmProjects/PythonProject1/val_256/Places365_val_00033225.jpg,glacier,glacier,dugong,0.1516,"[{""rank"": 1, ""label"": ""dugong"", ""confidence"": 0.1516}, {""rank"": 2, ""label"": ""submarine"", ""confidence"": 0.0917}, {""rank"": 3, ""label"": ""dam"", ""confidence"": 0.0897}, {""rank"": 4, ""label"": ""great white shark"", ""confidence"": 0.065}, {""rank"": 5, ""label"": ""alp"", ""confidence"": 0.0646}]",True
Places365_val_00033226.jpg,/Users/aidahamzic/PycharmProjects/PythonProject1/val_256/Places365_val_00033226.jpg,coast,water,cliff,0.7301,"[{""rank"": 1, ""label"": ""cliff"", ""confidence"": 0.7301}, {""rank"": 2, ""label"": ""promontory"", ""confidence"": 0.2263}, {""rank"": 3, ""label"": ""seashore"", ""confidence"": 0.0169}, {""rank"": 4, ""label"": ""lakeside"", ""confidence"": 0.0139}, {""rank"": 5, ""label"": ""dam"", ""confidence"": 0.003}]",True
Places365_val_00033297.jpg,/Users/aidahamzic/PycharmProjects/PythonProject1/val_256/Places365_val_00033297.jpg,ocean,water,promontory,0.2322,"[{""rank"": 1, ""label"": ""promontory"", ""confidence"": 0.2322}, {""rank"": 2, ""label"": ""drilling platform"", ""confidence"": 0.1223}, {""rank"": 3, ""label"": ""chainlink fence"", ""confidence"": 0.0835}, {""rank"": 4, ""label"": ""submarine"", ""confidence"": 0.0736}, {""rank"": 5, ""label"": ""beacon"", ""confidence"": 0.0429}]",True
Places365_val_00033304.jpg,/Users/aidahamzic/PycharmProjects/PythonProject1/val_256/Places365_val_00033304.jpg,coast,water,container ship,0.606,"[{""rank"": 1, ""label"": ""container ship"", ""confidence"": 0.606}, {""rank"": 2, ""label"": ""submarine"", ""confidence"": 0.2485}, {""rank"": 3, ""label"": ""aircraft carrier"", ""confidence"": 0.0642}, {""rank"": 4, ""label"": ""wreck"", ""confidence"": 0.0272}, {""rank"": 5, ""label"": ""drilling platform"", ""confidence"": 0.012}]",True
Places365_val_00033331.jpg,/Users/aidahamzic/PycharmProjects/PythonProject1/val_256/Places365_val_00033331.jpg,downtown,building,church,0.1953,"[{""rank"": 1, ""label"": ""church"", ""confidence"": 0.1953}, {""rank"": 2, ""label"": ""streetcar"", ""confidence"": 0.1413}, {""rank"": 3, ""label"": ""cab"", ""confidence"": 0.0847}, {""rank"": 4, ""label"": ""viaduct"", ""confidence"": 0.0672}, {""rank"": 5, ""label"": ""bell cote"", ""confidence"": 0.064}]",True
Places365_val_00033339.jpg,/Users/aidahamzic/PycharmProjects/PythonProject1/val_256/Places365_val_00033339.jpg,downtown,building,airship,0.2275,"[{""rank"": 1, ""label"": ""airship"", ""confidence"": 0.2275}, {""rank"": 2, ""label"": ""bell cote"", ""confidence"": 0.1059}, {""rank"": 3, ""label"": ""scoreboard"", ""confidence"": 0.0751}, {""rank"": 4, ""label"": ""triumphal arch"", ""confidence"": 0.0681}, {""rank"": 5, ""label"": ""fountain"", ""confidence"": 0.0586}]",False
Places365_val_00033344.jpg,/Users/aidahamzic/PycharmProjects/PythonProject1/val_256/Places365_val_00033344.jpg,house,building,mobile home,0.4913,"[{""rank"": 1, ""label"": ""mobile home"", ""confidence"": 0.4913}, {""rank"": 2, ""label"": ""patio"", ""confidence"": 0.1064}, {""rank"": 3, ""label"": ""thatch"", ""confidence"": 0.0965}, {""rank"": 4, ""label"": ""yurt"", ""confidence"": 0.0756}, {""rank"": 5, ""label"": ""boathouse"", ""confidence"": 0.0619}]",True
Places365_val_00033353.jpg,/Users/aidahamzic/PycharmProjects/PythonProject1/val_256/Places365_val_00033353.jpg,coast,water,speedboat,0.3079,"[{""rank"": 1, ""label"": ""speedboat"", ""confidence"": 0.3079}, {""rank"": 2, ""label"": ""grey whale"", ""confidence"": 0.1081}, {""rank"": 3, ""label"": ""volcano"", ""confidence"": 0.0836}, {""rank"": 4, ""label"": ""great white shark"", ""confidence"": 0.0745}, {""rank"": 5, ""label"": ""hippopotamus"", ""confidence"": 0.0407}]",True
Places365_val_00033420.jpg,/Users/aidahamzic/PycharmProjects/PythonProject1/val_256/Places365_val_00033420.jpg,highway,street,promontory,0.2353,"[{""rank"": 1, ""label"": ""promontory"", ""confidence"": 0.2353}, {""rank"": 2, ""label"": ""seashore"", ""confidence"": 0.1907}, {""rank"": 3, ""label"": ""lakeside"", ""confidence"": 0.1219}, {""rank"": 4, ""label"": ""dam"", ""confidence"": 0.0863}, {""rank"": 5, ""label"": ""sandbar"", ""confidence"": 0.0698}]",False
Places365_val_00033448.jpg,/Users/aidahamzic/PycharmProjects/PythonProject1/val_256/Places365_val_00033448.jpg,highway,street,trailer truck,0.3558,"[{""rank"": 1, ""label"": ""trailer truck"", ""confidence"": 0.3558}, {""rank"": 2, ""label"": ""trolleybus"", ""confidence"": 0.253}, {""rank"": 3, ""label"": ""streetcar"", ""confidence"": 0.0685}, {""rank"": 4, ""label"": ""traffic light"", ""confidence"": 0.0619}, {""rank"": 5, ""label"": ""passenger car"", ""confidence"": 0.0201}]",True
Places365_val_00033456.jpg,/Users/aidahamzic/PycharmProjects/PythonProject1/val_256/Places365_val_00033456.jpg,ocean,water,seashore,0.4615,"[{""rank"": 1, ""label"": ""seashore"", ""confidence"": 0.4615}, {""rank"": 2, ""label"": ""sandbar"", ""confidence"": 0.2419}, {""rank"": 3, ""label"": ""lakeside"", ""confidence"": 0.0869}, {""rank"": 4, ""label"": ""breakwater"", ""confidence"": 0.0431}, {""rank"": 5, ""label"": ""promontory"", ""confidence"": 0.0139}]",True
Places365_val_00033490.jpg,/Users/aidahamzic/PycharmProjects/PythonProject1/val_256/Places365_val_00033490.jpg,alley,street,vault,0.1442,"[{""rank"": 1, ""label"": ""vault"", ""confidence"": 0.1442}, {""rank"": 2, ""label"": ""barbershop"", ""confidence"": 0.1071}, {""rank"": 3, ""label"": ""prison"", ""confidence"": 0.067}, {""rank"": 4, ""label"": ""barber chair"", ""confidence"": 0.0659}, {""rank"": 5, ""label"": ""monastery"", ""confidence"": 0.0379}]",False
Places365_val_00033498.jpg,/Users/aidahamzic/PycharmProjects/PythonProject1/val_256/Places365_val_00033498.jpg,tower,building,stupa,0.4905,"[{""rank"": 1, ""label"": ""stupa"", ""confidence"": 0.4905}, {""rank"": 2, ""label"": ""jigsaw puzzle"", ""confidence"": 0.1785}, {""rank"": 3, ""label"": ""palace"", ""confidence"": 0.0591}, {""rank"": 4, ""label"": ""drilling platform"", ""confidence"": 0.053}, {""rank"": 5, ""label"": ""bell cote"", ""confidence"": 0.0274}]",True
Places365_val_00033511.jpg,/Users/aidahamzic/PycharmProjects/PythonProject1/val_256/Places365_val_00033511.jpg,street,street,bicycle-built-for-two,0.2389,"[{""rank"": 1, ""label"": ""bicycle-built-for-two"", ""confidence"": 0.2389}, {""rank"": 2, ""label"": ""gas pump"", ""confidence"": 0.2146}, {""rank"": 3, ""label"": ""mountain bike"", ""confidence"": 0.149}, {""rank"": 4, ""label"": ""moped"", ""confidence"": 0.0833}, {""rank"": 5, ""label"": ""ski"", ""confidence"": 0.0456}]",False
Places365_val_00033532.jpg,/Users/aidahamzic/PycharmProjects/PythonProject1/val_256/Places365_val_00033532.jpg,alley,street,broom,0.2958,"[{""rank"": 1, ""label"": ""broom"", ""confidence"": 0.2958}, {""rank"": 2, ""label"": ""thatch"", ""confidence"": 0.1073}, {""rank"": 3, ""label"": ""worm fence"", ""confidence"": 0.0972}, {""rank"": 4, ""label"": ""dam"", ""confidence"": 0.0786}, {""rank"": 5, ""label"": ""rain barrel"", ""confidence"": 0.0417}]",False
Places365_val_00033564.jpg,/Users/aidahamzic/PycharmProjects/PythonProject1/val_256/Places365_val_00033564.jpg,skyscraper,building,space shuttle,0.1954,"[{""rank"": 1, ""label"": ""space shuttle"", ""confidence"": 0.1954}, {""rank"": 2, ""label"": ""solar dish"", ""confidence"": 0.1655}, {""rank"": 3, ""label"": ""beacon"", ""confidence"": 0.0875}, {""rank"": 4, ""label"": ""lakeside"", ""confidence"": 0.0697}, {""rank"": 5, ""label"": ""barn"", ""confidence"": 0.0492}]",True
Places365_val_00033588.jpg,/Users/aidahamzic/PycharmProjects/PythonProject1/val_256/Places365_val_00033588.jpg,mountain,mountain,lakeside,0.2124,"[{""rank"": 1, ""label"": ""lakeside"", ""confidence"": 0.2124}, {""rank"": 2, ""label"": ""worm fence"", ""confidence"": 0.1679}, {""rank"": 3, ""label"": ""valley"", ""confidence"": 0.0876}, {""rank"": 4, ""label"": ""canoe"", ""confidence"": 0.0484}, {""rank"": 5, ""label"": ""boathouse"", ""confidence"": 0.0467}]",True
Places365_val_00033624.jpg,/Users/aidahamzic/PycharmProjects/PythonProject1/val_256/Places365_val_00033624.jpg,highway,street,trailer truck,0.1396,"[{""rank"": 1, ""label"": ""trailer truck"", ""confidence"": 0.1396}, {""rank"": 2, ""label"": ""wing"", ""confidence"": 0.1295}, {""rank"": 3, ""label"": ""lakeside"", ""confidence"": 0.0689}, {""rank"": 4, ""label"": ""mobile home"", ""confidence"": 0.0324}, {""rank"": 5, ""label"": ""worm fence"", ""confidence"": 0.024}]",False
Places365_val_00033655.jpg,/Users/aidahamzic/PycharmProjects/PythonProject1/val_256/Places365_val_00033655.jpg,hotel-outdoor,building,solar dish,0.5059,"[{""rank"": 1, ""label"": ""solar dish"", ""confidence"": 0.5059}, {""rank"": 2, ""label"": ""crate"", ""confidence"": 0.0297}, {""rank"": 3, ""label"": ""boathouse"", ""confidence"": 0.0294}, {""rank"": 4, ""label"": ""library"", ""confidence"": 0.0277}, {""rank"": 5, ""label"": ""garbage truck"", ""confidence"": 0.027}]",True
Places365_val_00033661.jpg,/Users/aidahamzic/PycharmProjects/PythonProject1/val_256/Places365_val_00033661.jpg,skyscraper,building,bell cote,0.2913,"[{""rank"": 1, ""label"": ""bell cote"", ""confidence"": 0.2913}, {""rank"": 2, ""label"": ""palace"", ""confidence"": 0.1814}, {""rank"": 3, ""label"": ""restaurant"", ""confidence"": 0.1115}, {""rank"": 4, ""label"": ""monastery"", ""confidence"": 0.0588}, {""rank"": 5, ""label"": ""carousel"", ""confidence"": 0.0461}]",True
Places365_val_00033692.jpg,/Users/aidahamzic/PycharmProjects/PythonProject1/val_256/Places365_val_00033692.jpg,hotel-outdoor,building,cinema,0.1853,"[{""rank"": 1, ""label"": ""cinema"", ""confidence"": 0.1853}, {""rank"": 2, ""label"": ""minivan"", ""confidence"": 0.1153}, {""rank"": 3, ""label"": ""minibus"", ""confidence"": 0.0614}, {""rank"": 4, ""label"": ""cab"", ""confidence"": 0.0611}, {""rank"": 5, ""label"": ""restaurant"", ""confidence"": 0.0414}]",True
Places365_val_00033695.jpg,/Users/aidahamzic/PycharmProjects/PythonProject1/val_256/Places365_val_00033695.jpg,skyscraper,building,cab,0.3762,"[{""rank"": 1, ""label"": ""cab"", ""confidence"": 0.3762}, {""rank"": 2, ""label"": ""beach wagon"", ""confidence"": 0.143}, {""rank"": 3, ""label"": ""sports car"", ""confidence"": 0.0526}, {""rank"": 4, ""label"": ""minivan"", ""confidence"": 0.0524}, {""rank"": 5, ""label"": ""convertible"", ""confidence"": 0.0426}]",False
Places365_val_00033725.jpg,/Users/aidahamzic/PycharmProjects/PythonProject1/val_256/Places365_val_00033725.jpg,highway,street,trailer truck,0.635,"[{""rank"": 1, ""label"": ""trailer truck"", ""confidence"": 0.635}, {""rank"": 2, ""label"": ""fire engine"", ""confidence"": 0.1347}, {""rank"": 3, ""label"": ""tow truck"", ""confidence"": 0.0934}, {""rank"": 4, ""label"": ""moving van"", ""confidence"": 0.0367}, {""rank"": 5, ""label"": ""garbage truck"", ""confidence"": 0.0218}]",False
Places365_val_00033743.jpg,/Users/aidahamzic/PycharmProjects/PythonProject1/val_256/Places365_val_00033743.jpg,ocean,water,speedboat,0.8589,"[{""rank"": 1, ""label"": ""speedboat"", ""confidence"": 0.8589}, {""rank"": 2, ""label"": ""amphibian"", ""confidence"": 0.0459}, {""rank"": 3, ""label"": ""lifeboat"", ""confidence"": 0.0404}, {""rank"": 4, ""label"": ""catamaran"", ""confidence"": 0.0081}, {""rank"": 5, ""label"": ""grey whale"", ""confidence"": 0.0072}]",True
Places365_val_00033764.jpg,/Users/aidahamzic/PycharmProjects/PythonProject1/val_256/Places365_val_00033764.jpg,river,water,lakeside,0.4749,"[{""rank"": 1, ""label"": ""lakeside"", ""confidence"": 0.4749}, {""rank"": 2, ""label"": ""promontory"", ""confidence"": 0.2301}, {""rank"": 3, ""label"": ""seashore"", ""confidence"": 0.0784}, {""rank"": 4, ""label"": ""valley"", ""confidence"": 0.0593}, {""rank"": 5, ""label"": ""cliff"", ""confidence"": 0.026}]",True
Places365_val_00033793.jpg,/Users/aidahamzic/PycharmProjects/PythonProject1/val_256/Places365_val_00033793.jpg,house,building,worm fence,0.1745,"[{""rank"": 1, ""label"": ""worm fence"", ""confidence"": 0.1745}, {""rank"": 2, ""label"": ""lakeside"", ""confidence"": 0.1402}, {""rank"": 3, ""label"": ""castle"", ""confidence"": 0.1088}, {""rank"": 4, ""label"": ""church"", ""confidence"": 0.0945}, {""rank"": 5, ""label"": ""boathouse"", ""confidence"": 0.0385}]",True
Places365_val_00033834.jpg,/Users/aidahamzic/PycharmProjects/PythonProject1/val_256/Places365_val_00033834.jpg,skyscraper,building,hamper,0.2575,"[{""rank"": 1, ""label"": ""hamper"", ""confidence"": 0.2575}, {""rank"": 2, ""label"": ""shopping basket"", ""confidence"": 0.1344}, {""rank"": 3, ""label"": ""suspension bridge"", ""confidence"": 0.0244}, {""rank"": 4, ""label"": ""wool"", ""confidence"": 0.0235}, {""rank"": 5, ""label"": ""solar dish"", ""confidence"": 0.0231}]",False
Places365_val_00033900.jpg,/Users/aidahamzic/PycharmProjects/PythonProject1/val_256/Places365_val_00033900.jpg,highway,street,water snake,0.2013,"[{""rank"": 1, ""label"": ""water snake"", ""confidence"": 0.2013}, {""rank"": 2, ""label"": ""alligator lizard"", ""confidence"": 0.1326}, {""rank"": 3, ""label"": ""jigsaw puzzle"", ""confidence"": 0.0808}, {""rank"": 4, ""label"": ""valley"", ""confidence"": 0.0743}, {""rank"": 5, ""label"": ""alp"", ""confidence"": 0.0605}]",False
Places365_val_00033911.jpg,/Users/aidahamzic/PycharmProjects/PythonProject1/val_256/Places365_val_00033911.jpg,highway,street,street sign,0.1764,"[{""rank"": 1, ""label"": ""street sign"", ""confidence"": 0.1764}, {""rank"": 2, ""label"": ""sunscreen"", ""confidence"": 0.0374}, {""rank"": 3, ""label"": ""lakeside"", ""confidence"": 0.032}, {""rank"": 4, ""label"": ""alp"", ""confidence"": 0.0303}, {""rank"": 5, ""label"": ""pole"", ""confidence"": 0.0276}]",False
Places365_val_00033912.jpg,/Users/aidahamzic/PycharmProjects/PythonProject1/val_256/Places365_val_00033912.jpg,house,building,mobile home,0.2892,"[{""rank"": 1, ""label"": ""mobile home"", ""confidence"": 0.2892}, {""rank"": 2, ""label"": ""barn"", ""confidence"": 0.2349}, {""rank"": 3, ""label"": ""boathouse"", ""confidence"": 0.1841}, {""rank"": 4, ""label"": ""worm fence"", ""confidence"": 0.0831}, {""rank"": 5, ""label"": ""church"", ""confidence"": 0.0384}]",True
Places365_val_00033941.jpg,/Users/aidahamzic/PycharmProjects/PythonProject1/val_256/Places365_val_00033941.jpg,tower,building,radio telescope,0.4417,"[{""rank"": 1, ""label"": ""radio telescope"", ""confidence"": 0.4417}, {""rank"": 2, ""label"": ""beacon"", ""confidence"": 0.1432}, {""rank"": 3, ""label"": ""solar dish"", ""confidence"": 0.1351}, {""rank"": 4, ""label"": ""drilling platform"", ""confidence"": 0.1118}, {""rank"": 5, ""label"": ""airship"", ""confidence"": 0.0178}]",False
Places365_val_00033952.jpg,/Users/aidahamzic/PycharmProjects/PythonProject1/val_256/Places365_val_00033952.jpg,hotel-outdoor,building,library,0.2155,"[{""rank"": 1, ""label"": ""library"", ""confidence"": 0.2155}, {""rank"": 2, ""label"": ""bell cote"", ""confidence"": 0.1982}, {""rank"": 3, ""label"": ""cinema"", ""confidence"": 0.1194}, {""rank"": 4, ""label"": ""street sign"", ""confidence"": 0.0462}, {""rank"": 5, ""label"": ""scoreboard"", ""confidence"": 0.0261}]",True
Places365_val_00033978.jpg,/Users/aidahamzic/PycharmProjects/PythonProject1/val_256/Places365_val_00033978.jpg,house,building,patio,0.1551,"[{""rank"": 1, ""label"": ""patio"", ""confidence"": 0.1551}, {""rank"": 2, ""label"": ""church"", ""confidence"": 0.1435}, {""rank"": 3, ""label"": ""monastery"", ""confidence"": 0.073}, {""rank"": 4, ""label"": ""mobile home"", ""confidence"": 0.0531}, {""rank"": 5, ""label"": ""window screen"", ""confidence"": 0.0443}]",True
Places365_val_00034024.jpg,/Users/aidahamzic/PycharmProjects/PythonProject1/val_256/Places365_val_00034024.jpg,forest-broadleaf,forest,electric ray,0.0989,"[{""rank"": 1, ""label"": ""electric ray"", ""confidence"": 0.0989}, {""rank"": 2, ""label"": ""isopod"", ""confidence"": 0.0947}, {""rank"": 3, ""label"": ""porcupine"", ""confidence"": 0.0765}, {""rank"": 4, ""label"": ""custard apple"", ""confidence"": 0.0489}, {""rank"": 5, ""label"": ""bald eagle"", ""confidence"": 0.0369}]",False
Places365_val_00034029.jpg,/Users/aidahamzic/PycharmProjects/PythonProject1/val_256/Places365_val_00034029.jpg,mountain,mountain,cliff dwelling,0.8515,"[{""rank"": 1, ""label"": ""cliff dwelling"", ""confidence"": 0.8515}, {""rank"": 2, ""label"": ""triceratops"", ""confidence"": 0.0204}, {""rank"": 3, ""label"": ""tank"", ""confidence"": 0.0104}, {""rank"": 4, ""label"": ""vault"", ""confidence"": 0.0102}, {""rank"": 5, ""label"": ""Gila monster"", ""confidence"": 0.0102}]",False
Places365_val_00034183.jpg,/Users/aidahamzic/PycharmProjects/PythonProject1/val_256/Places365_val_00034183.jpg,rainforest,forest,valley,0.2463,"[{""rank"": 1, ""label"": ""valley"", ""confidence"": 0.2463}, {""rank"": 2, ""label"": ""worm fence"", ""confidence"": 0.1796}, {""rank"": 3, ""label"": ""lakeside"", ""confidence"": 0.1264}, {""rank"": 4, ""label"": ""cliff"", ""confidence"": 0.097}, {""rank"": 5, ""label"": ""cliff dwelling"", ""confidence"": 0.0468}]",True
Places365_val_00034188.jpg,/Users/aidahamzic/PycharmProjects/PythonProject1/val_256/Places365_val_00034188.jpg,house,building,palace,0.2588,"[{""rank"": 1, ""label"": ""palace"", ""confidence"": 0.2588}, {""rank"": 2, ""label"": ""monastery"", ""confidence"": 0.1072}, {""rank"": 3, ""label"": ""church"", ""confidence"": 0.0664}, {""rank"": 4, ""label"": ""lakeside"", ""confidence"": 0.0603}, {""rank"": 5, ""label"": ""golf ball"", ""confidence"": 0.0574}]",True
Places365_val_00034227.jpg,/Users/aidahamzic/PycharmProjects/PythonProject1/val_256/Places365_val_00034227.jpg,coast,water,mobile home,0.5293,"[{""rank"": 1, ""label"": ""mobile home"", ""confidence"": 0.5293}, {""rank"": 2, ""label"": ""moving van"", ""confidence"": 0.0862}, {""rank"": 3, ""label"": ""recreational vehicle"", ""confidence"": 0.0666}, {""rank"": 4, ""label"": ""forklift"", ""confidence"": 0.0398}, {""rank"": 5, ""label"": ""boathouse"", ""confidence"": 0.0371}]",True
Places365_val_00034238.jpg,/Users/aidahamzic/PycharmProjects/PythonProject1/val_256/Places365_val_00034238.jpg,tower,building,sundial,0.9365,"[{""rank"": 1, ""label"": ""sundial"", ""confidence"": 0.9365}, {""rank"": 2, ""label"": ""steel arch bridge"", ""confidence"": 0.007}, {""rank"": 3, ""label"": ""radio telescope"", ""confidence"": 0.0061}, {""rank"": 4, ""label"": ""analog clock"", ""confidence"": 0.0059}, {""rank"": 5, ""label"": ""solar dish"", ""confidence"": 0.0044}]",False
Places365_val_00034296.jpg,/Users/aidahamzic/PycharmProjects/PythonProject1/val_256/Places365_val_00034296.jpg,ocean,water,seashore,0.6729,"[{""rank"": 1, ""label"": ""seashore"", ""confidence"": 0.6729}, {""rank"": 2, ""label"": ""sandbar"", ""confidence"": 0.2618}, {""rank"": 3, ""label"": ""promontory"", ""confidence"": 0.031}, {""rank"": 4, ""label"": ""lakeside"", ""confidence"": 0.0132}, {""rank"": 5, ""label"": ""beacon"", ""confidence"": 0.0039}]",True
Places365_val_00034318.jpg,/Users/aidahamzic/PycharmProjects/PythonProject1/val_256/Places365_val_00034318.jpg,forest-broadleaf,forest,lumbermill,0.069,"[{""rank"": 1, ""label"": ""lumbermill"", ""confidence"": 0.069}, {""rank"": 2, ""label"": ""oxcart"", ""confidence"": 0.0528}, {""rank"": 3, ""label"": ""maze"", ""confidence"": 0.0503}, {""rank"": 4, ""label"": ""jeep"", ""confidence"": 0.0266}, {""rank"": 5, ""label"": ""mountain bike"", ""confidence"": 0.0259}]",False
Places365_val_00034349.jpg,/Users/aidahamzic/PycharmProjects/PythonProject1/val_256/Places365_val_00034349.jpg,forest-broadleaf,forest,valley,0.1284,"[{""rank"": 1, ""label"": ""valley"", ""confidence"": 0.1284}, {""rank"": 2, ""label"": ""suspension bridge"", ""confidence"": 0.0708}, {""rank"": 3, ""label"": ""steel arch bridge"", ""confidence"": 0.0345}, {""rank"": 4, ""label"": ""mountain bike"", ""confidence"": 0.0324}, {""rank"": 5, ""label"": ""worm fence"", ""confidence"": 0.0272}]",True
Places365_val_00034369.jpg,/Users/aidahamzic/PycharmProjects/PythonProject1/val_256/Places365_val_00034369.jpg,ocean,water,grey whale,0.3459,"[{""rank"": 1, ""label"": ""grey whale"", ""confidence"": 0.3459}, {""rank"": 2, ""label"": ""killer whale"", ""confidence"": 0.2826}, {""rank"": 3, ""label"": ""albatross"", ""confidence"": 0.2446}, {""rank"": 4, ""label"": ""little blue heron"", ""confidence"": 0.0511}, {""rank"": 5, ""label"": ""red-breasted merganser"", ""confidence"": 0.0165}]",False
Places365_val_00034412.jpg,/Users/aidahamzic/PycharmProjects/PythonProject1/val_256/Places365_val_00034412.jpg,skyscraper,building,pier,0.1961,"[{""rank"": 1, ""label"": ""pier"", ""confidence"": 0.1961}, {""rank"": 2, ""label"": ""drilling platform"", ""confidence"": 0.1509}, {""rank"": 3, ""label"": ""castle"", ""confidence"": 0.1115}, {""rank"": 4, ""label"": ""steel arch bridge"", ""confidence"": 0.1005}, {""rank"": 5, ""label"": ""palace"", ""confidence"": 0.0529}]",True
Places365_val_00034446.jpg,/Users/aidahamzic/PycharmProjects/PythonProject1/val_256/Places365_val_00034446.jpg,river,water,geyser,0.4232,"[{""rank"": 1, ""label"": ""geyser"", ""confidence"": 0.4232}, {""rank"": 2, ""label"": ""valley"", ""confidence"": 0.2879}, {""rank"": 3, ""label"": ""volcano"", ""confidence"": 0.1052}, {""rank"": 4, ""label"": ""lakeside"", ""confidence"": 0.0596}, {""rank"": 5, ""label"": ""seashore"", ""confidence"": 0.0461}]",True
Places365_val_00034455.jpg,/Users/aidahamzic/PycharmProjects/PythonProject1/val_256/Places365_val_00034455.jpg,street,street,prison,0.2227,"[{""rank"": 1, ""label"": ""prison"", ""confidence"": 0.2227}, {""rank"": 2, ""label"": ""streetcar"", ""confidence"": 0.1112}, {""rank"": 3, ""label"": ""bullet train"", ""confidence"": 0.0974}, {""rank"": 4, ""label"": ""passenger car"", ""confidence"": 0.0479}, {""rank"": 5, ""label"": ""viaduct"", ""confidence"": 0.0421}]",True
Places365_val_00034481.jpg,/Users/aidahamzic/PycharmProjects/PythonProject1/val_256/Places365_val_00034481.jpg,alley,street,monastery,0.4286,"[{""rank"": 1, ""label"": ""monastery"", ""confidence"": 0.4286}, {""rank"": 2, ""label"": ""vault"", ""confidence"": 0.1804}, {""rank"": 3, ""label"": ""prison"", ""confidence"": 0.0648}, {""rank"": 4, ""label"": ""triumphal arch"", ""confidence"": 0.0427}, {""rank"": 5, ""label"": ""altar"", ""confidence"": 0.0356}]",False
Places365_val_00034498.jpg,/Users/aidahamzic/PycharmProjects/PythonProject1/val_256/Places365_val_00034498.jpg,river,water,valley,0.9055,"[{""rank"": 1, ""label"": ""valley"", ""confidence"": 0.9055}, {""rank"": 2, ""label"": ""alp"", ""confidence"": 0.0324}, {""rank"": 3, ""label"": ""lakeside"", ""confidence"": 0.0257}, {""rank"": 4, ""label"": ""promontory"", ""confidence"": 0.0129}, {""rank"": 5, ""label"": ""cliff"", ""confidence"": 0.0088}]",True
Places365_val_00034514.jpg,/Users/aidahamzic/PycharmProjects/PythonProject1/val_256/Places365_val_00034514.jpg,house,building,fountain,0.0831,"[{""rank"": 1, ""label"": ""fountain"", ""confidence"": 0.0831}, {""rank"": 2, ""label"": ""bannister"", ""confidence"": 0.0553}, {""rank"": 3, ""label"": ""library"", ""confidence"": 0.055}, {""rank"": 4, ""label"": ""boathouse"", ""confidence"": 0.0469}, {""rank"": 5, ""label"": ""turnstile"", ""confidence"": 0.0421}]",True
Places365_val_00034532.jpg,/Users/aidahamzic/PycharmProjects/PythonProject1/val_256/Places365_val_00034532.jpg,hotel-outdoor,building,cinema,0.5612,"[{""rank"": 1, ""label"": ""cinema"", ""confidence"": 0.5612}, {""rank"": 2, ""label"": ""planetarium"", ""confidence"": 0.0708}, {""rank"": 3, ""label"": ""library"", ""confidence"": 0.0442}, {""rank"": 4, ""label"": ""scoreboard"", ""confidence"": 0.0216}, {""rank"": 5, ""label"": ""turnstile"", ""confidence"": 0.0182}]",True
Places365_val_00034543.jpg,/Users/aidahamzic/PycharmProjects/PythonProject1/val_256/Places365_val_00034543.jpg,house,building,palace,0.4767,"[{""rank"": 1, ""label"": ""palace"", ""confidence"": 0.4767}, {""rank"": 2, ""label"": ""monastery"", ""confidence"": 0.0775}, {""rank"": 3, ""label"": ""picket fence"", ""confidence"": 0.075}, {""rank"": 4, ""label"": ""bell cote"", ""confidence"": 0.0514}, {""rank"": 5, ""label"": ""dome"", ""confidence"": 0.0317}]",True
Places365_val_00034545.jpg,/Users/aidahamzic/PycharmProjects/PythonProject1/val_256/Places365_val_00034545.jpg,alley,street,sliding door,0.101,"[{""rank"": 1, ""label"": ""sliding door"", ""confidence"": 0.101}, {""rank"": 2, ""label"": ""mobile home"", ""confidence"": 0.1008}, {""rank"": 3, ""label"": ""patio"", ""confidence"": 0.0914}, {""rank"": 4, ""label"": ""boathouse"", ""confidence"": 0.0695}, {""rank"": 5, ""label"": ""rain barrel"", ""confidence"": 0.0521}]",False
Places365_val_00034552.jpg,/Users/aidahamzic/PycharmProjects/PythonProject1/val_256/Places365_val_00034552.jpg,skyscraper,building,monastery,0.438,"[{""rank"": 1, ""label"": ""monastery"", ""confidence"": 0.438}, {""rank"": 2, ""label"": ""palace"", ""confidence"": 0.0767}, {""rank"": 3, ""label"": ""alp"", ""confidence"": 0.0618}, {""rank"": 4, ""label"": ""castle"", ""confidence"": 0.057}, {""rank"": 5, ""label"": ""valley"", ""confidence"": 0.0529}]",True
Places365_val_00034563.jpg,/Users/aidahamzic/PycharmProjects/PythonProject1/val_256/Places365_val_00034563.jpg,rainforest,forest,jackfruit,0.2779,"[{""rank"": 1, ""label"": ""jackfruit"", ""confidence"": 0.2779}, {""rank"": 2, ""label"": ""mountain bike"", ""confidence"": 0.1298}, {""rank"": 3, ""label"": ""unicycle"", ""confidence"": 0.0815}, {""rank"": 4, ""label"": ""sarong"", ""confidence"": 0.0362}, {""rank"": 5, ""label"": ""tench"", ""confidence"": 0.0323}]",False
Places365_val_00034570.jpg,/Users/aidahamzic/PycharmProjects/PythonProject1/val_256/Places365_val_00034570.jpg,street,street,cab,0.3458,"[{""rank"": 1, ""label"": ""cab"", ""confidence"": 0.3458}, {""rank"": 2, ""label"": ""traffic light"", ""confidence"": 0.1771}, {""rank"": 3, ""label"": ""triumphal arch"", ""confidence"": 0.1491}, {""rank"": 4, ""label"": ""obelisk"", ""confidence"": 0.049}, {""rank"": 5, ""label"": ""restaurant"", ""confidence"": 0.0347}]",True
Places365_val_00034580.jpg,/Users/aidahamzic/PycharmProjects/PythonProject1/val_256/Places365_val_00034580.jpg,street,street,jinrikisha,0.7829,"[{""rank"": 1, ""label"": ""jinrikisha"", ""confidence"": 0.7829}, {""rank"": 2, ""label"": ""unicycle"", ""confidence"": 0.0445}, {""rank"": 3, ""label"": ""torch"", ""confidence"": 0.0173}, {""rank"": 4, ""label"": ""moped"", ""confidence"": 0.0167}, {""rank"": 5, ""label"": ""crutch"", ""confidence"": 0.0133}]",True
Places365_val_00034583.jpg,/Users/aidahamzic/PycharmProjects/PythonProject1/val_256/Places365_val_00034583.jpg,highway,street,mountain tent,0.7659,"[{""rank"": 1, ""label"": ""mountain tent"", ""confidence"": 0.7659}, {""rank"": 2, ""label"": ""volcano"", ""confidence"": 0.1153}, {""rank"": 3, ""label"": ""valley"", ""confidence"": 0.0515}, {""rank"": 4, ""label"": ""alp"", ""confidence"": 0.019}, {""rank"": 5, ""label"": ""canoe"", ""confidence"": 0.0104}]",False
Places365_val_00034609.jpg,/Users/aidahamzic/PycharmProjects/PythonProject1/val_256/Places365_val_00034609.jpg,ocean,water,seashore,0.6911,"[{""rank"": 1, ""label"": ""seashore"", ""confidence"": 0.6911}, {""rank"": 2, ""label"": ""beacon"", ""confidence"": 0.1721}, {""rank"": 3, ""label"": ""lakeside"", ""confidence"": 0.0536}, {""rank"": 4, ""label"": ""promontory"", ""confidence"": 0.0113}, {""rank"": 5, ""label"": ""sandbar"", ""confidence"": 0.0103}]",True
Places365_val_00034624.jpg,/Users/aidahamzic/PycharmProjects/PythonProject1/val_256/Places365_val_00034624.jpg,glacier,glacier,alp,0.8721,"[{""rank"": 1, ""label"": ""alp"", ""confidence"": 0.8721}, {""rank"": 2, ""label"": ""valley"", ""confidence"": 0.1077}, {""rank"": 3, ""label"": ""mountain tent"", ""confidence"": 0.0066}, {""rank"": 4, ""label"": ""ski"", ""confidence"": 0.002}, {""rank"": 5, ""label"": ""cliff"", ""confidence"": 0.0019}]",True
Places365_val_00034668.jpg,/Users/aidahamzic/PycharmProjects/PythonProject1/val_256/Places365_val_00034668.jpg,river,water,seashore,0.524,"[{""rank"": 1, ""label"": ""seashore"", ""confidence"": 0.524}, {""rank"": 2, ""label"": ""lakeside"", ""confidence"": 0.1557}, {""rank"": 3, ""label"": ""sandbar"", ""confidence"": 0.0775}, {""rank"": 4, ""label"": ""dam"", ""confidence"": 0.0656}, {""rank"": 5, ""label"": ""pier"", ""confidence"": 0.0186}]",True
Places365_val_00034718.jpg,/Users/aidahamzic/PycharmProjects/PythonProject1/val_256/Places365_val_00034718.jpg,river,water,palace,0.4042,"[{""rank"": 1, ""label"": ""palace"", ""confidence"": 0.4042}, {""rank"": 2, ""label"": ""castle"", ""confidence"": 0.3534}, {""rank"": 3, ""label"": ""mosque"", ""confidence"": 0.0759}, {""rank"": 4, ""label"": ""beacon"", ""confidence"": 0.0516}, {""rank"": 5, ""label"": ""space shuttle"", ""confidence"": 0.0351}]",True
Places365_val_00034734.jpg,/Users/aidahamzic/PycharmProjects/PythonProject1/val_256/Places365_val_00034734.jpg,glacier,glacier,grey whale,0.2746,"[{""rank"": 1, ""label"": ""grey whale"", ""confidence"": 0.2746}, {""rank"": 2, ""label"": ""sturgeon"", ""confidence"": 0.1199}, {""rank"": 3, ""label"": ""American alligator"", ""confidence"": 0.0688}, {""rank"": 4, ""label"": ""leatherback turtle"", ""confidence"": 0.0415}, {""rank"": 5, ""label"": ""great white shark"", ""confidence"": 0.0299}]",False
Places365_val_00034775.jpg,/Users/aidahamzic/PycharmProjects/PythonProject1/val_256/Places365_val_00034775.jpg,highway,street,worm fence,0.1743,"[{""rank"": 1, ""label"": ""worm fence"", ""confidence"": 0.1743}, {""rank"": 2, ""label"": ""valley"", ""confidence"": 0.1631}, {""rank"": 3, ""label"": ""lakeside"", ""confidence"": 0.1443}, {""rank"": 4, ""label"": ""barn"", ""confidence"": 0.0541}, {""rank"": 5, ""label"": ""boathouse"", ""confidence"": 0.0536}]",False
Places365_val_00034786.jpg,/Users/aidahamzic/PycharmProjects/PythonProject1/val_256/Places365_val_00034786.jpg,coast,water,promontory,0.2444,"[{""rank"": 1, ""label"": ""promontory"", ""confidence"": 0.2444}, {""rank"": 2, ""label"": ""albatross"", ""confidence"": 0.124}, {""rank"": 3, ""label"": ""grey whale"", ""confidence"": 0.0585}, {""rank"": 4, ""label"": ""valley"", ""confidence"": 0.0567}, {""rank"": 5, ""label"": ""lakeside"", ""confidence"": 0.0483}]",True
Places365_val_00034787.jpg,/Users/aidahamzic/PycharmProjects/PythonProject1/val_256/Places365_val_00034787.jpg,glacier,glacier,sandbar,0.3225,"[{""rank"": 1, ""label"": ""sandbar"", ""confidence"": 0.3225}, {""rank"": 2, ""label"": ""promontory"", ""confidence"": 0.261}, {""rank"": 3, ""label"": ""seashore"", ""confidence"": 0.135}, {""rank"": 4, ""label"": ""alp"", ""confidence"": 0.1051}, {""rank"": 5, ""label"": ""valley"", ""confidence"": 0.0376}]",True
Places365_val_00034801.jpg,/Users/aidahamzic/PycharmProjects/PythonProject1/val_256/Places365_val_00034801.jpg,forest-broadleaf,forest,lakeside,0.4772,"[{""rank"": 1, ""label"": ""lakeside"", ""confidence"": 0.4772}, {""rank"": 2, ""label"": ""valley"", ""confidence"": 0.2872}, {""rank"": 3, ""label"": ""fountain"", ""confidence"": 0.0531}, {""rank"": 4, ""label"": ""sandbar"", ""confidence"": 0.0317}, {""rank"": 5, ""label"": ""geyser"", ""confidence"": 0.0279}]",True
Places365_val_00034822.jpg,/Users/aidahamzic/PycharmProjects/PythonProject1/val_256/Places365_val_00034822.jpg,coast,water,pirate,0.2194,"[{""rank"": 1, ""label"": ""pirate"", ""confidence"": 0.2194}, {""rank"": 2, ""label"": ""dock"", ""confidence"": 0.1522}, {""rank"": 3, ""label"": ""gondola"", ""confidence"": 0.0814}, {""rank"": 4, ""label"": ""schooner"", ""confidence"": 0.0698}, {""rank"": 5, ""label"": ""boathouse"", ""confidence"": 0.0479}]",True
Places365_val_00034824.jpg,/Users/aidahamzic/PycharmProjects/PythonProject1/val_256/Places365_val_00034824.jpg,rainforest,forest,ruffed grouse,0.2177,"[{""rank"": 1, ""label"": ""ruffed grouse"", ""confidence"": 0.2177}, {""rank"": 2, ""label"": ""echidna"", ""confidence"": 0.128}, {""rank"": 3, ""label"": ""cardoon"", ""confidence"": 0.1086}, {""rank"": 4, ""label"": ""sea urchin"", ""confidence"": 0.0679}, {""rank"": 5, ""label"": ""porcupine"", ""confidence"": 0.0491}]",False
Places365_val_00034828.jpg,/Users/aidahamzic/PycharmProjects/PythonProject1/val_256/Places365_val_00034828.jpg,street,street,park bench,0.3827,"[{""rank"": 1, ""label"": ""park bench"", ""confidence"": 0.3827}, {""rank"": 2, ""label"": ""worm fence"", ""confidence"": 0.0724}, {""rank"": 3, ""label"": ""lakeside"", ""confidence"": 0.0512}, {""rank"": 4, ""label"": ""planetarium"", ""confidence"": 0.0312}, {""rank"": 5, ""label"": ""mobile home"", ""confidence"": 0.0216}]",False
Places365_val_00034875.jpg,/Users/aidahamzic/PycharmProjects/PythonProject1/val_256/Places365_val_00034875.jpg,rainforest,forest,gorilla,0.4161,"[{""rank"": 1, ""label"": ""gorilla"", ""confidence"": 0.4161}, {""rank"": 2, ""label"": ""American black bear"", ""confidence"": 0.1403}, {""rank"": 3, ""label"": ""wild boar"", ""confidence"": 0.0435}, {""rank"": 4, ""label"": ""chimpanzee"", ""confidence"": 0.0296}, {""rank"": 5, ""label"": ""siamang"", ""confidence"": 0.0295}]",False
Places365_val_00034895.jpg,/Users/aidahamzic/PycharmProjects/PythonProject1/val_256/Places365_val_00034895.jpg,glacier,glacier,gorilla,0.2236,"[{""rank"": 1, ""label"": ""gorilla"", ""confidence"": 0.2236}, {""rank"": 2, ""label"": ""cougar"", ""confidence"": 0.1736}, {""rank"": 3, ""label"": ""sea lion"", ""confidence"": 0.0937}, {""rank"": 4, ""label"": ""bison"", ""confidence"": 0.0599}, {""rank"": 5, ""label"": ""cliff"", ""confidence"": 0.0575}]",True
Places365_val_00034906.jpg,/Users/aidahamzic/PycharmProjects/PythonProject1/val_256/Places365_val_00034906.jpg,tower,building,radio telescope,0.8881,"[{""rank"": 1, ""label"": ""radio telescope"", ""confidence"": 0.8881}, {""rank"": 2, ""label"": ""solar dish"", ""confidence"": 0.024}, {""rank"": 3, ""label"": ""steel arch bridge"", ""confidence"": 0.0093}, {""rank"": 4, ""label"": ""umbrella"", ""confidence"": 0.0067}, {""rank"": 5, ""label"": ""crane"", ""confidence"": 0.0059}]",False
Places365_val_00034919.jpg,/Users/aidahamzic/PycharmProjects/PythonProject1/val_256/Places365_val_00034919.jpg,coast,water,promontory,0.8176,"[{""rank"": 1, ""label"": ""promontory"", ""confidence"": 0.8176}, {""rank"": 2, ""label"": ""seashore"", ""confidence"": 0.0838}, {""rank"": 3, ""label"": ""cliff"", ""confidence"": 0.0689}, {""rank"": 4, ""label"": ""lakeside"", ""confidence"": 0.0112}, {""rank"": 5, ""label"": ""valley"", ""confidence"": 0.0063}]",True
Places365_val_00034941.jpg,/Users/aidahamzic/PycharmProjects/PythonProject1/val_256/Places365_val_00034941.jpg,street,street,streetcar,0.1294,"[{""rank"": 1, ""label"": ""streetcar"", ""confidence"": 0.1294}, {""rank"": 2, ""label"": ""church"", ""confidence"": 0.1073}, {""rank"": 3, ""label"": ""traffic light"", ""confidence"": 0.0811}, {""rank"": 4, ""label"": ""bell cote"", ""confidence"": 0.0386}, {""rank"": 5, ""label"": ""umbrella"", ""confidence"": 0.0386}]",True
Places365_val_00034945.jpg,/Users/aidahamzic/PycharmProjects/PythonProject1/val_256/Places365_val_00034945.jpg,ocean,water,promontory,0.8549,"[{""rank"": 1, ""label"": ""promontory"", ""confidence"": 0.8549}, {""rank"": 2, ""label"": ""cliff"", ""confidence"": 0.1123}, {""rank"": 3, ""label"": ""seashore"", ""confidence"": 0.0104}, {""rank"": 4, ""label"": ""valley"", ""confidence"": 0.0101}, {""rank"": 5, ""label"": ""lakeside"", ""confidence"": 0.0038}]",True
Places365_val_00034958.jpg,/Users/aidahamzic/PycharmProjects/PythonProject1/val_256/Places365_val_00034958.jpg,house,building,mobile home,0.7565,"[{""rank"": 1, ""label"": ""mobile home"", ""confidence"": 0.7565}, {""rank"": 2, ""label"": ""boathouse"", ""confidence"": 0.0556}, {""rank"": 3, ""label"": ""solar dish"", ""confidence"": 0.0476}, {""rank"": 4, ""label"": ""thatch"", ""confidence"": 0.0294}, {""rank"": 5, ""label"": ""worm fence"", ""confidence"": 0.0256}]",True
Places365_val_00035001.jpg,/Users/aidahamzic/PycharmProjects/PythonProject1/val_256/Places365_val_00035001.jpg,hotel-outdoor,building,cinema,0.2596,"[{""rank"": 1, ""label"": ""cinema"", ""confidence"": 0.2596}, {""rank"": 2, ""label"": ""prison"", ""confidence"": 0.1577}, {""rank"": 3, ""label"": ""bell cote"", ""confidence"": 0.1401}, {""rank"": 4, ""label"": ""monastery"", ""confidence"": 0.1165}, {""rank"": 5, ""label"": ""palace"", ""confidence"": 0.0547}]",True
Places365_val_00035015.jpg,/Users/aidahamzic/PycharmProjects/PythonProject1/val_256/Places365_val_00035015.jpg,alley,street,prison,0.1501,"[{""rank"": 1, ""label"": ""prison"", ""confidence"": 0.1501}, {""rank"": 2, ""label"": ""barbershop"", ""confidence"": 0.0965}, {""rank"": 3, ""label"": ""knot"", ""confidence"": 0.0946}, {""rank"": 4, ""label"": ""panpipe"", ""confidence"": 0.0921}, {""rank"": 5, ""label"": ""fur coat"", ""confidence"": 0.0495}]",False
Places365_val_00035024.jpg,/Users/aidahamzic/PycharmProjects/PythonProject1/val_256/Places365_val_00035024.jpg,forest-broadleaf,forest,African hunting dog,0.029,"[{""rank"": 1, ""label"": ""African hunting dog"", ""confidence"": 0.029}, {""rank"": 2, ""label"": ""worm fence"", ""confidence"": 0.025}, {""rank"": 3, ""label"": ""armadillo"", ""confidence"": 0.0212}, {""rank"": 4, ""label"": ""echidna"", ""confidence"": 0.021}, {""rank"": 5, ""label"": ""wood rabbit"", ""confidence"": 0.0204}]",False
Places365_val_00035046.jpg,/Users/aidahamzic/PycharmProjects/PythonProject1/val_256/Places365_val_00035046.jpg,downtown,building,cab,0.4251,"[{""rank"": 1, ""label"": ""cab"", ""confidence"": 0.4251}, {""rank"": 2, ""label"": ""castle"", ""confidence"": 0.0759}, {""rank"": 3, ""label"": ""bell cote"", ""confidence"": 0.0358}, {""rank"": 4, ""label"": ""gondola"", ""confidence"": 0.0327}, {""rank"": 5, ""label"": ""obelisk"", ""confidence"": 0.0259}]",True
Places365_val_00035055.jpg,/Users/aidahamzic/PycharmProjects/PythonProject1/val_256/Places365_val_00035055.jpg,rainforest,forest,suspension bridge,0.7855,"[{""rank"": 1, ""label"": ""suspension bridge"", ""confidence"": 0.7855}, {""rank"": 2, ""label"": ""worm fence"", ""confidence"": 0.1062}, {""rank"": 3, ""label"": ""greenhouse"", ""confidence"": 0.0216}, {""rank"": 4, ""label"": ""steel arch bridge"", ""confidence"": 0.0066}, {""rank"": 5, ""label"": ""chainlink fence"", ""confidence"": 0.0058}]",False
Places365_val_00035090.jpg,/Users/aidahamzic/PycharmProjects/PythonProject1/val_256/Places365_val_00035090.jpg,ocean,water,seashore,0.4783,"[{""rank"": 1, ""label"": ""seashore"", ""confidence"": 0.4783}, {""rank"": 2, ""label"": ""lakeside"", ""confidence"": 0.0878}, {""rank"": 3, ""label"": ""sandbar"", ""confidence"": 0.0376}, {""rank"": 4, ""label"": ""drilling platform"", ""confidence"": 0.031}, {""rank"": 5, ""label"": ""pier"", ""confidence"": 0.0306}]",True
Places365_val_00035103.jpg,/Users/aidahamzic/PycharmProjects/PythonProject1/val_256/Places365_val_00035103.jpg,street,street,palace,0.4701,"[{""rank"": 1, ""label"": ""palace"", ""confidence"": 0.4701}, {""rank"": 2, ""label"": ""streetcar"", ""confidence"": 0.0826}, {""rank"": 3, ""label"": ""triumphal arch"", ""confidence"": 0.0822}, {""rank"": 4, ""label"": ""jinrikisha"", ""confidence"": 0.045}, {""rank"": 5, ""label"": ""bell cote"", ""confidence"": 0.0444}]",True
Places365_val_00035155.jpg,/Users/aidahamzic/PycharmProjects/PythonProject1/val_256/Places365_val_00035155.jpg,glacier,glacier,Arctic fox,0.1285,"[{""rank"": 1, ""label"": ""Arctic fox"", ""confidence"": 0.1285}, {""rank"": 2, ""label"": ""ice bear"", ""confidence"": 0.089}, {""rank"": 3, ""label"": ""volcano"", ""confidence"": 0.086}, {""rank"": 4, ""label"": ""snow leopard"", ""confidence"": 0.0486}, {""rank"": 5, ""label"": ""alp"", ""confidence"": 0.0478}]",True
Places365_val_00035171.jpg,/Users/aidahamzic/PycharmProjects/PythonProject1/val_256/Places365_val_00035171.jpg,hotel-outdoor,building,planetarium,0.2963,"[{""rank"": 1, ""label"": ""planetarium"", ""confidence"": 0.2963}, {""rank"": 2, ""label"": ""bell cote"", ""confidence"": 0.1795}, {""rank"": 3, ""label"": ""mosque"", ""confidence"": 0.1154}, {""rank"": 4, ""label"": ""cinema"", ""confidence"": 0.0763}, {""rank"": 5, ""label"": ""dome"", ""confidence"": 0.0696}]",True
Places365_val_00035211.jpg,/Users/aidahamzic/PycharmProjects/PythonProject1/val_256/Places365_val_00035211.jpg,forest-broadleaf,forest,park bench,0.2665,"[{""rank"": 1, ""label"": ""park bench"", ""confidence"": 0.2665}, {""rank"": 2, ""label"": ""viaduct"", ""confidence"": 0.1183}, {""rank"": 3, ""label"": ""megalith"", ""confidence"": 0.0628}, {""rank"": 4, ""label"": ""worm fence"", ""confidence"": 0.0415}, {""rank"": 5, ""label"": ""stone wall"", ""confidence"": 0.0337}]",False
Places365_val_00035213.jpg,/Users/aidahamzic/PycharmProjects/PythonProject1/val_256/Places365_val_00035213.jpg,street,street,palace,0.4674,"[{""rank"": 1, ""label"": ""palace"", ""confidence"": 0.4674}, {""rank"": 2, ""label"": ""castle"", ""confidence"": 0.0905}, {""rank"": 3, ""label"": ""monastery"", ""confidence"": 0.0879}, {""rank"": 4, ""label"": ""cinema"", ""confidence"": 0.0313}, {""rank"": 5, ""label"": ""bell cote"", ""confidence"": 0.0302}]",False
Places365_val_00035229.jpg,/Users/aidahamzic/PycharmProjects/PythonProject1/val_256/Places365_val_00035229.jpg,street,street,sports car,0.8416,"[{""rank"": 1, ""label"": ""sports car"", ""confidence"": 0.8416}, {""rank"": 2, ""label"": ""racer"", ""confidence"": 0.0958}, {""rank"": 3, ""label"": ""convertible"", ""confidence"": 0.0323}, {""rank"": 4, ""label"": ""cab"", ""confidence"": 0.0129}, {""rank"": 5, ""label"": ""passenger car"", ""confidence"": 0.0025}]",True
Places365_val_00035256.jpg,/Users/aidahamzic/PycharmProjects/PythonProject1/val_256/Places365_val_00035256.jpg,glacier,glacier,valley,0.7428,"[{""rank"": 1, ""label"": ""valley"", ""confidence"": 0.7428}, {""rank"": 2, ""label"": ""alp"", ""confidence"": 0.2227}, {""rank"": 3, ""label"": ""lakeside"", ""confidence"": 0.0195}, {""rank"": 4, ""label"": ""promontory"", ""confidence"": 0.005}, {""rank"": 5, ""label"": ""volcano"", ""confidence"": 0.0025}]",True
Places365_val_00035273.jpg,/Users/aidahamzic/PycharmProjects/PythonProject1/val_256/Places365_val_00035273.jpg,ocean,water,seashore,0.5006,"[{""rank"": 1, ""label"": ""seashore"", ""confidence"": 0.5006}, {""rank"": 2, ""label"": ""beacon"", ""confidence"": 0.1636}, {""rank"": 3, ""label"": ""lakeside"", ""confidence"": 0.1068}, {""rank"": 4, ""label"": ""promontory"", ""confidence"": 0.0606}, {""rank"": 5, ""label"": ""sandbar"", ""confidence"": 0.0268}]",True
Places365_val_00035296.jpg,/Users/aidahamzic/PycharmProjects/PythonProject1/val_256/Places365_val_00035296.jpg,hotel-outdoor,building,cinema,0.6113,"[{""rank"": 1, ""label"": ""cinema"", ""confidence"": 0.6113}, {""rank"": 2, ""label"": ""palace"", ""confidence"": 0.1451}, {""rank"": 3, ""label"": ""library"", ""confidence"": 0.0435}, {""rank"": 4, ""label"": ""prison"", ""confidence"": 0.0398}, {""rank"": 5, ""label"": ""monastery"", ""confidence"": 0.038}]",True
Places365_val_00035301.jpg,/Users/aidahamzic/PycharmProjects/PythonProject1/val_256/Places365_val_00035301.jpg,house,building,boathouse,0.7113,"[{""rank"": 1, ""label"": ""boathouse"", ""confidence"": 0.7113}, {""rank"": 2, ""label"": ""barn"", ""confidence"": 0.1143}, {""rank"": 3, ""label"": ""worm fence"", ""confidence"": 0.0672}, {""rank"": 4, ""label"": ""lumbermill"", ""confidence"": 0.0568}, {""rank"": 5, ""label"": ""mobile home"", ""confidence"": 0.0206}]",True
Places365_val_00035366.jpg,/Users/aidahamzic/PycharmProjects/PythonProject1/val_256/Places365_val_00035366.jpg,coast,water,bell cote,0.1453,"[{""rank"": 1, ""label"": ""bell cote"", ""confidence"": 0.1453}, {""rank"": 2, ""label"": ""mosque"", ""confidence"": 0.1271}, {""rank"": 3, ""label"": ""submarine"", ""confidence"": 0.1121}, {""rank"": 4, ""label"": ""palace"", ""confidence"": 0.0804}, {""rank"": 5, ""label"": ""liner"", ""confidence"": 0.0447}]",False
Places365_val_00035371.jpg,/Users/aidahamzic/PycharmProjects/PythonProject1/val_256/Places365_val_00035371.jpg,skyscraper,building,airship,0.3215,"[{""rank"": 1, ""label"": ""airship"", ""confidence"": 0.3215}, {""rank"": 2, ""label"": ""parachute"", ""confidence"": 0.1321}, {""rank"": 3, ""label"": ""balloon"", ""confidence"": 0.0743}, {""rank"": 4, ""label"": ""volcano"", ""confidence"": 0.0587}, {""rank"": 5, ""label"": ""seashore"", ""confidence"": 0.0308}]",False
Places365_val_00035375.jpg,/Users/aidahamzic/PycharmProjects/PythonProject1/val_256/Places365_val_00035375.jpg,house,building,palace,0.1668,"[{""rank"": 1, ""label"": ""palace"", ""confidence"": 0.1668}, {""rank"": 2, ""label"": ""church"", ""confidence"": 0.126}, {""rank"": 3, ""label"": ""monastery"", ""confidence"": 0.1129}, {""rank"": 4, ""label"": ""castle"", ""confidence"": 0.1029}, {""rank"": 5, ""label"": ""picket fence"", ""confidence"": 0.0933}]",True
Places365_val_00035382.jpg,/Users/aidahamzic/PycharmProjects/PythonProject1/val_256/Places365_val_00035382.jpg,river,water,valley,0.2505,"[{""rank"": 1, ""label"": ""valley"", ""confidence"": 0.2505}, {""rank"": 2, ""label"": ""coral reef"", ""confidence"": 0.0634}, {""rank"": 3, ""label"": ""cliff"", ""confidence"": 0.0595}, {""rank"": 4, ""label"": ""lakeside"", ""confidence"": 0.0353}, {""rank"": 5, ""label"": ""stone wall"", ""confidence"": 0.0327}]",True
Places365_val_00035393.jpg,/Users/aidahamzic/PycharmProjects/PythonProject1/val_256/Places365_val_00035393.jpg,alley,street,cliff dwelling,0.5563,"[{""rank"": 1, ""label"": ""cliff dwelling"", ""confidence"": 0.5563}, {""rank"": 2, ""label"": ""vault"", ""confidence"": 0.2533}, {""rank"": 3, ""label"": ""cliff"", ""confidence"": 0.0758}, {""rank"": 4, ""label"": ""monastery"", ""confidence"": 0.0174}, {""rank"": 5, ""label"": ""prison"", ""confidence"": 0.0167}]",False
Places365_val_00035426.jpg,/Users/aidahamzic/PycharmProjects/PythonProject1/val_256/Places365_val_00035426.jpg,rainforest,forest,snorkel,0.1876,"[{""rank"": 1, ""label"": ""snorkel"", ""confidence"": 0.1876}, {""rank"": 2, ""label"": ""mountain bike"", ""confidence"": 0.1845}, {""rank"": 3, ""label"": ""canoe"", ""confidence"": 0.0789}, {""rank"": 4, ""label"": ""valley"", ""confidence"": 0.0776}, {""rank"": 5, ""label"": ""coho"", ""confidence"": 0.0428}]",True
Places365_val_00035431.jpg,/Users/aidahamzic/PycharmProjects/PythonProject1/val_256/Places365_val_00035431.jpg,coast,water,sea lion,0.8472,"[{""rank"": 1, ""label"": ""sea lion"", ""confidence"": 0.8472}, {""rank"": 2, ""label"": ""ibex"", ""confidence"": 0.0201}, {""rank"": 3, ""label"": ""volcano"", ""confidence"": 0.0172}, {""rank"": 4, ""label"": ""weasel"", ""confidence"": 0.007}, {""rank"": 5, ""label"": ""Rottweiler"", ""confidence"": 0.0066}]",False
Places365_val_00035482.jpg,/Users/aidahamzic/PycharmProjects/PythonProject1/val_256/Places365_val_00035482.jpg,glacier,glacier,volcano,0.4933,"[{""rank"": 1, ""label"": ""volcano"", ""confidence"": 0.4933}, {""rank"": 2, ""label"": ""wing"", ""confidence"": 0.102}, {""rank"": 3, ""label"": ""alp"", ""confidence"": 0.0804}, {""rank"": 4, ""label"": ""seashore"", ""confidence"": 0.0346}, {""rank"": 5, ""label"": ""geyser"", ""confidence"": 0.0272}]",True
Places365_val_00035513.jpg,/Users/aidahamzic/PycharmProjects/PythonProject1/val_256/Places365_val_00035513.jpg,mountain,mountain,volcano,0.4813,"[{""rank"": 1, ""label"": ""volcano"", ""confidence"": 0.4813}, {""rank"": 2, ""label"": ""valley"", ""confidence"": 0.319}, {""rank"": 3, ""label"": ""alp"", ""confidence"": 0.1343}, {""rank"": 4, ""label"": ""viaduct"", ""confidence"": 0.0317}, {""rank"": 5, ""label"": ""dam"", ""confidence"": 0.0097}]",True
Places365_val_00035570.jpg,/Users/aidahamzic/PycharmProjects/PythonProject1/val_256/Places365_val_00035570.jpg,ocean,water,seashore,0.4868,"[{""rank"": 1, ""label"": ""seashore"", ""confidence"": 0.4868}, {""rank"": 2, ""label"": ""promontory"", ""confidence"": 0.2574}, {""rank"": 3, ""label"": ""lakeside"", ""confidence"": 0.0778}, {""rank"": 4, ""label"": ""beacon"", ""confidence"": 0.0572}, {""rank"": 5, ""label"": ""breakwater"", ""confidence"": 0.0348}]",True
Places365_val_00035592.jpg,/Users/aidahamzic/PycharmProjects/PythonProject1/val_256/Places365_val_00035592.jpg,hotel-outdoor,building,cinema,0.2755,"[{""rank"": 1, ""label"": ""cinema"", ""confidence"": 0.2755}, {""rank"": 2, ""label"": ""street sign"", ""confidence"": 0.0961}, {""rank"": 3, ""label"": ""crossword puzzle"", ""confidence"": 0.0696}, {""rank"": 4, ""label"": ""traffic light"", ""confidence"": 0.0605}, {""rank"": 5, ""label"": ""prison"", ""confidence"": 0.0415}]",True
Places365_val_00035663.jpg,/Users/aidahamzic/PycharmProjects/PythonProject1/val_256/Places365_val_00035663.jpg,highway,street,volcano,0.2367,"[{""rank"": 1, ""label"": ""volcano"", ""confidence"": 0.2367}, {""rank"": 2, ""label"": ""valley"", ""confidence"": 0.1447}, {""rank"": 3, ""label"": ""radio telescope"", ""confidence"": 0.1313}, {""rank"": 4, ""label"": ""alp"", ""confidence"": 0.1278}, {""rank"": 5, ""label"": ""seashore"", ""confidence"": 0.0561}]",False
Places365_val_00035687.jpg,/Users/aidahamzic/PycharmProjects/PythonProject1/val_256/Places365_val_00035687.jpg,skyscraper,building,solar dish,0.9592,"[{""rank"": 1, ""label"": ""solar dish"", ""confidence"": 0.9592}, {""rank"": 2, ""label"": ""scoreboard"", ""confidence"": 0.0072}, {""rank"": 3, ""label"": ""flagpole"", ""confidence"": 0.0061}, {""rank"": 4, ""label"": ""container ship"", ""confidence"": 0.0048}, {""rank"": 5, ""label"": ""street sign"", ""confidence"": 0.0042}]",False
Places365_val_00035693.jpg,/Users/aidahamzic/PycharmProjects/PythonProject1/val_256/Places365_val_00035693.jpg,street,street,Model T,0.3148,"[{""rank"": 1, ""label"": ""Model T"", ""confidence"": 0.3148}, {""rank"": 2, ""label"": ""jinrikisha"", ""confidence"": 0.1526}, {""rank"": 3, ""label"": ""moped"", ""confidence"": 0.1145}, {""rank"": 4, ""label"": ""gas pump"", ""confidence"": 0.0607}, {""rank"": 5, ""label"": ""tractor"", ""confidence"": 0.0328}]",True
Places365_val_00035726.jpg,/Users/aidahamzic/PycharmProjects/PythonProject1/val_256/Places365_val_00035726.jpg,highway,street,trailer truck,0.3801,"[{""rank"": 1, ""label"": ""trailer truck"", ""confidence"": 0.3801}, {""rank"": 2, ""label"": ""moving van"", ""confidence"": 0.052}, {""rank"": 3, ""label"": ""lakeside"", ""confidence"": 0.0512}, {""rank"": 4, ""label"": ""garbage truck"", ""confidence"": 0.0315}, {""rank"": 5, ""label"": ""mobile home"", ""confidence"": 0.0233}]",False
Places365_val_00035782.jpg,/Users/aidahamzic/PycharmProjects/PythonProject1/val_256/Places365_val_00035782.jpg,glacier,glacier,alp,0.7959,"[{""rank"": 1, ""label"": ""alp"", ""confidence"": 0.7959}, {""rank"": 2, ""label"": ""valley"", ""confidence"": 0.1535}, {""rank"": 3, ""label"": ""cliff"", ""confidence"": 0.0181}, {""rank"": 4, ""label"": ""promontory"", ""confidence"": 0.0071}, {""rank"": 5, ""label"": ""ibex"", ""confidence"": 0.0069}]",True
Places365_val_00035812.jpg,/Users/aidahamzic/PycharmProjects/PythonProject1/val_256/Places365_val_00035812.jpg,forest-broadleaf,forest,birdhouse,0.8812,"[{""rank"": 1, ""label"": ""birdhouse"", ""confidence"": 0.8812}, {""rank"": 2, ""label"": ""chime"", ""confidence"": 0.0983}, {""rank"": 3, ""label"": ""totem pole"", ""confidence"": 0.0035}, {""rank"": 4, ""label"": ""flute"", ""confidence"": 0.0025}, {""rank"": 5, ""label"": ""swing"", ""confidence"": 0.0024}]",True
Places365_val_00035814.jpg,/Users/aidahamzic/PycharmProjects/PythonProject1/val_256/Places365_val_00035814.jpg,tower,building,stupa,0.6704,"[{""rank"": 1, ""label"": ""stupa"", ""confidence"": 0.6704}, {""rank"": 2, ""label"": ""palace"", ""confidence"": 0.0643}, {""rank"": 3, ""label"": ""castle"", ""confidence"": 0.0297}, {""rank"": 4, ""label"": ""pickelhaube"", ""confidence"": 0.0222}, {""rank"": 5, ""label"": ""monastery"", ""confidence"": 0.0191}]",True
Places365_val_00035841.jpg,/Users/aidahamzic/PycharmProjects/PythonProject1/val_256/Places365_val_00035841.jpg,skyscraper,building,submarine,0.0989,"[{""rank"": 1, ""label"": ""submarine"", ""confidence"": 0.0989}, {""rank"": 2, ""label"": ""dock"", ""confidence"": 0.0699}, {""rank"": 3, ""label"": ""breakwater"", ""confidence"": 0.0585}, {""rank"": 4, ""label"": ""lakeside"", ""confidence"": 0.0563}, {""rank"": 5, ""label"": ""airship"", ""confidence"": 0.0508}]",False
Places365_val_00035899.jpg,/Users/aidahamzic/PycharmProjects/PythonProject1/val_256/Places365_val_00035899.jpg,downtown,building,lakeside,0.7484,"[{""rank"": 1, ""label"": ""lakeside"", ""confidence"": 0.7484}, {""rank"": 2, ""label"": ""seashore"", ""confidence"": 0.1491}, {""rank"": 3, ""label"": ""dock"", ""confidence"": 0.0117}, {""rank"": 4, ""label"": ""sandbar"", ""confidence"": 0.0106}, {""rank"": 5, ""label"": ""valley"", ""confidence"": 0.0105}]",False
Places365_val_00035912.jpg,/Users/aidahamzic/PycharmProjects/PythonProject1/val_256/Places365_val_00035912.jpg,tower,building,pedestal,0.7019,"[{""rank"": 1, ""label"": ""pedestal"", ""confidence"": 0.7019}, {""rank"": 2, ""label"": ""bell cote"", ""confidence"": 0.1286}, {""rank"": 3, ""label"": ""dome"", ""confidence"": 0.033}, {""rank"": 4, ""label"": ""monastery"", ""confidence"": 0.0218}, {""rank"": 5, ""label"": ""flagpole"", ""confidence"": 0.0197}]",True
Places365_val_00035918.jpg,/Users/aidahamzic/PycharmProjects/PythonProject1/val_256/Places365_val_00035918.jpg,downtown,building,lakeside,0.6058,"[{""rank"": 1, ""label"": ""lakeside"", ""confidence"": 0.6058}, {""rank"": 2, ""label"": ""canoe"", ""confidence"": 0.2209}, {""rank"": 3, ""label"": ""boathouse"", ""confidence"": 0.0428}, {""rank"": 4, ""label"": ""breakwater"", ""confidence"": 0.0277}, {""rank"": 5, ""label"": ""paddle"", ""confidence"": 0.0224}]",True
Places365_val_00035925.jpg,/Users/aidahamzic/PycharmProjects/PythonProject1/val_256/Places365_val_00035925.jpg,highway,street,traffic light,0.2384,"[{""rank"": 1, ""label"": ""traffic light"", ""confidence"": 0.2384}, {""rank"": 2, ""label"": ""trailer truck"", ""confidence"": 0.1848}, {""rank"": 3, ""label"": ""flagpole"", ""confidence"": 0.0506}, {""rank"": 4, ""label"": ""solar dish"", ""confidence"": 0.0385}, {""rank"": 5, ""label"": ""pole"", ""confidence"": 0.0376}]",False
Places365_val_00035950.jpg,/Users/aidahamzic/PycharmProjects/PythonProject1/val_256/Places365_val_00035950.jpg,river,water,paddle,0.4305,"[{""rank"": 1, ""label"": ""paddle"", ""confidence"": 0.4305}, {""rank"": 2, ""label"": ""canoe"", ""confidence"": 0.3045}, {""rank"": 3, ""label"": ""speedboat"", ""confidence"": 0.031}, {""rank"": 4, ""label"": ""Chesapeake Bay retriever"", ""confidence"": 0.0246}, {""rank"": 5, ""label"": ""snorkel"", ""confidence"": 0.0215}]",True
Places365_val_00035962.jpg,/Users/aidahamzic/PycharmProjects/PythonProject1/val_256/Places365_val_00035962.jpg,skyscraper,building,mosque,0.1473,"[{""rank"": 1, ""label"": ""mosque"", ""confidence"": 0.1473}, {""rank"": 2, ""label"": ""bell cote"", ""confidence"": 0.0889}, {""rank"": 3, ""label"": ""window screen"", ""confidence"": 0.0852}, {""rank"": 4, ""label"": ""triumphal arch"", ""confidence"": 0.079}, {""rank"": 5, ""label"": ""dome"", ""confidence"": 0.0753}]",True
Places365_val_00036039.jpg,/Users/aidahamzic/PycharmProjects/PythonProject1/val_256/Places365_val_00036039.jpg,hotel-outdoor,building,cab,0.4903,"[{""rank"": 1, ""label"": ""cab"", ""confidence"": 0.4903}, {""rank"": 2, ""label"": ""streetcar"", ""confidence"": 0.1057}, {""rank"": 3, ""label"": ""traffic light"", ""confidence"": 0.0829}, {""rank"": 4, ""label"": ""street sign"", ""confidence"": 0.0317}, {""rank"": 5, ""label"": ""trolleybus"", ""confidence"": 0.0241}]",False
Places365_val_00036076.jpg,/Users/aidahamzic/PycharmProjects/PythonProject1/val_256/Places365_val_00036076.jpg,coast,water,seashore,0.1828,"[{""rank"": 1, ""label"": ""seashore"", ""confidence"": 0.1828}, {""rank"": 2, ""label"": ""leatherback turtle"", ""confidence"": 0.1289}, {""rank"": 3, ""label"": ""promontory"", ""confidence"": 0.0915}, {""rank"": 4, ""label"": ""sea lion"", ""confidence"": 0.0907}, {""rank"": 5, ""label"": ""snorkel"", ""confidence"": 0.0603}]",True
Places365_val_00036086.jpg,/Users/aidahamzic/PycharmProjects/PythonProject1/val_256/Places365_val_00036086.jpg,glacier,glacier,promontory,0.5983,"[{""rank"": 1, ""label"": ""promontory"", ""confidence"": 0.5983}, {""rank"": 2, ""label"": ""seashore"", ""confidence"": 0.1767}, {""rank"": 3, ""label"": ""sandbar"", ""confidence"": 0.0566}, {""rank"": 4, ""label"": ""volcano"", ""confidence"": 0.0312}, {""rank"": 5, ""label"": ""lakeside"", ""confidence"": 0.0272}]",True
Places365_val_00036203.jpg,/Users/aidahamzic/PycharmProjects/PythonProject1/val_256/Places365_val_00036203.jpg,hotel-outdoor,building,crib,0.2666,"[{""rank"": 1, ""label"": ""crib"", ""confidence"": 0.2666}, {""rank"": 2, ""label"": ""window shade"", ""confidence"": 0.2253}, {""rank"": 3, ""label"": ""studio couch"", ""confidence"": 0.0975}, {""rank"": 4, ""label"": ""shower curtain"", ""confidence"": 0.0885}, {""rank"": 5, ""label"": ""quilt"", ""confidence"": 0.0579}]",False
Places365_val_00036208.jpg,/Users/aidahamzic/PycharmProjects/PythonProject1/val_256/Places365_val_00036208.jpg,hotel-outdoor,building,cinema,0.3528,"[{""rank"": 1, ""label"": ""cinema"", ""confidence"": 0.3528}, {""rank"": 2, ""label"": ""library"", ""confidence"": 0.1393}, {""rank"": 3, ""label"": ""tobacco shop"", ""confidence"": 0.0973}, {""rank"": 4, ""label"": ""restaurant"", ""confidence"": 0.0921}, {""rank"": 5, ""label"": ""palace"", ""confidence"": 0.0758}]",True
Places365_val_00036272.jpg,/Users/aidahamzic/PycharmProjects/PythonProject1/val_256/Places365_val_00036272.jpg,downtown,building,pier,0.1031,"[{""rank"": 1, ""label"": ""pier"", ""confidence"": 0.1031}, {""rank"": 2, ""label"": ""patio"", ""confidence"": 0.0781}, {""rank"": 3, ""label"": ""obelisk"", ""confidence"": 0.0551}, {""rank"": 4, ""label"": ""dock"", ""confidence"": 0.0426}, {""rank"": 5, ""label"": ""submarine"", ""confidence"": 0.0416}]",True
Places365_val_00036275.jpg,/Users/aidahamzic/PycharmProjects/PythonProject1/val_256/Places365_val_00036275.jpg,coast,water,West Highland white terrier,0.5957,"[{""rank"": 1, ""label"": ""West Highland white terrier"", ""confidence"": 0.5957}, {""rank"": 2, ""label"": ""kuvasz"", ""confidence"": 0.0352}, {""rank"": 3, ""label"": ""soft-coated wheaten terrier"", ""confidence"": 0.0327}, {""rank"": 4, ""label"": ""Lakeland terrier"", ""confidence"": 0.0297}, {""rank"": 5, ""label"": ""Great Pyrenees"", ""confidence"": 0.027}]",False
Places365_val_00036298.jpg,/Users/aidahamzic/PycharmProjects/PythonProject1/val_256/Places365_val_00036298.jpg,coast,water,seashore,0.5209,"[{""rank"": 1, ""label"": ""seashore"", ""confidence"": 0.5209}, {""rank"": 2, ""label"": ""sandbar"", ""confidence"": 0.4114}, {""rank"": 3, ""label"": ""sarong"", ""confidence"": 0.0191}, {""rank"": 4, ""label"": ""lakeside"", ""confidence"": 0.0104}, {""rank"": 5, ""label"": ""maillot tank suit"", ""confidence"": 0.0088}]",True
Places365_val_00036314.jpg,/Users/aidahamzic/PycharmProjects/PythonProject1/val_256/Places365_val_00036314.jpg,glacier,glacier,alp,0.8042,"[{""rank"": 1, ""label"": ""alp"", ""confidence"": 0.8042}, {""rank"": 2, ""label"": ""valley"", ""confidence"": 0.0501}, {""rank"": 3, ""label"": ""mountain tent"", ""confidence"": 0.0357}, {""rank"": 4, ""label"": ""lakeside"", ""confidence"": 0.0253}, {""rank"": 5, ""label"": ""volcano"", ""confidence"": 0.0141}]",True
Places365_val_00036344.jpg,/Users/aidahamzic/PycharmProjects/PythonProject1/val_256/Places365_val_00036344.jpg,mountain,mountain,valley,0.6588,"[{""rank"": 1, ""label"": ""valley"", ""confidence"": 0.6588}, {""rank"": 2, ""label"": ""alp"", ""confidence"": 0.1325}, {""rank"": 3, ""label"": ""cliff"", ""confidence"": 0.0587}, {""rank"": 4, ""label"": ""promontory"", ""confidence"": 0.0408}, {""rank"": 5, ""label"": ""volcano"", ""confidence"": 0.0167}]",True
Places365_val_00036356.jpg,/Users/aidahamzic/PycharmProjects/PythonProject1/val_256/Places365_val_00036356.jpg,hotel-outdoor,building,lakeside,0.6442,"[{""rank"": 1, ""label"": ""lakeside"", ""confidence"": 0.6442}, {""rank"": 2, ""label"": ""seashore"", ""confidence"": 0.0935}, {""rank"": 3, ""label"": ""boathouse"", ""confidence"": 0.0417}, {""rank"": 4, ""label"": ""valley"", ""confidence"": 0.0299}, {""rank"": 5, ""label"": ""castle"", ""confidence"": 0.0173}]",True
Places365_val_00036392.jpg,/Users/aidahamzic/PycharmProjects/PythonProject1/val_256/Places365_val_00036392.jpg,street,street,stretcher,0.242,"[{""rank"": 1, ""label"": ""stretcher"", ""confidence"": 0.242}, {""rank"": 2, ""label"": ""rugby ball"", ""confidence"": 0.0644}, {""rank"": 3, ""label"": ""knee pad"", ""confidence"": 0.0621}, {""rank"": 4, ""label"": ""torch"", ""confidence"": 0.0526}, {""rank"": 5, ""label"": ""neck brace"", ""confidence"": 0.0428}]",False
Places365_val_00036417.jpg,/Users/aidahamzic/PycharmProjects/PythonProject1/val_256/Places365_val_00036417.jpg,highway,street,mosque,0.9626,"[{""rank"": 1, ""label"": ""mosque"", ""confidence"": 0.9626}, {""rank"": 2, ""label"": ""obelisk"", ""confidence"": 0.0155}, {""rank"": 3, ""label"": ""dome"", ""confidence"": 0.004}, {""rank"": 4, ""label"": ""planetarium"", ""confidence"": 0.0034}, {""rank"": 5, ""label"": ""stupa"", ""confidence"": 0.0033}]",False
Places365_val_00036424.jpg,/Users/aidahamzic/PycharmProjects/PythonProject1/val_256/Places365_val_00036424.jpg,downtown,building,palace,0.8253,"[{""rank"": 1, ""label"": ""palace"", ""confidence"": 0.8253}, {""rank"": 2, ""label"": ""castle"", ""confidence"": 0.0404}, {""rank"": 3, ""label"": ""monastery"", ""confidence"": 0.0277}, {""rank"": 4, ""label"": ""mosque"", ""confidence"": 0.0143}, {""rank"": 5, ""label"": ""triumphal arch"", ""confidence"": 0.0111}]",True
Places365_val_00036449.jpg,/Users/aidahamzic/PycharmProjects/PythonProject1/val_256/Places365_val_00036449.jpg,tower,building,cinema,0.354,"[{""rank"": 1, ""label"": ""cinema"", ""confidence"": 0.354}, {""rank"": 2, ""label"": ""monitor"", ""confidence"": 0.0722}, {""rank"": 3, ""label"": ""palace"", ""confidence"": 0.0513}, {""rank"": 4, ""label"": ""castle"", ""confidence"": 0.0458}, {""rank"": 5, ""label"": ""scoreboard"", ""confidence"": 0.0386}]",True
Places365_val_00036456.jpg,/Users/aidahamzic/PycharmProjects/PythonProject1/val_256/Places365_val_00036456.jpg,street,street,prison,0.3381,"[{""rank"": 1, ""label"": ""prison"", ""confidence"": 0.3381}, {""rank"": 2, ""label"": ""mosque"", ""confidence"": 0.1351}, {""rank"": 3, ""label"": ""streetcar"", ""confidence"": 0.0682}, {""rank"": 4, ""label"": ""vault"", ""confidence"": 0.0648}, {""rank"": 5, ""label"": ""trolleybus"", ""confidence"": 0.0562}]",True
