image_name,image_path,true_scene_label,thesis_class,predicted_label,confidence,top5_predictions,semantically_aligned
Places365_val_00000045.jpg,/Users/aidahamzic/PycharmProjects/PythonProject1/val_256/Places365_val_00000045.jpg,skyscraper,building,dome,0.4898,"[{""rank"": 1, ""label"": ""dome"", ""confidence"": 0.4898}, {""rank"": 2, ""label"": ""planetarium"", ""confidence"": 0.3449}, {""rank"": 3, ""label"": ""solar dish"", ""confidence"": 0.1393}, {""rank"": 4, ""label"": ""grille"", ""confidence"": 0.0019}, {""rank"": 5, ""label"": ""greenhouse"", ""confidence"": 0.0017}]",True
Places365_val_00000143.jpg,/Users/aidahamzic/PycharmProjects/PythonProject1/val_256/Places365_val_00000143.jpg,house,building,thatch,0.3086,"[{""rank"": 1, ""label"": ""thatch"", ""confidence"": 0.3086}, {""rank"": 2, ""label"": ""picket fence"", ""confidence"": 0.1133}, {""rank"": 3, ""label"": ""maypole"", ""confidence"": 0.0722}, {""rank"": 4, ""label"": ""palace"", ""confidence"": 0.0524}, {""rank"": 5, ""label"": ""church"", ""confidence"": 0.0321}]",True
Places365_val_00000214.jpg,/Users/aidahamzic/PycharmProjects/PythonProject1/val_256/Places365_val_00000214.jpg,house,building,tile roof,0.4911,"[{""rank"": 1, ""label"": ""tile roof"", ""confidence"": 0.4911}, {""rank"": 2, ""label"": ""monastery"", ""confidence"": 0.2312}, {""rank"": 3, ""label"": ""dome"", ""confidence"": 0.1062}, {""rank"": 4, ""label"": ""bell cote"", ""confidence"": 0.048}, {""rank"": 5, ""label"": ""church"", ""confidence"": 0.0445}]",True
Places365_val_00000740.jpg,/Users/aidahamzic/PycharmProjects/PythonProject1/val_256/Places365_val_00000740.jpg,skyscraper,building,castle,0.5038,"[{""rank"": 1, ""label"": ""castle"", ""confidence"": 0.5038}, {""rank"": 2, ""label"": ""valley"", ""confidence"": 0.0808}, {""rank"": 3, ""label"": ""church"", ""confidence"": 0.0737}, {""rank"": 4, ""label"": ""viaduct"", ""confidence"": 0.0416}, {""rank"": 5, ""label"": ""alp"", ""confidence"": 0.0368}]",True
Places365_val_00000963.jpg,/Users/aidahamzic/PycharmProjects/PythonProject1/val_256/Places365_val_00000963.jpg,house,building,patio,0.1869,"[{""rank"": 1, ""label"": ""patio"", ""confidence"": 0.1869}, {""rank"": 2, ""label"": ""monastery"", ""confidence"": 0.1808}, {""rank"": 3, ""label"": ""tile roof"", ""confidence"": 0.158}, {""rank"": 4, ""label"": ""mobile home"", ""confidence"": 0.1047}, {""rank"": 5, ""label"": ""solar dish"", ""confidence"": 0.0596}]",True
Places365_val_00000975.jpg,/Users/aidahamzic/PycharmProjects/PythonProject1/val_256/Places365_val_00000975.jpg,house,building,castle,0.6986,"[{""rank"": 1, ""label"": ""castle"", ""confidence"": 0.6986}, {""rank"": 2, ""label"": ""megalith"", ""confidence"": 0.0888}, {""rank"": 3, ""label"": ""alp"", ""confidence"": 0.0527}, {""rank"": 4, ""label"": ""stone wall"", ""confidence"": 0.0364}, {""rank"": 5, ""label"": ""ibex"", ""confidence"": 0.016}]",True
Places365_val_00001149.jpg,/Users/aidahamzic/PycharmProjects/PythonProject1/val_256/Places365_val_00001149.jpg,house,building,boathouse,0.8054,"[{""rank"": 1, ""label"": ""boathouse"", ""confidence"": 0.8054}, {""rank"": 2, ""label"": ""lakeside"", ""confidence"": 0.1447}, {""rank"": 3, ""label"": ""palace"", ""confidence"": 0.0348}, {""rank"": 4, ""label"": ""paddlewheel"", ""confidence"": 0.0056}, {""rank"": 5, ""label"": ""dock"", ""confidence"": 0.0015}]",True
Places365_val_00001265.jpg,/Users/aidahamzic/PycharmProjects/PythonProject1/val_256/Places365_val_00001265.jpg,skyscraper,building,cinema,0.1392,"[{""rank"": 1, ""label"": ""cinema"", ""confidence"": 0.1392}, {""rank"": 2, ""label"": ""missile"", ""confidence"": 0.0486}, {""rank"": 3, ""label"": ""panpipe"", ""confidence"": 0.0482}, {""rank"": 4, ""label"": ""projectile"", ""confidence"": 0.0408}, {""rank"": 5, ""label"": ""church"", ""confidence"": 0.031}]",True
Places365_val_00001392.jpg,/Users/aidahamzic/PycharmProjects/PythonProject1/val_256/Places365_val_00001392.jpg,house,building,monastery,0.5124,"[{""rank"": 1, ""label"": ""monastery"", ""confidence"": 0.5124}, {""rank"": 2, ""label"": ""castle"", ""confidence"": 0.1101}, {""rank"": 3, ""label"": ""barn"", ""confidence"": 0.0764}, {""rank"": 4, ""label"": ""church"", ""confidence"": 0.0671}, {""rank"": 5, ""label"": ""apiary"", ""confidence"": 0.0544}]",True
Places365_val_00001412.jpg,/Users/aidahamzic/PycharmProjects/PythonProject1/val_256/Places365_val_00001412.jpg,house,building,trolleybus,0.1324,"[{""rank"": 1, ""label"": ""trolleybus"", ""confidence"": 0.1324}, {""rank"": 2, ""label"": ""cinema"", ""confidence"": 0.1026}, {""rank"": 3, ""label"": ""palace"", ""confidence"": 0.0947}, {""rank"": 4, ""label"": ""prison"", ""confidence"": 0.0904}, {""rank"": 5, ""label"": ""passenger car"", ""confidence"": 0.0768}]",True
Places365_val_00001422.jpg,/Users/aidahamzic/PycharmProjects/PythonProject1/val_256/Places365_val_00001422.jpg,skyscraper,building,palace,0.1273,"[{""rank"": 1, ""label"": ""palace"", ""confidence"": 0.1273}, {""rank"": 2, ""label"": ""castle"", ""confidence"": 0.0956}, {""rank"": 3, ""label"": ""obelisk"", ""confidence"": 0.08}, {""rank"": 4, ""label"": ""airship"", ""confidence"": 0.0754}, {""rank"": 5, ""label"": ""fountain"", ""confidence"": 0.0558}]",True
Places365_val_00001643.jpg,/Users/aidahamzic/PycharmProjects/PythonProject1/val_256/Places365_val_00001643.jpg,house,building,worm fence,0.2532,"[{""rank"": 1, ""label"": ""worm fence"", ""confidence"": 0.2532}, {""rank"": 2, ""label"": ""mobile home"", ""confidence"": 0.1612}, {""rank"": 3, ""label"": ""boathouse"", ""confidence"": 0.0403}, {""rank"": 4, ""label"": ""lakeside"", ""confidence"": 0.0378}, {""rank"": 5, ""label"": ""barn"", ""confidence"": 0.0345}]",True
Places365_val_00001890.jpg,/Users/aidahamzic/PycharmProjects/PythonProject1/val_256/Places365_val_00001890.jpg,skyscraper,building,airship,0.0768,"[{""rank"": 1, ""label"": ""airship"", ""confidence"": 0.0768}, {""rank"": 2, ""label"": ""cinema"", ""confidence"": 0.0767}, {""rank"": 3, ""label"": ""limousine"", ""confidence"": 0.0712}, {""rank"": 4, ""label"": ""fireboat"", ""confidence"": 0.0697}, {""rank"": 5, ""label"": ""pier"", ""confidence"": 0.032}]",True
Places365_val_00002081.jpg,/Users/aidahamzic/PycharmProjects/PythonProject1/val_256/Places365_val_00002081.jpg,skyscraper,building,bell cote,0.2336,"[{""rank"": 1, ""label"": ""bell cote"", ""confidence"": 0.2336}, {""rank"": 2, ""label"": ""obelisk"", ""confidence"": 0.1783}, {""rank"": 3, ""label"": ""triumphal arch"", ""confidence"": 0.1259}, {""rank"": 4, ""label"": ""steel arch bridge"", ""confidence"": 0.1169}, {""rank"": 5, ""label"": ""church"", ""confidence"": 0.0539}]",True
Places365_val_00002130.jpg,/Users/aidahamzic/PycharmProjects/PythonProject1/val_256/Places365_val_00002130.jpg,house,building,restaurant,0.2928,"[{""rank"": 1, ""label"": ""restaurant"", ""confidence"": 0.2928}, {""rank"": 2, ""label"": ""tobacco shop"", ""confidence"": 0.1151}, {""rank"": 3, ""label"": ""cinema"", ""confidence"": 0.0854}, {""rank"": 4, ""label"": ""trolleybus"", ""confidence"": 0.0813}, {""rank"": 5, ""label"": ""barbershop"", ""confidence"": 0.044}]",True
Places365_val_00002255.jpg,/Users/aidahamzic/PycharmProjects/PythonProject1/val_256/Places365_val_00002255.jpg,house,building,prison,0.3613,"[{""rank"": 1, ""label"": ""prison"", ""confidence"": 0.3613}, {""rank"": 2, ""label"": ""mobile home"", ""confidence"": 0.1199}, {""rank"": 3, ""label"": ""church"", ""confidence"": 0.0649}, {""rank"": 4, ""label"": ""monastery"", ""confidence"": 0.0623}, {""rank"": 5, ""label"": ""flagpole"", ""confidence"": 0.0458}]",True
Places365_val_00002379.jpg,/Users/aidahamzic/PycharmProjects/PythonProject1/val_256/Places365_val_00002379.jpg,house,building,boathouse,0.3224,"[{""rank"": 1, ""label"": ""boathouse"", ""confidence"": 0.3224}, {""rank"": 2, ""label"": ""thatch"", ""confidence"": 0.2626}, {""rank"": 3, ""label"": ""mobile home"", ""confidence"": 0.147}, {""rank"": 4, ""label"": ""barn"", ""confidence"": 0.0281}, {""rank"": 5, ""label"": ""worm fence"", ""confidence"": 0.0258}]",True
Places365_val_00002456.jpg,/Users/aidahamzic/PycharmProjects/PythonProject1/val_256/Places365_val_00002456.jpg,skyscraper,building,solar dish,0.3994,"[{""rank"": 1, ""label"": ""solar dish"", ""confidence"": 0.3994}, {""rank"": 2, ""label"": ""flagpole"", ""confidence"": 0.1636}, {""rank"": 3, ""label"": ""bell cote"", ""confidence"": 0.037}, {""rank"": 4, ""label"": ""pier"", ""confidence"": 0.0348}, {""rank"": 5, ""label"": ""suspension bridge"", ""confidence"": 0.0246}]",True
Places365_val_00002543.jpg,/Users/aidahamzic/PycharmProjects/PythonProject1/val_256/Places365_val_00002543.jpg,house,building,picket fence,0.8721,"[{""rank"": 1, ""label"": ""picket fence"", ""confidence"": 0.8721}, {""rank"": 2, ""label"": ""worm fence"", ""confidence"": 0.0621}, {""rank"": 3, ""label"": ""patio"", ""confidence"": 0.0198}, {""rank"": 4, ""label"": ""mobile home"", ""confidence"": 0.012}, {""rank"": 5, ""label"": ""prison"", ""confidence"": 0.0077}]",True
Places365_val_00002612.jpg,/Users/aidahamzic/PycharmProjects/PythonProject1/val_256/Places365_val_00002612.jpg,skyscraper,building,dome,0.2834,"[{""rank"": 1, ""label"": ""dome"", ""confidence"": 0.2834}, {""rank"": 2, ""label"": ""planetarium"", ""confidence"": 0.1307}, {""rank"": 3, ""label"": ""solar dish"", ""confidence"": 0.0925}, {""rank"": 4, ""label"": ""steel arch bridge"", ""confidence"": 0.0835}, {""rank"": 5, ""label"": ""bell cote"", ""confidence"": 0.0391}]",True
Places365_val_00003060.jpg,/Users/aidahamzic/PycharmProjects/PythonProject1/val_256/Places365_val_00003060.jpg,skyscraper,building,steel arch bridge,0.2251,"[{""rank"": 1, ""label"": ""steel arch bridge"", ""confidence"": 0.2251}, {""rank"": 2, ""label"": ""pier"", ""confidence"": 0.107}, {""rank"": 3, ""label"": ""flagpole"", ""confidence"": 0.107}, {""rank"": 4, ""label"": ""window screen"", ""confidence"": 0.0634}, {""rank"": 5, ""label"": ""fireboat"", ""confidence"": 0.0448}]",True
Places365_val_00003142.jpg,/Users/aidahamzic/PycharmProjects/PythonProject1/val_256/Places365_val_00003142.jpg,skyscraper,building,obelisk,0.4158,"[{""rank"": 1, ""label"": ""obelisk"", ""confidence"": 0.4158}, {""rank"": 2, ""label"": ""trimaran"", ""confidence"": 0.1552}, {""rank"": 3, ""label"": ""fireboat"", ""confidence"": 0.0818}, {""rank"": 4, ""label"": ""pier"", ""confidence"": 0.0524}, {""rank"": 5, ""label"": ""beacon"", ""confidence"": 0.0299}]",True
Places365_val_00003669.jpg,/Users/aidahamzic/PycharmProjects/PythonProject1/val_256/Places365_val_00003669.jpg,house,building,boathouse,0.3284,"[{""rank"": 1, ""label"": ""boathouse"", ""confidence"": 0.3284}, {""rank"": 2, ""label"": ""mobile home"", ""confidence"": 0.2197}, {""rank"": 3, ""label"": ""picket fence"", ""confidence"": 0.1227}, {""rank"": 4, ""label"": ""worm fence"", ""confidence"": 0.0976}, {""rank"": 5, ""label"": ""thatch"", ""confidence"": 0.0385}]",True
Places365_val_00003918.jpg,/Users/aidahamzic/PycharmProjects/PythonProject1/val_256/Places365_val_00003918.jpg,skyscraper,building,monastery,0.2401,"[{""rank"": 1, ""label"": ""monastery"", ""confidence"": 0.2401}, {""rank"": 2, ""label"": ""altar"", ""confidence"": 0.147}, {""rank"": 3, ""label"": ""dome"", ""confidence"": 0.1134}, {""rank"": 4, ""label"": ""palace"", ""confidence"": 0.0854}, {""rank"": 5, ""label"": ""jigsaw puzzle"", ""confidence"": 0.075}]",True
Places365_val_00004243.jpg,/Users/aidahamzic/PycharmProjects/PythonProject1/val_256/Places365_val_00004243.jpg,house,building,prison,0.1019,"[{""rank"": 1, ""label"": ""prison"", ""confidence"": 0.1019}, {""rank"": 2, ""label"": ""monastery"", ""confidence"": 0.0789}, {""rank"": 3, ""label"": ""solar dish"", ""confidence"": 0.0698}, {""rank"": 4, ""label"": ""flagpole"", ""confidence"": 0.049}, {""rank"": 5, ""label"": ""cinema"", ""confidence"": 0.043}]",True
Places365_val_00004422.jpg,/Users/aidahamzic/PycharmProjects/PythonProject1/val_256/Places365_val_00004422.jpg,house,building,mobile home,0.9009,"[{""rank"": 1, ""label"": ""mobile home"", ""confidence"": 0.9009}, {""rank"": 2, ""label"": ""patio"", ""confidence"": 0.0722}, {""rank"": 3, ""label"": ""window screen"", ""confidence"": 0.0053}, {""rank"": 4, ""label"": ""window shade"", ""confidence"": 0.0034}, {""rank"": 5, ""label"": ""sliding door"", ""confidence"": 0.0032}]",True
Places365_val_00004766.jpg,/Users/aidahamzic/PycharmProjects/PythonProject1/val_256/Places365_val_00004766.jpg,house,building,prison,0.6525,"[{""rank"": 1, ""label"": ""prison"", ""confidence"": 0.6525}, {""rank"": 2, ""label"": ""worm fence"", ""confidence"": 0.1029}, {""rank"": 3, ""label"": ""castle"", ""confidence"": 0.084}, {""rank"": 4, ""label"": ""barn"", ""confidence"": 0.0367}, {""rank"": 5, ""label"": ""church"", ""confidence"": 0.0294}]",True
Places365_val_00004818.jpg,/Users/aidahamzic/PycharmProjects/PythonProject1/val_256/Places365_val_00004818.jpg,house,building,boathouse,0.4384,"[{""rank"": 1, ""label"": ""boathouse"", ""confidence"": 0.4384}, {""rank"": 2, ""label"": ""mobile home"", ""confidence"": 0.2824}, {""rank"": 3, ""label"": ""patio"", ""confidence"": 0.0379}, {""rank"": 4, ""label"": ""restaurant"", ""confidence"": 0.0266}, {""rank"": 5, ""label"": ""lakeside"", ""confidence"": 0.0212}]",True
Places365_val_00004954.jpg,/Users/aidahamzic/PycharmProjects/PythonProject1/val_256/Places365_val_00004954.jpg,skyscraper,building,solar dish,0.4897,"[{""rank"": 1, ""label"": ""solar dish"", ""confidence"": 0.4897}, {""rank"": 2, ""label"": ""flagpole"", ""confidence"": 0.0961}, {""rank"": 3, ""label"": ""tile roof"", ""confidence"": 0.0672}, {""rank"": 4, ""label"": ""planetarium"", ""confidence"": 0.0337}, {""rank"": 5, ""label"": ""church"", ""confidence"": 0.0335}]",True
Places365_val_00005120.jpg,/Users/aidahamzic/PycharmProjects/PythonProject1/val_256/Places365_val_00005120.jpg,house,building,mosque,0.2246,"[{""rank"": 1, ""label"": ""mosque"", ""confidence"": 0.2246}, {""rank"": 2, ""label"": ""monastery"", ""confidence"": 0.1076}, {""rank"": 3, ""label"": ""palace"", ""confidence"": 0.1046}, {""rank"": 4, ""label"": ""beacon"", ""confidence"": 0.097}, {""rank"": 5, ""label"": ""lakeside"", ""confidence"": 0.047}]",True
Places365_val_00005259.jpg,/Users/aidahamzic/PycharmProjects/PythonProject1/val_256/Places365_val_00005259.jpg,skyscraper,building,airship,0.0908,"[{""rank"": 1, ""label"": ""airship"", ""confidence"": 0.0908}, {""rank"": 2, ""label"": ""palace"", ""confidence"": 0.0756}, {""rank"": 3, ""label"": ""lakeside"", ""confidence"": 0.0756}, {""rank"": 4, ""label"": ""submarine"", ""confidence"": 0.0503}, {""rank"": 5, ""label"": ""mosque"", ""confidence"": 0.0417}]",True
Places365_val_00005858.jpg,/Users/aidahamzic/PycharmProjects/PythonProject1/val_256/Places365_val_00005858.jpg,house,building,mobile home,0.1491,"[{""rank"": 1, ""label"": ""mobile home"", ""confidence"": 0.1491}, {""rank"": 2, ""label"": ""planetarium"", ""confidence"": 0.1411}, {""rank"": 3, ""label"": ""palace"", ""confidence"": 0.0863}, {""rank"": 4, ""label"": ""lakeside"", ""confidence"": 0.0835}, {""rank"": 5, ""label"": ""boathouse"", ""confidence"": 0.0699}]",True
Places365_val_00005953.jpg,/Users/aidahamzic/PycharmProjects/PythonProject1/val_256/Places365_val_00005953.jpg,skyscraper,building,organ,0.1389,"[{""rank"": 1, ""label"": ""organ"", ""confidence"": 0.1389}, {""rank"": 2, ""label"": ""solar dish"", ""confidence"": 0.1292}, {""rank"": 3, ""label"": ""bell cote"", ""confidence"": 0.0781}, {""rank"": 4, ""label"": ""flagpole"", ""confidence"": 0.0745}, {""rank"": 5, ""label"": ""cinema"", ""confidence"": 0.0439}]",True
Places365_val_00005976.jpg,/Users/aidahamzic/PycharmProjects/PythonProject1/val_256/Places365_val_00005976.jpg,skyscraper,building,castle,0.6133,"[{""rank"": 1, ""label"": ""castle"", ""confidence"": 0.6133}, {""rank"": 2, ""label"": ""cliff"", ""confidence"": 0.064}, {""rank"": 3, ""label"": ""seashore"", ""confidence"": 0.0588}, {""rank"": 4, ""label"": ""palace"", ""confidence"": 0.0587}, {""rank"": 5, ""label"": ""monastery"", ""confidence"": 0.0196}]",True
Places365_val_00006184.jpg,/Users/aidahamzic/PycharmProjects/PythonProject1/val_256/Places365_val_00006184.jpg,house,building,monastery,0.4855,"[{""rank"": 1, ""label"": ""monastery"", ""confidence"": 0.4855}, {""rank"": 2, ""label"": ""castle"", ""confidence"": 0.2673}, {""rank"": 3, ""label"": ""prison"", ""confidence"": 0.1498}, {""rank"": 4, ""label"": ""church"", ""confidence"": 0.0311}, {""rank"": 5, ""label"": ""palace"", ""confidence"": 0.0145}]",True
Places365_val_00006205.jpg,/Users/aidahamzic/PycharmProjects/PythonProject1/val_256/Places365_val_00006205.jpg,house,building,cinema,0.0854,"[{""rank"": 1, ""label"": ""cinema"", ""confidence"": 0.0854}, {""rank"": 2, ""label"": ""prison"", ""confidence"": 0.0846}, {""rank"": 3, ""label"": ""monastery"", ""confidence"": 0.0845}, {""rank"": 4, ""label"": ""crate"", ""confidence"": 0.0674}, {""rank"": 5, ""label"": ""moving van"", ""confidence"": 0.0665}]",True
Places365_val_00006220.jpg,/Users/aidahamzic/PycharmProjects/PythonProject1/val_256/Places365_val_00006220.jpg,skyscraper,building,planetarium,0.265,"[{""rank"": 1, ""label"": ""planetarium"", ""confidence"": 0.265}, {""rank"": 2, ""label"": ""radio telescope"", ""confidence"": 0.147}, {""rank"": 3, ""label"": ""coil"", ""confidence"": 0.1088}, {""rank"": 4, ""label"": ""rain barrel"", ""confidence"": 0.055}, {""rank"": 5, ""label"": ""dome"", ""confidence"": 0.049}]",True
Places365_val_00006240.jpg,/Users/aidahamzic/PycharmProjects/PythonProject1/val_256/Places365_val_00006240.jpg,skyscraper,building,greenhouse,0.1842,"[{""rank"": 1, ""label"": ""greenhouse"", ""confidence"": 0.1842}, {""rank"": 2, ""label"": ""dome"", ""confidence"": 0.127}, {""rank"": 3, ""label"": ""bell cote"", ""confidence"": 0.0641}, {""rank"": 4, ""label"": ""marimba"", ""confidence"": 0.0609}, {""rank"": 5, ""label"": ""church"", ""confidence"": 0.0488}]",True
Places365_val_00006287.jpg,/Users/aidahamzic/PycharmProjects/PythonProject1/val_256/Places365_val_00006287.jpg,house,building,monastery,0.2372,"[{""rank"": 1, ""label"": ""monastery"", ""confidence"": 0.2372}, {""rank"": 2, ""label"": ""castle"", ""confidence"": 0.1923}, {""rank"": 3, ""label"": ""church"", ""confidence"": 0.1126}, {""rank"": 4, ""label"": ""barn"", ""confidence"": 0.0521}, {""rank"": 5, ""label"": ""worm fence"", ""confidence"": 0.0517}]",True
Places365_val_00006394.jpg,/Users/aidahamzic/PycharmProjects/PythonProject1/val_256/Places365_val_00006394.jpg,house,building,church,0.2008,"[{""rank"": 1, ""label"": ""church"", ""confidence"": 0.2008}, {""rank"": 2, ""label"": ""barn"", ""confidence"": 0.1597}, {""rank"": 3, ""label"": ""bell cote"", ""confidence"": 0.1117}, {""rank"": 4, ""label"": ""monastery"", ""confidence"": 0.1008}, {""rank"": 5, ""label"": ""boathouse"", ""confidence"": 0.0566}]",True
Places365_val_00006504.jpg,/Users/aidahamzic/PycharmProjects/PythonProject1/val_256/Places365_val_00006504.jpg,house,building,picket fence,0.7703,"[{""rank"": 1, ""label"": ""picket fence"", ""confidence"": 0.7703}, {""rank"": 2, ""label"": ""mobile home"", ""confidence"": 0.2209}, {""rank"": 3, ""label"": ""worm fence"", ""confidence"": 0.0023}, {""rank"": 4, ""label"": ""patio"", ""confidence"": 0.0017}, {""rank"": 5, ""label"": ""bannister"", ""confidence"": 0.0006}]",True
Places365_val_00006708.jpg,/Users/aidahamzic/PycharmProjects/PythonProject1/val_256/Places365_val_00006708.jpg,skyscraper,building,bell cote,0.1944,"[{""rank"": 1, ""label"": ""bell cote"", ""confidence"": 0.1944}, {""rank"": 2, ""label"": ""traffic light"", ""confidence"": 0.0833}, {""rank"": 3, ""label"": ""turnstile"", ""confidence"": 0.0691}, {""rank"": 4, ""label"": ""flagpole"", ""confidence"": 0.0541}, {""rank"": 5, ""label"": ""palace"", ""confidence"": 0.0478}]",True
Places365_val_00007006.jpg,/Users/aidahamzic/PycharmProjects/PythonProject1/val_256/Places365_val_00007006.jpg,house,building,church,0.6499,"[{""rank"": 1, ""label"": ""church"", ""confidence"": 0.6499}, {""rank"": 2, ""label"": ""bell cote"", ""confidence"": 0.1476}, {""rank"": 3, ""label"": ""monastery"", ""confidence"": 0.1057}, {""rank"": 4, ""label"": ""castle"", ""confidence"": 0.032}, {""rank"": 5, ""label"": ""barn"", ""confidence"": 0.0137}]",True
Places365_val_00007275.jpg,/Users/aidahamzic/PycharmProjects/PythonProject1/val_256/Places365_val_00007275.jpg,house,building,planetarium,0.1588,"[{""rank"": 1, ""label"": ""planetarium"", ""confidence"": 0.1588}, {""rank"": 2, ""label"": ""prison"", ""confidence"": 0.0779}, {""rank"": 3, ""label"": ""barn"", ""confidence"": 0.074}, {""rank"": 4, ""label"": ""beacon"", ""confidence"": 0.0632}, {""rank"": 5, ""label"": ""cinema"", ""confidence"": 0.0516}]",True
Places365_val_00007396.jpg,/Users/aidahamzic/PycharmProjects/PythonProject1/val_256/Places365_val_00007396.jpg,house,building,palace,0.1689,"[{""rank"": 1, ""label"": ""palace"", ""confidence"": 0.1689}, {""rank"": 2, ""label"": ""planetarium"", ""confidence"": 0.083}, {""rank"": 3, ""label"": ""mosque"", ""confidence"": 0.0716}, {""rank"": 4, ""label"": ""church"", ""confidence"": 0.0552}, {""rank"": 5, ""label"": ""dome"", ""confidence"": 0.0478}]",True
Places365_val_00007469.jpg,/Users/aidahamzic/PycharmProjects/PythonProject1/val_256/Places365_val_00007469.jpg,house,building,mobile home,0.774,"[{""rank"": 1, ""label"": ""mobile home"", ""confidence"": 0.774}, {""rank"": 2, ""label"": ""worm fence"", ""confidence"": 0.1308}, {""rank"": 3, ""label"": ""barn"", ""confidence"": 0.0407}, {""rank"": 4, ""label"": ""boathouse"", ""confidence"": 0.0132}, {""rank"": 5, ""label"": ""picket fence"", ""confidence"": 0.0105}]",True
Places365_val_00008109.jpg,/Users/aidahamzic/PycharmProjects/PythonProject1/val_256/Places365_val_00008109.jpg,house,building,mobile home,0.8285,"[{""rank"": 1, ""label"": ""mobile home"", ""confidence"": 0.8285}, {""rank"": 2, ""label"": ""picket fence"", ""confidence"": 0.0448}, {""rank"": 3, ""label"": ""snowmobile"", ""confidence"": 0.0307}, {""rank"": 4, ""label"": ""recreational vehicle"", ""confidence"": 0.0104}, {""rank"": 5, ""label"": ""patio"", ""confidence"": 0.0092}]",True
Places365_val_00008266.jpg,/Users/aidahamzic/PycharmProjects/PythonProject1/val_256/Places365_val_00008266.jpg,skyscraper,building,church,0.3823,"[{""rank"": 1, ""label"": ""church"", ""confidence"": 0.3823}, {""rank"": 2, ""label"": ""obelisk"", ""confidence"": 0.1686}, {""rank"": 3, ""label"": ""tile roof"", ""confidence"": 0.0672}, {""rank"": 4, ""label"": ""bell cote"", ""confidence"": 0.0391}, {""rank"": 5, ""label"": ""flagpole"", ""confidence"": 0.0391}]",True
Places365_val_00008274.jpg,/Users/aidahamzic/PycharmProjects/PythonProject1/val_256/Places365_val_00008274.jpg,skyscraper,building,castle,0.186,"[{""rank"": 1, ""label"": ""castle"", ""confidence"": 0.186}, {""rank"": 2, ""label"": ""fountain"", ""confidence"": 0.1086}, {""rank"": 3, ""label"": ""palace"", ""confidence"": 0.0772}, {""rank"": 4, ""label"": ""drilling platform"", ""confidence"": 0.0742}, {""rank"": 5, ""label"": ""bell cote"", ""confidence"": 0.0581}]",True
Places365_val_00008327.jpg,/Users/aidahamzic/PycharmProjects/PythonProject1/val_256/Places365_val_00008327.jpg,house,building,monastery,0.3281,"[{""rank"": 1, ""label"": ""monastery"", ""confidence"": 0.3281}, {""rank"": 2, ""label"": ""bell cote"", ""confidence"": 0.1083}, {""rank"": 3, ""label"": ""church"", ""confidence"": 0.0943}, {""rank"": 4, ""label"": ""boathouse"", ""confidence"": 0.0475}, {""rank"": 5, ""label"": ""patio"", ""confidence"": 0.0409}]",True
Places365_val_00008463.jpg,/Users/aidahamzic/PycharmProjects/PythonProject1/val_256/Places365_val_00008463.jpg,house,building,patio,0.7329,"[{""rank"": 1, ""label"": ""patio"", ""confidence"": 0.7329}, {""rank"": 2, ""label"": ""solar dish"", ""confidence"": 0.0443}, {""rank"": 3, ""label"": ""worm fence"", ""confidence"": 0.0325}, {""rank"": 4, ""label"": ""boathouse"", ""confidence"": 0.0202}, {""rank"": 5, ""label"": ""mobile home"", ""confidence"": 0.0153}]",True
Places365_val_00008588.jpg,/Users/aidahamzic/PycharmProjects/PythonProject1/val_256/Places365_val_00008588.jpg,skyscraper,building,ear,0.2417,"[{""rank"": 1, ""label"": ""ear"", ""confidence"": 0.2417}, {""rank"": 2, ""label"": ""palace"", ""confidence"": 0.1318}, {""rank"": 3, ""label"": ""seashore"", ""confidence"": 0.1299}, {""rank"": 4, ""label"": ""drilling platform"", ""confidence"": 0.0779}, {""rank"": 5, ""label"": ""aircraft carrier"", ""confidence"": 0.0745}]",True
Places365_val_00008882.jpg,/Users/aidahamzic/PycharmProjects/PythonProject1/val_256/Places365_val_00008882.jpg,house,building,patio,0.2989,"[{""rank"": 1, ""label"": ""patio"", ""confidence"": 0.2989}, {""rank"": 2, ""label"": ""thatch"", ""confidence"": 0.2656}, {""rank"": 3, ""label"": ""boathouse"", ""confidence"": 0.0873}, {""rank"": 4, ""label"": ""tile roof"", ""confidence"": 0.0625}, {""rank"": 5, ""label"": ""mobile home"", ""confidence"": 0.0427}]",True
Places365_val_00009085.jpg,/Users/aidahamzic/PycharmProjects/PythonProject1/val_256/Places365_val_00009085.jpg,house,building,monastery,0.8086,"[{""rank"": 1, ""label"": ""monastery"", ""confidence"": 0.8086}, {""rank"": 2, ""label"": ""mosque"", ""confidence"": 0.0526}, {""rank"": 3, ""label"": ""church"", ""confidence"": 0.0333}, {""rank"": 4, ""label"": ""palace"", ""confidence"": 0.0308}, {""rank"": 5, ""label"": ""mobile home"", ""confidence"": 0.0234}]",True
Places365_val_00009253.jpg,/Users/aidahamzic/PycharmProjects/PythonProject1/val_256/Places365_val_00009253.jpg,house,building,solar dish,0.2266,"[{""rank"": 1, ""label"": ""solar dish"", ""confidence"": 0.2266}, {""rank"": 2, ""label"": ""barn"", ""confidence"": 0.2253}, {""rank"": 3, ""label"": ""boathouse"", ""confidence"": 0.2235}, {""rank"": 4, ""label"": ""mobile home"", ""confidence"": 0.0722}, {""rank"": 5, ""label"": ""patio"", ""confidence"": 0.0435}]",True
Places365_val_00009616.jpg,/Users/aidahamzic/PycharmProjects/PythonProject1/val_256/Places365_val_00009616.jpg,house,building,boathouse,0.3754,"[{""rank"": 1, ""label"": ""boathouse"", ""confidence"": 0.3754}, {""rank"": 2, ""label"": ""lakeside"", ""confidence"": 0.1054}, {""rank"": 3, ""label"": ""alp"", ""confidence"": 0.0676}, {""rank"": 4, ""label"": ""barn"", ""confidence"": 0.0398}, {""rank"": 5, ""label"": ""church"", ""confidence"": 0.0287}]",True
Places365_val_00010689.jpg,/Users/aidahamzic/PycharmProjects/PythonProject1/val_256/Places365_val_00010689.jpg,house,building,solar dish,0.1543,"[{""rank"": 1, ""label"": ""solar dish"", ""confidence"": 0.1543}, {""rank"": 2, ""label"": ""mobile home"", ""confidence"": 0.1187}, {""rank"": 3, ""label"": ""greenhouse"", ""confidence"": 0.1136}, {""rank"": 4, ""label"": ""boathouse"", ""confidence"": 0.1051}, {""rank"": 5, ""label"": ""dam"", ""confidence"": 0.064}]",True
Places365_val_00010709.jpg,/Users/aidahamzic/PycharmProjects/PythonProject1/val_256/Places365_val_00010709.jpg,skyscraper,building,cinema,0.937,"[{""rank"": 1, ""label"": ""cinema"", ""confidence"": 0.937}, {""rank"": 2, ""label"": ""bell cote"", ""confidence"": 0.0059}, {""rank"": 3, ""label"": ""scoreboard"", ""confidence"": 0.0055}, {""rank"": 4, ""label"": ""cab"", ""confidence"": 0.0038}, {""rank"": 5, ""label"": ""street sign"", ""confidence"": 0.0032}]",True
Places365_val_00011237.jpg,/Users/aidahamzic/PycharmProjects/PythonProject1/val_256/Places365_val_00011237.jpg,house,building,thatch,1.0,"[{""rank"": 1, ""label"": ""thatch"", ""confidence"": 1.0}, {""rank"": 2, ""label"": ""monastery"", ""confidence"": 0.0}, {""rank"": 3, ""label"": ""boathouse"", ""confidence"": 0.0}, {""rank"": 4, ""label"": ""bell cote"", ""confidence"": 0.0}, {""rank"": 5, ""label"": ""tile roof"", ""confidence"": 0.0}]",True
Places365_val_00011723.jpg,/Users/aidahamzic/PycharmProjects/PythonProject1/val_256/Places365_val_00011723.jpg,skyscraper,building,prison,0.6454,"[{""rank"": 1, ""label"": ""prison"", ""confidence"": 0.6454}, {""rank"": 2, ""label"": ""palace"", ""confidence"": 0.0558}, {""rank"": 3, ""label"": ""bell cote"", ""confidence"": 0.0438}, {""rank"": 4, ""label"": ""library"", ""confidence"": 0.031}, {""rank"": 5, ""label"": ""scoreboard"", ""confidence"": 0.0293}]",True
Places365_val_00011750.jpg,/Users/aidahamzic/PycharmProjects/PythonProject1/val_256/Places365_val_00011750.jpg,skyscraper,building,lakeside,0.1308,"[{""rank"": 1, ""label"": ""lakeside"", ""confidence"": 0.1308}, {""rank"": 2, ""label"": ""castle"", ""confidence"": 0.116}, {""rank"": 3, ""label"": ""fireboat"", ""confidence"": 0.0932}, {""rank"": 4, ""label"": ""breakwater"", ""confidence"": 0.0563}, {""rank"": 5, ""label"": ""pier"", ""confidence"": 0.0551}]",True
Places365_val_00011791.jpg,/Users/aidahamzic/PycharmProjects/PythonProject1/val_256/Places365_val_00011791.jpg,skyscraper,building,dam,0.2214,"[{""rank"": 1, ""label"": ""dam"", ""confidence"": 0.2214}, {""rank"": 2, ""label"": ""viaduct"", ""confidence"": 0.0988}, {""rank"": 3, ""label"": ""steel arch bridge"", ""confidence"": 0.0918}, {""rank"": 4, ""label"": ""prison"", ""confidence"": 0.0739}, {""rank"": 5, ""label"": ""church"", ""confidence"": 0.0517}]",True
Places365_val_00012056.jpg,/Users/aidahamzic/PycharmProjects/PythonProject1/val_256/Places365_val_00012056.jpg,house,building,planetarium,0.1168,"[{""rank"": 1, ""label"": ""planetarium"", ""confidence"": 0.1168}, {""rank"": 2, ""label"": ""water tower"", ""confidence"": 0.1072}, {""rank"": 3, ""label"": ""mobile home"", ""confidence"": 0.0909}, {""rank"": 4, ""label"": ""solar dish"", ""confidence"": 0.0697}, {""rank"": 5, ""label"": ""beacon"", ""confidence"": 0.0627}]",True
Places365_val_00012483.jpg,/Users/aidahamzic/PycharmProjects/PythonProject1/val_256/Places365_val_00012483.jpg,house,building,barn,0.2351,"[{""rank"": 1, ""label"": ""barn"", ""confidence"": 0.2351}, {""rank"": 2, ""label"": ""thatch"", ""confidence"": 0.1992}, {""rank"": 3, ""label"": ""prison"", ""confidence"": 0.1978}, {""rank"": 4, ""label"": ""monastery"", ""confidence"": 0.116}, {""rank"": 5, ""label"": ""boathouse"", ""confidence"": 0.038}]",True
Places365_val_00012601.jpg,/Users/aidahamzic/PycharmProjects/PythonProject1/val_256/Places365_val_00012601.jpg,skyscraper,building,schooner,0.2047,"[{""rank"": 1, ""label"": ""schooner"", ""confidence"": 0.2047}, {""rank"": 2, ""label"": ""pier"", ""confidence"": 0.1324}, {""rank"": 3, ""label"": ""yawl"", ""confidence"": 0.1069}, {""rank"": 4, ""label"": ""trimaran"", ""confidence"": 0.0974}, {""rank"": 5, ""label"": ""suspension bridge"", ""confidence"": 0.0963}]",True
Places365_val_00013018.jpg,/Users/aidahamzic/PycharmProjects/PythonProject1/val_256/Places365_val_00013018.jpg,house,building,bell cote,0.3557,"[{""rank"": 1, ""label"": ""bell cote"", ""confidence"": 0.3557}, {""rank"": 2, ""label"": ""thatch"", ""confidence"": 0.0712}, {""rank"": 3, ""label"": ""tile roof"", ""confidence"": 0.0642}, {""rank"": 4, ""label"": ""tobacco shop"", ""confidence"": 0.0444}, {""rank"": 5, ""label"": ""restaurant"", ""confidence"": 0.0382}]",True
Places365_val_00013167.jpg,/Users/aidahamzic/PycharmProjects/PythonProject1/val_256/Places365_val_00013167.jpg,skyscraper,building,solar dish,0.9834,"[{""rank"": 1, ""label"": ""solar dish"", ""confidence"": 0.9834}, {""rank"": 2, ""label"": ""bell cote"", ""confidence"": 0.0027}, {""rank"": 3, ""label"": ""flagpole"", ""confidence"": 0.0021}, {""rank"": 4, ""label"": ""prison"", ""confidence"": 0.0021}, {""rank"": 5, ""label"": ""pier"", ""confidence"": 0.0015}]",True
Places365_val_00013262.jpg,/Users/aidahamzic/PycharmProjects/PythonProject1/val_256/Places365_val_00013262.jpg,skyscraper,building,palace,0.2511,"[{""rank"": 1, ""label"": ""palace"", ""confidence"": 0.2511}, {""rank"": 2, ""label"": ""obelisk"", ""confidence"": 0.115}, {""rank"": 3, ""label"": ""castle"", ""confidence"": 0.0913}, {""rank"": 4, ""label"": ""church"", ""confidence"": 0.0531}, {""rank"": 5, ""label"": ""monastery"", ""confidence"": 0.0515}]",True
Places365_val_00013291.jpg,/Users/aidahamzic/PycharmProjects/PythonProject1/val_256/Places365_val_00013291.jpg,house,building,picket fence,0.3575,"[{""rank"": 1, ""label"": ""picket fence"", ""confidence"": 0.3575}, {""rank"": 2, ""label"": ""mobile home"", ""confidence"": 0.1517}, {""rank"": 3, ""label"": ""castle"", ""confidence"": 0.066}, {""rank"": 4, ""label"": ""worm fence"", ""confidence"": 0.0523}, {""rank"": 5, ""label"": ""solar dish"", ""confidence"": 0.0294}]",True
Places365_val_00013623.jpg,/Users/aidahamzic/PycharmProjects/PythonProject1/val_256/Places365_val_00013623.jpg,house,building,church,0.5119,"[{""rank"": 1, ""label"": ""church"", ""confidence"": 0.5119}, {""rank"": 2, ""label"": ""bell cote"", ""confidence"": 0.4364}, {""rank"": 3, ""label"": ""monastery"", ""confidence"": 0.0217}, {""rank"": 4, ""label"": ""castle"", ""confidence"": 0.014}, {""rank"": 5, ""label"": ""viaduct"", ""confidence"": 0.0078}]",True
Places365_val_00013626.jpg,/Users/aidahamzic/PycharmProjects/PythonProject1/val_256/Places365_val_00013626.jpg,skyscraper,building,prison,0.1599,"[{""rank"": 1, ""label"": ""prison"", ""confidence"": 0.1599}, {""rank"": 2, ""label"": ""toilet seat"", ""confidence"": 0.0593}, {""rank"": 3, ""label"": ""mosque"", ""confidence"": 0.0498}, {""rank"": 4, ""label"": ""planetarium"", ""confidence"": 0.0473}, {""rank"": 5, ""label"": ""palace"", ""confidence"": 0.0464}]",True
Places365_val_00013976.jpg,/Users/aidahamzic/PycharmProjects/PythonProject1/val_256/Places365_val_00013976.jpg,skyscraper,building,beacon,0.2167,"[{""rank"": 1, ""label"": ""beacon"", ""confidence"": 0.2167}, {""rank"": 2, ""label"": ""pier"", ""confidence"": 0.1121}, {""rank"": 3, ""label"": ""suspension bridge"", ""confidence"": 0.1089}, {""rank"": 4, ""label"": ""scoreboard"", ""confidence"": 0.1011}, {""rank"": 5, ""label"": ""liner"", ""confidence"": 0.0632}]",True
Places365_val_00013980.jpg,/Users/aidahamzic/PycharmProjects/PythonProject1/val_256/Places365_val_00013980.jpg,skyscraper,building,bell cote,0.5064,"[{""rank"": 1, ""label"": ""bell cote"", ""confidence"": 0.5064}, {""rank"": 2, ""label"": ""palace"", ""confidence"": 0.0537}, {""rank"": 3, ""label"": ""solar dish"", ""confidence"": 0.044}, {""rank"": 4, ""label"": ""monastery"", ""confidence"": 0.0397}, {""rank"": 5, ""label"": ""cinema"", ""confidence"": 0.0258}]",True
Places365_val_00014384.jpg,/Users/aidahamzic/PycharmProjects/PythonProject1/val_256/Places365_val_00014384.jpg,skyscraper,building,dam,0.3893,"[{""rank"": 1, ""label"": ""dam"", ""confidence"": 0.3893}, {""rank"": 2, ""label"": ""steel arch bridge"", ""confidence"": 0.1043}, {""rank"": 3, ""label"": ""suspension bridge"", ""confidence"": 0.0895}, {""rank"": 4, ""label"": ""alp"", ""confidence"": 0.0381}, {""rank"": 5, ""label"": ""viaduct"", ""confidence"": 0.0296}]",True
Places365_val_00014826.jpg,/Users/aidahamzic/PycharmProjects/PythonProject1/val_256/Places365_val_00014826.jpg,house,building,cinema,0.0794,"[{""rank"": 1, ""label"": ""cinema"", ""confidence"": 0.0794}, {""rank"": 2, ""label"": ""barbershop"", ""confidence"": 0.0678}, {""rank"": 3, ""label"": ""bookshop"", ""confidence"": 0.0599}, {""rank"": 4, ""label"": ""paddlewheel"", ""confidence"": 0.0461}, {""rank"": 5, ""label"": ""restaurant"", ""confidence"": 0.0457}]",True
Places365_val_00014995.jpg,/Users/aidahamzic/PycharmProjects/PythonProject1/val_256/Places365_val_00014995.jpg,skyscraper,building,dome,0.7663,"[{""rank"": 1, ""label"": ""dome"", ""confidence"": 0.7663}, {""rank"": 2, ""label"": ""planetarium"", ""confidence"": 0.1521}, {""rank"": 3, ""label"": ""bell cote"", ""confidence"": 0.023}, {""rank"": 4, ""label"": ""mosque"", ""confidence"": 0.0188}, {""rank"": 5, ""label"": ""palace"", ""confidence"": 0.011}]",True
Places365_val_00015774.jpg,/Users/aidahamzic/PycharmProjects/PythonProject1/val_256/Places365_val_00015774.jpg,house,building,monastery,0.4069,"[{""rank"": 1, ""label"": ""monastery"", ""confidence"": 0.4069}, {""rank"": 2, ""label"": ""thatch"", ""confidence"": 0.1861}, {""rank"": 3, ""label"": ""prison"", ""confidence"": 0.0652}, {""rank"": 4, ""label"": ""church"", ""confidence"": 0.0456}, {""rank"": 5, ""label"": ""picket fence"", ""confidence"": 0.0438}]",True
Places365_val_00015938.jpg,/Users/aidahamzic/PycharmProjects/PythonProject1/val_256/Places365_val_00015938.jpg,house,building,mobile home,0.3322,"[{""rank"": 1, ""label"": ""mobile home"", ""confidence"": 0.3322}, {""rank"": 2, ""label"": ""boathouse"", ""confidence"": 0.3188}, {""rank"": 3, ""label"": ""barn"", ""confidence"": 0.2008}, {""rank"": 4, ""label"": ""birdhouse"", ""confidence"": 0.0262}, {""rank"": 5, ""label"": ""beacon"", ""confidence"": 0.0191}]",True
Places365_val_00016203.jpg,/Users/aidahamzic/PycharmProjects/PythonProject1/val_256/Places365_val_00016203.jpg,skyscraper,building,palace,0.1185,"[{""rank"": 1, ""label"": ""palace"", ""confidence"": 0.1185}, {""rank"": 2, ""label"": ""dock"", ""confidence"": 0.0748}, {""rank"": 3, ""label"": ""dome"", ""confidence"": 0.0314}, {""rank"": 4, ""label"": ""airship"", ""confidence"": 0.0291}, {""rank"": 5, ""label"": ""submarine"", ""confidence"": 0.0275}]",True
Places365_val_00016245.jpg,/Users/aidahamzic/PycharmProjects/PythonProject1/val_256/Places365_val_00016245.jpg,house,building,boathouse,0.5502,"[{""rank"": 1, ""label"": ""boathouse"", ""confidence"": 0.5502}, {""rank"": 2, ""label"": ""mobile home"", ""confidence"": 0.0959}, {""rank"": 3, ""label"": ""birdhouse"", ""confidence"": 0.0501}, {""rank"": 4, ""label"": ""lakeside"", ""confidence"": 0.0448}, {""rank"": 5, ""label"": ""church"", ""confidence"": 0.0322}]",True
Places365_val_00017153.jpg,/Users/aidahamzic/PycharmProjects/PythonProject1/val_256/Places365_val_00017153.jpg,skyscraper,building,bell cote,0.4287,"[{""rank"": 1, ""label"": ""bell cote"", ""confidence"": 0.4287}, {""rank"": 2, ""label"": ""church"", ""confidence"": 0.0763}, {""rank"": 3, ""label"": ""beacon"", ""confidence"": 0.0702}, {""rank"": 4, ""label"": ""radio telescope"", ""confidence"": 0.0597}, {""rank"": 5, ""label"": ""planetarium"", ""confidence"": 0.042}]",True
Places365_val_00017360.jpg,/Users/aidahamzic/PycharmProjects/PythonProject1/val_256/Places365_val_00017360.jpg,house,building,mobile home,0.743,"[{""rank"": 1, ""label"": ""mobile home"", ""confidence"": 0.743}, {""rank"": 2, ""label"": ""picket fence"", ""confidence"": 0.1282}, {""rank"": 3, ""label"": ""church"", ""confidence"": 0.0603}, {""rank"": 4, ""label"": ""worm fence"", ""confidence"": 0.0094}, {""rank"": 5, ""label"": ""monastery"", ""confidence"": 0.0088}]",True
Places365_val_00017489.jpg,/Users/aidahamzic/PycharmProjects/PythonProject1/val_256/Places365_val_00017489.jpg,house,building,boathouse,0.5573,"[{""rank"": 1, ""label"": ""boathouse"", ""confidence"": 0.5573}, {""rank"": 2, ""label"": ""lakeside"", ""confidence"": 0.1552}, {""rank"": 3, ""label"": ""palace"", ""confidence"": 0.0469}, {""rank"": 4, ""label"": ""mobile home"", ""confidence"": 0.0324}, {""rank"": 5, ""label"": ""thatch"", ""confidence"": 0.0256}]",True
Places365_val_00017896.jpg,/Users/aidahamzic/PycharmProjects/PythonProject1/val_256/Places365_val_00017896.jpg,house,building,mobile home,0.2471,"[{""rank"": 1, ""label"": ""mobile home"", ""confidence"": 0.2471}, {""rank"": 2, ""label"": ""boathouse"", ""confidence"": 0.148}, {""rank"": 3, ""label"": ""church"", ""confidence"": 0.1256}, {""rank"": 4, ""label"": ""worm fence"", ""confidence"": 0.1083}, {""rank"": 5, ""label"": ""monastery"", ""confidence"": 0.0656}]",True
Places365_val_00017933.jpg,/Users/aidahamzic/PycharmProjects/PythonProject1/val_256/Places365_val_00017933.jpg,skyscraper,building,prison,0.093,"[{""rank"": 1, ""label"": ""prison"", ""confidence"": 0.093}, {""rank"": 2, ""label"": ""church"", ""confidence"": 0.0905}, {""rank"": 3, ""label"": ""cinema"", ""confidence"": 0.0576}, {""rank"": 4, ""label"": ""tile roof"", ""confidence"": 0.0554}, {""rank"": 5, ""label"": ""computer keyboard"", ""confidence"": 0.041}]",True
Places365_val_00017993.jpg,/Users/aidahamzic/PycharmProjects/PythonProject1/val_256/Places365_val_00017993.jpg,house,building,mobile home,0.4143,"[{""rank"": 1, ""label"": ""mobile home"", ""confidence"": 0.4143}, {""rank"": 2, ""label"": ""picket fence"", ""confidence"": 0.1117}, {""rank"": 3, ""label"": ""boathouse"", ""confidence"": 0.1061}, {""rank"": 4, ""label"": ""library"", ""confidence"": 0.0255}, {""rank"": 5, ""label"": ""barn"", ""confidence"": 0.0227}]",True
Places365_val_00018643.jpg,/Users/aidahamzic/PycharmProjects/PythonProject1/val_256/Places365_val_00018643.jpg,skyscraper,building,planetarium,0.1604,"[{""rank"": 1, ""label"": ""planetarium"", ""confidence"": 0.1604}, {""rank"": 2, ""label"": ""prison"", ""confidence"": 0.1088}, {""rank"": 3, ""label"": ""water tower"", ""confidence"": 0.0674}, {""rank"": 4, ""label"": ""solar dish"", ""confidence"": 0.0557}, {""rank"": 5, ""label"": ""palace"", ""confidence"": 0.0401}]",True
Places365_val_00018967.jpg,/Users/aidahamzic/PycharmProjects/PythonProject1/val_256/Places365_val_00018967.jpg,skyscraper,building,dome,0.2347,"[{""rank"": 1, ""label"": ""dome"", ""confidence"": 0.2347}, {""rank"": 2, ""label"": ""fountain"", ""confidence"": 0.1281}, {""rank"": 3, ""label"": ""solar dish"", ""confidence"": 0.1156}, {""rank"": 4, ""label"": ""volcano"", ""confidence"": 0.0838}, {""rank"": 5, ""label"": ""wing"", ""confidence"": 0.0813}]",True
Places365_val_00018985.jpg,/Users/aidahamzic/PycharmProjects/PythonProject1/val_256/Places365_val_00018985.jpg,house,building,mobile home,0.7298,"[{""rank"": 1, ""label"": ""mobile home"", ""confidence"": 0.7298}, {""rank"": 2, ""label"": ""picket fence"", ""confidence"": 0.1636}, {""rank"": 3, ""label"": ""worm fence"", ""confidence"": 0.0331}, {""rank"": 4, ""label"": ""boathouse"", ""confidence"": 0.0241}, {""rank"": 5, ""label"": ""solar dish"", ""confidence"": 0.0049}]",True
Places365_val_00019349.jpg,/Users/aidahamzic/PycharmProjects/PythonProject1/val_256/Places365_val_00019349.jpg,house,building,boathouse,0.6854,"[{""rank"": 1, ""label"": ""boathouse"", ""confidence"": 0.6854}, {""rank"": 2, ""label"": ""church"", ""confidence"": 0.0384}, {""rank"": 3, ""label"": ""lakeside"", ""confidence"": 0.0323}, {""rank"": 4, ""label"": ""monastery"", ""confidence"": 0.0254}, {""rank"": 5, ""label"": ""worm fence"", ""confidence"": 0.0223}]",True
Places365_val_00019510.jpg,/Users/aidahamzic/PycharmProjects/PythonProject1/val_256/Places365_val_00019510.jpg,house,building,boathouse,0.2978,"[{""rank"": 1, ""label"": ""boathouse"", ""confidence"": 0.2978}, {""rank"": 2, ""label"": ""patio"", ""confidence"": 0.15}, {""rank"": 3, ""label"": ""picket fence"", ""confidence"": 0.1212}, {""rank"": 4, ""label"": ""mobile home"", ""confidence"": 0.1176}, {""rank"": 5, ""label"": ""church"", ""confidence"": 0.0676}]",True
Places365_val_00019612.jpg,/Users/aidahamzic/PycharmProjects/PythonProject1/val_256/Places365_val_00019612.jpg,skyscraper,building,obelisk,0.3403,"[{""rank"": 1, ""label"": ""obelisk"", ""confidence"": 0.3403}, {""rank"": 2, ""label"": ""triumphal arch"", ""confidence"": 0.2492}, {""rank"": 3, ""label"": ""cab"", ""confidence"": 0.2314}, {""rank"": 4, ""label"": ""traffic light"", ""confidence"": 0.0801}, {""rank"": 5, ""label"": ""bell cote"", ""confidence"": 0.05}]",True
Places365_val_00019729.jpg,/Users/aidahamzic/PycharmProjects/PythonProject1/val_256/Places365_val_00019729.jpg,skyscraper,building,fountain,0.8151,"[{""rank"": 1, ""label"": ""fountain"", ""confidence"": 0.8151}, {""rank"": 2, ""label"": ""geyser"", ""confidence"": 0.0414}, {""rank"": 3, ""label"": ""lakeside"", ""confidence"": 0.0311}, {""rank"": 4, ""label"": ""boathouse"", ""confidence"": 0.015}, {""rank"": 5, ""label"": ""palace"", ""confidence"": 0.0104}]",True
Places365_val_00019785.jpg,/Users/aidahamzic/PycharmProjects/PythonProject1/val_256/Places365_val_00019785.jpg,skyscraper,building,fountain,0.1991,"[{""rank"": 1, ""label"": ""fountain"", ""confidence"": 0.1991}, {""rank"": 2, ""label"": ""pier"", ""confidence"": 0.0725}, {""rank"": 3, ""label"": ""cab"", ""confidence"": 0.0646}, {""rank"": 4, ""label"": ""dock"", ""confidence"": 0.0548}, {""rank"": 5, ""label"": ""fireboat"", ""confidence"": 0.0396}]",True
Places365_val_00020250.jpg,/Users/aidahamzic/PycharmProjects/PythonProject1/val_256/Places365_val_00020250.jpg,skyscraper,building,restaurant,0.1505,"[{""rank"": 1, ""label"": ""restaurant"", ""confidence"": 0.1505}, {""rank"": 2, ""label"": ""library"", ""confidence"": 0.082}, {""rank"": 3, ""label"": ""horse cart"", ""confidence"": 0.0642}, {""rank"": 4, ""label"": ""palace"", ""confidence"": 0.0472}, {""rank"": 5, ""label"": ""park bench"", ""confidence"": 0.041}]",True
Places365_val_00020253.jpg,/Users/aidahamzic/PycharmProjects/PythonProject1/val_256/Places365_val_00020253.jpg,skyscraper,building,maze,0.2496,"[{""rank"": 1, ""label"": ""maze"", ""confidence"": 0.2496}, {""rank"": 2, ""label"": ""window shade"", ""confidence"": 0.0776}, {""rank"": 3, ""label"": ""worm fence"", ""confidence"": 0.06}, {""rank"": 4, ""label"": ""library"", ""confidence"": 0.0471}, {""rank"": 5, ""label"": ""patio"", ""confidence"": 0.0439}]",True
Places365_val_00020465.jpg,/Users/aidahamzic/PycharmProjects/PythonProject1/val_256/Places365_val_00020465.jpg,house,building,mobile home,0.8854,"[{""rank"": 1, ""label"": ""mobile home"", ""confidence"": 0.8854}, {""rank"": 2, ""label"": ""patio"", ""confidence"": 0.0671}, {""rank"": 3, ""label"": ""solar dish"", ""confidence"": 0.012}, {""rank"": 4, ""label"": ""picket fence"", ""confidence"": 0.0112}, {""rank"": 5, ""label"": ""window screen"", ""confidence"": 0.0039}]",True
Places365_val_00020761.jpg,/Users/aidahamzic/PycharmProjects/PythonProject1/val_256/Places365_val_00020761.jpg,house,building,mobile home,0.8296,"[{""rank"": 1, ""label"": ""mobile home"", ""confidence"": 0.8296}, {""rank"": 2, ""label"": ""boathouse"", ""confidence"": 0.0462}, {""rank"": 3, ""label"": ""recreational vehicle"", ""confidence"": 0.016}, {""rank"": 4, ""label"": ""limousine"", ""confidence"": 0.0145}, {""rank"": 5, ""label"": ""worm fence"", ""confidence"": 0.0142}]",True
Places365_val_00020928.jpg,/Users/aidahamzic/PycharmProjects/PythonProject1/val_256/Places365_val_00020928.jpg,skyscraper,building,scoreboard,0.8281,"[{""rank"": 1, ""label"": ""scoreboard"", ""confidence"": 0.8281}, {""rank"": 2, ""label"": ""radio"", ""confidence"": 0.0191}, {""rank"": 3, ""label"": ""church"", ""confidence"": 0.0078}, {""rank"": 4, ""label"": ""container ship"", ""confidence"": 0.0064}, {""rank"": 5, ""label"": ""flagpole"", ""confidence"": 0.0061}]",True
Places365_val_00021089.jpg,/Users/aidahamzic/PycharmProjects/PythonProject1/val_256/Places365_val_00021089.jpg,house,building,window screen,0.1201,"[{""rank"": 1, ""label"": ""window screen"", ""confidence"": 0.1201}, {""rank"": 2, ""label"": ""monastery"", ""confidence"": 0.0785}, {""rank"": 3, ""label"": ""planetarium"", ""confidence"": 0.0566}, {""rank"": 4, ""label"": ""solar dish"", ""confidence"": 0.0532}, {""rank"": 5, ""label"": ""mobile home"", ""confidence"": 0.0395}]",True
Places365_val_00021111.jpg,/Users/aidahamzic/PycharmProjects/PythonProject1/val_256/Places365_val_00021111.jpg,skyscraper,building,castle,0.3935,"[{""rank"": 1, ""label"": ""castle"", ""confidence"": 0.3935}, {""rank"": 2, ""label"": ""liner"", ""confidence"": 0.1127}, {""rank"": 3, ""label"": ""drilling platform"", ""confidence"": 0.0859}, {""rank"": 4, ""label"": ""dock"", ""confidence"": 0.0831}, {""rank"": 5, ""label"": ""container ship"", ""confidence"": 0.0735}]",True
Places365_val_00021231.jpg,/Users/aidahamzic/PycharmProjects/PythonProject1/val_256/Places365_val_00021231.jpg,skyscraper,building,scoreboard,0.2274,"[{""rank"": 1, ""label"": ""scoreboard"", ""confidence"": 0.2274}, {""rank"": 2, ""label"": ""garbage truck"", ""confidence"": 0.196}, {""rank"": 3, ""label"": ""cassette"", ""confidence"": 0.1378}, {""rank"": 4, ""label"": ""trailer truck"", ""confidence"": 0.0942}, {""rank"": 5, ""label"": ""monitor"", ""confidence"": 0.0574}]",True
Places365_val_00021373.jpg,/Users/aidahamzic/PycharmProjects/PythonProject1/val_256/Places365_val_00021373.jpg,skyscraper,building,library,0.248,"[{""rank"": 1, ""label"": ""library"", ""confidence"": 0.248}, {""rank"": 2, ""label"": ""vault"", ""confidence"": 0.0918}, {""rank"": 3, ""label"": ""dome"", ""confidence"": 0.0844}, {""rank"": 4, ""label"": ""lampshade"", ""confidence"": 0.0802}, {""rank"": 5, ""label"": ""church"", ""confidence"": 0.0451}]",True
Places365_val_00021705.jpg,/Users/aidahamzic/PycharmProjects/PythonProject1/val_256/Places365_val_00021705.jpg,house,building,mobile home,0.888,"[{""rank"": 1, ""label"": ""mobile home"", ""confidence"": 0.888}, {""rank"": 2, ""label"": ""recreational vehicle"", ""confidence"": 0.0661}, {""rank"": 3, ""label"": ""boathouse"", ""confidence"": 0.0133}, {""rank"": 4, ""label"": ""snowplow"", ""confidence"": 0.0037}, {""rank"": 5, ""label"": ""moving van"", ""confidence"": 0.0032}]",True
Places365_val_00022308.jpg,/Users/aidahamzic/PycharmProjects/PythonProject1/val_256/Places365_val_00022308.jpg,house,building,castle,0.4263,"[{""rank"": 1, ""label"": ""castle"", ""confidence"": 0.4263}, {""rank"": 2, ""label"": ""monastery"", ""confidence"": 0.2036}, {""rank"": 3, ""label"": ""palace"", ""confidence"": 0.1302}, {""rank"": 4, ""label"": ""bell cote"", ""confidence"": 0.0605}, {""rank"": 5, ""label"": ""church"", ""confidence"": 0.0579}]",True
Places365_val_00022421.jpg,/Users/aidahamzic/PycharmProjects/PythonProject1/val_256/Places365_val_00022421.jpg,house,building,castle,0.4789,"[{""rank"": 1, ""label"": ""castle"", ""confidence"": 0.4789}, {""rank"": 2, ""label"": ""church"", ""confidence"": 0.2817}, {""rank"": 3, ""label"": ""barn"", ""confidence"": 0.1587}, {""rank"": 4, ""label"": ""worm fence"", ""confidence"": 0.0131}, {""rank"": 5, ""label"": ""monastery"", ""confidence"": 0.0106}]",True
Places365_val_00022767.jpg,/Users/aidahamzic/PycharmProjects/PythonProject1/val_256/Places365_val_00022767.jpg,skyscraper,building,solar dish,0.2455,"[{""rank"": 1, ""label"": ""solar dish"", ""confidence"": 0.2455}, {""rank"": 2, ""label"": ""patio"", ""confidence"": 0.0617}, {""rank"": 3, ""label"": ""prison"", ""confidence"": 0.0362}, {""rank"": 4, ""label"": ""radiator"", ""confidence"": 0.0357}, {""rank"": 5, ""label"": ""bell cote"", ""confidence"": 0.0294}]",True
Places365_val_00022814.jpg,/Users/aidahamzic/PycharmProjects/PythonProject1/val_256/Places365_val_00022814.jpg,skyscraper,building,fountain,0.4008,"[{""rank"": 1, ""label"": ""fountain"", ""confidence"": 0.4008}, {""rank"": 2, ""label"": ""drilling platform"", ""confidence"": 0.0752}, {""rank"": 3, ""label"": ""dock"", ""confidence"": 0.0716}, {""rank"": 4, ""label"": ""castle"", ""confidence"": 0.0501}, {""rank"": 5, ""label"": ""picket fence"", ""confidence"": 0.0256}]",True
Places365_val_00022838.jpg,/Users/aidahamzic/PycharmProjects/PythonProject1/val_256/Places365_val_00022838.jpg,house,building,picket fence,0.2201,"[{""rank"": 1, ""label"": ""picket fence"", ""confidence"": 0.2201}, {""rank"": 2, ""label"": ""fountain"", ""confidence"": 0.1205}, {""rank"": 3, ""label"": ""palace"", ""confidence"": 0.1072}, {""rank"": 4, ""label"": ""church"", ""confidence"": 0.0513}, {""rank"": 5, ""label"": ""lakeside"", ""confidence"": 0.0388}]",True
Places365_val_00022993.jpg,/Users/aidahamzic/PycharmProjects/PythonProject1/val_256/Places365_val_00022993.jpg,skyscraper,building,library,0.2737,"[{""rank"": 1, ""label"": ""library"", ""confidence"": 0.2737}, {""rank"": 2, ""label"": ""prison"", ""confidence"": 0.1285}, {""rank"": 3, ""label"": ""scoreboard"", ""confidence"": 0.1008}, {""rank"": 4, ""label"": ""maze"", ""confidence"": 0.0588}, {""rank"": 5, ""label"": ""prayer rug"", ""confidence"": 0.0558}]",True
Places365_val_00023290.jpg,/Users/aidahamzic/PycharmProjects/PythonProject1/val_256/Places365_val_00023290.jpg,skyscraper,building,dome,0.2931,"[{""rank"": 1, ""label"": ""dome"", ""confidence"": 0.2931}, {""rank"": 2, ""label"": ""palace"", ""confidence"": 0.2132}, {""rank"": 3, ""label"": ""mosque"", ""confidence"": 0.1824}, {""rank"": 4, ""label"": ""monastery"", ""confidence"": 0.1118}, {""rank"": 5, ""label"": ""bell cote"", ""confidence"": 0.0368}]",True
Places365_val_00024671.jpg,/Users/aidahamzic/PycharmProjects/PythonProject1/val_256/Places365_val_00024671.jpg,house,building,boathouse,0.4675,"[{""rank"": 1, ""label"": ""boathouse"", ""confidence"": 0.4675}, {""rank"": 2, ""label"": ""mobile home"", ""confidence"": 0.2088}, {""rank"": 3, ""label"": ""worm fence"", ""confidence"": 0.0469}, {""rank"": 4, ""label"": ""church"", ""confidence"": 0.0354}, {""rank"": 5, ""label"": ""picket fence"", ""confidence"": 0.0344}]",True
Places365_val_00024851.jpg,/Users/aidahamzic/PycharmProjects/PythonProject1/val_256/Places365_val_00024851.jpg,house,building,monastery,0.148,"[{""rank"": 1, ""label"": ""monastery"", ""confidence"": 0.148}, {""rank"": 2, ""label"": ""patio"", ""confidence"": 0.0814}, {""rank"": 3, ""label"": ""palace"", ""confidence"": 0.0557}, {""rank"": 4, ""label"": ""lakeside"", ""confidence"": 0.0501}, {""rank"": 5, ""label"": ""boathouse"", ""confidence"": 0.0487}]",True
Places365_val_00025059.jpg,/Users/aidahamzic/PycharmProjects/PythonProject1/val_256/Places365_val_00025059.jpg,skyscraper,building,jigsaw puzzle,0.1623,"[{""rank"": 1, ""label"": ""jigsaw puzzle"", ""confidence"": 0.1623}, {""rank"": 2, ""label"": ""palace"", ""confidence"": 0.1442}, {""rank"": 3, ""label"": ""bell cote"", ""confidence"": 0.0863}, {""rank"": 4, ""label"": ""church"", ""confidence"": 0.0715}, {""rank"": 5, ""label"": ""book jacket"", ""confidence"": 0.057}]",True
Places365_val_00025194.jpg,/Users/aidahamzic/PycharmProjects/PythonProject1/val_256/Places365_val_00025194.jpg,skyscraper,building,church,0.2835,"[{""rank"": 1, ""label"": ""church"", ""confidence"": 0.2835}, {""rank"": 2, ""label"": ""palace"", ""confidence"": 0.086}, {""rank"": 3, ""label"": ""bell cote"", ""confidence"": 0.0533}, {""rank"": 4, ""label"": ""cinema"", ""confidence"": 0.0455}, {""rank"": 5, ""label"": ""fountain"", ""confidence"": 0.044}]",True
Places365_val_00025344.jpg,/Users/aidahamzic/PycharmProjects/PythonProject1/val_256/Places365_val_00025344.jpg,house,building,window screen,0.2431,"[{""rank"": 1, ""label"": ""window screen"", ""confidence"": 0.2431}, {""rank"": 2, ""label"": ""prison"", ""confidence"": 0.0701}, {""rank"": 3, ""label"": ""rain barrel"", ""confidence"": 0.0585}, {""rank"": 4, ""label"": ""bannister"", ""confidence"": 0.0479}, {""rank"": 5, ""label"": ""patio"", ""confidence"": 0.0459}]",True
Places365_val_00025442.jpg,/Users/aidahamzic/PycharmProjects/PythonProject1/val_256/Places365_val_00025442.jpg,skyscraper,building,pier,0.3095,"[{""rank"": 1, ""label"": ""pier"", ""confidence"": 0.3095}, {""rank"": 2, ""label"": ""mosque"", ""confidence"": 0.0753}, {""rank"": 3, ""label"": ""steel arch bridge"", ""confidence"": 0.0748}, {""rank"": 4, ""label"": ""suspension bridge"", ""confidence"": 0.06}, {""rank"": 5, ""label"": ""lakeside"", ""confidence"": 0.0443}]",True
Places365_val_00025761.jpg,/Users/aidahamzic/PycharmProjects/PythonProject1/val_256/Places365_val_00025761.jpg,skyscraper,building,dome,0.1964,"[{""rank"": 1, ""label"": ""dome"", ""confidence"": 0.1964}, {""rank"": 2, ""label"": ""mosque"", ""confidence"": 0.071}, {""rank"": 3, ""label"": ""airship"", ""confidence"": 0.0689}, {""rank"": 4, ""label"": ""umbrella"", ""confidence"": 0.0688}, {""rank"": 5, ""label"": ""planetarium"", ""confidence"": 0.0488}]",True
Places365_val_00025817.jpg,/Users/aidahamzic/PycharmProjects/PythonProject1/val_256/Places365_val_00025817.jpg,skyscraper,building,bell cote,0.1296,"[{""rank"": 1, ""label"": ""bell cote"", ""confidence"": 0.1296}, {""rank"": 2, ""label"": ""mosque"", ""confidence"": 0.1186}, {""rank"": 3, ""label"": ""palace"", ""confidence"": 0.1177}, {""rank"": 4, ""label"": ""flagpole"", ""confidence"": 0.0691}, {""rank"": 5, ""label"": ""pedestal"", ""confidence"": 0.062}]",True
Places365_val_00025965.jpg,/Users/aidahamzic/PycharmProjects/PythonProject1/val_256/Places365_val_00025965.jpg,skyscraper,building,bell cote,0.3154,"[{""rank"": 1, ""label"": ""bell cote"", ""confidence"": 0.3154}, {""rank"": 2, ""label"": ""monastery"", ""confidence"": 0.1472}, {""rank"": 3, ""label"": ""tile roof"", ""confidence"": 0.1135}, {""rank"": 4, ""label"": ""castle"", ""confidence"": 0.0879}, {""rank"": 5, ""label"": ""church"", ""confidence"": 0.0434}]",True
Places365_val_00026079.jpg,/Users/aidahamzic/PycharmProjects/PythonProject1/val_256/Places365_val_00026079.jpg,skyscraper,building,obelisk,0.2878,"[{""rank"": 1, ""label"": ""obelisk"", ""confidence"": 0.2878}, {""rank"": 2, ""label"": ""pier"", ""confidence"": 0.0748}, {""rank"": 3, ""label"": ""water tower"", ""confidence"": 0.0492}, {""rank"": 4, ""label"": ""pole"", ""confidence"": 0.0407}, {""rank"": 5, ""label"": ""steel arch bridge"", ""confidence"": 0.037}]",True
Places365_val_00026140.jpg,/Users/aidahamzic/PycharmProjects/PythonProject1/val_256/Places365_val_00026140.jpg,skyscraper,building,bell cote,0.2759,"[{""rank"": 1, ""label"": ""bell cote"", ""confidence"": 0.2759}, {""rank"": 2, ""label"": ""planetarium"", ""confidence"": 0.2425}, {""rank"": 3, ""label"": ""dome"", ""confidence"": 0.1408}, {""rank"": 4, ""label"": ""stupa"", ""confidence"": 0.1116}, {""rank"": 5, ""label"": ""beacon"", ""confidence"": 0.0636}]",True
Places365_val_00026150.jpg,/Users/aidahamzic/PycharmProjects/PythonProject1/val_256/Places365_val_00026150.jpg,house,building,thatch,0.2701,"[{""rank"": 1, ""label"": ""thatch"", ""confidence"": 0.2701}, {""rank"": 2, ""label"": ""monastery"", ""confidence"": 0.0801}, {""rank"": 3, ""label"": ""bell cote"", ""confidence"": 0.0769}, {""rank"": 4, ""label"": ""palace"", ""confidence"": 0.0599}, {""rank"": 5, ""label"": ""patio"", ""confidence"": 0.0528}]",True
Places365_val_00026313.jpg,/Users/aidahamzic/PycharmProjects/PythonProject1/val_256/Places365_val_00026313.jpg,house,building,monastery,0.2624,"[{""rank"": 1, ""label"": ""monastery"", ""confidence"": 0.2624}, {""rank"": 2, ""label"": ""prison"", ""confidence"": 0.1617}, {""rank"": 3, ""label"": ""solar dish"", ""confidence"": 0.0989}, {""rank"": 4, ""label"": ""patio"", ""confidence"": 0.0691}, {""rank"": 5, ""label"": ""boathouse"", ""confidence"": 0.0634}]",True
Places365_val_00026332.jpg,/Users/aidahamzic/PycharmProjects/PythonProject1/val_256/Places365_val_00026332.jpg,skyscraper,building,palace,0.5805,"[{""rank"": 1, ""label"": ""palace"", ""confidence"": 0.5805}, {""rank"": 2, ""label"": ""cinema"", ""confidence"": 0.1248}, {""rank"": 3, ""label"": ""library"", ""confidence"": 0.1133}, {""rank"": 4, ""label"": ""bookshop"", ""confidence"": 0.0382}, {""rank"": 5, ""label"": ""tobacco shop"", ""confidence"": 0.0153}]",True
Places365_val_00026891.jpg,/Users/aidahamzic/PycharmProjects/PythonProject1/val_256/Places365_val_00026891.jpg,skyscraper,building,canoe,0.1735,"[{""rank"": 1, ""label"": ""canoe"", ""confidence"": 0.1735}, {""rank"": 2, ""label"": ""mobile home"", ""confidence"": 0.114}, {""rank"": 3, ""label"": ""lakeside"", ""confidence"": 0.1021}, {""rank"": 4, ""label"": ""boathouse"", ""confidence"": 0.0864}, {""rank"": 5, ""label"": ""cab"", ""confidence"": 0.0162}]",True
Places365_val_00027355.jpg,/Users/aidahamzic/PycharmProjects/PythonProject1/val_256/Places365_val_00027355.jpg,house,building,monastery,0.2685,"[{""rank"": 1, ""label"": ""monastery"", ""confidence"": 0.2685}, {""rank"": 2, ""label"": ""bell cote"", ""confidence"": 0.1806}, {""rank"": 3, ""label"": ""thatch"", ""confidence"": 0.0781}, {""rank"": 4, ""label"": ""church"", ""confidence"": 0.0615}, {""rank"": 5, ""label"": ""solar dish"", ""confidence"": 0.0321}]",True
Places365_val_00027554.jpg,/Users/aidahamzic/PycharmProjects/PythonProject1/val_256/Places365_val_00027554.jpg,skyscraper,building,boathouse,0.3134,"[{""rank"": 1, ""label"": ""boathouse"", ""confidence"": 0.3134}, {""rank"": 2, ""label"": ""dome"", ""confidence"": 0.0938}, {""rank"": 3, ""label"": ""lumbermill"", ""confidence"": 0.0692}, {""rank"": 4, ""label"": ""lakeside"", ""confidence"": 0.0684}, {""rank"": 5, ""label"": ""monastery"", ""confidence"": 0.0663}]",True
Places365_val_00027622.jpg,/Users/aidahamzic/PycharmProjects/PythonProject1/val_256/Places365_val_00027622.jpg,house,building,mobile home,0.3456,"[{""rank"": 1, ""label"": ""mobile home"", ""confidence"": 0.3456}, {""rank"": 2, ""label"": ""boathouse"", ""confidence"": 0.1868}, {""rank"": 3, ""label"": ""barn"", ""confidence"": 0.0853}, {""rank"": 4, ""label"": ""church"", ""confidence"": 0.0326}, {""rank"": 5, ""label"": ""picket fence"", ""confidence"": 0.0253}]",True
Places365_val_00027625.jpg,/Users/aidahamzic/PycharmProjects/PythonProject1/val_256/Places365_val_00027625.jpg,house,building,monastery,0.3038,"[{""rank"": 1, ""label"": ""monastery"", ""confidence"": 0.3038}, {""rank"": 2, ""label"": ""tile roof"", ""confidence"": 0.1702}, {""rank"": 3, ""label"": ""thatch"", ""confidence"": 0.1408}, {""rank"": 4, ""label"": ""bell cote"", ""confidence"": 0.1296}, {""rank"": 5, ""label"": ""church"", ""confidence"": 0.1084}]",True
Places365_val_00028401.jpg,/Users/aidahamzic/PycharmProjects/PythonProject1/val_256/Places365_val_00028401.jpg,house,building,monastery,0.6493,"[{""rank"": 1, ""label"": ""monastery"", ""confidence"": 0.6493}, {""rank"": 2, ""label"": ""castle"", ""confidence"": 0.1038}, {""rank"": 3, ""label"": ""patio"", ""confidence"": 0.047}, {""rank"": 4, ""label"": ""bell cote"", ""confidence"": 0.0255}, {""rank"": 5, ""label"": ""palace"", ""confidence"": 0.0178}]",True
Places365_val_00028630.jpg,/Users/aidahamzic/PycharmProjects/PythonProject1/val_256/Places365_val_00028630.jpg,house,building,monastery,0.7725,"[{""rank"": 1, ""label"": ""monastery"", ""confidence"": 0.7725}, {""rank"": 2, ""label"": ""church"", ""confidence"": 0.1246}, {""rank"": 3, ""label"": ""bell cote"", ""confidence"": 0.0493}, {""rank"": 4, ""label"": ""castle"", ""confidence"": 0.0171}, {""rank"": 5, ""label"": ""palace"", ""confidence"": 0.0101}]",True
Places365_val_00028641.jpg,/Users/aidahamzic/PycharmProjects/PythonProject1/val_256/Places365_val_00028641.jpg,house,building,mobile home,0.2924,"[{""rank"": 1, ""label"": ""mobile home"", ""confidence"": 0.2924}, {""rank"": 2, ""label"": ""window screen"", ""confidence"": 0.2018}, {""rank"": 3, ""label"": ""boathouse"", ""confidence"": 0.0463}, {""rank"": 4, ""label"": ""picket fence"", ""confidence"": 0.0454}, {""rank"": 5, ""label"": ""church"", ""confidence"": 0.0434}]",True
Places365_val_00028719.jpg,/Users/aidahamzic/PycharmProjects/PythonProject1/val_256/Places365_val_00028719.jpg,skyscraper,building,airship,0.1153,"[{""rank"": 1, ""label"": ""airship"", ""confidence"": 0.1153}, {""rank"": 2, ""label"": ""steel arch bridge"", ""confidence"": 0.0797}, {""rank"": 3, ""label"": ""pier"", ""confidence"": 0.0552}, {""rank"": 4, ""label"": ""mosque"", ""confidence"": 0.0462}, {""rank"": 5, ""label"": ""lakeside"", ""confidence"": 0.046}]",True
Places365_val_00029152.jpg,/Users/aidahamzic/PycharmProjects/PythonProject1/val_256/Places365_val_00029152.jpg,skyscraper,building,solar dish,0.9076,"[{""rank"": 1, ""label"": ""solar dish"", ""confidence"": 0.9076}, {""rank"": 2, ""label"": ""pier"", ""confidence"": 0.014}, {""rank"": 3, ""label"": ""flagpole"", ""confidence"": 0.0131}, {""rank"": 4, ""label"": ""water tower"", ""confidence"": 0.0087}, {""rank"": 5, ""label"": ""trailer truck"", ""confidence"": 0.0086}]",True
Places365_val_00030163.jpg,/Users/aidahamzic/PycharmProjects/PythonProject1/val_256/Places365_val_00030163.jpg,skyscraper,building,steel arch bridge,0.0823,"[{""rank"": 1, ""label"": ""steel arch bridge"", ""confidence"": 0.0823}, {""rank"": 2, ""label"": ""patio"", ""confidence"": 0.0621}, {""rank"": 3, ""label"": ""planetarium"", ""confidence"": 0.0533}, {""rank"": 4, ""label"": ""fireboat"", ""confidence"": 0.0493}, {""rank"": 5, ""label"": ""lakeside"", ""confidence"": 0.0415}]",True
Places365_val_00030203.jpg,/Users/aidahamzic/PycharmProjects/PythonProject1/val_256/Places365_val_00030203.jpg,skyscraper,building,solar dish,0.304,"[{""rank"": 1, ""label"": ""solar dish"", ""confidence"": 0.304}, {""rank"": 2, ""label"": ""radio telescope"", ""confidence"": 0.1478}, {""rank"": 3, ""label"": ""barn"", ""confidence"": 0.0806}, {""rank"": 4, ""label"": ""church"", ""confidence"": 0.058}, {""rank"": 5, ""label"": ""street sign"", ""confidence"": 0.0435}]",True
Places365_val_00030402.jpg,/Users/aidahamzic/PycharmProjects/PythonProject1/val_256/Places365_val_00030402.jpg,house,building,monastery,0.2931,"[{""rank"": 1, ""label"": ""monastery"", ""confidence"": 0.2931}, {""rank"": 2, ""label"": ""lakeside"", ""confidence"": 0.0938}, {""rank"": 3, ""label"": ""prison"", ""confidence"": 0.0839}, {""rank"": 4, ""label"": ""palace"", ""confidence"": 0.0759}, {""rank"": 5, ""label"": ""alp"", ""confidence"": 0.0717}]",True
Places365_val_00030445.jpg,/Users/aidahamzic/PycharmProjects/PythonProject1/val_256/Places365_val_00030445.jpg,house,building,thatch,0.1228,"[{""rank"": 1, ""label"": ""thatch"", ""confidence"": 0.1228}, {""rank"": 2, ""label"": ""boathouse"", ""confidence"": 0.1219}, {""rank"": 3, ""label"": ""monastery"", ""confidence"": 0.0972}, {""rank"": 4, ""label"": ""church"", ""confidence"": 0.0746}, {""rank"": 5, ""label"": ""bell cote"", ""confidence"": 0.0657}]",True
Places365_val_00030447.jpg,/Users/aidahamzic/PycharmProjects/PythonProject1/val_256/Places365_val_00030447.jpg,skyscraper,building,pedestal,0.0743,"[{""rank"": 1, ""label"": ""pedestal"", ""confidence"": 0.0743}, {""rank"": 2, ""label"": ""pier"", ""confidence"": 0.0639}, {""rank"": 3, ""label"": ""airship"", ""confidence"": 0.0565}, {""rank"": 4, ""label"": ""solar dish"", ""confidence"": 0.0414}, {""rank"": 5, ""label"": ""cinema"", ""confidence"": 0.0371}]",True
Places365_val_00030531.jpg,/Users/aidahamzic/PycharmProjects/PythonProject1/val_256/Places365_val_00030531.jpg,house,building,prison,0.4098,"[{""rank"": 1, ""label"": ""prison"", ""confidence"": 0.4098}, {""rank"": 2, ""label"": ""vault"", ""confidence"": 0.1457}, {""rank"": 3, ""label"": ""patio"", ""confidence"": 0.0711}, {""rank"": 4, ""label"": ""monastery"", ""confidence"": 0.056}, {""rank"": 5, ""label"": ""thatch"", ""confidence"": 0.0341}]",True
Places365_val_00030551.jpg,/Users/aidahamzic/PycharmProjects/PythonProject1/val_256/Places365_val_00030551.jpg,house,building,bell cote,0.2516,"[{""rank"": 1, ""label"": ""bell cote"", ""confidence"": 0.2516}, {""rank"": 2, ""label"": ""monastery"", ""confidence"": 0.1843}, {""rank"": 3, ""label"": ""church"", ""confidence"": 0.1237}, {""rank"": 4, ""label"": ""thatch"", ""confidence"": 0.1227}, {""rank"": 5, ""label"": ""boathouse"", ""confidence"": 0.0561}]",True
Places365_val_00030560.jpg,/Users/aidahamzic/PycharmProjects/PythonProject1/val_256/Places365_val_00030560.jpg,skyscraper,building,obelisk,0.2806,"[{""rank"": 1, ""label"": ""obelisk"", ""confidence"": 0.2806}, {""rank"": 2, ""label"": ""missile"", ""confidence"": 0.0748}, {""rank"": 3, ""label"": ""crane"", ""confidence"": 0.0594}, {""rank"": 4, ""label"": ""pole"", ""confidence"": 0.0503}, {""rank"": 5, ""label"": ""traffic light"", ""confidence"": 0.0423}]",True
Places365_val_00030622.jpg,/Users/aidahamzic/PycharmProjects/PythonProject1/val_256/Places365_val_00030622.jpg,skyscraper,building,bell cote,0.2796,"[{""rank"": 1, ""label"": ""bell cote"", ""confidence"": 0.2796}, {""rank"": 2, ""label"": ""mosque"", ""confidence"": 0.0869}, {""rank"": 3, ""label"": ""church"", ""confidence"": 0.0452}, {""rank"": 4, ""label"": ""patio"", ""confidence"": 0.0363}, {""rank"": 5, ""label"": ""lakeside"", ""confidence"": 0.0248}]",True
Places365_val_00030914.jpg,/Users/aidahamzic/PycharmProjects/PythonProject1/val_256/Places365_val_00030914.jpg,house,building,patio,0.3639,"[{""rank"": 1, ""label"": ""patio"", ""confidence"": 0.3639}, {""rank"": 2, ""label"": ""mobile home"", ""confidence"": 0.0676}, {""rank"": 3, ""label"": ""boathouse"", ""confidence"": 0.0441}, {""rank"": 4, ""label"": ""pot"", ""confidence"": 0.0409}, {""rank"": 5, ""label"": ""thatch"", ""confidence"": 0.0299}]",True
Places365_val_00031247.jpg,/Users/aidahamzic/PycharmProjects/PythonProject1/val_256/Places365_val_00031247.jpg,house,building,boathouse,0.6589,"[{""rank"": 1, ""label"": ""boathouse"", ""confidence"": 0.6589}, {""rank"": 2, ""label"": ""barn"", ""confidence"": 0.0994}, {""rank"": 3, ""label"": ""birdhouse"", ""confidence"": 0.067}, {""rank"": 4, ""label"": ""thatch"", ""confidence"": 0.0201}, {""rank"": 5, ""label"": ""mobile home"", ""confidence"": 0.0197}]",True
Places365_val_00031567.jpg,/Users/aidahamzic/PycharmProjects/PythonProject1/val_256/Places365_val_00031567.jpg,house,building,flagpole,0.2229,"[{""rank"": 1, ""label"": ""flagpole"", ""confidence"": 0.2229}, {""rank"": 2, ""label"": ""solar dish"", ""confidence"": 0.1121}, {""rank"": 3, ""label"": ""tile roof"", ""confidence"": 0.1049}, {""rank"": 4, ""label"": ""cinema"", ""confidence"": 0.0789}, {""rank"": 5, ""label"": ""church"", ""confidence"": 0.0712}]",True
Places365_val_00031691.jpg,/Users/aidahamzic/PycharmProjects/PythonProject1/val_256/Places365_val_00031691.jpg,house,building,cinema,0.2338,"[{""rank"": 1, ""label"": ""cinema"", ""confidence"": 0.2338}, {""rank"": 2, ""label"": ""palace"", ""confidence"": 0.0887}, {""rank"": 3, ""label"": ""church"", ""confidence"": 0.0795}, {""rank"": 4, ""label"": ""boathouse"", ""confidence"": 0.0677}, {""rank"": 5, ""label"": ""monastery"", ""confidence"": 0.0542}]",True
Places365_val_00031832.jpg,/Users/aidahamzic/PycharmProjects/PythonProject1/val_256/Places365_val_00031832.jpg,house,building,boathouse,0.85,"[{""rank"": 1, ""label"": ""boathouse"", ""confidence"": 0.85}, {""rank"": 2, ""label"": ""restaurant"", ""confidence"": 0.0167}, {""rank"": 3, ""label"": ""beacon"", ""confidence"": 0.016}, {""rank"": 4, ""label"": ""lakeside"", ""confidence"": 0.0113}, {""rank"": 5, ""label"": ""solar dish"", ""confidence"": 0.0054}]",True
Places365_val_00032297.jpg,/Users/aidahamzic/PycharmProjects/PythonProject1/val_256/Places365_val_00032297.jpg,house,building,palace,0.6714,"[{""rank"": 1, ""label"": ""palace"", ""confidence"": 0.6714}, {""rank"": 2, ""label"": ""prison"", ""confidence"": 0.2101}, {""rank"": 3, ""label"": ""library"", ""confidence"": 0.0193}, {""rank"": 4, ""label"": ""flagpole"", ""confidence"": 0.0101}, {""rank"": 5, ""label"": ""maypole"", ""confidence"": 0.0068}]",True
Places365_val_00032473.jpg,/Users/aidahamzic/PycharmProjects/PythonProject1/val_256/Places365_val_00032473.jpg,skyscraper,building,maze,0.0783,"[{""rank"": 1, ""label"": ""maze"", ""confidence"": 0.0783}, {""rank"": 2, ""label"": ""flagpole"", ""confidence"": 0.0462}, {""rank"": 3, ""label"": ""palace"", ""confidence"": 0.0429}, {""rank"": 4, ""label"": ""obelisk"", ""confidence"": 0.029}, {""rank"": 5, ""label"": ""seashore"", ""confidence"": 0.0247}]",True
Places365_val_00032524.jpg,/Users/aidahamzic/PycharmProjects/PythonProject1/val_256/Places365_val_00032524.jpg,house,building,boathouse,0.3596,"[{""rank"": 1, ""label"": ""boathouse"", ""confidence"": 0.3596}, {""rank"": 2, ""label"": ""patio"", ""confidence"": 0.132}, {""rank"": 3, ""label"": ""volcano"", ""confidence"": 0.1006}, {""rank"": 4, ""label"": ""mobile home"", ""confidence"": 0.0899}, {""rank"": 5, ""label"": ""monastery"", ""confidence"": 0.0686}]",True
Places365_val_00032725.jpg,/Users/aidahamzic/PycharmProjects/PythonProject1/val_256/Places365_val_00032725.jpg,house,building,lakeside,0.178,"[{""rank"": 1, ""label"": ""lakeside"", ""confidence"": 0.178}, {""rank"": 2, ""label"": ""patio"", ""confidence"": 0.147}, {""rank"": 3, ""label"": ""monastery"", ""confidence"": 0.0483}, {""rank"": 4, ""label"": ""worm fence"", ""confidence"": 0.0419}, {""rank"": 5, ""label"": ""picket fence"", ""confidence"": 0.0406}]",True
Places365_val_00032794.jpg,/Users/aidahamzic/PycharmProjects/PythonProject1/val_256/Places365_val_00032794.jpg,skyscraper,building,dam,0.4646,"[{""rank"": 1, ""label"": ""dam"", ""confidence"": 0.4646}, {""rank"": 2, ""label"": ""prison"", ""confidence"": 0.1505}, {""rank"": 3, ""label"": ""palace"", ""confidence"": 0.1323}, {""rank"": 4, ""label"": ""patio"", ""confidence"": 0.0225}, {""rank"": 5, ""label"": ""pier"", ""confidence"": 0.0196}]",True
Places365_val_00032906.jpg,/Users/aidahamzic/PycharmProjects/PythonProject1/val_256/Places365_val_00032906.jpg,skyscraper,building,boathouse,0.0621,"[{""rank"": 1, ""label"": ""boathouse"", ""confidence"": 0.0621}, {""rank"": 2, ""label"": ""flagpole"", ""confidence"": 0.0605}, {""rank"": 3, ""label"": ""cinema"", ""confidence"": 0.06}, {""rank"": 4, ""label"": ""prison"", ""confidence"": 0.05}, {""rank"": 5, ""label"": ""bell cote"", ""confidence"": 0.0432}]",True
Places365_val_00033184.jpg,/Users/aidahamzic/PycharmProjects/PythonProject1/val_256/Places365_val_00033184.jpg,house,building,palace,0.227,"[{""rank"": 1, ""label"": ""palace"", ""confidence"": 0.227}, {""rank"": 2, ""label"": ""triumphal arch"", ""confidence"": 0.1078}, {""rank"": 3, ""label"": ""dome"", ""confidence"": 0.0991}, {""rank"": 4, ""label"": ""bell cote"", ""confidence"": 0.0866}, {""rank"": 5, ""label"": ""church"", ""confidence"": 0.084}]",True
Places365_val_00033344.jpg,/Users/aidahamzic/PycharmProjects/PythonProject1/val_256/Places365_val_00033344.jpg,house,building,mobile home,0.4913,"[{""rank"": 1, ""label"": ""mobile home"", ""confidence"": 0.4913}, {""rank"": 2, ""label"": ""patio"", ""confidence"": 0.1064}, {""rank"": 3, ""label"": ""thatch"", ""confidence"": 0.0965}, {""rank"": 4, ""label"": ""yurt"", ""confidence"": 0.0756}, {""rank"": 5, ""label"": ""boathouse"", ""confidence"": 0.0619}]",True
Places365_val_00033564.jpg,/Users/aidahamzic/PycharmProjects/PythonProject1/val_256/Places365_val_00033564.jpg,skyscraper,building,space shuttle,0.1954,"[{""rank"": 1, ""label"": ""space shuttle"", ""confidence"": 0.1954}, {""rank"": 2, ""label"": ""solar dish"", ""confidence"": 0.1655}, {""rank"": 3, ""label"": ""beacon"", ""confidence"": 0.0875}, {""rank"": 4, ""label"": ""lakeside"", ""confidence"": 0.0697}, {""rank"": 5, ""label"": ""barn"", ""confidence"": 0.0492}]",True
Places365_val_00033661.jpg,/Users/aidahamzic/PycharmProjects/PythonProject1/val_256/Places365_val_00033661.jpg,skyscraper,building,bell cote,0.2913,"[{""rank"": 1, ""label"": ""bell cote"", ""confidence"": 0.2913}, {""rank"": 2, ""label"": ""palace"", ""confidence"": 0.1814}, {""rank"": 3, ""label"": ""restaurant"", ""confidence"": 0.1115}, {""rank"": 4, ""label"": ""monastery"", ""confidence"": 0.0588}, {""rank"": 5, ""label"": ""carousel"", ""confidence"": 0.0461}]",True
Places365_val_00033793.jpg,/Users/aidahamzic/PycharmProjects/PythonProject1/val_256/Places365_val_00033793.jpg,house,building,worm fence,0.1745,"[{""rank"": 1, ""label"": ""worm fence"", ""confidence"": 0.1745}, {""rank"": 2, ""label"": ""lakeside"", ""confidence"": 0.1402}, {""rank"": 3, ""label"": ""castle"", ""confidence"": 0.1088}, {""rank"": 4, ""label"": ""church"", ""confidence"": 0.0945}, {""rank"": 5, ""label"": ""boathouse"", ""confidence"": 0.0385}]",True
Places365_val_00033912.jpg,/Users/aidahamzic/PycharmProjects/PythonProject1/val_256/Places365_val_00033912.jpg,house,building,mobile home,0.2892,"[{""rank"": 1, ""label"": ""mobile home"", ""confidence"": 0.2892}, {""rank"": 2, ""label"": ""barn"", ""confidence"": 0.2349}, {""rank"": 3, ""label"": ""boathouse"", ""confidence"": 0.1841}, {""rank"": 4, ""label"": ""worm fence"", ""confidence"": 0.0831}, {""rank"": 5, ""label"": ""church"", ""confidence"": 0.0384}]",True
Places365_val_00033978.jpg,/Users/aidahamzic/PycharmProjects/PythonProject1/val_256/Places365_val_00033978.jpg,house,building,patio,0.1551,"[{""rank"": 1, ""label"": ""patio"", ""confidence"": 0.1551}, {""rank"": 2, ""label"": ""church"", ""confidence"": 0.1435}, {""rank"": 3, ""label"": ""monastery"", ""confidence"": 0.073}, {""rank"": 4, ""label"": ""mobile home"", ""confidence"": 0.0531}, {""rank"": 5, ""label"": ""window screen"", ""confidence"": 0.0443}]",True
Places365_val_00034188.jpg,/Users/aidahamzic/PycharmProjects/PythonProject1/val_256/Places365_val_00034188.jpg,house,building,palace,0.2588,"[{""rank"": 1, ""label"": ""palace"", ""confidence"": 0.2588}, {""rank"": 2, ""label"": ""monastery"", ""confidence"": 0.1072}, {""rank"": 3, ""label"": ""church"", ""confidence"": 0.0664}, {""rank"": 4, ""label"": ""lakeside"", ""confidence"": 0.0603}, {""rank"": 5, ""label"": ""golf ball"", ""confidence"": 0.0574}]",True
Places365_val_00034412.jpg,/Users/aidahamzic/PycharmProjects/PythonProject1/val_256/Places365_val_00034412.jpg,skyscraper,building,pier,0.1961,"[{""rank"": 1, ""label"": ""pier"", ""confidence"": 0.1961}, {""rank"": 2, ""label"": ""drilling platform"", ""confidence"": 0.1509}, {""rank"": 3, ""label"": ""castle"", ""confidence"": 0.1115}, {""rank"": 4, ""label"": ""steel arch bridge"", ""confidence"": 0.1005}, {""rank"": 5, ""label"": ""palace"", ""confidence"": 0.0529}]",True
Places365_val_00034514.jpg,/Users/aidahamzic/PycharmProjects/PythonProject1/val_256/Places365_val_00034514.jpg,house,building,fountain,0.0831,"[{""rank"": 1, ""label"": ""fountain"", ""confidence"": 0.0831}, {""rank"": 2, ""label"": ""bannister"", ""confidence"": 0.0553}, {""rank"": 3, ""label"": ""library"", ""confidence"": 0.055}, {""rank"": 4, ""label"": ""boathouse"", ""confidence"": 0.0469}, {""rank"": 5, ""label"": ""turnstile"", ""confidence"": 0.0421}]",True
Places365_val_00034543.jpg,/Users/aidahamzic/PycharmProjects/PythonProject1/val_256/Places365_val_00034543.jpg,house,building,palace,0.4767,"[{""rank"": 1, ""label"": ""palace"", ""confidence"": 0.4767}, {""rank"": 2, ""label"": ""monastery"", ""confidence"": 0.0775}, {""rank"": 3, ""label"": ""picket fence"", ""confidence"": 0.075}, {""rank"": 4, ""label"": ""bell cote"", ""confidence"": 0.0514}, {""rank"": 5, ""label"": ""dome"", ""confidence"": 0.0317}]",True
Places365_val_00034552.jpg,/Users/aidahamzic/PycharmProjects/PythonProject1/val_256/Places365_val_00034552.jpg,skyscraper,building,monastery,0.438,"[{""rank"": 1, ""label"": ""monastery"", ""confidence"": 0.438}, {""rank"": 2, ""label"": ""palace"", ""confidence"": 0.0767}, {""rank"": 3, ""label"": ""alp"", ""confidence"": 0.0618}, {""rank"": 4, ""label"": ""castle"", ""confidence"": 0.057}, {""rank"": 5, ""label"": ""valley"", ""confidence"": 0.0529}]",True
Places365_val_00034958.jpg,/Users/aidahamzic/PycharmProjects/PythonProject1/val_256/Places365_val_00034958.jpg,house,building,mobile home,0.7565,"[{""rank"": 1, ""label"": ""mobile home"", ""confidence"": 0.7565}, {""rank"": 2, ""label"": ""boathouse"", ""confidence"": 0.0556}, {""rank"": 3, ""label"": ""solar dish"", ""confidence"": 0.0476}, {""rank"": 4, ""label"": ""thatch"", ""confidence"": 0.0294}, {""rank"": 5, ""label"": ""worm fence"", ""confidence"": 0.0256}]",True
Places365_val_00035301.jpg,/Users/aidahamzic/PycharmProjects/PythonProject1/val_256/Places365_val_00035301.jpg,house,building,boathouse,0.7113,"[{""rank"": 1, ""label"": ""boathouse"", ""confidence"": 0.7113}, {""rank"": 2, ""label"": ""barn"", ""confidence"": 0.1143}, {""rank"": 3, ""label"": ""worm fence"", ""confidence"": 0.0672}, {""rank"": 4, ""label"": ""lumbermill"", ""confidence"": 0.0568}, {""rank"": 5, ""label"": ""mobile home"", ""confidence"": 0.0206}]",True
Places365_val_00035375.jpg,/Users/aidahamzic/PycharmProjects/PythonProject1/val_256/Places365_val_00035375.jpg,house,building,palace,0.1668,"[{""rank"": 1, ""label"": ""palace"", ""confidence"": 0.1668}, {""rank"": 2, ""label"": ""church"", ""confidence"": 0.126}, {""rank"": 3, ""label"": ""monastery"", ""confidence"": 0.1129}, {""rank"": 4, ""label"": ""castle"", ""confidence"": 0.1029}, {""rank"": 5, ""label"": ""picket fence"", ""confidence"": 0.0933}]",True
Places365_val_00035962.jpg,/Users/aidahamzic/PycharmProjects/PythonProject1/val_256/Places365_val_00035962.jpg,skyscraper,building,mosque,0.1473,"[{""rank"": 1, ""label"": ""mosque"", ""confidence"": 0.1473}, {""rank"": 2, ""label"": ""bell cote"", ""confidence"": 0.0889}, {""rank"": 3, ""label"": ""window screen"", ""confidence"": 0.0852}, {""rank"": 4, ""label"": ""triumphal arch"", ""confidence"": 0.079}, {""rank"": 5, ""label"": ""dome"", ""confidence"": 0.0753}]",True
Places365_val_00000280.jpg,/Users/aidahamzic/PycharmProjects/PythonProject1/val_256/Places365_val_00000280.jpg,rainforest,forest,valley,0.9211,"[{""rank"": 1, ""label"": ""valley"", ""confidence"": 0.9211}, {""rank"": 2, ""label"": ""coral reef"", ""confidence"": 0.0108}, {""rank"": 3, ""label"": ""cliff"", ""confidence"": 0.0082}, {""rank"": 4, ""label"": ""lakeside"", ""confidence"": 0.0082}, {""rank"": 5, ""label"": ""gar"", ""confidence"": 0.0062}]",True
Places365_val_00000364.jpg,/Users/aidahamzic/PycharmProjects/PythonProject1/val_256/Places365_val_00000364.jpg,rainforest,forest,birdhouse,0.215,"[{""rank"": 1, ""label"": ""birdhouse"", ""confidence"": 0.215}, {""rank"": 2, ""label"": ""mailbox"", ""confidence"": 0.0805}, {""rank"": 3, ""label"": ""barbershop"", ""confidence"": 0.0714}, {""rank"": 4, ""label"": ""totem pole"", ""confidence"": 0.0473}, {""rank"": 5, ""label"": ""barn"", ""confidence"": 0.0463}]",True
Places365_val_00000620.jpg,/Users/aidahamzic/PycharmProjects/PythonProject1/val_256/Places365_val_00000620.jpg,rainforest,forest,worm fence,0.2238,"[{""rank"": 1, ""label"": ""worm fence"", ""confidence"": 0.2238}, {""rank"": 2, ""label"": ""suspension bridge"", ""confidence"": 0.1241}, {""rank"": 3, ""label"": ""geyser"", ""confidence"": 0.0422}, {""rank"": 4, ""label"": ""viaduct"", ""confidence"": 0.041}, {""rank"": 5, ""label"": ""valley"", ""confidence"": 0.0394}]",True
Places365_val_00000847.jpg,/Users/aidahamzic/PycharmProjects/PythonProject1/val_256/Places365_val_00000847.jpg,rainforest,forest,cliff,0.6914,"[{""rank"": 1, ""label"": ""cliff"", ""confidence"": 0.6914}, {""rank"": 2, ""label"": ""valley"", ""confidence"": 0.147}, {""rank"": 3, ""label"": ""cliff dwelling"", ""confidence"": 0.0213}, {""rank"": 4, ""label"": ""alp"", ""confidence"": 0.0131}, {""rank"": 5, ""label"": ""lakeside"", ""confidence"": 0.0094}]",True
Places365_val_00001486.jpg,/Users/aidahamzic/PycharmProjects/PythonProject1/val_256/Places365_val_00001486.jpg,rainforest,forest,valley,0.9078,"[{""rank"": 1, ""label"": ""valley"", ""confidence"": 0.9078}, {""rank"": 2, ""label"": ""stone wall"", ""confidence"": 0.027}, {""rank"": 3, ""label"": ""head cabbage"", ""confidence"": 0.0157}, {""rank"": 4, ""label"": ""lakeside"", ""confidence"": 0.0126}, {""rank"": 5, ""label"": ""maze"", ""confidence"": 0.0097}]",True
Places365_val_00002802.jpg,/Users/aidahamzic/PycharmProjects/PythonProject1/val_256/Places365_val_00002802.jpg,rainforest,forest,spider monkey,0.2031,"[{""rank"": 1, ""label"": ""spider monkey"", ""confidence"": 0.2031}, {""rank"": 2, ""label"": ""capuchin"", ""confidence"": 0.1009}, {""rank"": 3, ""label"": ""howler monkey"", ""confidence"": 0.0663}, {""rank"": 4, ""label"": ""siamang"", ""confidence"": 0.0516}, {""rank"": 5, ""label"": ""colobus"", ""confidence"": 0.0329}]",True
Places365_val_00003186.jpg,/Users/aidahamzic/PycharmProjects/PythonProject1/val_256/Places365_val_00003186.jpg,rainforest,forest,spider monkey,0.1811,"[{""rank"": 1, ""label"": ""spider monkey"", ""confidence"": 0.1811}, {""rank"": 2, ""label"": ""howler monkey"", ""confidence"": 0.1017}, {""rank"": 3, ""label"": ""fox squirrel"", ""confidence"": 0.0654}, {""rank"": 4, ""label"": ""indri"", ""confidence"": 0.0651}, {""rank"": 5, ""label"": ""orangutan"", ""confidence"": 0.064}]",True
Places365_val_00003223.jpg,/Users/aidahamzic/PycharmProjects/PythonProject1/val_256/Places365_val_00003223.jpg,rainforest,forest,American black bear,0.0926,"[{""rank"": 1, ""label"": ""American black bear"", ""confidence"": 0.0926}, {""rank"": 2, ""label"": ""cliff"", ""confidence"": 0.0672}, {""rank"": 3, ""label"": ""stone wall"", ""confidence"": 0.0652}, {""rank"": 4, ""label"": ""mountain bike"", ""confidence"": 0.0478}, {""rank"": 5, ""label"": ""hen-of-the-woods"", ""confidence"": 0.0305}]",True
Places365_val_00003829.jpg,/Users/aidahamzic/PycharmProjects/PythonProject1/val_256/Places365_val_00003829.jpg,rainforest,forest,mountain bike,0.0553,"[{""rank"": 1, ""label"": ""mountain bike"", ""confidence"": 0.0553}, {""rank"": 2, ""label"": ""mountain tent"", ""confidence"": 0.0362}, {""rank"": 3, ""label"": ""bison"", ""confidence"": 0.0356}, {""rank"": 4, ""label"": ""lakeside"", ""confidence"": 0.03}, {""rank"": 5, ""label"": ""swing"", ""confidence"": 0.027}]",True
Places365_val_00003938.jpg,/Users/aidahamzic/PycharmProjects/PythonProject1/val_256/Places365_val_00003938.jpg,rainforest,forest,lakeside,0.4219,"[{""rank"": 1, ""label"": ""lakeside"", ""confidence"": 0.4219}, {""rank"": 2, ""label"": ""alp"", ""confidence"": 0.0881}, {""rank"": 3, ""label"": ""seashore"", ""confidence"": 0.0514}, {""rank"": 4, ""label"": ""worm fence"", ""confidence"": 0.036}, {""rank"": 5, ""label"": ""valley"", ""confidence"": 0.0279}]",True
Places365_val_00004358.jpg,/Users/aidahamzic/PycharmProjects/PythonProject1/val_256/Places365_val_00004358.jpg,rainforest,forest,valley,0.3927,"[{""rank"": 1, ""label"": ""valley"", ""confidence"": 0.3927}, {""rank"": 2, ""label"": ""cliff"", ""confidence"": 0.2327}, {""rank"": 3, ""label"": ""alp"", ""confidence"": 0.0557}, {""rank"": 4, ""label"": ""promontory"", ""confidence"": 0.0404}, {""rank"": 5, ""label"": ""mountain bike"", ""confidence"": 0.0244}]",True
Places365_val_00004876.jpg,/Users/aidahamzic/PycharmProjects/PythonProject1/val_256/Places365_val_00004876.jpg,rainforest,forest,valley,0.6489,"[{""rank"": 1, ""label"": ""valley"", ""confidence"": 0.6489}, {""rank"": 2, ""label"": ""cliff"", ""confidence"": 0.0376}, {""rank"": 3, ""label"": ""lakeside"", ""confidence"": 0.0309}, {""rank"": 4, ""label"": ""alp"", ""confidence"": 0.0207}, {""rank"": 5, ""label"": ""mountain bike"", ""confidence"": 0.019}]",True
Places365_val_00008244.jpg,/Users/aidahamzic/PycharmProjects/PythonProject1/val_256/Places365_val_00008244.jpg,rainforest,forest,valley,0.7276,"[{""rank"": 1, ""label"": ""valley"", ""confidence"": 0.7276}, {""rank"": 2, ""label"": ""suspension bridge"", ""confidence"": 0.0447}, {""rank"": 3, ""label"": ""cliff"", ""confidence"": 0.0337}, {""rank"": 4, ""label"": ""lakeside"", ""confidence"": 0.0132}, {""rank"": 5, ""label"": ""alp"", ""confidence"": 0.0131}]",True
Places365_val_00008992.jpg,/Users/aidahamzic/PycharmProjects/PythonProject1/val_256/Places365_val_00008992.jpg,rainforest,forest,mountain bike,0.0816,"[{""rank"": 1, ""label"": ""mountain bike"", ""confidence"": 0.0816}, {""rank"": 2, ""label"": ""valley"", ""confidence"": 0.0678}, {""rank"": 3, ""label"": ""mountain tent"", ""confidence"": 0.0501}, {""rank"": 4, ""label"": ""stone wall"", ""confidence"": 0.0419}, {""rank"": 5, ""label"": ""lakeside"", ""confidence"": 0.0333}]",True
Places365_val_00010585.jpg,/Users/aidahamzic/PycharmProjects/PythonProject1/val_256/Places365_val_00010585.jpg,rainforest,forest,valley,0.5918,"[{""rank"": 1, ""label"": ""valley"", ""confidence"": 0.5918}, {""rank"": 2, ""label"": ""hen-of-the-woods"", ""confidence"": 0.1775}, {""rank"": 3, ""label"": ""coral fungus"", ""confidence"": 0.0265}, {""rank"": 4, ""label"": ""coral reef"", ""confidence"": 0.0247}, {""rank"": 5, ""label"": ""suspension bridge"", ""confidence"": 0.0192}]",True
Places365_val_00011149.jpg,/Users/aidahamzic/PycharmProjects/PythonProject1/val_256/Places365_val_00011149.jpg,rainforest,forest,lakeside,0.3283,"[{""rank"": 1, ""label"": ""lakeside"", ""confidence"": 0.3283}, {""rank"": 2, ""label"": ""valley"", ""confidence"": 0.2331}, {""rank"": 3, ""label"": ""worm fence"", ""confidence"": 0.073}, {""rank"": 4, ""label"": ""alp"", ""confidence"": 0.0545}, {""rank"": 5, ""label"": ""maze"", ""confidence"": 0.0533}]",True
Places365_val_00012164.jpg,/Users/aidahamzic/PycharmProjects/PythonProject1/val_256/Places365_val_00012164.jpg,rainforest,forest,cliff,0.0822,"[{""rank"": 1, ""label"": ""cliff"", ""confidence"": 0.0822}, {""rank"": 2, ""label"": ""mountain tent"", ""confidence"": 0.0693}, {""rank"": 3, ""label"": ""mountain bike"", ""confidence"": 0.0612}, {""rank"": 4, ""label"": ""stone wall"", ""confidence"": 0.0407}, {""rank"": 5, ""label"": ""worm fence"", ""confidence"": 0.0291}]",True
Places365_val_00012238.jpg,/Users/aidahamzic/PycharmProjects/PythonProject1/val_256/Places365_val_00012238.jpg,rainforest,forest,mountain bike,0.6138,"[{""rank"": 1, ""label"": ""mountain bike"", ""confidence"": 0.6138}, {""rank"": 2, ""label"": ""African hunting dog"", ""confidence"": 0.0387}, {""rank"": 3, ""label"": ""valley"", ""confidence"": 0.0192}, {""rank"": 4, ""label"": ""warthog"", ""confidence"": 0.0175}, {""rank"": 5, ""label"": ""wild boar"", ""confidence"": 0.0144}]",True
Places365_val_00012660.jpg,/Users/aidahamzic/PycharmProjects/PythonProject1/val_256/Places365_val_00012660.jpg,rainforest,forest,suspension bridge,0.2245,"[{""rank"": 1, ""label"": ""suspension bridge"", ""confidence"": 0.2245}, {""rank"": 2, ""label"": ""valley"", ""confidence"": 0.1466}, {""rank"": 3, ""label"": ""worm fence"", ""confidence"": 0.0844}, {""rank"": 4, ""label"": ""viaduct"", ""confidence"": 0.0826}, {""rank"": 5, ""label"": ""boathouse"", ""confidence"": 0.0287}]",True
Places365_val_00013068.jpg,/Users/aidahamzic/PycharmProjects/PythonProject1/val_256/Places365_val_00013068.jpg,rainforest,forest,capuchin,0.059,"[{""rank"": 1, ""label"": ""capuchin"", ""confidence"": 0.059}, {""rank"": 2, ""label"": ""jackfruit"", ""confidence"": 0.0432}, {""rank"": 3, ""label"": ""koala"", ""confidence"": 0.0383}, {""rank"": 4, ""label"": ""spider monkey"", ""confidence"": 0.0336}, {""rank"": 5, ""label"": ""three-toed sloth"", ""confidence"": 0.0241}]",True
Places365_val_00013205.jpg,/Users/aidahamzic/PycharmProjects/PythonProject1/val_256/Places365_val_00013205.jpg,rainforest,forest,mountain bike,0.5376,"[{""rank"": 1, ""label"": ""mountain bike"", ""confidence"": 0.5376}, {""rank"": 2, ""label"": ""ibex"", ""confidence"": 0.0991}, {""rank"": 3, ""label"": ""unicycle"", ""confidence"": 0.0838}, {""rank"": 4, ""label"": ""bighorn"", ""confidence"": 0.0369}, {""rank"": 5, ""label"": ""bicycle-built-for-two"", ""confidence"": 0.0196}]",True
Places365_val_00013489.jpg,/Users/aidahamzic/PycharmProjects/PythonProject1/val_256/Places365_val_00013489.jpg,rainforest,forest,lakeside,0.5068,"[{""rank"": 1, ""label"": ""lakeside"", ""confidence"": 0.5068}, {""rank"": 2, ""label"": ""boathouse"", ""confidence"": 0.1922}, {""rank"": 3, ""label"": ""canoe"", ""confidence"": 0.0906}, {""rank"": 4, ""label"": ""paddle"", ""confidence"": 0.0386}, {""rank"": 5, ""label"": ""valley"", ""confidence"": 0.0161}]",True
Places365_val_00013608.jpg,/Users/aidahamzic/PycharmProjects/PythonProject1/val_256/Places365_val_00013608.jpg,rainforest,forest,sandbar,0.2341,"[{""rank"": 1, ""label"": ""sandbar"", ""confidence"": 0.2341}, {""rank"": 2, ""label"": ""seashore"", ""confidence"": 0.1405}, {""rank"": 3, ""label"": ""valley"", ""confidence"": 0.1297}, {""rank"": 4, ""label"": ""lakeside"", ""confidence"": 0.1157}, {""rank"": 5, ""label"": ""promontory"", ""confidence"": 0.0471}]",True
Places365_val_00014330.jpg,/Users/aidahamzic/PycharmProjects/PythonProject1/val_256/Places365_val_00014330.jpg,rainforest,forest,valley,0.1933,"[{""rank"": 1, ""label"": ""valley"", ""confidence"": 0.1933}, {""rank"": 2, ""label"": ""alp"", ""confidence"": 0.0892}, {""rank"": 3, ""label"": ""lakeside"", ""confidence"": 0.0775}, {""rank"": 4, ""label"": ""bighorn"", ""confidence"": 0.0367}, {""rank"": 5, ""label"": ""mountain bike"", ""confidence"": 0.0286}]",True
Places365_val_00014808.jpg,/Users/aidahamzic/PycharmProjects/PythonProject1/val_256/Places365_val_00014808.jpg,rainforest,forest,macaw,0.8802,"[{""rank"": 1, ""label"": ""macaw"", ""confidence"": 0.8802}, {""rank"": 2, ""label"": ""lorikeet"", ""confidence"": 0.057}, {""rank"": 3, ""label"": ""coucal"", ""confidence"": 0.0154}, {""rank"": 4, ""label"": ""bee eater"", ""confidence"": 0.0132}, {""rank"": 5, ""label"": ""house finch"", ""confidence"": 0.01}]",True
Places365_val_00015293.jpg,/Users/aidahamzic/PycharmProjects/PythonProject1/val_256/Places365_val_00015293.jpg,rainforest,forest,cloak,0.0574,"[{""rank"": 1, ""label"": ""cloak"", ""confidence"": 0.0574}, {""rank"": 2, ""label"": ""birdhouse"", ""confidence"": 0.0451}, {""rank"": 3, ""label"": ""cliff"", ""confidence"": 0.0396}, {""rank"": 4, ""label"": ""worm fence"", ""confidence"": 0.0388}, {""rank"": 5, ""label"": ""American black bear"", ""confidence"": 0.0387}]",True
Places365_val_00015961.jpg,/Users/aidahamzic/PycharmProjects/PythonProject1/val_256/Places365_val_00015961.jpg,rainforest,forest,valley,0.4965,"[{""rank"": 1, ""label"": ""valley"", ""confidence"": 0.4965}, {""rank"": 2, ""label"": ""promontory"", ""confidence"": 0.1932}, {""rank"": 3, ""label"": ""lakeside"", ""confidence"": 0.1106}, {""rank"": 4, ""label"": ""dam"", ""confidence"": 0.0579}, {""rank"": 5, ""label"": ""cliff"", ""confidence"": 0.0526}]",True
Places365_val_00016448.jpg,/Users/aidahamzic/PycharmProjects/PythonProject1/val_256/Places365_val_00016448.jpg,rainforest,forest,orangutan,0.1628,"[{""rank"": 1, ""label"": ""orangutan"", ""confidence"": 0.1628}, {""rank"": 2, ""label"": ""armadillo"", ""confidence"": 0.115}, {""rank"": 3, ""label"": ""fox squirrel"", ""confidence"": 0.0389}, {""rank"": 4, ""label"": ""howler monkey"", ""confidence"": 0.0345}, {""rank"": 5, ""label"": ""tusker"", ""confidence"": 0.034}]",True
Places365_val_00017955.jpg,/Users/aidahamzic/PycharmProjects/PythonProject1/val_256/Places365_val_00017955.jpg,rainforest,forest,orangutan,0.497,"[{""rank"": 1, ""label"": ""orangutan"", ""confidence"": 0.497}, {""rank"": 2, ""label"": ""titi"", ""confidence"": 0.2418}, {""rank"": 3, ""label"": ""howler monkey"", ""confidence"": 0.1397}, {""rank"": 4, ""label"": ""spider monkey"", ""confidence"": 0.0357}, {""rank"": 5, ""label"": ""capuchin"", ""confidence"": 0.016}]",True
Places365_val_00017962.jpg,/Users/aidahamzic/PycharmProjects/PythonProject1/val_256/Places365_val_00017962.jpg,rainforest,forest,valley,0.0821,"[{""rank"": 1, ""label"": ""valley"", ""confidence"": 0.0821}, {""rank"": 2, ""label"": ""breastplate"", ""confidence"": 0.0488}, {""rank"": 3, ""label"": ""spotlight"", ""confidence"": 0.0441}, {""rank"": 4, ""label"": ""alp"", ""confidence"": 0.0384}, {""rank"": 5, ""label"": ""cliff"", ""confidence"": 0.0315}]",True
Places365_val_00018888.jpg,/Users/aidahamzic/PycharmProjects/PythonProject1/val_256/Places365_val_00018888.jpg,rainforest,forest,valley,0.837,"[{""rank"": 1, ""label"": ""valley"", ""confidence"": 0.837}, {""rank"": 2, ""label"": ""alp"", ""confidence"": 0.063}, {""rank"": 3, ""label"": ""volcano"", ""confidence"": 0.0435}, {""rank"": 4, ""label"": ""cliff"", ""confidence"": 0.0251}, {""rank"": 5, ""label"": ""lakeside"", ""confidence"": 0.0047}]",True
Places365_val_00020231.jpg,/Users/aidahamzic/PycharmProjects/PythonProject1/val_256/Places365_val_00020231.jpg,rainforest,forest,valley,0.3081,"[{""rank"": 1, ""label"": ""valley"", ""confidence"": 0.3081}, {""rank"": 2, ""label"": ""lakeside"", ""confidence"": 0.1012}, {""rank"": 3, ""label"": ""promontory"", ""confidence"": 0.0962}, {""rank"": 4, ""label"": ""cliff"", ""confidence"": 0.0785}, {""rank"": 5, ""label"": ""seashore"", ""confidence"": 0.0317}]",True
Places365_val_00021227.jpg,/Users/aidahamzic/PycharmProjects/PythonProject1/val_256/Places365_val_00021227.jpg,rainforest,forest,lakeside,0.8209,"[{""rank"": 1, ""label"": ""lakeside"", ""confidence"": 0.8209}, {""rank"": 2, ""label"": ""boathouse"", ""confidence"": 0.055}, {""rank"": 3, ""label"": ""seashore"", ""confidence"": 0.0261}, {""rank"": 4, ""label"": ""sandbar"", ""confidence"": 0.0174}, {""rank"": 5, ""label"": ""valley"", ""confidence"": 0.0161}]",True
Places365_val_00021543.jpg,/Users/aidahamzic/PycharmProjects/PythonProject1/val_256/Places365_val_00021543.jpg,rainforest,forest,capuchin,0.0427,"[{""rank"": 1, ""label"": ""capuchin"", ""confidence"": 0.0427}, {""rank"": 2, ""label"": ""proboscis monkey"", ""confidence"": 0.0421}, {""rank"": 3, ""label"": ""three-toed sloth"", ""confidence"": 0.04}, {""rank"": 4, ""label"": ""indri"", ""confidence"": 0.0379}, {""rank"": 5, ""label"": ""American black bear"", ""confidence"": 0.037}]",True
Places365_val_00021571.jpg,/Users/aidahamzic/PycharmProjects/PythonProject1/val_256/Places365_val_00021571.jpg,rainforest,forest,valley,0.3325,"[{""rank"": 1, ""label"": ""valley"", ""confidence"": 0.3325}, {""rank"": 2, ""label"": ""lakeside"", ""confidence"": 0.0883}, {""rank"": 3, ""label"": ""solar dish"", ""confidence"": 0.052}, {""rank"": 4, ""label"": ""alp"", ""confidence"": 0.0414}, {""rank"": 5, ""label"": ""mountain tent"", ""confidence"": 0.0342}]",True
Places365_val_00021585.jpg,/Users/aidahamzic/PycharmProjects/PythonProject1/val_256/Places365_val_00021585.jpg,rainforest,forest,valley,0.3473,"[{""rank"": 1, ""label"": ""valley"", ""confidence"": 0.3473}, {""rank"": 2, ""label"": ""cliff"", ""confidence"": 0.0664}, {""rank"": 3, ""label"": ""lakeside"", ""confidence"": 0.0625}, {""rank"": 4, ""label"": ""boathouse"", ""confidence"": 0.0551}, {""rank"": 5, ""label"": ""canoe"", ""confidence"": 0.0502}]",True
Places365_val_00022172.jpg,/Users/aidahamzic/PycharmProjects/PythonProject1/val_256/Places365_val_00022172.jpg,rainforest,forest,valley,0.8578,"[{""rank"": 1, ""label"": ""valley"", ""confidence"": 0.8578}, {""rank"": 2, ""label"": ""lakeside"", ""confidence"": 0.0499}, {""rank"": 3, ""label"": ""viaduct"", ""confidence"": 0.0156}, {""rank"": 4, ""label"": ""mountain bike"", ""confidence"": 0.0098}, {""rank"": 5, ""label"": ""alp"", ""confidence"": 0.0097}]",True
Places365_val_00023520.jpg,/Users/aidahamzic/PycharmProjects/PythonProject1/val_256/Places365_val_00023520.jpg,rainforest,forest,valley,0.077,"[{""rank"": 1, ""label"": ""valley"", ""confidence"": 0.077}, {""rank"": 2, ""label"": ""seashore"", ""confidence"": 0.0558}, {""rank"": 3, ""label"": ""volcano"", ""confidence"": 0.0475}, {""rank"": 4, ""label"": ""lakeside"", ""confidence"": 0.0418}, {""rank"": 5, ""label"": ""vulture"", ""confidence"": 0.0251}]",True
Places365_val_00023593.jpg,/Users/aidahamzic/PycharmProjects/PythonProject1/val_256/Places365_val_00023593.jpg,rainforest,forest,cliff,0.3953,"[{""rank"": 1, ""label"": ""cliff"", ""confidence"": 0.3953}, {""rank"": 2, ""label"": ""valley"", ""confidence"": 0.0877}, {""rank"": 3, ""label"": ""volcano"", ""confidence"": 0.0851}, {""rank"": 4, ""label"": ""sandbar"", ""confidence"": 0.0694}, {""rank"": 5, ""label"": ""alp"", ""confidence"": 0.0668}]",True
Places365_val_00023837.jpg,/Users/aidahamzic/PycharmProjects/PythonProject1/val_256/Places365_val_00023837.jpg,rainforest,forest,valley,0.2108,"[{""rank"": 1, ""label"": ""valley"", ""confidence"": 0.2108}, {""rank"": 2, ""label"": ""colobus"", ""confidence"": 0.153}, {""rank"": 3, ""label"": ""fountain"", ""confidence"": 0.0785}, {""rank"": 4, ""label"": ""head cabbage"", ""confidence"": 0.0336}, {""rank"": 5, ""label"": ""megalith"", ""confidence"": 0.0328}]",True
Places365_val_00024011.jpg,/Users/aidahamzic/PycharmProjects/PythonProject1/val_256/Places365_val_00024011.jpg,rainforest,forest,ibex,0.1157,"[{""rank"": 1, ""label"": ""ibex"", ""confidence"": 0.1157}, {""rank"": 2, ""label"": ""volcano"", ""confidence"": 0.0538}, {""rank"": 3, ""label"": ""worm fence"", ""confidence"": 0.0482}, {""rank"": 4, ""label"": ""cliff"", ""confidence"": 0.0389}, {""rank"": 5, ""label"": ""park bench"", ""confidence"": 0.0313}]",True
Places365_val_00024352.jpg,/Users/aidahamzic/PycharmProjects/PythonProject1/val_256/Places365_val_00024352.jpg,rainforest,forest,mountain bike,0.1719,"[{""rank"": 1, ""label"": ""mountain bike"", ""confidence"": 0.1719}, {""rank"": 2, ""label"": ""valley"", ""confidence"": 0.1116}, {""rank"": 3, ""label"": ""lakeside"", ""confidence"": 0.0893}, {""rank"": 4, ""label"": ""maze"", ""confidence"": 0.0882}, {""rank"": 5, ""label"": ""worm fence"", ""confidence"": 0.0878}]",True
Places365_val_00025816.jpg,/Users/aidahamzic/PycharmProjects/PythonProject1/val_256/Places365_val_00025816.jpg,rainforest,forest,valley,0.1967,"[{""rank"": 1, ""label"": ""valley"", ""confidence"": 0.1967}, {""rank"": 2, ""label"": ""tusker"", ""confidence"": 0.0997}, {""rank"": 3, ""label"": ""Indian elephant"", ""confidence"": 0.0684}, {""rank"": 4, ""label"": ""mountain bike"", ""confidence"": 0.0566}, {""rank"": 5, ""label"": ""cliff"", ""confidence"": 0.0456}]",True
Places365_val_00026458.jpg,/Users/aidahamzic/PycharmProjects/PythonProject1/val_256/Places365_val_00026458.jpg,rainforest,forest,stone wall,0.0948,"[{""rank"": 1, ""label"": ""stone wall"", ""confidence"": 0.0948}, {""rank"": 2, ""label"": ""suspension bridge"", ""confidence"": 0.0927}, {""rank"": 3, ""label"": ""valley"", ""confidence"": 0.0484}, {""rank"": 4, ""label"": ""spider web"", ""confidence"": 0.0418}, {""rank"": 5, ""label"": ""mountain bike"", ""confidence"": 0.0346}]",True
Places365_val_00027700.jpg,/Users/aidahamzic/PycharmProjects/PythonProject1/val_256/Places365_val_00027700.jpg,rainforest,forest,geyser,0.836,"[{""rank"": 1, ""label"": ""geyser"", ""confidence"": 0.836}, {""rank"": 2, ""label"": ""fountain"", ""confidence"": 0.0823}, {""rank"": 3, ""label"": ""valley"", ""confidence"": 0.0355}, {""rank"": 4, ""label"": ""dam"", ""confidence"": 0.0263}, {""rank"": 5, ""label"": ""speedboat"", ""confidence"": 0.005}]",True
Places365_val_00028345.jpg,/Users/aidahamzic/PycharmProjects/PythonProject1/val_256/Places365_val_00028345.jpg,rainforest,forest,valley,0.2602,"[{""rank"": 1, ""label"": ""valley"", ""confidence"": 0.2602}, {""rank"": 2, ""label"": ""lakeside"", ""confidence"": 0.0602}, {""rank"": 3, ""label"": ""cliff"", ""confidence"": 0.0366}, {""rank"": 4, ""label"": ""worm fence"", ""confidence"": 0.0288}, {""rank"": 5, ""label"": ""oxcart"", ""confidence"": 0.0246}]",True
Places365_val_00028562.jpg,/Users/aidahamzic/PycharmProjects/PythonProject1/val_256/Places365_val_00028562.jpg,rainforest,forest,geyser,0.3676,"[{""rank"": 1, ""label"": ""geyser"", ""confidence"": 0.3676}, {""rank"": 2, ""label"": ""valley"", ""confidence"": 0.2086}, {""rank"": 3, ""label"": ""dam"", ""confidence"": 0.142}, {""rank"": 4, ""label"": ""fountain"", ""confidence"": 0.1063}, {""rank"": 5, ""label"": ""cliff"", ""confidence"": 0.0276}]",True
Places365_val_00028858.jpg,/Users/aidahamzic/PycharmProjects/PythonProject1/val_256/Places365_val_00028858.jpg,rainforest,forest,valley,0.2153,"[{""rank"": 1, ""label"": ""valley"", ""confidence"": 0.2153}, {""rank"": 2, ""label"": ""car mirror"", ""confidence"": 0.1487}, {""rank"": 3, ""label"": ""volcano"", ""confidence"": 0.1259}, {""rank"": 4, ""label"": ""worm fence"", ""confidence"": 0.0568}, {""rank"": 5, ""label"": ""lakeside"", ""confidence"": 0.0506}]",True
Places365_val_00028996.jpg,/Users/aidahamzic/PycharmProjects/PythonProject1/val_256/Places365_val_00028996.jpg,rainforest,forest,valley,0.7457,"[{""rank"": 1, ""label"": ""valley"", ""confidence"": 0.7457}, {""rank"": 2, ""label"": ""volcano"", ""confidence"": 0.0718}, {""rank"": 3, ""label"": ""cliff"", ""confidence"": 0.0705}, {""rank"": 4, ""label"": ""dam"", ""confidence"": 0.0336}, {""rank"": 5, ""label"": ""geyser"", ""confidence"": 0.0164}]",True
Places365_val_00029779.jpg,/Users/aidahamzic/PycharmProjects/PythonProject1/val_256/Places365_val_00029779.jpg,rainforest,forest,suspension bridge,0.9548,"[{""rank"": 1, ""label"": ""suspension bridge"", ""confidence"": 0.9548}, {""rank"": 2, ""label"": ""worm fence"", ""confidence"": 0.0283}, {""rank"": 3, ""label"": ""valley"", ""confidence"": 0.0057}, {""rank"": 4, ""label"": ""dam"", ""confidence"": 0.0042}, {""rank"": 5, ""label"": ""cliff"", ""confidence"": 0.0013}]",True
Places365_val_00030197.jpg,/Users/aidahamzic/PycharmProjects/PythonProject1/val_256/Places365_val_00030197.jpg,rainforest,forest,valley,0.3006,"[{""rank"": 1, ""label"": ""valley"", ""confidence"": 0.3006}, {""rank"": 2, ""label"": ""cliff"", ""confidence"": 0.2148}, {""rank"": 3, ""label"": ""suspension bridge"", ""confidence"": 0.0679}, {""rank"": 4, ""label"": ""lakeside"", ""confidence"": 0.0604}, {""rank"": 5, ""label"": ""alp"", ""confidence"": 0.0421}]",True
Places365_val_00030693.jpg,/Users/aidahamzic/PycharmProjects/PythonProject1/val_256/Places365_val_00030693.jpg,rainforest,forest,coral fungus,0.1303,"[{""rank"": 1, ""label"": ""coral fungus"", ""confidence"": 0.1303}, {""rank"": 2, ""label"": ""coral reef"", ""confidence"": 0.0481}, {""rank"": 3, ""label"": ""broccoli"", ""confidence"": 0.0365}, {""rank"": 4, ""label"": ""valley"", ""confidence"": 0.0333}, {""rank"": 5, ""label"": ""worm fence"", ""confidence"": 0.0327}]",True
Places365_val_00031648.jpg,/Users/aidahamzic/PycharmProjects/PythonProject1/val_256/Places365_val_00031648.jpg,rainforest,forest,flagpole,0.4286,"[{""rank"": 1, ""label"": ""flagpole"", ""confidence"": 0.4286}, {""rank"": 2, ""label"": ""pole"", ""confidence"": 0.4169}, {""rank"": 3, ""label"": ""car mirror"", ""confidence"": 0.0267}, {""rank"": 4, ""label"": ""swing"", ""confidence"": 0.009}, {""rank"": 5, ""label"": ""sundial"", ""confidence"": 0.0072}]",True
Places365_val_00032561.jpg,/Users/aidahamzic/PycharmProjects/PythonProject1/val_256/Places365_val_00032561.jpg,rainforest,forest,colobus,0.2284,"[{""rank"": 1, ""label"": ""colobus"", ""confidence"": 0.2284}, {""rank"": 2, ""label"": ""langur"", ""confidence"": 0.1341}, {""rank"": 3, ""label"": ""three-toed sloth"", ""confidence"": 0.0549}, {""rank"": 4, ""label"": ""porcupine"", ""confidence"": 0.0523}, {""rank"": 5, ""label"": ""howler monkey"", ""confidence"": 0.044}]",True
Places365_val_00032661.jpg,/Users/aidahamzic/PycharmProjects/PythonProject1/val_256/Places365_val_00032661.jpg,rainforest,forest,valley,0.3155,"[{""rank"": 1, ""label"": ""valley"", ""confidence"": 0.3155}, {""rank"": 2, ""label"": ""suspension bridge"", ""confidence"": 0.1649}, {""rank"": 3, ""label"": ""bow"", ""confidence"": 0.077}, {""rank"": 4, ""label"": ""cliff"", ""confidence"": 0.0743}, {""rank"": 5, ""label"": ""American black bear"", ""confidence"": 0.0375}]",True
Places365_val_00032694.jpg,/Users/aidahamzic/PycharmProjects/PythonProject1/val_256/Places365_val_00032694.jpg,rainforest,forest,valley,0.837,"[{""rank"": 1, ""label"": ""valley"", ""confidence"": 0.837}, {""rank"": 2, ""label"": ""cliff"", ""confidence"": 0.0564}, {""rank"": 3, ""label"": ""lakeside"", ""confidence"": 0.0189}, {""rank"": 4, ""label"": ""suspension bridge"", ""confidence"": 0.008}, {""rank"": 5, ""label"": ""alp"", ""confidence"": 0.0078}]",True
Places365_val_00032950.jpg,/Users/aidahamzic/PycharmProjects/PythonProject1/val_256/Places365_val_00032950.jpg,rainforest,forest,valley,0.739,"[{""rank"": 1, ""label"": ""valley"", ""confidence"": 0.739}, {""rank"": 2, ""label"": ""cliff"", ""confidence"": 0.0248}, {""rank"": 3, ""label"": ""lakeside"", ""confidence"": 0.0245}, {""rank"": 4, ""label"": ""suspension bridge"", ""confidence"": 0.0206}, {""rank"": 5, ""label"": ""mountain tent"", ""confidence"": 0.0183}]",True
Places365_val_00034183.jpg,/Users/aidahamzic/PycharmProjects/PythonProject1/val_256/Places365_val_00034183.jpg,rainforest,forest,valley,0.2463,"[{""rank"": 1, ""label"": ""valley"", ""confidence"": 0.2463}, {""rank"": 2, ""label"": ""worm fence"", ""confidence"": 0.1796}, {""rank"": 3, ""label"": ""lakeside"", ""confidence"": 0.1264}, {""rank"": 4, ""label"": ""cliff"", ""confidence"": 0.097}, {""rank"": 5, ""label"": ""cliff dwelling"", ""confidence"": 0.0468}]",True
Places365_val_00035426.jpg,/Users/aidahamzic/PycharmProjects/PythonProject1/val_256/Places365_val_00035426.jpg,rainforest,forest,snorkel,0.1876,"[{""rank"": 1, ""label"": ""snorkel"", ""confidence"": 0.1876}, {""rank"": 2, ""label"": ""mountain bike"", ""confidence"": 0.1845}, {""rank"": 3, ""label"": ""canoe"", ""confidence"": 0.0789}, {""rank"": 4, ""label"": ""valley"", ""confidence"": 0.0776}, {""rank"": 5, ""label"": ""coho"", ""confidence"": 0.0428}]",True
Places365_val_00000017.jpg,/Users/aidahamzic/PycharmProjects/PythonProject1/val_256/Places365_val_00000017.jpg,glacier,glacier,alp,0.878,"[{""rank"": 1, ""label"": ""alp"", ""confidence"": 0.878}, {""rank"": 2, ""label"": ""valley"", ""confidence"": 0.1185}, {""rank"": 3, ""label"": ""volcano"", ""confidence"": 0.0012}, {""rank"": 4, ""label"": ""mountain tent"", ""confidence"": 0.0009}, {""rank"": 5, ""label"": ""promontory"", ""confidence"": 0.0006}]",True
Places365_val_00000041.jpg,/Users/aidahamzic/PycharmProjects/PythonProject1/val_256/Places365_val_00000041.jpg,mountain,glacier,alp,0.4541,"[{""rank"": 1, ""label"": ""alp"", ""confidence"": 0.4541}, {""rank"": 2, ""label"": ""mountain tent"", ""confidence"": 0.1757}, {""rank"": 3, ""label"": ""valley"", ""confidence"": 0.1731}, {""rank"": 4, ""label"": ""volcano"", ""confidence"": 0.0909}, {""rank"": 5, ""label"": ""thatch"", ""confidence"": 0.0144}]",True
Places365_val_00000333.jpg,/Users/aidahamzic/PycharmProjects/PythonProject1/val_256/Places365_val_00000333.jpg,mountain,glacier,alp,0.1445,"[{""rank"": 1, ""label"": ""alp"", ""confidence"": 0.1445}, {""rank"": 2, ""label"": ""volcano"", ""confidence"": 0.1085}, {""rank"": 3, ""label"": ""seashore"", ""confidence"": 0.0847}, {""rank"": 4, ""label"": ""sandbar"", ""confidence"": 0.0811}, {""rank"": 5, ""label"": ""cliff"", ""confidence"": 0.0779}]",True
Places365_val_00000716.jpg,/Users/aidahamzic/PycharmProjects/PythonProject1/val_256/Places365_val_00000716.jpg,glacier,glacier,alp,0.7859,"[{""rank"": 1, ""label"": ""alp"", ""confidence"": 0.7859}, {""rank"": 2, ""label"": ""valley"", ""confidence"": 0.1325}, {""rank"": 3, ""label"": ""mountain tent"", ""confidence"": 0.0289}, {""rank"": 4, ""label"": ""lakeside"", ""confidence"": 0.0057}, {""rank"": 5, ""label"": ""mountain bike"", ""confidence"": 0.0041}]",True
Places365_val_00000827.jpg,/Users/aidahamzic/PycharmProjects/PythonProject1/val_256/Places365_val_00000827.jpg,mountain,glacier,valley,0.8013,"[{""rank"": 1, ""label"": ""valley"", ""confidence"": 0.8013}, {""rank"": 2, ""label"": ""alp"", ""confidence"": 0.1708}, {""rank"": 3, ""label"": ""cliff"", ""confidence"": 0.0223}, {""rank"": 4, ""label"": ""promontory"", ""confidence"": 0.0029}, {""rank"": 5, ""label"": ""dam"", ""confidence"": 0.0012}]",True
Places365_val_00000897.jpg,/Users/aidahamzic/PycharmProjects/PythonProject1/val_256/Places365_val_00000897.jpg,glacier,glacier,grey whale,0.3372,"[{""rank"": 1, ""label"": ""grey whale"", ""confidence"": 0.3372}, {""rank"": 2, ""label"": ""killer whale"", ""confidence"": 0.2343}, {""rank"": 3, ""label"": ""volcano"", ""confidence"": 0.0727}, {""rank"": 4, ""label"": ""promontory"", ""confidence"": 0.0662}, {""rank"": 5, ""label"": ""alp"", ""confidence"": 0.0352}]",True
Places365_val_00000941.jpg,/Users/aidahamzic/PycharmProjects/PythonProject1/val_256/Places365_val_00000941.jpg,mountain,glacier,valley,0.372,"[{""rank"": 1, ""label"": ""valley"", ""confidence"": 0.372}, {""rank"": 2, ""label"": ""cliff"", ""confidence"": 0.2937}, {""rank"": 3, ""label"": ""promontory"", ""confidence"": 0.1428}, {""rank"": 4, ""label"": ""alp"", ""confidence"": 0.0786}, {""rank"": 5, ""label"": ""volcano"", ""confidence"": 0.0199}]",True
Places365_val_00001027.jpg,/Users/aidahamzic/PycharmProjects/PythonProject1/val_256/Places365_val_00001027.jpg,mountain,glacier,alp,0.6695,"[{""rank"": 1, ""label"": ""alp"", ""confidence"": 0.6695}, {""rank"": 2, ""label"": ""valley"", ""confidence"": 0.3178}, {""rank"": 3, ""label"": ""mountain tent"", ""confidence"": 0.0075}, {""rank"": 4, ""label"": ""cliff"", ""confidence"": 0.0007}, {""rank"": 5, ""label"": ""mountain bike"", ""confidence"": 0.0007}]",True
Places365_val_00001180.jpg,/Users/aidahamzic/PycharmProjects/PythonProject1/val_256/Places365_val_00001180.jpg,glacier,glacier,alp,0.9976,"[{""rank"": 1, ""label"": ""alp"", ""confidence"": 0.9976}, {""rank"": 2, ""label"": ""valley"", ""confidence"": 0.0007}, {""rank"": 3, ""label"": ""volcano"", ""confidence"": 0.0005}, {""rank"": 4, ""label"": ""snowmobile"", ""confidence"": 0.0004}, {""rank"": 5, ""label"": ""ski"", ""confidence"": 0.0003}]",True
Places365_val_00001394.jpg,/Users/aidahamzic/PycharmProjects/PythonProject1/val_256/Places365_val_00001394.jpg,mountain,glacier,valley,0.8503,"[{""rank"": 1, ""label"": ""valley"", ""confidence"": 0.8503}, {""rank"": 2, ""label"": ""alp"", ""confidence"": 0.0357}, {""rank"": 3, ""label"": ""lakeside"", ""confidence"": 0.027}, {""rank"": 4, ""label"": ""castle"", ""confidence"": 0.0181}, {""rank"": 5, ""label"": ""promontory"", ""confidence"": 0.0161}]",True
Places365_val_00001780.jpg,/Users/aidahamzic/PycharmProjects/PythonProject1/val_256/Places365_val_00001780.jpg,mountain,glacier,volcano,0.5275,"[{""rank"": 1, ""label"": ""volcano"", ""confidence"": 0.5275}, {""rank"": 2, ""label"": ""geyser"", ""confidence"": 0.4718}, {""rank"": 3, ""label"": ""steam locomotive"", ""confidence"": 0.0001}, {""rank"": 4, ""label"": ""tank"", ""confidence"": 0.0001}, {""rank"": 5, ""label"": ""missile"", ""confidence"": 0.0001}]",True
Places365_val_00002155.jpg,/Users/aidahamzic/PycharmProjects/PythonProject1/val_256/Places365_val_00002155.jpg,glacier,glacier,television,0.2389,"[{""rank"": 1, ""label"": ""television"", ""confidence"": 0.2389}, {""rank"": 2, ""label"": ""valley"", ""confidence"": 0.1777}, {""rank"": 3, ""label"": ""cliff"", ""confidence"": 0.1563}, {""rank"": 4, ""label"": ""screen"", ""confidence"": 0.0959}, {""rank"": 5, ""label"": ""alp"", ""confidence"": 0.0488}]",True
Places365_val_00002338.jpg,/Users/aidahamzic/PycharmProjects/PythonProject1/val_256/Places365_val_00002338.jpg,glacier,glacier,alp,0.9051,"[{""rank"": 1, ""label"": ""alp"", ""confidence"": 0.9051}, {""rank"": 2, ""label"": ""ski"", ""confidence"": 0.0633}, {""rank"": 3, ""label"": ""valley"", ""confidence"": 0.0113}, {""rank"": 4, ""label"": ""snowmobile"", ""confidence"": 0.0056}, {""rank"": 5, ""label"": ""dogsled"", ""confidence"": 0.0028}]",True
Places365_val_00002459.jpg,/Users/aidahamzic/PycharmProjects/PythonProject1/val_256/Places365_val_00002459.jpg,glacier,glacier,mountain tent,0.223,"[{""rank"": 1, ""label"": ""mountain tent"", ""confidence"": 0.223}, {""rank"": 2, ""label"": ""ski"", ""confidence"": 0.1756}, {""rank"": 3, ""label"": ""snowmobile"", ""confidence"": 0.1499}, {""rank"": 4, ""label"": ""shovel"", ""confidence"": 0.0983}, {""rank"": 5, ""label"": ""alp"", ""confidence"": 0.0902}]",True
Places365_val_00002665.jpg,/Users/aidahamzic/PycharmProjects/PythonProject1/val_256/Places365_val_00002665.jpg,glacier,glacier,alp,0.3042,"[{""rank"": 1, ""label"": ""alp"", ""confidence"": 0.3042}, {""rank"": 2, ""label"": ""cliff"", ""confidence"": 0.2012}, {""rank"": 3, ""label"": ""fireboat"", ""confidence"": 0.0677}, {""rank"": 4, ""label"": ""snowplow"", ""confidence"": 0.0654}, {""rank"": 5, ""label"": ""geyser"", ""confidence"": 0.0406}]",True
Places365_val_00002861.jpg,/Users/aidahamzic/PycharmProjects/PythonProject1/val_256/Places365_val_00002861.jpg,glacier,glacier,alp,0.7477,"[{""rank"": 1, ""label"": ""alp"", ""confidence"": 0.7477}, {""rank"": 2, ""label"": ""cliff"", ""confidence"": 0.1506}, {""rank"": 3, ""label"": ""promontory"", ""confidence"": 0.0382}, {""rank"": 4, ""label"": ""valley"", ""confidence"": 0.036}, {""rank"": 5, ""label"": ""mountain tent"", ""confidence"": 0.0106}]",True
Places365_val_00002980.jpg,/Users/aidahamzic/PycharmProjects/PythonProject1/val_256/Places365_val_00002980.jpg,glacier,glacier,alp,0.5404,"[{""rank"": 1, ""label"": ""alp"", ""confidence"": 0.5404}, {""rank"": 2, ""label"": ""valley"", ""confidence"": 0.4324}, {""rank"": 3, ""label"": ""promontory"", ""confidence"": 0.006}, {""rank"": 4, ""label"": ""cliff"", ""confidence"": 0.0047}, {""rank"": 5, ""label"": ""mountain tent"", ""confidence"": 0.0039}]",True
Places365_val_00003172.jpg,/Users/aidahamzic/PycharmProjects/PythonProject1/val_256/Places365_val_00003172.jpg,glacier,glacier,valley,0.5155,"[{""rank"": 1, ""label"": ""valley"", ""confidence"": 0.5155}, {""rank"": 2, ""label"": ""alp"", ""confidence"": 0.075}, {""rank"": 3, ""label"": ""mountain bike"", ""confidence"": 0.0662}, {""rank"": 4, ""label"": ""lakeside"", ""confidence"": 0.0421}, {""rank"": 5, ""label"": ""mountain tent"", ""confidence"": 0.022}]",True
Places365_val_00003322.jpg,/Users/aidahamzic/PycharmProjects/PythonProject1/val_256/Places365_val_00003322.jpg,mountain,glacier,alp,0.8447,"[{""rank"": 1, ""label"": ""alp"", ""confidence"": 0.8447}, {""rank"": 2, ""label"": ""valley"", ""confidence"": 0.1414}, {""rank"": 3, ""label"": ""cliff"", ""confidence"": 0.0069}, {""rank"": 4, ""label"": ""lakeside"", ""confidence"": 0.0014}, {""rank"": 5, ""label"": ""promontory"", ""confidence"": 0.0011}]",True
Places365_val_00003395.jpg,/Users/aidahamzic/PycharmProjects/PythonProject1/val_256/Places365_val_00003395.jpg,glacier,glacier,alp,0.3674,"[{""rank"": 1, ""label"": ""alp"", ""confidence"": 0.3674}, {""rank"": 2, ""label"": ""valley"", ""confidence"": 0.0479}, {""rank"": 3, ""label"": ""king penguin"", ""confidence"": 0.0444}, {""rank"": 4, ""label"": ""ski"", ""confidence"": 0.0356}, {""rank"": 5, ""label"": ""black grouse"", ""confidence"": 0.0324}]",True
Places365_val_00004000.jpg,/Users/aidahamzic/PycharmProjects/PythonProject1/val_256/Places365_val_00004000.jpg,mountain,glacier,valley,0.7833,"[{""rank"": 1, ""label"": ""valley"", ""confidence"": 0.7833}, {""rank"": 2, ""label"": ""cliff"", ""confidence"": 0.0998}, {""rank"": 3, ""label"": ""alp"", ""confidence"": 0.0841}, {""rank"": 4, ""label"": ""promontory"", ""confidence"": 0.0177}, {""rank"": 5, ""label"": ""lakeside"", ""confidence"": 0.0043}]",True
Places365_val_00004333.jpg,/Users/aidahamzic/PycharmProjects/PythonProject1/val_256/Places365_val_00004333.jpg,glacier,glacier,alp,0.6232,"[{""rank"": 1, ""label"": ""alp"", ""confidence"": 0.6232}, {""rank"": 2, ""label"": ""valley"", ""confidence"": 0.3452}, {""rank"": 3, ""label"": ""cliff"", ""confidence"": 0.0117}, {""rank"": 4, ""label"": ""monastery"", ""confidence"": 0.0069}, {""rank"": 5, ""label"": ""dam"", ""confidence"": 0.0038}]",True
Places365_val_00004604.jpg,/Users/aidahamzic/PycharmProjects/PythonProject1/val_256/Places365_val_00004604.jpg,glacier,glacier,valley,0.4743,"[{""rank"": 1, ""label"": ""valley"", ""confidence"": 0.4743}, {""rank"": 2, ""label"": ""lakeside"", ""confidence"": 0.1927}, {""rank"": 3, ""label"": ""promontory"", ""confidence"": 0.1912}, {""rank"": 4, ""label"": ""alp"", ""confidence"": 0.0575}, {""rank"": 5, ""label"": ""dam"", ""confidence"": 0.0464}]",True
Places365_val_00005019.jpg,/Users/aidahamzic/PycharmProjects/PythonProject1/val_256/Places365_val_00005019.jpg,glacier,glacier,promontory,0.3231,"[{""rank"": 1, ""label"": ""promontory"", ""confidence"": 0.3231}, {""rank"": 2, ""label"": ""volcano"", ""confidence"": 0.1239}, {""rank"": 3, ""label"": ""cliff"", ""confidence"": 0.1169}, {""rank"": 4, ""label"": ""grey whale"", ""confidence"": 0.1006}, {""rank"": 5, ""label"": ""lakeside"", ""confidence"": 0.0645}]",True
Places365_val_00005112.jpg,/Users/aidahamzic/PycharmProjects/PythonProject1/val_256/Places365_val_00005112.jpg,mountain,glacier,volcano,0.9975,"[{""rank"": 1, ""label"": ""volcano"", ""confidence"": 0.9975}, {""rank"": 2, ""label"": ""promontory"", ""confidence"": 0.0007}, {""rank"": 3, ""label"": ""alp"", ""confidence"": 0.0004}, {""rank"": 4, ""label"": ""valley"", ""confidence"": 0.0003}, {""rank"": 5, ""label"": ""thatch"", ""confidence"": 0.0003}]",True
Places365_val_00005544.jpg,/Users/aidahamzic/PycharmProjects/PythonProject1/val_256/Places365_val_00005544.jpg,mountain,glacier,cliff,0.5574,"[{""rank"": 1, ""label"": ""cliff"", ""confidence"": 0.5574}, {""rank"": 2, ""label"": ""seashore"", ""confidence"": 0.0787}, {""rank"": 3, ""label"": ""alp"", ""confidence"": 0.0644}, {""rank"": 4, ""label"": ""promontory"", ""confidence"": 0.0439}, {""rank"": 5, ""label"": ""valley"", ""confidence"": 0.042}]",True
Places365_val_00005927.jpg,/Users/aidahamzic/PycharmProjects/PythonProject1/val_256/Places365_val_00005927.jpg,glacier,glacier,lakeside,0.9185,"[{""rank"": 1, ""label"": ""lakeside"", ""confidence"": 0.9185}, {""rank"": 2, ""label"": ""boathouse"", ""confidence"": 0.0293}, {""rank"": 3, ""label"": ""canoe"", ""confidence"": 0.0131}, {""rank"": 4, ""label"": ""dam"", ""confidence"": 0.0088}, {""rank"": 5, ""label"": ""valley"", ""confidence"": 0.0064}]",True
Places365_val_00006187.jpg,/Users/aidahamzic/PycharmProjects/PythonProject1/val_256/Places365_val_00006187.jpg,mountain,glacier,African elephant,0.3778,"[{""rank"": 1, ""label"": ""African elephant"", ""confidence"": 0.3778}, {""rank"": 2, ""label"": ""cliff"", ""confidence"": 0.1725}, {""rank"": 3, ""label"": ""tusker"", ""confidence"": 0.0942}, {""rank"": 4, ""label"": ""Indian elephant"", ""confidence"": 0.064}, {""rank"": 5, ""label"": ""promontory"", ""confidence"": 0.0632}]",True
Places365_val_00006235.jpg,/Users/aidahamzic/PycharmProjects/PythonProject1/val_256/Places365_val_00006235.jpg,mountain,glacier,valley,0.3441,"[{""rank"": 1, ""label"": ""valley"", ""confidence"": 0.3441}, {""rank"": 2, ""label"": ""alp"", ""confidence"": 0.1308}, {""rank"": 3, ""label"": ""volcano"", ""confidence"": 0.1131}, {""rank"": 4, ""label"": ""cliff"", ""confidence"": 0.0961}, {""rank"": 5, ""label"": ""promontory"", ""confidence"": 0.0828}]",True
Places365_val_00006740.jpg,/Users/aidahamzic/PycharmProjects/PythonProject1/val_256/Places365_val_00006740.jpg,glacier,glacier,alp,0.7081,"[{""rank"": 1, ""label"": ""alp"", ""confidence"": 0.7081}, {""rank"": 2, ""label"": ""valley"", ""confidence"": 0.1942}, {""rank"": 3, ""label"": ""lakeside"", ""confidence"": 0.0412}, {""rank"": 4, ""label"": ""snowmobile"", ""confidence"": 0.0105}, {""rank"": 5, ""label"": ""dogsled"", ""confidence"": 0.0103}]",True
Places365_val_00007013.jpg,/Users/aidahamzic/PycharmProjects/PythonProject1/val_256/Places365_val_00007013.jpg,mountain,glacier,valley,0.7971,"[{""rank"": 1, ""label"": ""valley"", ""confidence"": 0.7971}, {""rank"": 2, ""label"": ""alp"", ""confidence"": 0.1181}, {""rank"": 3, ""label"": ""cliff"", ""confidence"": 0.0784}, {""rank"": 4, ""label"": ""promontory"", ""confidence"": 0.0028}, {""rank"": 5, ""label"": ""ibex"", ""confidence"": 0.0016}]",True
Places365_val_00007235.jpg,/Users/aidahamzic/PycharmProjects/PythonProject1/val_256/Places365_val_00007235.jpg,mountain,glacier,valley,0.458,"[{""rank"": 1, ""label"": ""valley"", ""confidence"": 0.458}, {""rank"": 2, ""label"": ""alp"", ""confidence"": 0.4412}, {""rank"": 3, ""label"": ""lakeside"", ""confidence"": 0.024}, {""rank"": 4, ""label"": ""volcano"", ""confidence"": 0.0164}, {""rank"": 5, ""label"": ""mountain tent"", ""confidence"": 0.0066}]",True
Places365_val_00007303.jpg,/Users/aidahamzic/PycharmProjects/PythonProject1/val_256/Places365_val_00007303.jpg,glacier,glacier,alp,0.574,"[{""rank"": 1, ""label"": ""alp"", ""confidence"": 0.574}, {""rank"": 2, ""label"": ""valley"", ""confidence"": 0.349}, {""rank"": 3, ""label"": ""cliff"", ""confidence"": 0.0508}, {""rank"": 4, ""label"": ""promontory"", ""confidence"": 0.011}, {""rank"": 5, ""label"": ""cliff dwelling"", ""confidence"": 0.0058}]",True
Places365_val_00007346.jpg,/Users/aidahamzic/PycharmProjects/PythonProject1/val_256/Places365_val_00007346.jpg,glacier,glacier,alp,0.7698,"[{""rank"": 1, ""label"": ""alp"", ""confidence"": 0.7698}, {""rank"": 2, ""label"": ""valley"", ""confidence"": 0.1891}, {""rank"": 3, ""label"": ""volcano"", ""confidence"": 0.0092}, {""rank"": 4, ""label"": ""mountain tent"", ""confidence"": 0.0082}, {""rank"": 5, ""label"": ""promontory"", ""confidence"": 0.0082}]",True
Places365_val_00007349.jpg,/Users/aidahamzic/PycharmProjects/PythonProject1/val_256/Places365_val_00007349.jpg,glacier,glacier,alp,0.9733,"[{""rank"": 1, ""label"": ""alp"", ""confidence"": 0.9733}, {""rank"": 2, ""label"": ""mountain tent"", ""confidence"": 0.0132}, {""rank"": 3, ""label"": ""valley"", ""confidence"": 0.0046}, {""rank"": 4, ""label"": ""ski"", ""confidence"": 0.0038}, {""rank"": 5, ""label"": ""volcano"", ""confidence"": 0.0008}]",True
Places365_val_00007614.jpg,/Users/aidahamzic/PycharmProjects/PythonProject1/val_256/Places365_val_00007614.jpg,glacier,glacier,dogsled,0.898,"[{""rank"": 1, ""label"": ""dogsled"", ""confidence"": 0.898}, {""rank"": 2, ""label"": ""whippet"", ""confidence"": 0.0156}, {""rank"": 3, ""label"": ""bloodhound"", ""confidence"": 0.0076}, {""rank"": 4, ""label"": ""Eskimo dog"", ""confidence"": 0.0061}, {""rank"": 5, ""label"": ""Cardigan"", ""confidence"": 0.0045}]",True
Places365_val_00007679.jpg,/Users/aidahamzic/PycharmProjects/PythonProject1/val_256/Places365_val_00007679.jpg,mountain,glacier,alp,0.6397,"[{""rank"": 1, ""label"": ""alp"", ""confidence"": 0.6397}, {""rank"": 2, ""label"": ""volcano"", ""confidence"": 0.1589}, {""rank"": 3, ""label"": ""valley"", ""confidence"": 0.0324}, {""rank"": 4, ""label"": ""mountain tent"", ""confidence"": 0.0254}, {""rank"": 5, ""label"": ""ibex"", ""confidence"": 0.0196}]",True
Places365_val_00007724.jpg,/Users/aidahamzic/PycharmProjects/PythonProject1/val_256/Places365_val_00007724.jpg,glacier,glacier,dam,0.5279,"[{""rank"": 1, ""label"": ""dam"", ""confidence"": 0.5279}, {""rank"": 2, ""label"": ""valley"", ""confidence"": 0.3426}, {""rank"": 3, ""label"": ""alp"", ""confidence"": 0.0404}, {""rank"": 4, ""label"": ""boathouse"", ""confidence"": 0.0173}, {""rank"": 5, ""label"": ""mountain tent"", ""confidence"": 0.0164}]",True
Places365_val_00008046.jpg,/Users/aidahamzic/PycharmProjects/PythonProject1/val_256/Places365_val_00008046.jpg,mountain,glacier,monastery,0.104,"[{""rank"": 1, ""label"": ""monastery"", ""confidence"": 0.104}, {""rank"": 2, ""label"": ""cliff"", ""confidence"": 0.0582}, {""rank"": 3, ""label"": ""obelisk"", ""confidence"": 0.0302}, {""rank"": 4, ""label"": ""cliff dwelling"", ""confidence"": 0.0272}, {""rank"": 5, ""label"": ""pole"", ""confidence"": 0.0244}]",True
Places365_val_00008278.jpg,/Users/aidahamzic/PycharmProjects/PythonProject1/val_256/Places365_val_00008278.jpg,mountain,glacier,cliff,0.567,"[{""rank"": 1, ""label"": ""cliff"", ""confidence"": 0.567}, {""rank"": 2, ""label"": ""cliff dwelling"", ""confidence"": 0.3053}, {""rank"": 3, ""label"": ""ibex"", ""confidence"": 0.0522}, {""rank"": 4, ""label"": ""bighorn"", ""confidence"": 0.037}, {""rank"": 5, ""label"": ""monastery"", ""confidence"": 0.0077}]",True
Places365_val_00008371.jpg,/Users/aidahamzic/PycharmProjects/PythonProject1/val_256/Places365_val_00008371.jpg,mountain,glacier,volcano,0.7085,"[{""rank"": 1, ""label"": ""volcano"", ""confidence"": 0.7085}, {""rank"": 2, ""label"": ""alp"", ""confidence"": 0.1282}, {""rank"": 3, ""label"": ""cliff"", ""confidence"": 0.0433}, {""rank"": 4, ""label"": ""promontory"", ""confidence"": 0.0372}, {""rank"": 5, ""label"": ""valley"", ""confidence"": 0.0233}]",True
Places365_val_00008488.jpg,/Users/aidahamzic/PycharmProjects/PythonProject1/val_256/Places365_val_00008488.jpg,mountain,glacier,promontory,0.3982,"[{""rank"": 1, ""label"": ""promontory"", ""confidence"": 0.3982}, {""rank"": 2, ""label"": ""cliff"", ""confidence"": 0.3329}, {""rank"": 3, ""label"": ""valley"", ""confidence"": 0.0603}, {""rank"": 4, ""label"": ""seashore"", ""confidence"": 0.0562}, {""rank"": 5, ""label"": ""alp"", ""confidence"": 0.0317}]",True
Places365_val_00008494.jpg,/Users/aidahamzic/PycharmProjects/PythonProject1/val_256/Places365_val_00008494.jpg,mountain,glacier,valley,0.4223,"[{""rank"": 1, ""label"": ""valley"", ""confidence"": 0.4223}, {""rank"": 2, ""label"": ""alp"", ""confidence"": 0.3987}, {""rank"": 3, ""label"": ""volcano"", ""confidence"": 0.0655}, {""rank"": 4, ""label"": ""promontory"", ""confidence"": 0.0188}, {""rank"": 5, ""label"": ""cliff"", ""confidence"": 0.0132}]",True
Places365_val_00008515.jpg,/Users/aidahamzic/PycharmProjects/PythonProject1/val_256/Places365_val_00008515.jpg,glacier,glacier,promontory,0.6323,"[{""rank"": 1, ""label"": ""promontory"", ""confidence"": 0.6323}, {""rank"": 2, ""label"": ""volcano"", ""confidence"": 0.1631}, {""rank"": 3, ""label"": ""valley"", ""confidence"": 0.0794}, {""rank"": 4, ""label"": ""cliff"", ""confidence"": 0.0777}, {""rank"": 5, ""label"": ""alp"", ""confidence"": 0.0318}]",True
Places365_val_00008522.jpg,/Users/aidahamzic/PycharmProjects/PythonProject1/val_256/Places365_val_00008522.jpg,mountain,glacier,valley,0.7826,"[{""rank"": 1, ""label"": ""valley"", ""confidence"": 0.7826}, {""rank"": 2, ""label"": ""alp"", ""confidence"": 0.1075}, {""rank"": 3, ""label"": ""cliff"", ""confidence"": 0.0577}, {""rank"": 4, ""label"": ""volcano"", ""confidence"": 0.0181}, {""rank"": 5, ""label"": ""promontory"", ""confidence"": 0.0045}]",True
Places365_val_00008601.jpg,/Users/aidahamzic/PycharmProjects/PythonProject1/val_256/Places365_val_00008601.jpg,mountain,glacier,lakeside,0.2502,"[{""rank"": 1, ""label"": ""lakeside"", ""confidence"": 0.2502}, {""rank"": 2, ""label"": ""volcano"", ""confidence"": 0.0692}, {""rank"": 3, ""label"": ""greenhouse"", ""confidence"": 0.0665}, {""rank"": 4, ""label"": ""seashore"", ""confidence"": 0.0578}, {""rank"": 5, ""label"": ""patio"", ""confidence"": 0.0483}]",True
Places365_val_00008751.jpg,/Users/aidahamzic/PycharmProjects/PythonProject1/val_256/Places365_val_00008751.jpg,mountain,glacier,alp,0.7852,"[{""rank"": 1, ""label"": ""alp"", ""confidence"": 0.7852}, {""rank"": 2, ""label"": ""valley"", ""confidence"": 0.2019}, {""rank"": 3, ""label"": ""lakeside"", ""confidence"": 0.0074}, {""rank"": 4, ""label"": ""mountain tent"", ""confidence"": 0.0035}, {""rank"": 5, ""label"": ""cliff"", ""confidence"": 0.0003}]",True
Places365_val_00008776.jpg,/Users/aidahamzic/PycharmProjects/PythonProject1/val_256/Places365_val_00008776.jpg,glacier,glacier,cliff,0.2983,"[{""rank"": 1, ""label"": ""cliff"", ""confidence"": 0.2983}, {""rank"": 2, ""label"": ""valley"", ""confidence"": 0.2645}, {""rank"": 3, ""label"": ""cliff dwelling"", ""confidence"": 0.2324}, {""rank"": 4, ""label"": ""alp"", ""confidence"": 0.0932}, {""rank"": 5, ""label"": ""promontory"", ""confidence"": 0.0259}]",True
Places365_val_00008956.jpg,/Users/aidahamzic/PycharmProjects/PythonProject1/val_256/Places365_val_00008956.jpg,mountain,glacier,alp,0.3,"[{""rank"": 1, ""label"": ""alp"", ""confidence"": 0.3}, {""rank"": 2, ""label"": ""valley"", ""confidence"": 0.1267}, {""rank"": 3, ""label"": ""lakeside"", ""confidence"": 0.0537}, {""rank"": 4, ""label"": ""mountain tent"", ""confidence"": 0.0518}, {""rank"": 5, ""label"": ""promontory"", ""confidence"": 0.0291}]",True
Places365_val_00009166.jpg,/Users/aidahamzic/PycharmProjects/PythonProject1/val_256/Places365_val_00009166.jpg,mountain,glacier,stone wall,0.5904,"[{""rank"": 1, ""label"": ""stone wall"", ""confidence"": 0.5904}, {""rank"": 2, ""label"": ""valley"", ""confidence"": 0.1282}, {""rank"": 3, ""label"": ""alp"", ""confidence"": 0.1237}, {""rank"": 4, ""label"": ""volcano"", ""confidence"": 0.0678}, {""rank"": 5, ""label"": ""megalith"", ""confidence"": 0.0276}]",True
Places365_val_00009556.jpg,/Users/aidahamzic/PycharmProjects/PythonProject1/val_256/Places365_val_00009556.jpg,glacier,glacier,alp,0.8499,"[{""rank"": 1, ""label"": ""alp"", ""confidence"": 0.8499}, {""rank"": 2, ""label"": ""valley"", ""confidence"": 0.1091}, {""rank"": 3, ""label"": ""volcano"", ""confidence"": 0.0294}, {""rank"": 4, ""label"": ""mountain tent"", ""confidence"": 0.0097}, {""rank"": 5, ""label"": ""yurt"", ""confidence"": 0.0008}]",True
Places365_val_00010039.jpg,/Users/aidahamzic/PycharmProjects/PythonProject1/val_256/Places365_val_00010039.jpg,mountain,glacier,alp,0.6907,"[{""rank"": 1, ""label"": ""alp"", ""confidence"": 0.6907}, {""rank"": 2, ""label"": ""apiary"", ""confidence"": 0.0579}, {""rank"": 3, ""label"": ""ski"", ""confidence"": 0.0344}, {""rank"": 4, ""label"": ""snowmobile"", ""confidence"": 0.0145}, {""rank"": 5, ""label"": ""lakeside"", ""confidence"": 0.0134}]",True
Places365_val_00010107.jpg,/Users/aidahamzic/PycharmProjects/PythonProject1/val_256/Places365_val_00010107.jpg,glacier,glacier,alp,0.9216,"[{""rank"": 1, ""label"": ""alp"", ""confidence"": 0.9216}, {""rank"": 2, ""label"": ""mountain tent"", ""confidence"": 0.0681}, {""rank"": 3, ""label"": ""ski"", ""confidence"": 0.0048}, {""rank"": 4, ""label"": ""solar dish"", ""confidence"": 0.0025}, {""rank"": 5, ""label"": ""church"", ""confidence"": 0.0004}]",True
Places365_val_00010450.jpg,/Users/aidahamzic/PycharmProjects/PythonProject1/val_256/Places365_val_00010450.jpg,glacier,glacier,alp,0.4928,"[{""rank"": 1, ""label"": ""alp"", ""confidence"": 0.4928}, {""rank"": 2, ""label"": ""valley"", ""confidence"": 0.4851}, {""rank"": 3, ""label"": ""mountain tent"", ""confidence"": 0.006}, {""rank"": 4, ""label"": ""cliff"", ""confidence"": 0.0052}, {""rank"": 5, ""label"": ""promontory"", ""confidence"": 0.0026}]",True
Places365_val_00010488.jpg,/Users/aidahamzic/PycharmProjects/PythonProject1/val_256/Places365_val_00010488.jpg,glacier,glacier,snowplow,0.7967,"[{""rank"": 1, ""label"": ""snowplow"", ""confidence"": 0.7967}, {""rank"": 2, ""label"": ""alp"", ""confidence"": 0.0248}, {""rank"": 3, ""label"": ""snowmobile"", ""confidence"": 0.0228}, {""rank"": 4, ""label"": ""crane"", ""confidence"": 0.0176}, {""rank"": 5, ""label"": ""lifeboat"", ""confidence"": 0.015}]",True
Places365_val_00010498.jpg,/Users/aidahamzic/PycharmProjects/PythonProject1/val_256/Places365_val_00010498.jpg,mountain,glacier,alp,0.9807,"[{""rank"": 1, ""label"": ""alp"", ""confidence"": 0.9807}, {""rank"": 2, ""label"": ""valley"", ""confidence"": 0.0116}, {""rank"": 3, ""label"": ""ski"", ""confidence"": 0.0026}, {""rank"": 4, ""label"": ""mountain tent"", ""confidence"": 0.002}, {""rank"": 5, ""label"": ""volcano"", ""confidence"": 0.0008}]",True
Places365_val_00010826.jpg,/Users/aidahamzic/PycharmProjects/PythonProject1/val_256/Places365_val_00010826.jpg,glacier,glacier,thatch,0.277,"[{""rank"": 1, ""label"": ""thatch"", ""confidence"": 0.277}, {""rank"": 2, ""label"": ""stone wall"", ""confidence"": 0.224}, {""rank"": 3, ""label"": ""cliff"", ""confidence"": 0.1655}, {""rank"": 4, ""label"": ""valley"", ""confidence"": 0.0449}, {""rank"": 5, ""label"": ""dam"", ""confidence"": 0.0418}]",True
Places365_val_00010954.jpg,/Users/aidahamzic/PycharmProjects/PythonProject1/val_256/Places365_val_00010954.jpg,mountain,glacier,volcano,0.5948,"[{""rank"": 1, ""label"": ""volcano"", ""confidence"": 0.5948}, {""rank"": 2, ""label"": ""airship"", ""confidence"": 0.1015}, {""rank"": 3, ""label"": ""geyser"", ""confidence"": 0.0554}, {""rank"": 4, ""label"": ""beacon"", ""confidence"": 0.02}, {""rank"": 5, ""label"": ""drilling platform"", ""confidence"": 0.0167}]",True
Places365_val_00011586.jpg,/Users/aidahamzic/PycharmProjects/PythonProject1/val_256/Places365_val_00011586.jpg,mountain,glacier,volcano,0.9998,"[{""rank"": 1, ""label"": ""volcano"", ""confidence"": 0.9998}, {""rank"": 2, ""label"": ""alp"", ""confidence"": 0.0001}, {""rank"": 3, ""label"": ""valley"", ""confidence"": 0.0}, {""rank"": 4, ""label"": ""mountain tent"", ""confidence"": 0.0}, {""rank"": 5, ""label"": ""yurt"", ""confidence"": 0.0}]",True
Places365_val_00011637.jpg,/Users/aidahamzic/PycharmProjects/PythonProject1/val_256/Places365_val_00011637.jpg,glacier,glacier,alp,0.8352,"[{""rank"": 1, ""label"": ""alp"", ""confidence"": 0.8352}, {""rank"": 2, ""label"": ""ski"", ""confidence"": 0.0549}, {""rank"": 3, ""label"": ""snowmobile"", ""confidence"": 0.0408}, {""rank"": 4, ""label"": ""snowplow"", ""confidence"": 0.0147}, {""rank"": 5, ""label"": ""yurt"", ""confidence"": 0.0103}]",True
Places365_val_00011703.jpg,/Users/aidahamzic/PycharmProjects/PythonProject1/val_256/Places365_val_00011703.jpg,mountain,glacier,alp,0.5182,"[{""rank"": 1, ""label"": ""alp"", ""confidence"": 0.5182}, {""rank"": 2, ""label"": ""valley"", ""confidence"": 0.3034}, {""rank"": 3, ""label"": ""volcano"", ""confidence"": 0.0814}, {""rank"": 4, ""label"": ""cliff"", ""confidence"": 0.0213}, {""rank"": 5, ""label"": ""bighorn"", ""confidence"": 0.018}]",True
Places365_val_00011894.jpg,/Users/aidahamzic/PycharmProjects/PythonProject1/val_256/Places365_val_00011894.jpg,glacier,glacier,valley,0.8699,"[{""rank"": 1, ""label"": ""valley"", ""confidence"": 0.8699}, {""rank"": 2, ""label"": ""alp"", ""confidence"": 0.1132}, {""rank"": 3, ""label"": ""mountain tent"", ""confidence"": 0.0058}, {""rank"": 4, ""label"": ""lakeside"", ""confidence"": 0.0022}, {""rank"": 5, ""label"": ""promontory"", ""confidence"": 0.0019}]",True
Places365_val_00012075.jpg,/Users/aidahamzic/PycharmProjects/PythonProject1/val_256/Places365_val_00012075.jpg,mountain,glacier,valley,0.4475,"[{""rank"": 1, ""label"": ""valley"", ""confidence"": 0.4475}, {""rank"": 2, ""label"": ""alp"", ""confidence"": 0.2794}, {""rank"": 3, ""label"": ""worm fence"", ""confidence"": 0.11}, {""rank"": 4, ""label"": ""lakeside"", ""confidence"": 0.0805}, {""rank"": 5, ""label"": ""volcano"", ""confidence"": 0.0098}]",True
Places365_val_00012135.jpg,/Users/aidahamzic/PycharmProjects/PythonProject1/val_256/Places365_val_00012135.jpg,glacier,glacier,alp,0.9939,"[{""rank"": 1, ""label"": ""alp"", ""confidence"": 0.9939}, {""rank"": 2, ""label"": ""mountain tent"", ""confidence"": 0.002}, {""rank"": 3, ""label"": ""valley"", ""confidence"": 0.0013}, {""rank"": 4, ""label"": ""volcano"", ""confidence"": 0.0011}, {""rank"": 5, ""label"": ""ski"", ""confidence"": 0.0011}]",True
Places365_val_00012279.jpg,/Users/aidahamzic/PycharmProjects/PythonProject1/val_256/Places365_val_00012279.jpg,mountain,glacier,colobus,0.1006,"[{""rank"": 1, ""label"": ""colobus"", ""confidence"": 0.1006}, {""rank"": 2, ""label"": ""cliff"", ""confidence"": 0.0811}, {""rank"": 3, ""label"": ""patas"", ""confidence"": 0.0691}, {""rank"": 4, ""label"": ""titi"", ""confidence"": 0.0642}, {""rank"": 5, ""label"": ""valley"", ""confidence"": 0.0637}]",True
Places365_val_00012329.jpg,/Users/aidahamzic/PycharmProjects/PythonProject1/val_256/Places365_val_00012329.jpg,mountain,glacier,alp,0.9256,"[{""rank"": 1, ""label"": ""alp"", ""confidence"": 0.9256}, {""rank"": 2, ""label"": ""valley"", ""confidence"": 0.0468}, {""rank"": 3, ""label"": ""mountain tent"", ""confidence"": 0.0157}, {""rank"": 4, ""label"": ""solar dish"", ""confidence"": 0.0041}, {""rank"": 5, ""label"": ""volcano"", ""confidence"": 0.003}]",True
Places365_val_00012580.jpg,/Users/aidahamzic/PycharmProjects/PythonProject1/val_256/Places365_val_00012580.jpg,glacier,glacier,valley,0.2509,"[{""rank"": 1, ""label"": ""valley"", ""confidence"": 0.2509}, {""rank"": 2, ""label"": ""promontory"", ""confidence"": 0.1999}, {""rank"": 3, ""label"": ""alp"", ""confidence"": 0.1192}, {""rank"": 4, ""label"": ""volcano"", ""confidence"": 0.1162}, {""rank"": 5, ""label"": ""cliff"", ""confidence"": 0.0489}]",True
Places365_val_00012597.jpg,/Users/aidahamzic/PycharmProjects/PythonProject1/val_256/Places365_val_00012597.jpg,glacier,glacier,alp,0.6696,"[{""rank"": 1, ""label"": ""alp"", ""confidence"": 0.6696}, {""rank"": 2, ""label"": ""valley"", ""confidence"": 0.1377}, {""rank"": 3, ""label"": ""snowmobile"", ""confidence"": 0.0413}, {""rank"": 4, ""label"": ""volcano"", ""confidence"": 0.0402}, {""rank"": 5, ""label"": ""mountain tent"", ""confidence"": 0.0224}]",True
Places365_val_00012626.jpg,/Users/aidahamzic/PycharmProjects/PythonProject1/val_256/Places365_val_00012626.jpg,mountain,glacier,seashore,0.2777,"[{""rank"": 1, ""label"": ""seashore"", ""confidence"": 0.2777}, {""rank"": 2, ""label"": ""beacon"", ""confidence"": 0.191}, {""rank"": 3, ""label"": ""castle"", ""confidence"": 0.1414}, {""rank"": 4, ""label"": ""cliff"", ""confidence"": 0.1091}, {""rank"": 5, ""label"": ""megalith"", ""confidence"": 0.0625}]",True
Places365_val_00012775.jpg,/Users/aidahamzic/PycharmProjects/PythonProject1/val_256/Places365_val_00012775.jpg,glacier,glacier,dogsled,0.5405,"[{""rank"": 1, ""label"": ""dogsled"", ""confidence"": 0.5405}, {""rank"": 2, ""label"": ""alp"", ""confidence"": 0.086}, {""rank"": 3, ""label"": ""ski"", ""confidence"": 0.0489}, {""rank"": 4, ""label"": ""schipperke"", ""confidence"": 0.0334}, {""rank"": 5, ""label"": ""Gordon setter"", ""confidence"": 0.0255}]",True
Places365_val_00012798.jpg,/Users/aidahamzic/PycharmProjects/PythonProject1/val_256/Places365_val_00012798.jpg,mountain,glacier,alp,0.8348,"[{""rank"": 1, ""label"": ""alp"", ""confidence"": 0.8348}, {""rank"": 2, ""label"": ""valley"", ""confidence"": 0.0815}, {""rank"": 3, ""label"": ""volcano"", ""confidence"": 0.0423}, {""rank"": 4, ""label"": ""mountain tent"", ""confidence"": 0.0132}, {""rank"": 5, ""label"": ""cliff"", ""confidence"": 0.006}]",True
Places365_val_00012898.jpg,/Users/aidahamzic/PycharmProjects/PythonProject1/val_256/Places365_val_00012898.jpg,mountain,glacier,volcano,0.28,"[{""rank"": 1, ""label"": ""volcano"", ""confidence"": 0.28}, {""rank"": 2, ""label"": ""geyser"", ""confidence"": 0.1357}, {""rank"": 3, ""label"": ""radio telescope"", ""confidence"": 0.0639}, {""rank"": 4, ""label"": ""rapeseed"", ""confidence"": 0.0603}, {""rank"": 5, ""label"": ""trailer truck"", ""confidence"": 0.0424}]",True
Places365_val_00013257.jpg,/Users/aidahamzic/PycharmProjects/PythonProject1/val_256/Places365_val_00013257.jpg,glacier,glacier,alp,0.3288,"[{""rank"": 1, ""label"": ""alp"", ""confidence"": 0.3288}, {""rank"": 2, ""label"": ""snowmobile"", ""confidence"": 0.2681}, {""rank"": 3, ""label"": ""ski"", ""confidence"": 0.2562}, {""rank"": 4, ""label"": ""dogsled"", ""confidence"": 0.0379}, {""rank"": 5, ""label"": ""bobsled"", ""confidence"": 0.0351}]",True
Places365_val_00013987.jpg,/Users/aidahamzic/PycharmProjects/PythonProject1/val_256/Places365_val_00013987.jpg,mountain,glacier,alp,0.5014,"[{""rank"": 1, ""label"": ""alp"", ""confidence"": 0.5014}, {""rank"": 2, ""label"": ""valley"", ""confidence"": 0.3548}, {""rank"": 3, ""label"": ""cliff"", ""confidence"": 0.0313}, {""rank"": 4, ""label"": ""Lakeland terrier"", ""confidence"": 0.0232}, {""rank"": 5, ""label"": ""mountain bike"", ""confidence"": 0.0214}]",True
Places365_val_00014035.jpg,/Users/aidahamzic/PycharmProjects/PythonProject1/val_256/Places365_val_00014035.jpg,mountain,glacier,valley,0.4826,"[{""rank"": 1, ""label"": ""valley"", ""confidence"": 0.4826}, {""rank"": 2, ""label"": ""alp"", ""confidence"": 0.4248}, {""rank"": 3, ""label"": ""volcano"", ""confidence"": 0.0816}, {""rank"": 4, ""label"": ""mountain tent"", ""confidence"": 0.0093}, {""rank"": 5, ""label"": ""mountain bike"", ""confidence"": 0.0005}]",True
Places365_val_00014448.jpg,/Users/aidahamzic/PycharmProjects/PythonProject1/val_256/Places365_val_00014448.jpg,mountain,glacier,valley,0.9265,"[{""rank"": 1, ""label"": ""valley"", ""confidence"": 0.9265}, {""rank"": 2, ""label"": ""cliff"", ""confidence"": 0.0143}, {""rank"": 3, ""label"": ""water snake"", ""confidence"": 0.0104}, {""rank"": 4, ""label"": ""lakeside"", ""confidence"": 0.0078}, {""rank"": 5, ""label"": ""water ouzel"", ""confidence"": 0.0052}]",True
Places365_val_00014469.jpg,/Users/aidahamzic/PycharmProjects/PythonProject1/val_256/Places365_val_00014469.jpg,glacier,glacier,alp,0.6329,"[{""rank"": 1, ""label"": ""alp"", ""confidence"": 0.6329}, {""rank"": 2, ""label"": ""megalith"", ""confidence"": 0.1353}, {""rank"": 3, ""label"": ""valley"", ""confidence"": 0.1266}, {""rank"": 4, ""label"": ""geyser"", ""confidence"": 0.0264}, {""rank"": 5, ""label"": ""cliff"", ""confidence"": 0.0168}]",True
Places365_val_00014535.jpg,/Users/aidahamzic/PycharmProjects/PythonProject1/val_256/Places365_val_00014535.jpg,glacier,glacier,cliff,0.2454,"[{""rank"": 1, ""label"": ""cliff"", ""confidence"": 0.2454}, {""rank"": 2, ""label"": ""conch"", ""confidence"": 0.0711}, {""rank"": 3, ""label"": ""shower curtain"", ""confidence"": 0.0533}, {""rank"": 4, ""label"": ""feather boa"", ""confidence"": 0.0508}, {""rank"": 5, ""label"": ""alp"", ""confidence"": 0.0484}]",True
Places365_val_00014731.jpg,/Users/aidahamzic/PycharmProjects/PythonProject1/val_256/Places365_val_00014731.jpg,mountain,glacier,geyser,0.3984,"[{""rank"": 1, ""label"": ""geyser"", ""confidence"": 0.3984}, {""rank"": 2, ""label"": ""volcano"", ""confidence"": 0.205}, {""rank"": 3, ""label"": ""alp"", ""confidence"": 0.1338}, {""rank"": 4, ""label"": ""valley"", ""confidence"": 0.0944}, {""rank"": 5, ""label"": ""cliff"", ""confidence"": 0.0768}]",True
Places365_val_00015374.jpg,/Users/aidahamzic/PycharmProjects/PythonProject1/val_256/Places365_val_00015374.jpg,glacier,glacier,alp,0.3163,"[{""rank"": 1, ""label"": ""alp"", ""confidence"": 0.3163}, {""rank"": 2, ""label"": ""snowmobile"", ""confidence"": 0.3144}, {""rank"": 3, ""label"": ""dogsled"", ""confidence"": 0.2288}, {""rank"": 4, ""label"": ""ski"", ""confidence"": 0.1337}, {""rank"": 5, ""label"": ""snowplow"", ""confidence"": 0.0031}]",True
Places365_val_00015449.jpg,/Users/aidahamzic/PycharmProjects/PythonProject1/val_256/Places365_val_00015449.jpg,glacier,glacier,alp,0.877,"[{""rank"": 1, ""label"": ""alp"", ""confidence"": 0.877}, {""rank"": 2, ""label"": ""valley"", ""confidence"": 0.0418}, {""rank"": 3, ""label"": ""volcano"", ""confidence"": 0.0415}, {""rank"": 4, ""label"": ""promontory"", ""confidence"": 0.0155}, {""rank"": 5, ""label"": ""mountain tent"", ""confidence"": 0.0054}]",True
Places365_val_00015583.jpg,/Users/aidahamzic/PycharmProjects/PythonProject1/val_256/Places365_val_00015583.jpg,mountain,glacier,alp,0.8118,"[{""rank"": 1, ""label"": ""alp"", ""confidence"": 0.8118}, {""rank"": 2, ""label"": ""valley"", ""confidence"": 0.16}, {""rank"": 3, ""label"": ""mountain tent"", ""confidence"": 0.0085}, {""rank"": 4, ""label"": ""volcano"", ""confidence"": 0.007}, {""rank"": 5, ""label"": ""lakeside"", ""confidence"": 0.0029}]",True
Places365_val_00015599.jpg,/Users/aidahamzic/PycharmProjects/PythonProject1/val_256/Places365_val_00015599.jpg,mountain,glacier,volcano,0.658,"[{""rank"": 1, ""label"": ""volcano"", ""confidence"": 0.658}, {""rank"": 2, ""label"": ""valley"", ""confidence"": 0.1852}, {""rank"": 3, ""label"": ""cliff"", ""confidence"": 0.0529}, {""rank"": 4, ""label"": ""geyser"", ""confidence"": 0.052}, {""rank"": 5, ""label"": ""promontory"", ""confidence"": 0.0371}]",True
Places365_val_00015603.jpg,/Users/aidahamzic/PycharmProjects/PythonProject1/val_256/Places365_val_00015603.jpg,glacier,glacier,valley,0.6427,"[{""rank"": 1, ""label"": ""valley"", ""confidence"": 0.6427}, {""rank"": 2, ""label"": ""lakeside"", ""confidence"": 0.117}, {""rank"": 3, ""label"": ""dam"", ""confidence"": 0.0882}, {""rank"": 4, ""label"": ""alp"", ""confidence"": 0.0631}, {""rank"": 5, ""label"": ""boathouse"", ""confidence"": 0.0193}]",True
Places365_val_00015749.jpg,/Users/aidahamzic/PycharmProjects/PythonProject1/val_256/Places365_val_00015749.jpg,glacier,glacier,ski,0.6422,"[{""rank"": 1, ""label"": ""ski"", ""confidence"": 0.6422}, {""rank"": 2, ""label"": ""alp"", ""confidence"": 0.2911}, {""rank"": 3, ""label"": ""volcano"", ""confidence"": 0.0118}, {""rank"": 4, ""label"": ""snowmobile"", ""confidence"": 0.0087}, {""rank"": 5, ""label"": ""cliff"", ""confidence"": 0.0073}]",True
Places365_val_00016122.jpg,/Users/aidahamzic/PycharmProjects/PythonProject1/val_256/Places365_val_00016122.jpg,mountain,glacier,cliff,0.4603,"[{""rank"": 1, ""label"": ""cliff"", ""confidence"": 0.4603}, {""rank"": 2, ""label"": ""valley"", ""confidence"": 0.3627}, {""rank"": 3, ""label"": ""ibex"", ""confidence"": 0.0401}, {""rank"": 4, ""label"": ""bighorn"", ""confidence"": 0.0371}, {""rank"": 5, ""label"": ""alp"", ""confidence"": 0.0279}]",True
Places365_val_00016131.jpg,/Users/aidahamzic/PycharmProjects/PythonProject1/val_256/Places365_val_00016131.jpg,mountain,glacier,alp,0.809,"[{""rank"": 1, ""label"": ""alp"", ""confidence"": 0.809}, {""rank"": 2, ""label"": ""valley"", ""confidence"": 0.1089}, {""rank"": 3, ""label"": ""lakeside"", ""confidence"": 0.042}, {""rank"": 4, ""label"": ""mountain tent"", ""confidence"": 0.008}, {""rank"": 5, ""label"": ""snowmobile"", ""confidence"": 0.0043}]",True
Places365_val_00016294.jpg,/Users/aidahamzic/PycharmProjects/PythonProject1/val_256/Places365_val_00016294.jpg,glacier,glacier,cliff,0.3219,"[{""rank"": 1, ""label"": ""cliff"", ""confidence"": 0.3219}, {""rank"": 2, ""label"": ""alp"", ""confidence"": 0.2605}, {""rank"": 3, ""label"": ""dam"", ""confidence"": 0.1424}, {""rank"": 4, ""label"": ""valley"", ""confidence"": 0.1223}, {""rank"": 5, ""label"": ""monastery"", ""confidence"": 0.0554}]",True
Places365_val_00016773.jpg,/Users/aidahamzic/PycharmProjects/PythonProject1/val_256/Places365_val_00016773.jpg,mountain,glacier,alp,0.9391,"[{""rank"": 1, ""label"": ""alp"", ""confidence"": 0.9391}, {""rank"": 2, ""label"": ""ski"", ""confidence"": 0.0344}, {""rank"": 3, ""label"": ""valley"", ""confidence"": 0.0096}, {""rank"": 4, ""label"": ""mountain tent"", ""confidence"": 0.0066}, {""rank"": 5, ""label"": ""dogsled"", ""confidence"": 0.0017}]",True
Places365_val_00017519.jpg,/Users/aidahamzic/PycharmProjects/PythonProject1/val_256/Places365_val_00017519.jpg,mountain,glacier,cliff,0.2181,"[{""rank"": 1, ""label"": ""cliff"", ""confidence"": 0.2181}, {""rank"": 2, ""label"": ""promontory"", ""confidence"": 0.2026}, {""rank"": 3, ""label"": ""volcano"", ""confidence"": 0.1803}, {""rank"": 4, ""label"": ""seashore"", ""confidence"": 0.1342}, {""rank"": 5, ""label"": ""valley"", ""confidence"": 0.1066}]",True
Places365_val_00018329.jpg,/Users/aidahamzic/PycharmProjects/PythonProject1/val_256/Places365_val_00018329.jpg,glacier,glacier,alp,0.5267,"[{""rank"": 1, ""label"": ""alp"", ""confidence"": 0.5267}, {""rank"": 2, ""label"": ""valley"", ""confidence"": 0.2081}, {""rank"": 3, ""label"": ""volcano"", ""confidence"": 0.147}, {""rank"": 4, ""label"": ""mountain tent"", ""confidence"": 0.0671}, {""rank"": 5, ""label"": ""yurt"", ""confidence"": 0.0119}]",True
Places365_val_00018502.jpg,/Users/aidahamzic/PycharmProjects/PythonProject1/val_256/Places365_val_00018502.jpg,mountain,glacier,volcano,0.9152,"[{""rank"": 1, ""label"": ""volcano"", ""confidence"": 0.9152}, {""rank"": 2, ""label"": ""alp"", ""confidence"": 0.0595}, {""rank"": 3, ""label"": ""valley"", ""confidence"": 0.0193}, {""rank"": 4, ""label"": ""mountain tent"", ""confidence"": 0.0043}, {""rank"": 5, ""label"": ""promontory"", ""confidence"": 0.0003}]",True
Places365_val_00018553.jpg,/Users/aidahamzic/PycharmProjects/PythonProject1/val_256/Places365_val_00018553.jpg,glacier,glacier,valley,0.5036,"[{""rank"": 1, ""label"": ""valley"", ""confidence"": 0.5036}, {""rank"": 2, ""label"": ""alp"", ""confidence"": 0.0876}, {""rank"": 3, ""label"": ""volcano"", ""confidence"": 0.0218}, {""rank"": 4, ""label"": ""gar"", ""confidence"": 0.0199}, {""rank"": 5, ""label"": ""leatherback turtle"", ""confidence"": 0.0177}]",True
Places365_val_00019112.jpg,/Users/aidahamzic/PycharmProjects/PythonProject1/val_256/Places365_val_00019112.jpg,mountain,glacier,promontory,0.4942,"[{""rank"": 1, ""label"": ""promontory"", ""confidence"": 0.4942}, {""rank"": 2, ""label"": ""cliff"", ""confidence"": 0.3985}, {""rank"": 3, ""label"": ""valley"", ""confidence"": 0.0414}, {""rank"": 4, ""label"": ""alp"", ""confidence"": 0.0257}, {""rank"": 5, ""label"": ""seashore"", ""confidence"": 0.0096}]",True
Places365_val_00019131.jpg,/Users/aidahamzic/PycharmProjects/PythonProject1/val_256/Places365_val_00019131.jpg,mountain,glacier,valley,0.2923,"[{""rank"": 1, ""label"": ""valley"", ""confidence"": 0.2923}, {""rank"": 2, ""label"": ""alp"", ""confidence"": 0.2037}, {""rank"": 3, ""label"": ""volcano"", ""confidence"": 0.0536}, {""rank"": 4, ""label"": ""mountain tent"", ""confidence"": 0.0475}, {""rank"": 5, ""label"": ""lakeside"", ""confidence"": 0.0375}]",True
Places365_val_00019157.jpg,/Users/aidahamzic/PycharmProjects/PythonProject1/val_256/Places365_val_00019157.jpg,mountain,glacier,volcano,0.4862,"[{""rank"": 1, ""label"": ""volcano"", ""confidence"": 0.4862}, {""rank"": 2, ""label"": ""lakeside"", ""confidence"": 0.1765}, {""rank"": 3, ""label"": ""valley"", ""confidence"": 0.1168}, {""rank"": 4, ""label"": ""promontory"", ""confidence"": 0.0685}, {""rank"": 5, ""label"": ""alp"", ""confidence"": 0.0553}]",True
Places365_val_00019412.jpg,/Users/aidahamzic/PycharmProjects/PythonProject1/val_256/Places365_val_00019412.jpg,mountain,glacier,volcano,0.2494,"[{""rank"": 1, ""label"": ""volcano"", ""confidence"": 0.2494}, {""rank"": 2, ""label"": ""beacon"", ""confidence"": 0.0754}, {""rank"": 3, ""label"": ""hay"", ""confidence"": 0.0639}, {""rank"": 4, ""label"": ""geyser"", ""confidence"": 0.0632}, {""rank"": 5, ""label"": ""megalith"", ""confidence"": 0.0582}]",True
Places365_val_00019416.jpg,/Users/aidahamzic/PycharmProjects/PythonProject1/val_256/Places365_val_00019416.jpg,mountain,glacier,alp,0.2459,"[{""rank"": 1, ""label"": ""alp"", ""confidence"": 0.2459}, {""rank"": 2, ""label"": ""Arabian camel"", ""confidence"": 0.1423}, {""rank"": 3, ""label"": ""tripod"", ""confidence"": 0.0939}, {""rank"": 4, ""label"": ""crutch"", ""confidence"": 0.0657}, {""rank"": 5, ""label"": ""volcano"", ""confidence"": 0.0606}]",True
Places365_val_00019747.jpg,/Users/aidahamzic/PycharmProjects/PythonProject1/val_256/Places365_val_00019747.jpg,mountain,glacier,valley,0.6939,"[{""rank"": 1, ""label"": ""valley"", ""confidence"": 0.6939}, {""rank"": 2, ""label"": ""cliff"", ""confidence"": 0.2065}, {""rank"": 3, ""label"": ""alp"", ""confidence"": 0.0513}, {""rank"": 4, ""label"": ""dam"", ""confidence"": 0.0155}, {""rank"": 5, ""label"": ""mountain tent"", ""confidence"": 0.0052}]",True
Places365_val_00021017.jpg,/Users/aidahamzic/PycharmProjects/PythonProject1/val_256/Places365_val_00021017.jpg,mountain,glacier,lakeside,0.3619,"[{""rank"": 1, ""label"": ""lakeside"", ""confidence"": 0.3619}, {""rank"": 2, ""label"": ""promontory"", ""confidence"": 0.2816}, {""rank"": 3, ""label"": ""seashore"", ""confidence"": 0.1481}, {""rank"": 4, ""label"": ""volcano"", ""confidence"": 0.0514}, {""rank"": 5, ""label"": ""sandbar"", ""confidence"": 0.0488}]",True
Places365_val_00021145.jpg,/Users/aidahamzic/PycharmProjects/PythonProject1/val_256/Places365_val_00021145.jpg,glacier,glacier,alp,0.6438,"[{""rank"": 1, ""label"": ""alp"", ""confidence"": 0.6438}, {""rank"": 2, ""label"": ""valley"", ""confidence"": 0.3514}, {""rank"": 3, ""label"": ""mountain tent"", ""confidence"": 0.0023}, {""rank"": 4, ""label"": ""volcano"", ""confidence"": 0.0007}, {""rank"": 5, ""label"": ""ski"", ""confidence"": 0.0004}]",True
Places365_val_00021296.jpg,/Users/aidahamzic/PycharmProjects/PythonProject1/val_256/Places365_val_00021296.jpg,mountain,glacier,valley,0.514,"[{""rank"": 1, ""label"": ""valley"", ""confidence"": 0.514}, {""rank"": 2, ""label"": ""alp"", ""confidence"": 0.2267}, {""rank"": 3, ""label"": ""volcano"", ""confidence"": 0.1734}, {""rank"": 4, ""label"": ""cliff"", ""confidence"": 0.0253}, {""rank"": 5, ""label"": ""mountain tent"", ""confidence"": 0.0134}]",True
Places365_val_00021312.jpg,/Users/aidahamzic/PycharmProjects/PythonProject1/val_256/Places365_val_00021312.jpg,glacier,glacier,valley,0.4912,"[{""rank"": 1, ""label"": ""valley"", ""confidence"": 0.4912}, {""rank"": 2, ""label"": ""alp"", ""confidence"": 0.4886}, {""rank"": 3, ""label"": ""cliff"", ""confidence"": 0.0081}, {""rank"": 4, ""label"": ""promontory"", ""confidence"": 0.0055}, {""rank"": 5, ""label"": ""mountain tent"", ""confidence"": 0.003}]",True
Places365_val_00021426.jpg,/Users/aidahamzic/PycharmProjects/PythonProject1/val_256/Places365_val_00021426.jpg,mountain,glacier,promontory,0.8395,"[{""rank"": 1, ""label"": ""promontory"", ""confidence"": 0.8395}, {""rank"": 2, ""label"": ""cliff"", ""confidence"": 0.1017}, {""rank"": 3, ""label"": ""seashore"", ""confidence"": 0.0128}, {""rank"": 4, ""label"": ""megalith"", ""confidence"": 0.0063}, {""rank"": 5, ""label"": ""valley"", ""confidence"": 0.003}]",True
Places365_val_00021477.jpg,/Users/aidahamzic/PycharmProjects/PythonProject1/val_256/Places365_val_00021477.jpg,glacier,glacier,alp,0.6315,"[{""rank"": 1, ""label"": ""alp"", ""confidence"": 0.6315}, {""rank"": 2, ""label"": ""valley"", ""confidence"": 0.3375}, {""rank"": 3, ""label"": ""cliff"", ""confidence"": 0.0089}, {""rank"": 4, ""label"": ""promontory"", ""confidence"": 0.0088}, {""rank"": 5, ""label"": ""mountain tent"", ""confidence"": 0.0032}]",True
Places365_val_00021820.jpg,/Users/aidahamzic/PycharmProjects/PythonProject1/val_256/Places365_val_00021820.jpg,mountain,glacier,alp,0.4775,"[{""rank"": 1, ""label"": ""alp"", ""confidence"": 0.4775}, {""rank"": 2, ""label"": ""valley"", ""confidence"": 0.2074}, {""rank"": 3, ""label"": ""cliff"", ""confidence"": 0.0868}, {""rank"": 4, ""label"": ""cliff dwelling"", ""confidence"": 0.0806}, {""rank"": 5, ""label"": ""dam"", ""confidence"": 0.0281}]",True
Places365_val_00021970.jpg,/Users/aidahamzic/PycharmProjects/PythonProject1/val_256/Places365_val_00021970.jpg,glacier,glacier,volcano,0.7737,"[{""rank"": 1, ""label"": ""volcano"", ""confidence"": 0.7737}, {""rank"": 2, ""label"": ""alp"", ""confidence"": 0.1988}, {""rank"": 3, ""label"": ""geyser"", ""confidence"": 0.0118}, {""rank"": 4, ""label"": ""valley"", ""confidence"": 0.0097}, {""rank"": 5, ""label"": ""mountain tent"", ""confidence"": 0.0013}]",True
Places365_val_00022215.jpg,/Users/aidahamzic/PycharmProjects/PythonProject1/val_256/Places365_val_00022215.jpg,glacier,glacier,alp,0.6847,"[{""rank"": 1, ""label"": ""alp"", ""confidence"": 0.6847}, {""rank"": 2, ""label"": ""mountain tent"", ""confidence"": 0.0969}, {""rank"": 3, ""label"": ""ski"", ""confidence"": 0.0272}, {""rank"": 4, ""label"": ""snowmobile"", ""confidence"": 0.0232}, {""rank"": 5, ""label"": ""valley"", ""confidence"": 0.0191}]",True
Places365_val_00022448.jpg,/Users/aidahamzic/PycharmProjects/PythonProject1/val_256/Places365_val_00022448.jpg,glacier,glacier,alp,0.6659,"[{""rank"": 1, ""label"": ""alp"", ""confidence"": 0.6659}, {""rank"": 2, ""label"": ""valley"", ""confidence"": 0.1992}, {""rank"": 3, ""label"": ""cliff"", ""confidence"": 0.035}, {""rank"": 4, ""label"": ""volcano"", ""confidence"": 0.0234}, {""rank"": 5, ""label"": ""mountain tent"", ""confidence"": 0.0225}]",True
Places365_val_00022481.jpg,/Users/aidahamzic/PycharmProjects/PythonProject1/val_256/Places365_val_00022481.jpg,glacier,glacier,mountain tent,0.6846,"[{""rank"": 1, ""label"": ""mountain tent"", ""confidence"": 0.6846}, {""rank"": 2, ""label"": ""sleeping bag"", ""confidence"": 0.1951}, {""rank"": 3, ""label"": ""alp"", ""confidence"": 0.0562}, {""rank"": 4, ""label"": ""valley"", ""confidence"": 0.0259}, {""rank"": 5, ""label"": ""stretcher"", ""confidence"": 0.0059}]",True
Places365_val_00022487.jpg,/Users/aidahamzic/PycharmProjects/PythonProject1/val_256/Places365_val_00022487.jpg,glacier,glacier,alp,0.8893,"[{""rank"": 1, ""label"": ""alp"", ""confidence"": 0.8893}, {""rank"": 2, ""label"": ""valley"", ""confidence"": 0.0643}, {""rank"": 3, ""label"": ""volcano"", ""confidence"": 0.0255}, {""rank"": 4, ""label"": ""promontory"", ""confidence"": 0.006}, {""rank"": 5, ""label"": ""cliff"", ""confidence"": 0.0034}]",True
Places365_val_00022554.jpg,/Users/aidahamzic/PycharmProjects/PythonProject1/val_256/Places365_val_00022554.jpg,mountain,glacier,valley,0.5995,"[{""rank"": 1, ""label"": ""valley"", ""confidence"": 0.5995}, {""rank"": 2, ""label"": ""worm fence"", ""confidence"": 0.0773}, {""rank"": 3, ""label"": ""alp"", ""confidence"": 0.0717}, {""rank"": 4, ""label"": ""radio telescope"", ""confidence"": 0.0301}, {""rank"": 5, ""label"": ""mountain tent"", ""confidence"": 0.018}]",True
Places365_val_00022889.jpg,/Users/aidahamzic/PycharmProjects/PythonProject1/val_256/Places365_val_00022889.jpg,glacier,glacier,valley,0.9337,"[{""rank"": 1, ""label"": ""valley"", ""confidence"": 0.9337}, {""rank"": 2, ""label"": ""alp"", ""confidence"": 0.0409}, {""rank"": 3, ""label"": ""volcano"", ""confidence"": 0.0085}, {""rank"": 4, ""label"": ""mountain tent"", ""confidence"": 0.0049}, {""rank"": 5, ""label"": ""cliff"", ""confidence"": 0.0029}]",True
Places365_val_00022946.jpg,/Users/aidahamzic/PycharmProjects/PythonProject1/val_256/Places365_val_00022946.jpg,glacier,glacier,ski,0.5162,"[{""rank"": 1, ""label"": ""ski"", ""confidence"": 0.5162}, {""rank"": 2, ""label"": ""alp"", ""confidence"": 0.2506}, {""rank"": 3, ""label"": ""snowmobile"", ""confidence"": 0.1915}, {""rank"": 4, ""label"": ""bobsled"", ""confidence"": 0.0297}, {""rank"": 5, ""label"": ""ski mask"", ""confidence"": 0.0038}]",True
Places365_val_00023581.jpg,/Users/aidahamzic/PycharmProjects/PythonProject1/val_256/Places365_val_00023581.jpg,mountain,glacier,valley,0.4232,"[{""rank"": 1, ""label"": ""valley"", ""confidence"": 0.4232}, {""rank"": 2, ""label"": ""alp"", ""confidence"": 0.3211}, {""rank"": 3, ""label"": ""promontory"", ""confidence"": 0.1476}, {""rank"": 4, ""label"": ""cliff"", ""confidence"": 0.0321}, {""rank"": 5, ""label"": ""lakeside"", ""confidence"": 0.0143}]",True
Places365_val_00024242.jpg,/Users/aidahamzic/PycharmProjects/PythonProject1/val_256/Places365_val_00024242.jpg,mountain,glacier,alp,0.4429,"[{""rank"": 1, ""label"": ""alp"", ""confidence"": 0.4429}, {""rank"": 2, ""label"": ""ski"", ""confidence"": 0.2826}, {""rank"": 3, ""label"": ""valley"", ""confidence"": 0.0482}, {""rank"": 4, ""label"": ""cliff"", ""confidence"": 0.0331}, {""rank"": 5, ""label"": ""mountain bike"", ""confidence"": 0.0321}]",True
Places365_val_00024371.jpg,/Users/aidahamzic/PycharmProjects/PythonProject1/val_256/Places365_val_00024371.jpg,glacier,glacier,alp,0.3549,"[{""rank"": 1, ""label"": ""alp"", ""confidence"": 0.3549}, {""rank"": 2, ""label"": ""promontory"", ""confidence"": 0.1723}, {""rank"": 3, ""label"": ""cliff"", ""confidence"": 0.1299}, {""rank"": 4, ""label"": ""valley"", ""confidence"": 0.1025}, {""rank"": 5, ""label"": ""ibex"", ""confidence"": 0.0405}]",True
Places365_val_00024449.jpg,/Users/aidahamzic/PycharmProjects/PythonProject1/val_256/Places365_val_00024449.jpg,mountain,glacier,valley,0.4922,"[{""rank"": 1, ""label"": ""valley"", ""confidence"": 0.4922}, {""rank"": 2, ""label"": ""alp"", ""confidence"": 0.2442}, {""rank"": 3, ""label"": ""promontory"", ""confidence"": 0.0755}, {""rank"": 4, ""label"": ""cliff"", ""confidence"": 0.0501}, {""rank"": 5, ""label"": ""ibex"", ""confidence"": 0.0381}]",True
Places365_val_00024700.jpg,/Users/aidahamzic/PycharmProjects/PythonProject1/val_256/Places365_val_00024700.jpg,glacier,glacier,alp,0.7741,"[{""rank"": 1, ""label"": ""alp"", ""confidence"": 0.7741}, {""rank"": 2, ""label"": ""ski"", ""confidence"": 0.0502}, {""rank"": 3, ""label"": ""weasel"", ""confidence"": 0.0208}, {""rank"": 4, ""label"": ""ptarmigan"", ""confidence"": 0.0171}, {""rank"": 5, ""label"": ""ice bear"", ""confidence"": 0.0139}]",True
Places365_val_00024906.jpg,/Users/aidahamzic/PycharmProjects/PythonProject1/val_256/Places365_val_00024906.jpg,glacier,glacier,alp,0.7725,"[{""rank"": 1, ""label"": ""alp"", ""confidence"": 0.7725}, {""rank"": 2, ""label"": ""valley"", ""confidence"": 0.2055}, {""rank"": 3, ""label"": ""mountain tent"", ""confidence"": 0.008}, {""rank"": 4, ""label"": ""cliff"", ""confidence"": 0.002}, {""rank"": 5, ""label"": ""ski"", ""confidence"": 0.002}]",True
Places365_val_00025384.jpg,/Users/aidahamzic/PycharmProjects/PythonProject1/val_256/Places365_val_00025384.jpg,mountain,glacier,cliff,0.694,"[{""rank"": 1, ""label"": ""cliff"", ""confidence"": 0.694}, {""rank"": 2, ""label"": ""promontory"", ""confidence"": 0.0936}, {""rank"": 3, ""label"": ""valley"", ""confidence"": 0.0621}, {""rank"": 4, ""label"": ""cliff dwelling"", ""confidence"": 0.0353}, {""rank"": 5, ""label"": ""dam"", ""confidence"": 0.0326}]",True
Places365_val_00025395.jpg,/Users/aidahamzic/PycharmProjects/PythonProject1/val_256/Places365_val_00025395.jpg,glacier,glacier,alp,0.3319,"[{""rank"": 1, ""label"": ""alp"", ""confidence"": 0.3319}, {""rank"": 2, ""label"": ""cliff"", ""confidence"": 0.1566}, {""rank"": 3, ""label"": ""valley"", ""confidence"": 0.0641}, {""rank"": 4, ""label"": ""promontory"", ""confidence"": 0.0574}, {""rank"": 5, ""label"": ""seashore"", ""confidence"": 0.0312}]",True
Places365_val_00025641.jpg,/Users/aidahamzic/PycharmProjects/PythonProject1/val_256/Places365_val_00025641.jpg,glacier,glacier,valley,0.5894,"[{""rank"": 1, ""label"": ""valley"", ""confidence"": 0.5894}, {""rank"": 2, ""label"": ""alp"", ""confidence"": 0.3538}, {""rank"": 3, ""label"": ""mountain tent"", ""confidence"": 0.0142}, {""rank"": 4, ""label"": ""lakeside"", ""confidence"": 0.0107}, {""rank"": 5, ""label"": ""cliff"", ""confidence"": 0.0067}]",True
Places365_val_00025857.jpg,/Users/aidahamzic/PycharmProjects/PythonProject1/val_256/Places365_val_00025857.jpg,mountain,glacier,volcano,0.6705,"[{""rank"": 1, ""label"": ""volcano"", ""confidence"": 0.6705}, {""rank"": 2, ""label"": ""alp"", ""confidence"": 0.1917}, {""rank"": 3, ""label"": ""valley"", ""confidence"": 0.0339}, {""rank"": 4, ""label"": ""geyser"", ""confidence"": 0.0303}, {""rank"": 5, ""label"": ""mountain tent"", ""confidence"": 0.0074}]",True
Places365_val_00025900.jpg,/Users/aidahamzic/PycharmProjects/PythonProject1/val_256/Places365_val_00025900.jpg,mountain,glacier,alp,0.6756,"[{""rank"": 1, ""label"": ""alp"", ""confidence"": 0.6756}, {""rank"": 2, ""label"": ""promontory"", ""confidence"": 0.1598}, {""rank"": 3, ""label"": ""valley"", ""confidence"": 0.0833}, {""rank"": 4, ""label"": ""cliff"", ""confidence"": 0.0519}, {""rank"": 5, ""label"": ""seashore"", ""confidence"": 0.0051}]",True
Places365_val_00025925.jpg,/Users/aidahamzic/PycharmProjects/PythonProject1/val_256/Places365_val_00025925.jpg,mountain,glacier,alp,0.4224,"[{""rank"": 1, ""label"": ""alp"", ""confidence"": 0.4224}, {""rank"": 2, ""label"": ""cliff"", ""confidence"": 0.277}, {""rank"": 3, ""label"": ""valley"", ""confidence"": 0.1957}, {""rank"": 4, ""label"": ""promontory"", ""confidence"": 0.0427}, {""rank"": 5, ""label"": ""volcano"", ""confidence"": 0.0237}]",True
Places365_val_00026134.jpg,/Users/aidahamzic/PycharmProjects/PythonProject1/val_256/Places365_val_00026134.jpg,glacier,glacier,alp,0.8487,"[{""rank"": 1, ""label"": ""alp"", ""confidence"": 0.8487}, {""rank"": 2, ""label"": ""ski"", ""confidence"": 0.0461}, {""rank"": 3, ""label"": ""mountain tent"", ""confidence"": 0.0406}, {""rank"": 4, ""label"": ""volcano"", ""confidence"": 0.0254}, {""rank"": 5, ""label"": ""valley"", ""confidence"": 0.0132}]",True
Places365_val_00026513.jpg,/Users/aidahamzic/PycharmProjects/PythonProject1/val_256/Places365_val_00026513.jpg,glacier,glacier,alp,0.4301,"[{""rank"": 1, ""label"": ""alp"", ""confidence"": 0.4301}, {""rank"": 2, ""label"": ""ski"", ""confidence"": 0.1749}, {""rank"": 3, ""label"": ""valley"", ""confidence"": 0.1462}, {""rank"": 4, ""label"": ""tripod"", ""confidence"": 0.064}, {""rank"": 5, ""label"": ""dogsled"", ""confidence"": 0.015}]",True
Places365_val_00026566.jpg,/Users/aidahamzic/PycharmProjects/PythonProject1/val_256/Places365_val_00026566.jpg,mountain,glacier,alp,0.3651,"[{""rank"": 1, ""label"": ""alp"", ""confidence"": 0.3651}, {""rank"": 2, ""label"": ""promontory"", ""confidence"": 0.2231}, {""rank"": 3, ""label"": ""valley"", ""confidence"": 0.1574}, {""rank"": 4, ""label"": ""cliff"", ""confidence"": 0.1355}, {""rank"": 5, ""label"": ""volcano"", ""confidence"": 0.0458}]",True
Places365_val_00026654.jpg,/Users/aidahamzic/PycharmProjects/PythonProject1/val_256/Places365_val_00026654.jpg,mountain,glacier,cliff,0.3387,"[{""rank"": 1, ""label"": ""cliff"", ""confidence"": 0.3387}, {""rank"": 2, ""label"": ""volcano"", ""confidence"": 0.2339}, {""rank"": 3, ""label"": ""cliff dwelling"", ""confidence"": 0.1119}, {""rank"": 4, ""label"": ""alp"", ""confidence"": 0.1039}, {""rank"": 5, ""label"": ""geyser"", ""confidence"": 0.0702}]",True
Places365_val_00026682.jpg,/Users/aidahamzic/PycharmProjects/PythonProject1/val_256/Places365_val_00026682.jpg,mountain,glacier,volcano,0.2594,"[{""rank"": 1, ""label"": ""volcano"", ""confidence"": 0.2594}, {""rank"": 2, ""label"": ""maze"", ""confidence"": 0.118}, {""rank"": 3, ""label"": ""lakeside"", ""confidence"": 0.1003}, {""rank"": 4, ""label"": ""worm fence"", ""confidence"": 0.0467}, {""rank"": 5, ""label"": ""thatch"", ""confidence"": 0.033}]",True
Places365_val_00026699.jpg,/Users/aidahamzic/PycharmProjects/PythonProject1/val_256/Places365_val_00026699.jpg,mountain,glacier,alp,0.6188,"[{""rank"": 1, ""label"": ""alp"", ""confidence"": 0.6188}, {""rank"": 2, ""label"": ""valley"", ""confidence"": 0.1417}, {""rank"": 3, ""label"": ""mountain tent"", ""confidence"": 0.0367}, {""rank"": 4, ""label"": ""bighorn"", ""confidence"": 0.033}, {""rank"": 5, ""label"": ""promontory"", ""confidence"": 0.0322}]",True
Places365_val_00026771.jpg,/Users/aidahamzic/PycharmProjects/PythonProject1/val_256/Places365_val_00026771.jpg,glacier,glacier,alp,0.7691,"[{""rank"": 1, ""label"": ""alp"", ""confidence"": 0.7691}, {""rank"": 2, ""label"": ""ski"", ""confidence"": 0.2293}, {""rank"": 3, ""label"": ""volcano"", ""confidence"": 0.0007}, {""rank"": 4, ""label"": ""dogsled"", ""confidence"": 0.0002}, {""rank"": 5, ""label"": ""valley"", ""confidence"": 0.0002}]",True
Places365_val_00026812.jpg,/Users/aidahamzic/PycharmProjects/PythonProject1/val_256/Places365_val_00026812.jpg,mountain,glacier,alp,0.5291,"[{""rank"": 1, ""label"": ""alp"", ""confidence"": 0.5291}, {""rank"": 2, ""label"": ""cliff"", ""confidence"": 0.0841}, {""rank"": 3, ""label"": ""valley"", ""confidence"": 0.0371}, {""rank"": 4, ""label"": ""whippet"", ""confidence"": 0.0309}, {""rank"": 5, ""label"": ""Scottish deerhound"", ""confidence"": 0.0174}]",True
Places365_val_00026870.jpg,/Users/aidahamzic/PycharmProjects/PythonProject1/val_256/Places365_val_00026870.jpg,mountain,glacier,alp,0.4601,"[{""rank"": 1, ""label"": ""alp"", ""confidence"": 0.4601}, {""rank"": 2, ""label"": ""volcano"", ""confidence"": 0.3964}, {""rank"": 3, ""label"": ""valley"", ""confidence"": 0.0709}, {""rank"": 4, ""label"": ""mountain tent"", ""confidence"": 0.0635}, {""rank"": 5, ""label"": ""promontory"", ""confidence"": 0.0022}]",True
Places365_val_00027185.jpg,/Users/aidahamzic/PycharmProjects/PythonProject1/val_256/Places365_val_00027185.jpg,glacier,glacier,promontory,0.4305,"[{""rank"": 1, ""label"": ""promontory"", ""confidence"": 0.4305}, {""rank"": 2, ""label"": ""cliff"", ""confidence"": 0.0876}, {""rank"": 3, ""label"": ""lakeside"", ""confidence"": 0.0726}, {""rank"": 4, ""label"": ""killer whale"", ""confidence"": 0.0682}, {""rank"": 5, ""label"": ""valley"", ""confidence"": 0.0586}]",True
Places365_val_00027320.jpg,/Users/aidahamzic/PycharmProjects/PythonProject1/val_256/Places365_val_00027320.jpg,glacier,glacier,valley,0.5757,"[{""rank"": 1, ""label"": ""valley"", ""confidence"": 0.5757}, {""rank"": 2, ""label"": ""lakeside"", ""confidence"": 0.2501}, {""rank"": 3, ""label"": ""alp"", ""confidence"": 0.0601}, {""rank"": 4, ""label"": ""promontory"", ""confidence"": 0.0249}, {""rank"": 5, ""label"": ""mountain tent"", ""confidence"": 0.0234}]",True
Places365_val_00027381.jpg,/Users/aidahamzic/PycharmProjects/PythonProject1/val_256/Places365_val_00027381.jpg,glacier,glacier,alp,0.7758,"[{""rank"": 1, ""label"": ""alp"", ""confidence"": 0.7758}, {""rank"": 2, ""label"": ""mountain tent"", ""confidence"": 0.0747}, {""rank"": 3, ""label"": ""valley"", ""confidence"": 0.0639}, {""rank"": 4, ""label"": ""cliff"", ""confidence"": 0.0179}, {""rank"": 5, ""label"": ""motor scooter"", ""confidence"": 0.0102}]",True
Places365_val_00027386.jpg,/Users/aidahamzic/PycharmProjects/PythonProject1/val_256/Places365_val_00027386.jpg,mountain,glacier,valley,0.3959,"[{""rank"": 1, ""label"": ""valley"", ""confidence"": 0.3959}, {""rank"": 2, ""label"": ""cliff"", ""confidence"": 0.1472}, {""rank"": 3, ""label"": ""suspension bridge"", ""confidence"": 0.0431}, {""rank"": 4, ""label"": ""cucumber"", ""confidence"": 0.0357}, {""rank"": 5, ""label"": ""zucchini"", ""confidence"": 0.0286}]",True
Places365_val_00027913.jpg,/Users/aidahamzic/PycharmProjects/PythonProject1/val_256/Places365_val_00027913.jpg,glacier,glacier,sax,0.2323,"[{""rank"": 1, ""label"": ""sax"", ""confidence"": 0.2323}, {""rank"": 2, ""label"": ""flute"", ""confidence"": 0.1328}, {""rank"": 3, ""label"": ""alp"", ""confidence"": 0.0809}, {""rank"": 4, ""label"": ""ibex"", ""confidence"": 0.0504}, {""rank"": 5, ""label"": ""bassoon"", ""confidence"": 0.0453}]",True
Places365_val_00027978.jpg,/Users/aidahamzic/PycharmProjects/PythonProject1/val_256/Places365_val_00027978.jpg,mountain,glacier,valley,0.9036,"[{""rank"": 1, ""label"": ""valley"", ""confidence"": 0.9036}, {""rank"": 2, ""label"": ""alp"", ""confidence"": 0.0562}, {""rank"": 3, ""label"": ""promontory"", ""confidence"": 0.0103}, {""rank"": 4, ""label"": ""cliff"", ""confidence"": 0.0101}, {""rank"": 5, ""label"": ""volcano"", ""confidence"": 0.0069}]",True
Places365_val_00028040.jpg,/Users/aidahamzic/PycharmProjects/PythonProject1/val_256/Places365_val_00028040.jpg,glacier,glacier,ski,0.3804,"[{""rank"": 1, ""label"": ""ski"", ""confidence"": 0.3804}, {""rank"": 2, ""label"": ""flat-coated retriever"", ""confidence"": 0.1561}, {""rank"": 3, ""label"": ""standard poodle"", ""confidence"": 0.1203}, {""rank"": 4, ""label"": ""giant schnauzer"", ""confidence"": 0.0756}, {""rank"": 5, ""label"": ""Afghan hound"", ""confidence"": 0.0286}]",True
Places365_val_00028119.jpg,/Users/aidahamzic/PycharmProjects/PythonProject1/val_256/Places365_val_00028119.jpg,glacier,glacier,alp,0.9902,"[{""rank"": 1, ""label"": ""alp"", ""confidence"": 0.9902}, {""rank"": 2, ""label"": ""valley"", ""confidence"": 0.0043}, {""rank"": 3, ""label"": ""mountain tent"", ""confidence"": 0.0023}, {""rank"": 4, ""label"": ""promontory"", ""confidence"": 0.0007}, {""rank"": 5, ""label"": ""monastery"", ""confidence"": 0.0005}]",True
Places365_val_00028747.jpg,/Users/aidahamzic/PycharmProjects/PythonProject1/val_256/Places365_val_00028747.jpg,glacier,glacier,snowmobile,0.6238,"[{""rank"": 1, ""label"": ""snowmobile"", ""confidence"": 0.6238}, {""rank"": 2, ""label"": ""ski"", ""confidence"": 0.3191}, {""rank"": 3, ""label"": ""bobsled"", ""confidence"": 0.0376}, {""rank"": 4, ""label"": ""alp"", ""confidence"": 0.0116}, {""rank"": 5, ""label"": ""dogsled"", ""confidence"": 0.0064}]",True
Places365_val_00028751.jpg,/Users/aidahamzic/PycharmProjects/PythonProject1/val_256/Places365_val_00028751.jpg,glacier,glacier,alp,0.8104,"[{""rank"": 1, ""label"": ""alp"", ""confidence"": 0.8104}, {""rank"": 2, ""label"": ""valley"", ""confidence"": 0.1357}, {""rank"": 3, ""label"": ""bighorn"", ""confidence"": 0.0169}, {""rank"": 4, ""label"": ""cliff"", ""confidence"": 0.0114}, {""rank"": 5, ""label"": ""ibex"", ""confidence"": 0.0059}]",True
Places365_val_00029084.jpg,/Users/aidahamzic/PycharmProjects/PythonProject1/val_256/Places365_val_00029084.jpg,mountain,glacier,valley,0.2326,"[{""rank"": 1, ""label"": ""valley"", ""confidence"": 0.2326}, {""rank"": 2, ""label"": ""volcano"", ""confidence"": 0.1581}, {""rank"": 3, ""label"": ""promontory"", ""confidence"": 0.0754}, {""rank"": 4, ""label"": ""cliff"", ""confidence"": 0.0688}, {""rank"": 5, ""label"": ""seashore"", ""confidence"": 0.0663}]",True
Places365_val_00029450.jpg,/Users/aidahamzic/PycharmProjects/PythonProject1/val_256/Places365_val_00029450.jpg,glacier,glacier,alp,0.4937,"[{""rank"": 1, ""label"": ""alp"", ""confidence"": 0.4937}, {""rank"": 2, ""label"": ""valley"", ""confidence"": 0.0629}, {""rank"": 3, ""label"": ""seashore"", ""confidence"": 0.0563}, {""rank"": 4, ""label"": ""promontory"", ""confidence"": 0.0414}, {""rank"": 5, ""label"": ""mountain tent"", ""confidence"": 0.0302}]",True
Places365_val_00029652.jpg,/Users/aidahamzic/PycharmProjects/PythonProject1/val_256/Places365_val_00029652.jpg,mountain,glacier,valley,0.4786,"[{""rank"": 1, ""label"": ""valley"", ""confidence"": 0.4786}, {""rank"": 2, ""label"": ""fountain"", ""confidence"": 0.1416}, {""rank"": 3, ""label"": ""cliff"", ""confidence"": 0.0621}, {""rank"": 4, ""label"": ""pole"", ""confidence"": 0.0324}, {""rank"": 5, ""label"": ""megalith"", ""confidence"": 0.0277}]",True
Places365_val_00029682.jpg,/Users/aidahamzic/PycharmProjects/PythonProject1/val_256/Places365_val_00029682.jpg,mountain,glacier,alp,0.5226,"[{""rank"": 1, ""label"": ""alp"", ""confidence"": 0.5226}, {""rank"": 2, ""label"": ""cliff"", ""confidence"": 0.2277}, {""rank"": 3, ""label"": ""geyser"", ""confidence"": 0.0949}, {""rank"": 4, ""label"": ""promontory"", ""confidence"": 0.0455}, {""rank"": 5, ""label"": ""valley"", ""confidence"": 0.0284}]",True
Places365_val_00030170.jpg,/Users/aidahamzic/PycharmProjects/PythonProject1/val_256/Places365_val_00030170.jpg,glacier,glacier,television,0.2543,"[{""rank"": 1, ""label"": ""television"", ""confidence"": 0.2543}, {""rank"": 2, ""label"": ""alp"", ""confidence"": 0.0866}, {""rank"": 3, ""label"": ""cliff"", ""confidence"": 0.0818}, {""rank"": 4, ""label"": ""seashore"", ""confidence"": 0.078}, {""rank"": 5, ""label"": ""home theater"", ""confidence"": 0.0689}]",True
Places365_val_00030227.jpg,/Users/aidahamzic/PycharmProjects/PythonProject1/val_256/Places365_val_00030227.jpg,glacier,glacier,alp,0.3599,"[{""rank"": 1, ""label"": ""alp"", ""confidence"": 0.3599}, {""rank"": 2, ""label"": ""cliff dwelling"", ""confidence"": 0.147}, {""rank"": 3, ""label"": ""snowplow"", ""confidence"": 0.122}, {""rank"": 4, ""label"": ""valley"", ""confidence"": 0.0764}, {""rank"": 5, ""label"": ""dam"", ""confidence"": 0.0333}]",True
Places365_val_00030297.jpg,/Users/aidahamzic/PycharmProjects/PythonProject1/val_256/Places365_val_00030297.jpg,glacier,glacier,alp,0.1979,"[{""rank"": 1, ""label"": ""alp"", ""confidence"": 0.1979}, {""rank"": 2, ""label"": ""snowmobile"", ""confidence"": 0.1465}, {""rank"": 3, ""label"": ""promontory"", ""confidence"": 0.123}, {""rank"": 4, ""label"": ""valley"", ""confidence"": 0.0678}, {""rank"": 5, ""label"": ""yurt"", ""confidence"": 0.0579}]",True
Places365_val_00030412.jpg,/Users/aidahamzic/PycharmProjects/PythonProject1/val_256/Places365_val_00030412.jpg,glacier,glacier,valley,0.9249,"[{""rank"": 1, ""label"": ""valley"", ""confidence"": 0.9249}, {""rank"": 2, ""label"": ""alp"", ""confidence"": 0.0625}, {""rank"": 3, ""label"": ""cliff"", ""confidence"": 0.0087}, {""rank"": 4, ""label"": ""ibex"", ""confidence"": 0.001}, {""rank"": 5, ""label"": ""volcano"", ""confidence"": 0.0008}]",True
Places365_val_00030604.jpg,/Users/aidahamzic/PycharmProjects/PythonProject1/val_256/Places365_val_00030604.jpg,mountain,glacier,valley,0.6771,"[{""rank"": 1, ""label"": ""valley"", ""confidence"": 0.6771}, {""rank"": 2, ""label"": ""cliff"", ""confidence"": 0.1148}, {""rank"": 3, ""label"": ""promontory"", ""confidence"": 0.0155}, {""rank"": 4, ""label"": ""alp"", ""confidence"": 0.0138}, {""rank"": 5, ""label"": ""volcano"", ""confidence"": 0.0132}]",True
Places365_val_00030704.jpg,/Users/aidahamzic/PycharmProjects/PythonProject1/val_256/Places365_val_00030704.jpg,glacier,glacier,alp,0.5462,"[{""rank"": 1, ""label"": ""alp"", ""confidence"": 0.5462}, {""rank"": 2, ""label"": ""valley"", ""confidence"": 0.3415}, {""rank"": 3, ""label"": ""lakeside"", ""confidence"": 0.0512}, {""rank"": 4, ""label"": ""mountain tent"", ""confidence"": 0.0226}, {""rank"": 5, ""label"": ""killer whale"", ""confidence"": 0.008}]",True
Places365_val_00030710.jpg,/Users/aidahamzic/PycharmProjects/PythonProject1/val_256/Places365_val_00030710.jpg,mountain,glacier,volcano,0.9564,"[{""rank"": 1, ""label"": ""volcano"", ""confidence"": 0.9564}, {""rank"": 2, ""label"": ""lakeside"", ""confidence"": 0.0272}, {""rank"": 3, ""label"": ""valley"", ""confidence"": 0.0034}, {""rank"": 4, ""label"": ""seashore"", ""confidence"": 0.0031}, {""rank"": 5, ""label"": ""sandbar"", ""confidence"": 0.0029}]",True
Places365_val_00030779.jpg,/Users/aidahamzic/PycharmProjects/PythonProject1/val_256/Places365_val_00030779.jpg,glacier,glacier,ski,0.1859,"[{""rank"": 1, ""label"": ""ski"", ""confidence"": 0.1859}, {""rank"": 2, ""label"": ""dogsled"", ""confidence"": 0.0929}, {""rank"": 3, ""label"": ""cliff"", ""confidence"": 0.0626}, {""rank"": 4, ""label"": ""alp"", ""confidence"": 0.0605}, {""rank"": 5, ""label"": ""Irish wolfhound"", ""confidence"": 0.0554}]",True
Places365_val_00030820.jpg,/Users/aidahamzic/PycharmProjects/PythonProject1/val_256/Places365_val_00030820.jpg,mountain,glacier,volcano,0.6139,"[{""rank"": 1, ""label"": ""volcano"", ""confidence"": 0.6139}, {""rank"": 2, ""label"": ""komondor"", ""confidence"": 0.2644}, {""rank"": 3, ""label"": ""thatch"", ""confidence"": 0.0227}, {""rank"": 4, ""label"": ""alp"", ""confidence"": 0.0163}, {""rank"": 5, ""label"": ""swab"", ""confidence"": 0.0083}]",True
Places365_val_00030969.jpg,/Users/aidahamzic/PycharmProjects/PythonProject1/val_256/Places365_val_00030969.jpg,mountain,glacier,red wine,0.1825,"[{""rank"": 1, ""label"": ""red wine"", ""confidence"": 0.1825}, {""rank"": 2, ""label"": ""volcano"", ""confidence"": 0.1366}, {""rank"": 3, ""label"": ""candle"", ""confidence"": 0.0441}, {""rank"": 4, ""label"": ""spotlight"", ""confidence"": 0.0345}, {""rank"": 5, ""label"": ""caldron"", ""confidence"": 0.0328}]",True
Places365_val_00031270.jpg,/Users/aidahamzic/PycharmProjects/PythonProject1/val_256/Places365_val_00031270.jpg,mountain,glacier,cliff dwelling,0.3587,"[{""rank"": 1, ""label"": ""cliff dwelling"", ""confidence"": 0.3587}, {""rank"": 2, ""label"": ""valley"", ""confidence"": 0.2138}, {""rank"": 3, ""label"": ""cliff"", ""confidence"": 0.1862}, {""rank"": 4, ""label"": ""megalith"", ""confidence"": 0.0356}, {""rank"": 5, ""label"": ""alp"", ""confidence"": 0.0275}]",True
Places365_val_00031516.jpg,/Users/aidahamzic/PycharmProjects/PythonProject1/val_256/Places365_val_00031516.jpg,glacier,glacier,valley,0.316,"[{""rank"": 1, ""label"": ""valley"", ""confidence"": 0.316}, {""rank"": 2, ""label"": ""ice bear"", ""confidence"": 0.1816}, {""rank"": 3, ""label"": ""cliff"", ""confidence"": 0.1167}, {""rank"": 4, ""label"": ""volcano"", ""confidence"": 0.0933}, {""rank"": 5, ""label"": ""sea lion"", ""confidence"": 0.0434}]",True
Places365_val_00031518.jpg,/Users/aidahamzic/PycharmProjects/PythonProject1/val_256/Places365_val_00031518.jpg,mountain,glacier,volcano,0.4935,"[{""rank"": 1, ""label"": ""volcano"", ""confidence"": 0.4935}, {""rank"": 2, ""label"": ""valley"", ""confidence"": 0.2324}, {""rank"": 3, ""label"": ""alp"", ""confidence"": 0.2285}, {""rank"": 4, ""label"": ""cliff"", ""confidence"": 0.0128}, {""rank"": 5, ""label"": ""geyser"", ""confidence"": 0.0114}]",True
Places365_val_00031620.jpg,/Users/aidahamzic/PycharmProjects/PythonProject1/val_256/Places365_val_00031620.jpg,mountain,glacier,valley,0.6326,"[{""rank"": 1, ""label"": ""valley"", ""confidence"": 0.6326}, {""rank"": 2, ""label"": ""alp"", ""confidence"": 0.2925}, {""rank"": 3, ""label"": ""mountain tent"", ""confidence"": 0.0388}, {""rank"": 4, ""label"": ""mountain bike"", ""confidence"": 0.0063}, {""rank"": 5, ""label"": ""cliff"", ""confidence"": 0.0037}]",True
Places365_val_00031688.jpg,/Users/aidahamzic/PycharmProjects/PythonProject1/val_256/Places365_val_00031688.jpg,glacier,glacier,alp,0.9452,"[{""rank"": 1, ""label"": ""alp"", ""confidence"": 0.9452}, {""rank"": 2, ""label"": ""valley"", ""confidence"": 0.0111}, {""rank"": 3, ""label"": ""mountain tent"", ""confidence"": 0.0081}, {""rank"": 4, ""label"": ""snowmobile"", ""confidence"": 0.0067}, {""rank"": 5, ""label"": ""jeep"", ""confidence"": 0.0059}]",True
Places365_val_00031797.jpg,/Users/aidahamzic/PycharmProjects/PythonProject1/val_256/Places365_val_00031797.jpg,mountain,glacier,valley,0.9403,"[{""rank"": 1, ""label"": ""valley"", ""confidence"": 0.9403}, {""rank"": 2, ""label"": ""cliff"", ""confidence"": 0.0239}, {""rank"": 3, ""label"": ""ibex"", ""confidence"": 0.0037}, {""rank"": 4, ""label"": ""bighorn"", ""confidence"": 0.0033}, {""rank"": 5, ""label"": ""stone wall"", ""confidence"": 0.002}]",True
Places365_val_00031809.jpg,/Users/aidahamzic/PycharmProjects/PythonProject1/val_256/Places365_val_00031809.jpg,mountain,glacier,valley,0.7994,"[{""rank"": 1, ""label"": ""valley"", ""confidence"": 0.7994}, {""rank"": 2, ""label"": ""cliff"", ""confidence"": 0.0566}, {""rank"": 3, ""label"": ""promontory"", ""confidence"": 0.0179}, {""rank"": 4, ""label"": ""dam"", ""confidence"": 0.0159}, {""rank"": 5, ""label"": ""mountain bike"", ""confidence"": 0.0096}]",True
Places365_val_00032692.jpg,/Users/aidahamzic/PycharmProjects/PythonProject1/val_256/Places365_val_00032692.jpg,glacier,glacier,alp,0.3157,"[{""rank"": 1, ""label"": ""alp"", ""confidence"": 0.3157}, {""rank"": 2, ""label"": ""valley"", ""confidence"": 0.1216}, {""rank"": 3, ""label"": ""mountain tent"", ""confidence"": 0.083}, {""rank"": 4, ""label"": ""dogsled"", ""confidence"": 0.0548}, {""rank"": 5, ""label"": ""lakeside"", ""confidence"": 0.039}]",True
Places365_val_00033225.jpg,/Users/aidahamzic/PycharmProjects/PythonProject1/val_256/Places365_val_00033225.jpg,glacier,glacier,dugong,0.1516,"[{""rank"": 1, ""label"": ""dugong"", ""confidence"": 0.1516}, {""rank"": 2, ""label"": ""submarine"", ""confidence"": 0.0917}, {""rank"": 3, ""label"": ""dam"", ""confidence"": 0.0897}, {""rank"": 4, ""label"": ""great white shark"", ""confidence"": 0.065}, {""rank"": 5, ""label"": ""alp"", ""confidence"": 0.0646}]",True
Places365_val_00033588.jpg,/Users/aidahamzic/PycharmProjects/PythonProject1/val_256/Places365_val_00033588.jpg,mountain,glacier,lakeside,0.2124,"[{""rank"": 1, ""label"": ""lakeside"", ""confidence"": 0.2124}, {""rank"": 2, ""label"": ""worm fence"", ""confidence"": 0.1679}, {""rank"": 3, ""label"": ""valley"", ""confidence"": 0.0876}, {""rank"": 4, ""label"": ""canoe"", ""confidence"": 0.0484}, {""rank"": 5, ""label"": ""boathouse"", ""confidence"": 0.0467}]",True
Places365_val_00034624.jpg,/Users/aidahamzic/PycharmProjects/PythonProject1/val_256/Places365_val_00034624.jpg,glacier,glacier,alp,0.8721,"[{""rank"": 1, ""label"": ""alp"", ""confidence"": 0.8721}, {""rank"": 2, ""label"": ""valley"", ""confidence"": 0.1077}, {""rank"": 3, ""label"": ""mountain tent"", ""confidence"": 0.0066}, {""rank"": 4, ""label"": ""ski"", ""confidence"": 0.002}, {""rank"": 5, ""label"": ""cliff"", ""confidence"": 0.0019}]",True
Places365_val_00034787.jpg,/Users/aidahamzic/PycharmProjects/PythonProject1/val_256/Places365_val_00034787.jpg,glacier,glacier,sandbar,0.3225,"[{""rank"": 1, ""label"": ""sandbar"", ""confidence"": 0.3225}, {""rank"": 2, ""label"": ""promontory"", ""confidence"": 0.261}, {""rank"": 3, ""label"": ""seashore"", ""confidence"": 0.135}, {""rank"": 4, ""label"": ""alp"", ""confidence"": 0.1051}, {""rank"": 5, ""label"": ""valley"", ""confidence"": 0.0376}]",True
Places365_val_00034895.jpg,/Users/aidahamzic/PycharmProjects/PythonProject1/val_256/Places365_val_00034895.jpg,glacier,glacier,gorilla,0.2236,"[{""rank"": 1, ""label"": ""gorilla"", ""confidence"": 0.2236}, {""rank"": 2, ""label"": ""cougar"", ""confidence"": 0.1736}, {""rank"": 3, ""label"": ""sea lion"", ""confidence"": 0.0937}, {""rank"": 4, ""label"": ""bison"", ""confidence"": 0.0599}, {""rank"": 5, ""label"": ""cliff"", ""confidence"": 0.0575}]",True
Places365_val_00035155.jpg,/Users/aidahamzic/PycharmProjects/PythonProject1/val_256/Places365_val_00035155.jpg,glacier,glacier,Arctic fox,0.1285,"[{""rank"": 1, ""label"": ""Arctic fox"", ""confidence"": 0.1285}, {""rank"": 2, ""label"": ""ice bear"", ""confidence"": 0.089}, {""rank"": 3, ""label"": ""volcano"", ""confidence"": 0.086}, {""rank"": 4, ""label"": ""snow leopard"", ""confidence"": 0.0486}, {""rank"": 5, ""label"": ""alp"", ""confidence"": 0.0478}]",True
Places365_val_00035256.jpg,/Users/aidahamzic/PycharmProjects/PythonProject1/val_256/Places365_val_00035256.jpg,glacier,glacier,valley,0.7428,"[{""rank"": 1, ""label"": ""valley"", ""confidence"": 0.7428}, {""rank"": 2, ""label"": ""alp"", ""confidence"": 0.2227}, {""rank"": 3, ""label"": ""lakeside"", ""confidence"": 0.0195}, {""rank"": 4, ""label"": ""promontory"", ""confidence"": 0.005}, {""rank"": 5, ""label"": ""volcano"", ""confidence"": 0.0025}]",True
Places365_val_00035482.jpg,/Users/aidahamzic/PycharmProjects/PythonProject1/val_256/Places365_val_00035482.jpg,glacier,glacier,volcano,0.4933,"[{""rank"": 1, ""label"": ""volcano"", ""confidence"": 0.4933}, {""rank"": 2, ""label"": ""wing"", ""confidence"": 0.102}, {""rank"": 3, ""label"": ""alp"", ""confidence"": 0.0804}, {""rank"": 4, ""label"": ""seashore"", ""confidence"": 0.0346}, {""rank"": 5, ""label"": ""geyser"", ""confidence"": 0.0272}]",True
Places365_val_00035513.jpg,/Users/aidahamzic/PycharmProjects/PythonProject1/val_256/Places365_val_00035513.jpg,mountain,glacier,volcano,0.4813,"[{""rank"": 1, ""label"": ""volcano"", ""confidence"": 0.4813}, {""rank"": 2, ""label"": ""valley"", ""confidence"": 0.319}, {""rank"": 3, ""label"": ""alp"", ""confidence"": 0.1343}, {""rank"": 4, ""label"": ""viaduct"", ""confidence"": 0.0317}, {""rank"": 5, ""label"": ""dam"", ""confidence"": 0.0097}]",True
Places365_val_00035782.jpg,/Users/aidahamzic/PycharmProjects/PythonProject1/val_256/Places365_val_00035782.jpg,glacier,glacier,alp,0.7959,"[{""rank"": 1, ""label"": ""alp"", ""confidence"": 0.7959}, {""rank"": 2, ""label"": ""valley"", ""confidence"": 0.1535}, {""rank"": 3, ""label"": ""cliff"", ""confidence"": 0.0181}, {""rank"": 4, ""label"": ""promontory"", ""confidence"": 0.0071}, {""rank"": 5, ""label"": ""ibex"", ""confidence"": 0.0069}]",True
Places365_val_00036086.jpg,/Users/aidahamzic/PycharmProjects/PythonProject1/val_256/Places365_val_00036086.jpg,glacier,glacier,promontory,0.5983,"[{""rank"": 1, ""label"": ""promontory"", ""confidence"": 0.5983}, {""rank"": 2, ""label"": ""seashore"", ""confidence"": 0.1767}, {""rank"": 3, ""label"": ""sandbar"", ""confidence"": 0.0566}, {""rank"": 4, ""label"": ""volcano"", ""confidence"": 0.0312}, {""rank"": 5, ""label"": ""lakeside"", ""confidence"": 0.0272}]",True
Places365_val_00036314.jpg,/Users/aidahamzic/PycharmProjects/PythonProject1/val_256/Places365_val_00036314.jpg,glacier,glacier,alp,0.8042,"[{""rank"": 1, ""label"": ""alp"", ""confidence"": 0.8042}, {""rank"": 2, ""label"": ""valley"", ""confidence"": 0.0501}, {""rank"": 3, ""label"": ""mountain tent"", ""confidence"": 0.0357}, {""rank"": 4, ""label"": ""lakeside"", ""confidence"": 0.0253}, {""rank"": 5, ""label"": ""volcano"", ""confidence"": 0.0141}]",True
Places365_val_00036344.jpg,/Users/aidahamzic/PycharmProjects/PythonProject1/val_256/Places365_val_00036344.jpg,mountain,glacier,valley,0.6588,"[{""rank"": 1, ""label"": ""valley"", ""confidence"": 0.6588}, {""rank"": 2, ""label"": ""alp"", ""confidence"": 0.1325}, {""rank"": 3, ""label"": ""cliff"", ""confidence"": 0.0587}, {""rank"": 4, ""label"": ""promontory"", ""confidence"": 0.0408}, {""rank"": 5, ""label"": ""volcano"", ""confidence"": 0.0167}]",True
Places365_val_00000323.jpg,/Users/aidahamzic/PycharmProjects/PythonProject1/val_256/Places365_val_00000323.jpg,street,street,streetcar,0.157,"[{""rank"": 1, ""label"": ""streetcar"", ""confidence"": 0.157}, {""rank"": 2, ""label"": ""jinrikisha"", ""confidence"": 0.1333}, {""rank"": 3, ""label"": ""motor scooter"", ""confidence"": 0.0725}, {""rank"": 4, ""label"": ""police van"", ""confidence"": 0.0627}, {""rank"": 5, ""label"": ""trolleybus"", ""confidence"": 0.0626}]",True
Places365_val_00000856.jpg,/Users/aidahamzic/PycharmProjects/PythonProject1/val_256/Places365_val_00000856.jpg,street,street,traffic light,0.2876,"[{""rank"": 1, ""label"": ""traffic light"", ""confidence"": 0.2876}, {""rank"": 2, ""label"": ""streetcar"", ""confidence"": 0.1559}, {""rank"": 3, ""label"": ""mosque"", ""confidence"": 0.1108}, {""rank"": 4, ""label"": ""palace"", ""confidence"": 0.0575}, {""rank"": 5, ""label"": ""bell cote"", ""confidence"": 0.0549}]",True
Places365_val_00000890.jpg,/Users/aidahamzic/PycharmProjects/PythonProject1/val_256/Places365_val_00000890.jpg,street,street,streetcar,0.1834,"[{""rank"": 1, ""label"": ""streetcar"", ""confidence"": 0.1834}, {""rank"": 2, ""label"": ""library"", ""confidence"": 0.1448}, {""rank"": 3, ""label"": ""palace"", ""confidence"": 0.0583}, {""rank"": 4, ""label"": ""street sign"", ""confidence"": 0.056}, {""rank"": 5, ""label"": ""jinrikisha"", ""confidence"": 0.0525}]",True
Places365_val_00002091.jpg,/Users/aidahamzic/PycharmProjects/PythonProject1/val_256/Places365_val_00002091.jpg,street,street,jinrikisha,0.1515,"[{""rank"": 1, ""label"": ""jinrikisha"", ""confidence"": 0.1515}, {""rank"": 2, ""label"": ""seashore"", ""confidence"": 0.0512}, {""rank"": 3, ""label"": ""unicycle"", ""confidence"": 0.0505}, {""rank"": 4, ""label"": ""parking meter"", ""confidence"": 0.0494}, {""rank"": 5, ""label"": ""triumphal arch"", ""confidence"": 0.0398}]",True
Places365_val_00004289.jpg,/Users/aidahamzic/PycharmProjects/PythonProject1/val_256/Places365_val_00004289.jpg,street,street,streetcar,0.2129,"[{""rank"": 1, ""label"": ""streetcar"", ""confidence"": 0.2129}, {""rank"": 2, ""label"": ""passenger car"", ""confidence"": 0.1355}, {""rank"": 3, ""label"": ""prison"", ""confidence"": 0.097}, {""rank"": 4, ""label"": ""restaurant"", ""confidence"": 0.0684}, {""rank"": 5, ""label"": ""sliding door"", ""confidence"": 0.0609}]",True
Places365_val_00007143.jpg,/Users/aidahamzic/PycharmProjects/PythonProject1/val_256/Places365_val_00007143.jpg,street,street,jinrikisha,0.2634,"[{""rank"": 1, ""label"": ""jinrikisha"", ""confidence"": 0.2634}, {""rank"": 2, ""label"": ""unicycle"", ""confidence"": 0.1092}, {""rank"": 3, ""label"": ""bicycle-built-for-two"", ""confidence"": 0.0548}, {""rank"": 4, ""label"": ""crutch"", ""confidence"": 0.0528}, {""rank"": 5, ""label"": ""motor scooter"", ""confidence"": 0.0471}]",True
Places365_val_00008098.jpg,/Users/aidahamzic/PycharmProjects/PythonProject1/val_256/Places365_val_00008098.jpg,street,street,horse cart,0.2316,"[{""rank"": 1, ""label"": ""horse cart"", ""confidence"": 0.2316}, {""rank"": 2, ""label"": ""jinrikisha"", ""confidence"": 0.1785}, {""rank"": 3, ""label"": ""drum"", ""confidence"": 0.0497}, {""rank"": 4, ""label"": ""shield"", ""confidence"": 0.0437}, {""rank"": 5, ""label"": ""pay-phone"", ""confidence"": 0.0429}]",True
Places365_val_00008900.jpg,/Users/aidahamzic/PycharmProjects/PythonProject1/val_256/Places365_val_00008900.jpg,street,street,trolleybus,0.2079,"[{""rank"": 1, ""label"": ""trolleybus"", ""confidence"": 0.2079}, {""rank"": 2, ""label"": ""traffic light"", ""confidence"": 0.1517}, {""rank"": 3, ""label"": ""streetcar"", ""confidence"": 0.1432}, {""rank"": 4, ""label"": ""jinrikisha"", ""confidence"": 0.0792}, {""rank"": 5, ""label"": ""cab"", ""confidence"": 0.0514}]",True
Places365_val_00009574.jpg,/Users/aidahamzic/PycharmProjects/PythonProject1/val_256/Places365_val_00009574.jpg,street,street,patio,0.5245,"[{""rank"": 1, ""label"": ""patio"", ""confidence"": 0.5245}, {""rank"": 2, ""label"": ""restaurant"", ""confidence"": 0.1411}, {""rank"": 3, ""label"": ""jinrikisha"", ""confidence"": 0.0733}, {""rank"": 4, ""label"": ""horse cart"", ""confidence"": 0.0273}, {""rank"": 5, ""label"": ""park bench"", ""confidence"": 0.022}]",True
Places365_val_00011275.jpg,/Users/aidahamzic/PycharmProjects/PythonProject1/val_256/Places365_val_00011275.jpg,street,street,sarong,0.0725,"[{""rank"": 1, ""label"": ""sarong"", ""confidence"": 0.0725}, {""rank"": 2, ""label"": ""jinrikisha"", ""confidence"": 0.0633}, {""rank"": 3, ""label"": ""unicycle"", ""confidence"": 0.0581}, {""rank"": 4, ""label"": ""hoopskirt"", ""confidence"": 0.0314}, {""rank"": 5, ""label"": ""mortarboard"", ""confidence"": 0.0284}]",True
Places365_val_00011446.jpg,/Users/aidahamzic/PycharmProjects/PythonProject1/val_256/Places365_val_00011446.jpg,street,street,streetcar,0.6905,"[{""rank"": 1, ""label"": ""streetcar"", ""confidence"": 0.6905}, {""rank"": 2, ""label"": ""military uniform"", ""confidence"": 0.0574}, {""rank"": 3, ""label"": ""police van"", ""confidence"": 0.0505}, {""rank"": 4, ""label"": ""ambulance"", ""confidence"": 0.0228}, {""rank"": 5, ""label"": ""miniskirt"", ""confidence"": 0.0159}]",True
Places365_val_00012114.jpg,/Users/aidahamzic/PycharmProjects/PythonProject1/val_256/Places365_val_00012114.jpg,street,street,jinrikisha,0.0868,"[{""rank"": 1, ""label"": ""jinrikisha"", ""confidence"": 0.0868}, {""rank"": 2, ""label"": ""cannon"", ""confidence"": 0.0648}, {""rank"": 3, ""label"": ""horse cart"", ""confidence"": 0.0616}, {""rank"": 4, ""label"": ""bicycle-built-for-two"", ""confidence"": 0.0456}, {""rank"": 5, ""label"": ""unicycle"", ""confidence"": 0.0456}]",True
Places365_val_00012345.jpg,/Users/aidahamzic/PycharmProjects/PythonProject1/val_256/Places365_val_00012345.jpg,street,street,crutch,0.3831,"[{""rank"": 1, ""label"": ""crutch"", ""confidence"": 0.3831}, {""rank"": 2, ""label"": ""broom"", ""confidence"": 0.0837}, {""rank"": 3, ""label"": ""unicycle"", ""confidence"": 0.0608}, {""rank"": 4, ""label"": ""vacuum"", ""confidence"": 0.0577}, {""rank"": 5, ""label"": ""jinrikisha"", ""confidence"": 0.0407}]",True
Places365_val_00012404.jpg,/Users/aidahamzic/PycharmProjects/PythonProject1/val_256/Places365_val_00012404.jpg,street,street,jinrikisha,0.5112,"[{""rank"": 1, ""label"": ""jinrikisha"", ""confidence"": 0.5112}, {""rank"": 2, ""label"": ""tricycle"", ""confidence"": 0.2259}, {""rank"": 3, ""label"": ""bicycle-built-for-two"", ""confidence"": 0.1978}, {""rank"": 4, ""label"": ""unicycle"", ""confidence"": 0.0363}, {""rank"": 5, ""label"": ""moped"", ""confidence"": 0.0146}]",True
Places365_val_00012429.jpg,/Users/aidahamzic/PycharmProjects/PythonProject1/val_256/Places365_val_00012429.jpg,street,street,jinrikisha,0.3774,"[{""rank"": 1, ""label"": ""jinrikisha"", ""confidence"": 0.3774}, {""rank"": 2, ""label"": ""unicycle"", ""confidence"": 0.2436}, {""rank"": 3, ""label"": ""tricycle"", ""confidence"": 0.0875}, {""rank"": 4, ""label"": ""bicycle-built-for-two"", ""confidence"": 0.0811}, {""rank"": 5, ""label"": ""horse cart"", ""confidence"": 0.0619}]",True
Places365_val_00013293.jpg,/Users/aidahamzic/PycharmProjects/PythonProject1/val_256/Places365_val_00013293.jpg,street,street,trolleybus,0.1234,"[{""rank"": 1, ""label"": ""trolleybus"", ""confidence"": 0.1234}, {""rank"": 2, ""label"": ""pole"", ""confidence"": 0.0883}, {""rank"": 3, ""label"": ""traffic light"", ""confidence"": 0.0551}, {""rank"": 4, ""label"": ""planetarium"", ""confidence"": 0.0506}, {""rank"": 5, ""label"": ""water tower"", ""confidence"": 0.025}]",True
Places365_val_00013809.jpg,/Users/aidahamzic/PycharmProjects/PythonProject1/val_256/Places365_val_00013809.jpg,street,street,restaurant,0.1509,"[{""rank"": 1, ""label"": ""restaurant"", ""confidence"": 0.1509}, {""rank"": 2, ""label"": ""prison"", ""confidence"": 0.146}, {""rank"": 3, ""label"": ""streetcar"", ""confidence"": 0.1125}, {""rank"": 4, ""label"": ""jinrikisha"", ""confidence"": 0.0696}, {""rank"": 5, ""label"": ""grocery store"", ""confidence"": 0.052}]",True
Places365_val_00014254.jpg,/Users/aidahamzic/PycharmProjects/PythonProject1/val_256/Places365_val_00014254.jpg,street,street,cab,0.1455,"[{""rank"": 1, ""label"": ""cab"", ""confidence"": 0.1455}, {""rank"": 2, ""label"": ""minivan"", ""confidence"": 0.0714}, {""rank"": 3, ""label"": ""minibus"", ""confidence"": 0.0701}, {""rank"": 4, ""label"": ""limousine"", ""confidence"": 0.0694}, {""rank"": 5, ""label"": ""tow truck"", ""confidence"": 0.0662}]",True
Places365_val_00014958.jpg,/Users/aidahamzic/PycharmProjects/PythonProject1/val_256/Places365_val_00014958.jpg,street,street,suit,0.0816,"[{""rank"": 1, ""label"": ""suit"", ""confidence"": 0.0816}, {""rank"": 2, ""label"": ""limousine"", ""confidence"": 0.0719}, {""rank"": 3, ""label"": ""crutch"", ""confidence"": 0.0596}, {""rank"": 4, ""label"": ""Loafer"", ""confidence"": 0.0509}, {""rank"": 5, ""label"": ""barbell"", ""confidence"": 0.0378}]",True
Places365_val_00015189.jpg,/Users/aidahamzic/PycharmProjects/PythonProject1/val_256/Places365_val_00015189.jpg,street,street,jinrikisha,0.7604,"[{""rank"": 1, ""label"": ""jinrikisha"", ""confidence"": 0.7604}, {""rank"": 2, ""label"": ""unicycle"", ""confidence"": 0.1711}, {""rank"": 3, ""label"": ""moped"", ""confidence"": 0.0342}, {""rank"": 4, ""label"": ""mountain bike"", ""confidence"": 0.0068}, {""rank"": 5, ""label"": ""bicycle-built-for-two"", ""confidence"": 0.0067}]",True
Places365_val_00015568.jpg,/Users/aidahamzic/PycharmProjects/PythonProject1/val_256/Places365_val_00015568.jpg,street,street,trolleybus,0.0675,"[{""rank"": 1, ""label"": ""trolleybus"", ""confidence"": 0.0675}, {""rank"": 2, ""label"": ""parking meter"", ""confidence"": 0.0581}, {""rank"": 3, ""label"": ""breakwater"", ""confidence"": 0.052}, {""rank"": 4, ""label"": ""cab"", ""confidence"": 0.0487}, {""rank"": 5, ""label"": ""trailer truck"", ""confidence"": 0.0425}]",True
Places365_val_00015982.jpg,/Users/aidahamzic/PycharmProjects/PythonProject1/val_256/Places365_val_00015982.jpg,street,street,jinrikisha,0.8626,"[{""rank"": 1, ""label"": ""jinrikisha"", ""confidence"": 0.8626}, {""rank"": 2, ""label"": ""moped"", ""confidence"": 0.0776}, {""rank"": 3, ""label"": ""tricycle"", ""confidence"": 0.0258}, {""rank"": 4, ""label"": ""motor scooter"", ""confidence"": 0.0089}, {""rank"": 5, ""label"": ""mountain bike"", ""confidence"": 0.0071}]",True
Places365_val_00017271.jpg,/Users/aidahamzic/PycharmProjects/PythonProject1/val_256/Places365_val_00017271.jpg,street,street,streetcar,0.5506,"[{""rank"": 1, ""label"": ""streetcar"", ""confidence"": 0.5506}, {""rank"": 2, ""label"": ""passenger car"", ""confidence"": 0.0855}, {""rank"": 3, ""label"": ""electric locomotive"", ""confidence"": 0.067}, {""rank"": 4, ""label"": ""prison"", ""confidence"": 0.0543}, {""rank"": 5, ""label"": ""lumbermill"", ""confidence"": 0.0465}]",True
Places365_val_00017297.jpg,/Users/aidahamzic/PycharmProjects/PythonProject1/val_256/Places365_val_00017297.jpg,street,street,jinrikisha,0.3148,"[{""rank"": 1, ""label"": ""jinrikisha"", ""confidence"": 0.3148}, {""rank"": 2, ""label"": ""unicycle"", ""confidence"": 0.2111}, {""rank"": 3, ""label"": ""racket"", ""confidence"": 0.0505}, {""rank"": 4, ""label"": ""tricycle"", ""confidence"": 0.0369}, {""rank"": 5, ""label"": ""knee pad"", ""confidence"": 0.0358}]",True
Places365_val_00017738.jpg,/Users/aidahamzic/PycharmProjects/PythonProject1/val_256/Places365_val_00017738.jpg,street,street,miniskirt,0.6365,"[{""rank"": 1, ""label"": ""miniskirt"", ""confidence"": 0.6365}, {""rank"": 2, ""label"": ""bearskin"", ""confidence"": 0.1611}, {""rank"": 3, ""label"": ""jinrikisha"", ""confidence"": 0.0495}, {""rank"": 4, ""label"": ""fur coat"", ""confidence"": 0.0445}, {""rank"": 5, ""label"": ""trench coat"", ""confidence"": 0.0204}]",True
Places365_val_00017984.jpg,/Users/aidahamzic/PycharmProjects/PythonProject1/val_256/Places365_val_00017984.jpg,street,street,cinema,0.2262,"[{""rank"": 1, ""label"": ""cinema"", ""confidence"": 0.2262}, {""rank"": 2, ""label"": ""streetcar"", ""confidence"": 0.0417}, {""rank"": 3, ""label"": ""limousine"", ""confidence"": 0.0369}, {""rank"": 4, ""label"": ""planetarium"", ""confidence"": 0.0298}, {""rank"": 5, ""label"": ""patio"", ""confidence"": 0.0298}]",True
Places365_val_00018647.jpg,/Users/aidahamzic/PycharmProjects/PythonProject1/val_256/Places365_val_00018647.jpg,street,street,cab,0.2804,"[{""rank"": 1, ""label"": ""cab"", ""confidence"": 0.2804}, {""rank"": 2, ""label"": ""streetcar"", ""confidence"": 0.0913}, {""rank"": 3, ""label"": ""moving van"", ""confidence"": 0.0745}, {""rank"": 4, ""label"": ""snowplow"", ""confidence"": 0.074}, {""rank"": 5, ""label"": ""fire engine"", ""confidence"": 0.0591}]",True
Places365_val_00018942.jpg,/Users/aidahamzic/PycharmProjects/PythonProject1/val_256/Places365_val_00018942.jpg,street,street,obelisk,0.2019,"[{""rank"": 1, ""label"": ""obelisk"", ""confidence"": 0.2019}, {""rank"": 2, ""label"": ""triumphal arch"", ""confidence"": 0.1504}, {""rank"": 3, ""label"": ""traffic light"", ""confidence"": 0.1494}, {""rank"": 4, ""label"": ""pier"", ""confidence"": 0.0784}, {""rank"": 5, ""label"": ""cab"", ""confidence"": 0.077}]",True
Places365_val_00019332.jpg,/Users/aidahamzic/PycharmProjects/PythonProject1/val_256/Places365_val_00019332.jpg,street,street,trolleybus,0.7654,"[{""rank"": 1, ""label"": ""trolleybus"", ""confidence"": 0.7654}, {""rank"": 2, ""label"": ""traffic light"", ""confidence"": 0.0561}, {""rank"": 3, ""label"": ""tow truck"", ""confidence"": 0.0278}, {""rank"": 4, ""label"": ""limousine"", ""confidence"": 0.0202}, {""rank"": 5, ""label"": ""cab"", ""confidence"": 0.0156}]",True
Places365_val_00019453.jpg,/Users/aidahamzic/PycharmProjects/PythonProject1/val_256/Places365_val_00019453.jpg,street,street,streetcar,0.1287,"[{""rank"": 1, ""label"": ""streetcar"", ""confidence"": 0.1287}, {""rank"": 2, ""label"": ""bullet train"", ""confidence"": 0.1128}, {""rank"": 3, ""label"": ""gondola"", ""confidence"": 0.0944}, {""rank"": 4, ""label"": ""palace"", ""confidence"": 0.072}, {""rank"": 5, ""label"": ""pier"", ""confidence"": 0.0535}]",True
Places365_val_00020120.jpg,/Users/aidahamzic/PycharmProjects/PythonProject1/val_256/Places365_val_00020120.jpg,street,street,streetcar,0.4156,"[{""rank"": 1, ""label"": ""streetcar"", ""confidence"": 0.4156}, {""rank"": 2, ""label"": ""passenger car"", ""confidence"": 0.2621}, {""rank"": 3, ""label"": ""trolleybus"", ""confidence"": 0.1451}, {""rank"": 4, ""label"": ""moving van"", ""confidence"": 0.0397}, {""rank"": 5, ""label"": ""minibus"", ""confidence"": 0.0323}]",True
Places365_val_00020736.jpg,/Users/aidahamzic/PycharmProjects/PythonProject1/val_256/Places365_val_00020736.jpg,street,street,unicycle,0.3939,"[{""rank"": 1, ""label"": ""unicycle"", ""confidence"": 0.3939}, {""rank"": 2, ""label"": ""bearskin"", ""confidence"": 0.1761}, {""rank"": 3, ""label"": ""jinrikisha"", ""confidence"": 0.1677}, {""rank"": 4, ""label"": ""motor scooter"", ""confidence"": 0.025}, {""rank"": 5, ""label"": ""moped"", ""confidence"": 0.0208}]",True
Places365_val_00020806.jpg,/Users/aidahamzic/PycharmProjects/PythonProject1/val_256/Places365_val_00020806.jpg,street,street,cab,0.4122,"[{""rank"": 1, ""label"": ""cab"", ""confidence"": 0.4122}, {""rank"": 2, ""label"": ""limousine"", ""confidence"": 0.363}, {""rank"": 3, ""label"": ""minivan"", ""confidence"": 0.0445}, {""rank"": 4, ""label"": ""police van"", ""confidence"": 0.0318}, {""rank"": 5, ""label"": ""minibus"", ""confidence"": 0.0199}]",True
Places365_val_00020933.jpg,/Users/aidahamzic/PycharmProjects/PythonProject1/val_256/Places365_val_00020933.jpg,street,street,unicycle,0.5642,"[{""rank"": 1, ""label"": ""unicycle"", ""confidence"": 0.5642}, {""rank"": 2, ""label"": ""jinrikisha"", ""confidence"": 0.2214}, {""rank"": 3, ""label"": ""bicycle-built-for-two"", ""confidence"": 0.0615}, {""rank"": 4, ""label"": ""tricycle"", ""confidence"": 0.0109}, {""rank"": 5, ""label"": ""broom"", ""confidence"": 0.0108}]",True
Places365_val_00021062.jpg,/Users/aidahamzic/PycharmProjects/PythonProject1/val_256/Places365_val_00021062.jpg,street,street,streetcar,0.7231,"[{""rank"": 1, ""label"": ""streetcar"", ""confidence"": 0.7231}, {""rank"": 2, ""label"": ""tobacco shop"", ""confidence"": 0.0787}, {""rank"": 3, ""label"": ""jinrikisha"", ""confidence"": 0.0282}, {""rank"": 4, ""label"": ""bookshop"", ""confidence"": 0.0242}, {""rank"": 5, ""label"": ""pay-phone"", ""confidence"": 0.0153}]",True
Places365_val_00021157.jpg,/Users/aidahamzic/PycharmProjects/PythonProject1/val_256/Places365_val_00021157.jpg,street,street,palace,0.1308,"[{""rank"": 1, ""label"": ""palace"", ""confidence"": 0.1308}, {""rank"": 2, ""label"": ""bell cote"", ""confidence"": 0.105}, {""rank"": 3, ""label"": ""streetcar"", ""confidence"": 0.0952}, {""rank"": 4, ""label"": ""monastery"", ""confidence"": 0.0862}, {""rank"": 5, ""label"": ""tobacco shop"", ""confidence"": 0.0775}]",True
Places365_val_00022422.jpg,/Users/aidahamzic/PycharmProjects/PythonProject1/val_256/Places365_val_00022422.jpg,street,street,triumphal arch,0.1611,"[{""rank"": 1, ""label"": ""triumphal arch"", ""confidence"": 0.1611}, {""rank"": 2, ""label"": ""library"", ""confidence"": 0.0945}, {""rank"": 3, ""label"": ""prison"", ""confidence"": 0.0929}, {""rank"": 4, ""label"": ""streetcar"", ""confidence"": 0.0828}, {""rank"": 5, ""label"": ""street sign"", ""confidence"": 0.0611}]",True
Places365_val_00023367.jpg,/Users/aidahamzic/PycharmProjects/PythonProject1/val_256/Places365_val_00023367.jpg,street,street,bullet train,0.0814,"[{""rank"": 1, ""label"": ""bullet train"", ""confidence"": 0.0814}, {""rank"": 2, ""label"": ""jinrikisha"", ""confidence"": 0.0761}, {""rank"": 3, ""label"": ""motor scooter"", ""confidence"": 0.0751}, {""rank"": 4, ""label"": ""bobsled"", ""confidence"": 0.0585}, {""rank"": 5, ""label"": ""kimono"", ""confidence"": 0.0426}]",True
Places365_val_00023577.jpg,/Users/aidahamzic/PycharmProjects/PythonProject1/val_256/Places365_val_00023577.jpg,street,street,streetcar,0.1499,"[{""rank"": 1, ""label"": ""streetcar"", ""confidence"": 0.1499}, {""rank"": 2, ""label"": ""tobacco shop"", ""confidence"": 0.1443}, {""rank"": 3, ""label"": ""cinema"", ""confidence"": 0.0687}, {""rank"": 4, ""label"": ""grocery store"", ""confidence"": 0.0647}, {""rank"": 5, ""label"": ""jinrikisha"", ""confidence"": 0.0584}]",True
Places365_val_00023705.jpg,/Users/aidahamzic/PycharmProjects/PythonProject1/val_256/Places365_val_00023705.jpg,street,street,jinrikisha,0.442,"[{""rank"": 1, ""label"": ""jinrikisha"", ""confidence"": 0.442}, {""rank"": 2, ""label"": ""motor scooter"", ""confidence"": 0.1363}, {""rank"": 3, ""label"": ""unicycle"", ""confidence"": 0.093}, {""rank"": 4, ""label"": ""moped"", ""confidence"": 0.0414}, {""rank"": 5, ""label"": ""Model T"", ""confidence"": 0.0285}]",True
Places365_val_00025327.jpg,/Users/aidahamzic/PycharmProjects/PythonProject1/val_256/Places365_val_00025327.jpg,street,street,jinrikisha,0.8195,"[{""rank"": 1, ""label"": ""jinrikisha"", ""confidence"": 0.8195}, {""rank"": 2, ""label"": ""unicycle"", ""confidence"": 0.0591}, {""rank"": 3, ""label"": ""crutch"", ""confidence"": 0.0493}, {""rank"": 4, ""label"": ""bicycle-built-for-two"", ""confidence"": 0.0191}, {""rank"": 5, ""label"": ""moped"", ""confidence"": 0.0166}]",True
Places365_val_00025601.jpg,/Users/aidahamzic/PycharmProjects/PythonProject1/val_256/Places365_val_00025601.jpg,street,street,streetcar,0.4141,"[{""rank"": 1, ""label"": ""streetcar"", ""confidence"": 0.4141}, {""rank"": 2, ""label"": ""prison"", ""confidence"": 0.2758}, {""rank"": 3, ""label"": ""library"", ""confidence"": 0.071}, {""rank"": 4, ""label"": ""gondola"", ""confidence"": 0.0611}, {""rank"": 5, ""label"": ""cab"", ""confidence"": 0.0351}]",True
Places365_val_00026366.jpg,/Users/aidahamzic/PycharmProjects/PythonProject1/val_256/Places365_val_00026366.jpg,street,street,sarong,0.1838,"[{""rank"": 1, ""label"": ""sarong"", ""confidence"": 0.1838}, {""rank"": 2, ""label"": ""clog"", ""confidence"": 0.0654}, {""rank"": 3, ""label"": ""jinrikisha"", ""confidence"": 0.046}, {""rank"": 4, ""label"": ""cowboy boot"", ""confidence"": 0.0428}, {""rank"": 5, ""label"": ""miniskirt"", ""confidence"": 0.0394}]",True
Places365_val_00027144.jpg,/Users/aidahamzic/PycharmProjects/PythonProject1/val_256/Places365_val_00027144.jpg,street,street,jinrikisha,0.1582,"[{""rank"": 1, ""label"": ""jinrikisha"", ""confidence"": 0.1582}, {""rank"": 2, ""label"": ""cab"", ""confidence"": 0.0901}, {""rank"": 3, ""label"": ""lawn mower"", ""confidence"": 0.0853}, {""rank"": 4, ""label"": ""golfcart"", ""confidence"": 0.082}, {""rank"": 5, ""label"": ""barber chair"", ""confidence"": 0.0721}]",True
Places365_val_00028791.jpg,/Users/aidahamzic/PycharmProjects/PythonProject1/val_256/Places365_val_00028791.jpg,street,street,triumphal arch,0.1938,"[{""rank"": 1, ""label"": ""triumphal arch"", ""confidence"": 0.1938}, {""rank"": 2, ""label"": ""unicycle"", ""confidence"": 0.1368}, {""rank"": 3, ""label"": ""traffic light"", ""confidence"": 0.1308}, {""rank"": 4, ""label"": ""jinrikisha"", ""confidence"": 0.0927}, {""rank"": 5, ""label"": ""bullet train"", ""confidence"": 0.0709}]",True
Places365_val_00029068.jpg,/Users/aidahamzic/PycharmProjects/PythonProject1/val_256/Places365_val_00029068.jpg,street,street,trolleybus,0.1861,"[{""rank"": 1, ""label"": ""trolleybus"", ""confidence"": 0.1861}, {""rank"": 2, ""label"": ""streetcar"", ""confidence"": 0.167}, {""rank"": 3, ""label"": ""cab"", ""confidence"": 0.0456}, {""rank"": 4, ""label"": ""garbage truck"", ""confidence"": 0.0443}, {""rank"": 5, ""label"": ""bell cote"", ""confidence"": 0.0369}]",True
Places365_val_00029368.jpg,/Users/aidahamzic/PycharmProjects/PythonProject1/val_256/Places365_val_00029368.jpg,street,street,traffic light,0.2125,"[{""rank"": 1, ""label"": ""traffic light"", ""confidence"": 0.2125}, {""rank"": 2, ""label"": ""cab"", ""confidence"": 0.1231}, {""rank"": 3, ""label"": ""fire engine"", ""confidence"": 0.0903}, {""rank"": 4, ""label"": ""limousine"", ""confidence"": 0.0725}, {""rank"": 5, ""label"": ""streetcar"", ""confidence"": 0.0685}]",True
Places365_val_00031733.jpg,/Users/aidahamzic/PycharmProjects/PythonProject1/val_256/Places365_val_00031733.jpg,street,street,trolleybus,0.1074,"[{""rank"": 1, ""label"": ""trolleybus"", ""confidence"": 0.1074}, {""rank"": 2, ""label"": ""streetcar"", ""confidence"": 0.0769}, {""rank"": 3, ""label"": ""trailer truck"", ""confidence"": 0.059}, {""rank"": 4, ""label"": ""fire engine"", ""confidence"": 0.0525}, {""rank"": 5, ""label"": ""moving van"", ""confidence"": 0.042}]",True
Places365_val_00032367.jpg,/Users/aidahamzic/PycharmProjects/PythonProject1/val_256/Places365_val_00032367.jpg,street,street,traffic light,0.3016,"[{""rank"": 1, ""label"": ""traffic light"", ""confidence"": 0.3016}, {""rank"": 2, ""label"": ""cab"", ""confidence"": 0.1814}, {""rank"": 3, ""label"": ""parking meter"", ""confidence"": 0.1036}, {""rank"": 4, ""label"": ""limousine"", ""confidence"": 0.0559}, {""rank"": 5, ""label"": ""shopping cart"", ""confidence"": 0.0416}]",True
Places365_val_00033202.jpg,/Users/aidahamzic/PycharmProjects/PythonProject1/val_256/Places365_val_00033202.jpg,street,street,streetcar,0.3766,"[{""rank"": 1, ""label"": ""streetcar"", ""confidence"": 0.3766}, {""rank"": 2, ""label"": ""trolleybus"", ""confidence"": 0.1904}, {""rank"": 3, ""label"": ""minibus"", ""confidence"": 0.1604}, {""rank"": 4, ""label"": ""cinema"", ""confidence"": 0.0479}, {""rank"": 5, ""label"": ""library"", ""confidence"": 0.0351}]",True
Places365_val_00034455.jpg,/Users/aidahamzic/PycharmProjects/PythonProject1/val_256/Places365_val_00034455.jpg,street,street,prison,0.2227,"[{""rank"": 1, ""label"": ""prison"", ""confidence"": 0.2227}, {""rank"": 2, ""label"": ""streetcar"", ""confidence"": 0.1112}, {""rank"": 3, ""label"": ""bullet train"", ""confidence"": 0.0974}, {""rank"": 4, ""label"": ""passenger car"", ""confidence"": 0.0479}, {""rank"": 5, ""label"": ""viaduct"", ""confidence"": 0.0421}]",True
Places365_val_00034570.jpg,/Users/aidahamzic/PycharmProjects/PythonProject1/val_256/Places365_val_00034570.jpg,street,street,cab,0.3458,"[{""rank"": 1, ""label"": ""cab"", ""confidence"": 0.3458}, {""rank"": 2, ""label"": ""traffic light"", ""confidence"": 0.1771}, {""rank"": 3, ""label"": ""triumphal arch"", ""confidence"": 0.1491}, {""rank"": 4, ""label"": ""obelisk"", ""confidence"": 0.049}, {""rank"": 5, ""label"": ""restaurant"", ""confidence"": 0.0347}]",True
Places365_val_00034580.jpg,/Users/aidahamzic/PycharmProjects/PythonProject1/val_256/Places365_val_00034580.jpg,street,street,jinrikisha,0.7829,"[{""rank"": 1, ""label"": ""jinrikisha"", ""confidence"": 0.7829}, {""rank"": 2, ""label"": ""unicycle"", ""confidence"": 0.0445}, {""rank"": 3, ""label"": ""torch"", ""confidence"": 0.0173}, {""rank"": 4, ""label"": ""moped"", ""confidence"": 0.0167}, {""rank"": 5, ""label"": ""crutch"", ""confidence"": 0.0133}]",True
Places365_val_00034941.jpg,/Users/aidahamzic/PycharmProjects/PythonProject1/val_256/Places365_val_00034941.jpg,street,street,streetcar,0.1294,"[{""rank"": 1, ""label"": ""streetcar"", ""confidence"": 0.1294}, {""rank"": 2, ""label"": ""church"", ""confidence"": 0.1073}, {""rank"": 3, ""label"": ""traffic light"", ""confidence"": 0.0811}, {""rank"": 4, ""label"": ""bell cote"", ""confidence"": 0.0386}, {""rank"": 5, ""label"": ""umbrella"", ""confidence"": 0.0386}]",True
Places365_val_00035103.jpg,/Users/aidahamzic/PycharmProjects/PythonProject1/val_256/Places365_val_00035103.jpg,street,street,palace,0.4701,"[{""rank"": 1, ""label"": ""palace"", ""confidence"": 0.4701}, {""rank"": 2, ""label"": ""streetcar"", ""confidence"": 0.0826}, {""rank"": 3, ""label"": ""triumphal arch"", ""confidence"": 0.0822}, {""rank"": 4, ""label"": ""jinrikisha"", ""confidence"": 0.045}, {""rank"": 5, ""label"": ""bell cote"", ""confidence"": 0.0444}]",True
Places365_val_00035229.jpg,/Users/aidahamzic/PycharmProjects/PythonProject1/val_256/Places365_val_00035229.jpg,street,street,sports car,0.8416,"[{""rank"": 1, ""label"": ""sports car"", ""confidence"": 0.8416}, {""rank"": 2, ""label"": ""racer"", ""confidence"": 0.0958}, {""rank"": 3, ""label"": ""convertible"", ""confidence"": 0.0323}, {""rank"": 4, ""label"": ""cab"", ""confidence"": 0.0129}, {""rank"": 5, ""label"": ""passenger car"", ""confidence"": 0.0025}]",True
Places365_val_00035693.jpg,/Users/aidahamzic/PycharmProjects/PythonProject1/val_256/Places365_val_00035693.jpg,street,street,Model T,0.3148,"[{""rank"": 1, ""label"": ""Model T"", ""confidence"": 0.3148}, {""rank"": 2, ""label"": ""jinrikisha"", ""confidence"": 0.1526}, {""rank"": 3, ""label"": ""moped"", ""confidence"": 0.1145}, {""rank"": 4, ""label"": ""gas pump"", ""confidence"": 0.0607}, {""rank"": 5, ""label"": ""tractor"", ""confidence"": 0.0328}]",True
Places365_val_00036456.jpg,/Users/aidahamzic/PycharmProjects/PythonProject1/val_256/Places365_val_00036456.jpg,street,street,prison,0.3381,"[{""rank"": 1, ""label"": ""prison"", ""confidence"": 0.3381}, {""rank"": 2, ""label"": ""mosque"", ""confidence"": 0.1351}, {""rank"": 3, ""label"": ""streetcar"", ""confidence"": 0.0682}, {""rank"": 4, ""label"": ""vault"", ""confidence"": 0.0648}, {""rank"": 5, ""label"": ""trolleybus"", ""confidence"": 0.0562}]",True
Places365_val_00000336.jpg,/Users/aidahamzic/PycharmProjects/PythonProject1/val_256/Places365_val_00000336.jpg,coast,water,promontory,0.8112,"[{""rank"": 1, ""label"": ""promontory"", ""confidence"": 0.8112}, {""rank"": 2, ""label"": ""cliff"", ""confidence"": 0.1161}, {""rank"": 3, ""label"": ""seashore"", ""confidence"": 0.0584}, {""rank"": 4, ""label"": ""valley"", ""confidence"": 0.0056}, {""rank"": 5, ""label"": ""lakeside"", ""confidence"": 0.0029}]",True
Places365_val_00000706.jpg,/Users/aidahamzic/PycharmProjects/PythonProject1/val_256/Places365_val_00000706.jpg,coast,water,wreck,0.2273,"[{""rank"": 1, ""label"": ""wreck"", ""confidence"": 0.2273}, {""rank"": 2, ""label"": ""pirate"", ""confidence"": 0.1354}, {""rank"": 3, ""label"": ""dock"", ""confidence"": 0.0947}, {""rank"": 4, ""label"": ""schooner"", ""confidence"": 0.0783}, {""rank"": 5, ""label"": ""paddlewheel"", ""confidence"": 0.0627}]",True
Places365_val_00000754.jpg,/Users/aidahamzic/PycharmProjects/PythonProject1/val_256/Places365_val_00000754.jpg,coast,water,lakeside,0.761,"[{""rank"": 1, ""label"": ""lakeside"", ""confidence"": 0.761}, {""rank"": 2, ""label"": ""seashore"", ""confidence"": 0.0518}, {""rank"": 3, ""label"": ""valley"", ""confidence"": 0.042}, {""rank"": 4, ""label"": ""geyser"", ""confidence"": 0.0339}, {""rank"": 5, ""label"": ""sandbar"", ""confidence"": 0.0302}]",True
Places365_val_00001214.jpg,/Users/aidahamzic/PycharmProjects/PythonProject1/val_256/Places365_val_00001214.jpg,coast,water,seashore,0.3237,"[{""rank"": 1, ""label"": ""seashore"", ""confidence"": 0.3237}, {""rank"": 2, ""label"": ""cliff"", ""confidence"": 0.1807}, {""rank"": 3, ""label"": ""sandbar"", ""confidence"": 0.1595}, {""rank"": 4, ""label"": ""wreck"", ""confidence"": 0.0934}, {""rank"": 5, ""label"": ""alp"", ""confidence"": 0.0631}]",True
Places365_val_00001924.jpg,/Users/aidahamzic/PycharmProjects/PythonProject1/val_256/Places365_val_00001924.jpg,coast,water,television,0.2812,"[{""rank"": 1, ""label"": ""television"", ""confidence"": 0.2812}, {""rank"": 2, ""label"": ""lakeside"", ""confidence"": 0.1498}, {""rank"": 3, ""label"": ""volcano"", ""confidence"": 0.0828}, {""rank"": 4, ""label"": ""valley"", ""confidence"": 0.0619}, {""rank"": 5, ""label"": ""seashore"", ""confidence"": 0.0553}]",True
Places365_val_00001939.jpg,/Users/aidahamzic/PycharmProjects/PythonProject1/val_256/Places365_val_00001939.jpg,coast,water,seashore,0.6018,"[{""rank"": 1, ""label"": ""seashore"", ""confidence"": 0.6018}, {""rank"": 2, ""label"": ""sandbar"", ""confidence"": 0.1628}, {""rank"": 3, ""label"": ""volleyball"", ""confidence"": 0.1311}, {""rank"": 4, ""label"": ""swimming trunks"", ""confidence"": 0.0152}, {""rank"": 5, ""label"": ""promontory"", ""confidence"": 0.0102}]",True
Places365_val_00002367.jpg,/Users/aidahamzic/PycharmProjects/PythonProject1/val_256/Places365_val_00002367.jpg,coast,water,sandbar,0.1013,"[{""rank"": 1, ""label"": ""sandbar"", ""confidence"": 0.1013}, {""rank"": 2, ""label"": ""sarong"", ""confidence"": 0.09}, {""rank"": 3, ""label"": ""swimming trunks"", ""confidence"": 0.0439}, {""rank"": 4, ""label"": ""seashore"", ""confidence"": 0.0321}, {""rank"": 5, ""label"": ""lakeside"", ""confidence"": 0.0257}]",True
Places365_val_00002916.jpg,/Users/aidahamzic/PycharmProjects/PythonProject1/val_256/Places365_val_00002916.jpg,coast,water,promontory,0.8177,"[{""rank"": 1, ""label"": ""promontory"", ""confidence"": 0.8177}, {""rank"": 2, ""label"": ""seashore"", ""confidence"": 0.0685}, {""rank"": 3, ""label"": ""cliff"", ""confidence"": 0.0471}, {""rank"": 4, ""label"": ""breakwater"", ""confidence"": 0.0149}, {""rank"": 5, ""label"": ""lakeside"", ""confidence"": 0.0064}]",True
Places365_val_00002962.jpg,/Users/aidahamzic/PycharmProjects/PythonProject1/val_256/Places365_val_00002962.jpg,coast,water,cliff,0.4037,"[{""rank"": 1, ""label"": ""cliff"", ""confidence"": 0.4037}, {""rank"": 2, ""label"": ""promontory"", ""confidence"": 0.3687}, {""rank"": 3, ""label"": ""seashore"", ""confidence"": 0.1915}, {""rank"": 4, ""label"": ""valley"", ""confidence"": 0.0146}, {""rank"": 5, ""label"": ""sarong"", ""confidence"": 0.0082}]",True
Places365_val_00003731.jpg,/Users/aidahamzic/PycharmProjects/PythonProject1/val_256/Places365_val_00003731.jpg,coast,water,boathouse,0.3525,"[{""rank"": 1, ""label"": ""boathouse"", ""confidence"": 0.3525}, {""rank"": 2, ""label"": ""lakeside"", ""confidence"": 0.1819}, {""rank"": 3, ""label"": ""dock"", ""confidence"": 0.1001}, {""rank"": 4, ""label"": ""dam"", ""confidence"": 0.0401}, {""rank"": 5, ""label"": ""seashore"", ""confidence"": 0.0236}]",True
Places365_val_00004054.jpg,/Users/aidahamzic/PycharmProjects/PythonProject1/val_256/Places365_val_00004054.jpg,coast,water,promontory,0.8732,"[{""rank"": 1, ""label"": ""promontory"", ""confidence"": 0.8732}, {""rank"": 2, ""label"": ""cliff"", ""confidence"": 0.057}, {""rank"": 3, ""label"": ""seashore"", ""confidence"": 0.0452}, {""rank"": 4, ""label"": ""valley"", ""confidence"": 0.0151}, {""rank"": 5, ""label"": ""dam"", ""confidence"": 0.0042}]",True
Places365_val_00004977.jpg,/Users/aidahamzic/PycharmProjects/PythonProject1/val_256/Places365_val_00004977.jpg,coast,water,solar dish,0.7591,"[{""rank"": 1, ""label"": ""solar dish"", ""confidence"": 0.7591}, {""rank"": 2, ""label"": ""bannister"", ""confidence"": 0.1012}, {""rank"": 3, ""label"": ""pier"", ""confidence"": 0.0262}, {""rank"": 4, ""label"": ""lakeside"", ""confidence"": 0.011}, {""rank"": 5, ""label"": ""limousine"", ""confidence"": 0.0077}]",True
Places365_val_00005410.jpg,/Users/aidahamzic/PycharmProjects/PythonProject1/val_256/Places365_val_00005410.jpg,coast,water,lakeside,0.3979,"[{""rank"": 1, ""label"": ""lakeside"", ""confidence"": 0.3979}, {""rank"": 2, ""label"": ""promontory"", ""confidence"": 0.1967}, {""rank"": 3, ""label"": ""seashore"", ""confidence"": 0.1372}, {""rank"": 4, ""label"": ""boathouse"", ""confidence"": 0.0737}, {""rank"": 5, ""label"": ""cliff"", ""confidence"": 0.0574}]",True
Places365_val_00006454.jpg,/Users/aidahamzic/PycharmProjects/PythonProject1/val_256/Places365_val_00006454.jpg,coast,water,seashore,0.412,"[{""rank"": 1, ""label"": ""seashore"", ""confidence"": 0.412}, {""rank"": 2, ""label"": ""sandbar"", ""confidence"": 0.1496}, {""rank"": 3, ""label"": ""dam"", ""confidence"": 0.0985}, {""rank"": 4, ""label"": ""wreck"", ""confidence"": 0.072}, {""rank"": 5, ""label"": ""pier"", ""confidence"": 0.0614}]",True
Places365_val_00008279.jpg,/Users/aidahamzic/PycharmProjects/PythonProject1/val_256/Places365_val_00008279.jpg,coast,water,lakeside,0.2509,"[{""rank"": 1, ""label"": ""lakeside"", ""confidence"": 0.2509}, {""rank"": 2, ""label"": ""park bench"", ""confidence"": 0.2116}, {""rank"": 3, ""label"": ""worm fence"", ""confidence"": 0.1558}, {""rank"": 4, ""label"": ""barn"", ""confidence"": 0.0937}, {""rank"": 5, ""label"": ""boathouse"", ""confidence"": 0.0323}]",True
Places365_val_00008641.jpg,/Users/aidahamzic/PycharmProjects/PythonProject1/val_256/Places365_val_00008641.jpg,coast,water,seashore,0.5823,"[{""rank"": 1, ""label"": ""seashore"", ""confidence"": 0.5823}, {""rank"": 2, ""label"": ""promontory"", ""confidence"": 0.1369}, {""rank"": 3, ""label"": ""valley"", ""confidence"": 0.1182}, {""rank"": 4, ""label"": ""sandbar"", ""confidence"": 0.0367}, {""rank"": 5, ""label"": ""coral reef"", ""confidence"": 0.033}]",True
Places365_val_00008931.jpg,/Users/aidahamzic/PycharmProjects/PythonProject1/val_256/Places365_val_00008931.jpg,coast,water,ski,0.5702,"[{""rank"": 1, ""label"": ""ski"", ""confidence"": 0.5702}, {""rank"": 2, ""label"": ""killer whale"", ""confidence"": 0.155}, {""rank"": 3, ""label"": ""king penguin"", ""confidence"": 0.0498}, {""rank"": 4, ""label"": ""alp"", ""confidence"": 0.0306}, {""rank"": 5, ""label"": ""snorkel"", ""confidence"": 0.0218}]",True
Places365_val_00009493.jpg,/Users/aidahamzic/PycharmProjects/PythonProject1/val_256/Places365_val_00009493.jpg,coast,water,seashore,0.2205,"[{""rank"": 1, ""label"": ""seashore"", ""confidence"": 0.2205}, {""rank"": 2, ""label"": ""beaver"", ""confidence"": 0.218}, {""rank"": 3, ""label"": ""promontory"", ""confidence"": 0.1011}, {""rank"": 4, ""label"": ""mink"", ""confidence"": 0.0765}, {""rank"": 5, ""label"": ""otter"", ""confidence"": 0.0644}]",True
Places365_val_00009656.jpg,/Users/aidahamzic/PycharmProjects/PythonProject1/val_256/Places365_val_00009656.jpg,coast,water,promontory,0.748,"[{""rank"": 1, ""label"": ""promontory"", ""confidence"": 0.748}, {""rank"": 2, ""label"": ""cliff"", ""confidence"": 0.1404}, {""rank"": 3, ""label"": ""seashore"", ""confidence"": 0.0651}, {""rank"": 4, ""label"": ""lakeside"", ""confidence"": 0.0332}, {""rank"": 5, ""label"": ""valley"", ""confidence"": 0.0046}]",True
Places365_val_00009995.jpg,/Users/aidahamzic/PycharmProjects/PythonProject1/val_256/Places365_val_00009995.jpg,coast,water,parachute,0.2592,"[{""rank"": 1, ""label"": ""parachute"", ""confidence"": 0.2592}, {""rank"": 2, ""label"": ""radio telescope"", ""confidence"": 0.2208}, {""rank"": 3, ""label"": ""lakeside"", ""confidence"": 0.0981}, {""rank"": 4, ""label"": ""crane"", ""confidence"": 0.0755}, {""rank"": 5, ""label"": ""swing"", ""confidence"": 0.0347}]",True
Places365_val_00010858.jpg,/Users/aidahamzic/PycharmProjects/PythonProject1/val_256/Places365_val_00010858.jpg,coast,water,catamaran,0.3942,"[{""rank"": 1, ""label"": ""catamaran"", ""confidence"": 0.3942}, {""rank"": 2, ""label"": ""trimaran"", ""confidence"": 0.3836}, {""rank"": 3, ""label"": ""yawl"", ""confidence"": 0.1874}, {""rank"": 4, ""label"": ""schooner"", ""confidence"": 0.0203}, {""rank"": 5, ""label"": ""dock"", ""confidence"": 0.0027}]",True
Places365_val_00011000.jpg,/Users/aidahamzic/PycharmProjects/PythonProject1/val_256/Places365_val_00011000.jpg,coast,water,catamaran,0.7845,"[{""rank"": 1, ""label"": ""catamaran"", ""confidence"": 0.7845}, {""rank"": 2, ""label"": ""trimaran"", ""confidence"": 0.1972}, {""rank"": 3, ""label"": ""yawl"", ""confidence"": 0.0174}, {""rank"": 4, ""label"": ""canoe"", ""confidence"": 0.0004}, {""rank"": 5, ""label"": ""paddle"", ""confidence"": 0.0001}]",True
Places365_val_00011433.jpg,/Users/aidahamzic/PycharmProjects/PythonProject1/val_256/Places365_val_00011433.jpg,coast,water,trimaran,0.2026,"[{""rank"": 1, ""label"": ""trimaran"", ""confidence"": 0.2026}, {""rank"": 2, ""label"": ""seashore"", ""confidence"": 0.0721}, {""rank"": 3, ""label"": ""spider web"", ""confidence"": 0.0627}, {""rank"": 4, ""label"": ""greenhouse"", ""confidence"": 0.0465}, {""rank"": 5, ""label"": ""lakeside"", ""confidence"": 0.041}]",True
Places365_val_00012588.jpg,/Users/aidahamzic/PycharmProjects/PythonProject1/val_256/Places365_val_00012588.jpg,coast,water,geyser,0.3332,"[{""rank"": 1, ""label"": ""geyser"", ""confidence"": 0.3332}, {""rank"": 2, ""label"": ""volcano"", ""confidence"": 0.1972}, {""rank"": 3, ""label"": ""valley"", ""confidence"": 0.108}, {""rank"": 4, ""label"": ""seashore"", ""confidence"": 0.0497}, {""rank"": 5, ""label"": ""breakwater"", ""confidence"": 0.0489}]",True
Places365_val_00012855.jpg,/Users/aidahamzic/PycharmProjects/PythonProject1/val_256/Places365_val_00012855.jpg,coast,water,lakeside,0.5613,"[{""rank"": 1, ""label"": ""lakeside"", ""confidence"": 0.5613}, {""rank"": 2, ""label"": ""seashore"", ""confidence"": 0.0716}, {""rank"": 3, ""label"": ""breakwater"", ""confidence"": 0.0607}, {""rank"": 4, ""label"": ""wreck"", ""confidence"": 0.0429}, {""rank"": 5, ""label"": ""promontory"", ""confidence"": 0.0327}]",True
Places365_val_00013295.jpg,/Users/aidahamzic/PycharmProjects/PythonProject1/val_256/Places365_val_00013295.jpg,coast,water,seashore,0.1852,"[{""rank"": 1, ""label"": ""seashore"", ""confidence"": 0.1852}, {""rank"": 2, ""label"": ""sandbar"", ""confidence"": 0.1401}, {""rank"": 3, ""label"": ""volcano"", ""confidence"": 0.1169}, {""rank"": 4, ""label"": ""lakeside"", ""confidence"": 0.0774}, {""rank"": 5, ""label"": ""plow"", ""confidence"": 0.0478}]",True
Places365_val_00013474.jpg,/Users/aidahamzic/PycharmProjects/PythonProject1/val_256/Places365_val_00013474.jpg,coast,water,trimaran,0.7209,"[{""rank"": 1, ""label"": ""trimaran"", ""confidence"": 0.7209}, {""rank"": 2, ""label"": ""catamaran"", ""confidence"": 0.1486}, {""rank"": 3, ""label"": ""yawl"", ""confidence"": 0.0873}, {""rank"": 4, ""label"": ""schooner"", ""confidence"": 0.005}, {""rank"": 5, ""label"": ""seashore"", ""confidence"": 0.0036}]",True
Places365_val_00014163.jpg,/Users/aidahamzic/PycharmProjects/PythonProject1/val_256/Places365_val_00014163.jpg,coast,water,seashore,0.4221,"[{""rank"": 1, ""label"": ""seashore"", ""confidence"": 0.4221}, {""rank"": 2, ""label"": ""volcano"", ""confidence"": 0.1628}, {""rank"": 3, ""label"": ""beacon"", ""confidence"": 0.1575}, {""rank"": 4, ""label"": ""lakeside"", ""confidence"": 0.0861}, {""rank"": 5, ""label"": ""promontory"", ""confidence"": 0.0481}]",True
Places365_val_00014283.jpg,/Users/aidahamzic/PycharmProjects/PythonProject1/val_256/Places365_val_00014283.jpg,coast,water,sturgeon,0.3701,"[{""rank"": 1, ""label"": ""sturgeon"", ""confidence"": 0.3701}, {""rank"": 2, ""label"": ""coho"", ""confidence"": 0.1458}, {""rank"": 3, ""label"": ""paddle"", ""confidence"": 0.0973}, {""rank"": 4, ""label"": ""gar"", ""confidence"": 0.0851}, {""rank"": 5, ""label"": ""canoe"", ""confidence"": 0.0848}]",True
Places365_val_00014741.jpg,/Users/aidahamzic/PycharmProjects/PythonProject1/val_256/Places365_val_00014741.jpg,coast,water,seashore,0.0499,"[{""rank"": 1, ""label"": ""seashore"", ""confidence"": 0.0499}, {""rank"": 2, ""label"": ""night snake"", ""confidence"": 0.0456}, {""rank"": 3, ""label"": ""snail"", ""confidence"": 0.0417}, {""rank"": 4, ""label"": ""frilled lizard"", ""confidence"": 0.0352}, {""rank"": 5, ""label"": ""stone wall"", ""confidence"": 0.0343}]",True
Places365_val_00015202.jpg,/Users/aidahamzic/PycharmProjects/PythonProject1/val_256/Places365_val_00015202.jpg,coast,water,seashore,0.3436,"[{""rank"": 1, ""label"": ""seashore"", ""confidence"": 0.3436}, {""rank"": 2, ""label"": ""promontory"", ""confidence"": 0.2947}, {""rank"": 3, ""label"": ""lakeside"", ""confidence"": 0.2275}, {""rank"": 4, ""label"": ""valley"", ""confidence"": 0.0298}, {""rank"": 5, ""label"": ""cliff"", ""confidence"": 0.0267}]",True
Places365_val_00015301.jpg,/Users/aidahamzic/PycharmProjects/PythonProject1/val_256/Places365_val_00015301.jpg,coast,water,lakeside,0.5011,"[{""rank"": 1, ""label"": ""lakeside"", ""confidence"": 0.5011}, {""rank"": 2, ""label"": ""geyser"", ""confidence"": 0.0579}, {""rank"": 3, ""label"": ""sandbar"", ""confidence"": 0.0445}, {""rank"": 4, ""label"": ""breakwater"", ""confidence"": 0.0384}, {""rank"": 5, ""label"": ""promontory"", ""confidence"": 0.0292}]",True
Places365_val_00015535.jpg,/Users/aidahamzic/PycharmProjects/PythonProject1/val_256/Places365_val_00015535.jpg,coast,water,lakeside,0.3757,"[{""rank"": 1, ""label"": ""lakeside"", ""confidence"": 0.3757}, {""rank"": 2, ""label"": ""seashore"", ""confidence"": 0.234}, {""rank"": 3, ""label"": ""sandbar"", ""confidence"": 0.2212}, {""rank"": 4, ""label"": ""promontory"", ""confidence"": 0.0752}, {""rank"": 5, ""label"": ""boathouse"", ""confidence"": 0.0141}]",True
Places365_val_00015587.jpg,/Users/aidahamzic/PycharmProjects/PythonProject1/val_256/Places365_val_00015587.jpg,coast,water,seashore,0.1292,"[{""rank"": 1, ""label"": ""seashore"", ""confidence"": 0.1292}, {""rank"": 2, ""label"": ""promontory"", ""confidence"": 0.0807}, {""rank"": 3, ""label"": ""lakeside"", ""confidence"": 0.0772}, {""rank"": 4, ""label"": ""volcano"", ""confidence"": 0.0561}, {""rank"": 5, ""label"": ""grey whale"", ""confidence"": 0.0492}]",True
Places365_val_00015915.jpg,/Users/aidahamzic/PycharmProjects/PythonProject1/val_256/Places365_val_00015915.jpg,coast,water,seashore,0.2603,"[{""rank"": 1, ""label"": ""seashore"", ""confidence"": 0.2603}, {""rank"": 2, ""label"": ""promontory"", ""confidence"": 0.2056}, {""rank"": 3, ""label"": ""cliff"", ""confidence"": 0.1752}, {""rank"": 4, ""label"": ""megalith"", ""confidence"": 0.1208}, {""rank"": 5, ""label"": ""breakwater"", ""confidence"": 0.0811}]",True
Places365_val_00016719.jpg,/Users/aidahamzic/PycharmProjects/PythonProject1/val_256/Places365_val_00016719.jpg,coast,water,canoe,0.3405,"[{""rank"": 1, ""label"": ""canoe"", ""confidence"": 0.3405}, {""rank"": 2, ""label"": ""yawl"", ""confidence"": 0.1733}, {""rank"": 3, ""label"": ""lakeside"", ""confidence"": 0.1388}, {""rank"": 4, ""label"": ""schooner"", ""confidence"": 0.0623}, {""rank"": 5, ""label"": ""pirate"", ""confidence"": 0.0578}]",True
Places365_val_00016734.jpg,/Users/aidahamzic/PycharmProjects/PythonProject1/val_256/Places365_val_00016734.jpg,coast,water,volcano,0.4245,"[{""rank"": 1, ""label"": ""volcano"", ""confidence"": 0.4245}, {""rank"": 2, ""label"": ""seashore"", ""confidence"": 0.3134}, {""rank"": 3, ""label"": ""valley"", ""confidence"": 0.0625}, {""rank"": 4, ""label"": ""mountain tent"", ""confidence"": 0.0507}, {""rank"": 5, ""label"": ""cliff"", ""confidence"": 0.0428}]",True
Places365_val_00016789.jpg,/Users/aidahamzic/PycharmProjects/PythonProject1/val_256/Places365_val_00016789.jpg,coast,water,seashore,0.8598,"[{""rank"": 1, ""label"": ""seashore"", ""confidence"": 0.8598}, {""rank"": 2, ""label"": ""sandbar"", ""confidence"": 0.079}, {""rank"": 3, ""label"": ""lakeside"", ""confidence"": 0.023}, {""rank"": 4, ""label"": ""promontory"", ""confidence"": 0.022}, {""rank"": 5, ""label"": ""cliff"", ""confidence"": 0.0042}]",True
Places365_val_00017652.jpg,/Users/aidahamzic/PycharmProjects/PythonProject1/val_256/Places365_val_00017652.jpg,coast,water,seashore,0.4523,"[{""rank"": 1, ""label"": ""seashore"", ""confidence"": 0.4523}, {""rank"": 2, ""label"": ""promontory"", ""confidence"": 0.4145}, {""rank"": 3, ""label"": ""cliff"", ""confidence"": 0.0627}, {""rank"": 4, ""label"": ""lakeside"", ""confidence"": 0.0146}, {""rank"": 5, ""label"": ""sandbar"", ""confidence"": 0.0141}]",True
Places365_val_00017724.jpg,/Users/aidahamzic/PycharmProjects/PythonProject1/val_256/Places365_val_00017724.jpg,coast,water,sunglass,0.5733,"[{""rank"": 1, ""label"": ""sunglass"", ""confidence"": 0.5733}, {""rank"": 2, ""label"": ""sunglasses"", ""confidence"": 0.3842}, {""rank"": 3, ""label"": ""bathing cap"", ""confidence"": 0.0096}, {""rank"": 4, ""label"": ""snorkel"", ""confidence"": 0.0044}, {""rank"": 5, ""label"": ""mask"", ""confidence"": 0.0017}]",True
Places365_val_00017770.jpg,/Users/aidahamzic/PycharmProjects/PythonProject1/val_256/Places365_val_00017770.jpg,coast,water,valley,0.4919,"[{""rank"": 1, ""label"": ""valley"", ""confidence"": 0.4919}, {""rank"": 2, ""label"": ""alp"", ""confidence"": 0.1223}, {""rank"": 3, ""label"": ""thatch"", ""confidence"": 0.0779}, {""rank"": 4, ""label"": ""boathouse"", ""confidence"": 0.0655}, {""rank"": 5, ""label"": ""lakeside"", ""confidence"": 0.0433}]",True
Places365_val_00019455.jpg,/Users/aidahamzic/PycharmProjects/PythonProject1/val_256/Places365_val_00019455.jpg,coast,water,seashore,0.232,"[{""rank"": 1, ""label"": ""seashore"", ""confidence"": 0.232}, {""rank"": 2, ""label"": ""conch"", ""confidence"": 0.1208}, {""rank"": 3, ""label"": ""sandbar"", ""confidence"": 0.0847}, {""rank"": 4, ""label"": ""Arabian camel"", ""confidence"": 0.0723}, {""rank"": 5, ""label"": ""dingo"", ""confidence"": 0.0371}]",True
Places365_val_00019984.jpg,/Users/aidahamzic/PycharmProjects/PythonProject1/val_256/Places365_val_00019984.jpg,coast,water,seashore,0.9006,"[{""rank"": 1, ""label"": ""seashore"", ""confidence"": 0.9006}, {""rank"": 2, ""label"": ""promontory"", ""confidence"": 0.0542}, {""rank"": 3, ""label"": ""sandbar"", ""confidence"": 0.0379}, {""rank"": 4, ""label"": ""wreck"", ""confidence"": 0.0013}, {""rank"": 5, ""label"": ""lakeside"", ""confidence"": 0.0012}]",True
Places365_val_00019998.jpg,/Users/aidahamzic/PycharmProjects/PythonProject1/val_256/Places365_val_00019998.jpg,coast,water,promontory,0.3548,"[{""rank"": 1, ""label"": ""promontory"", ""confidence"": 0.3548}, {""rank"": 2, ""label"": ""seashore"", ""confidence"": 0.1762}, {""rank"": 3, ""label"": ""cliff"", ""confidence"": 0.1623}, {""rank"": 4, ""label"": ""wreck"", ""confidence"": 0.1119}, {""rank"": 5, ""label"": ""valley"", ""confidence"": 0.0908}]",True
Places365_val_00020020.jpg,/Users/aidahamzic/PycharmProjects/PythonProject1/val_256/Places365_val_00020020.jpg,coast,water,seashore,0.4978,"[{""rank"": 1, ""label"": ""seashore"", ""confidence"": 0.4978}, {""rank"": 2, ""label"": ""sandbar"", ""confidence"": 0.4873}, {""rank"": 3, ""label"": ""lakeside"", ""confidence"": 0.0133}, {""rank"": 4, ""label"": ""promontory"", ""confidence"": 0.0005}, {""rank"": 5, ""label"": ""wreck"", ""confidence"": 0.0001}]",True
Places365_val_00020116.jpg,/Users/aidahamzic/PycharmProjects/PythonProject1/val_256/Places365_val_00020116.jpg,coast,water,seashore,0.7723,"[{""rank"": 1, ""label"": ""seashore"", ""confidence"": 0.7723}, {""rank"": 2, ""label"": ""sandbar"", ""confidence"": 0.1736}, {""rank"": 3, ""label"": ""promontory"", ""confidence"": 0.0374}, {""rank"": 4, ""label"": ""cliff"", ""confidence"": 0.0048}, {""rank"": 5, ""label"": ""lakeside"", ""confidence"": 0.0046}]",True
Places365_val_00020326.jpg,/Users/aidahamzic/PycharmProjects/PythonProject1/val_256/Places365_val_00020326.jpg,coast,water,promontory,0.251,"[{""rank"": 1, ""label"": ""promontory"", ""confidence"": 0.251}, {""rank"": 2, ""label"": ""seashore"", ""confidence"": 0.165}, {""rank"": 3, ""label"": ""lakeside"", ""confidence"": 0.0701}, {""rank"": 4, ""label"": ""breakwater"", ""confidence"": 0.0519}, {""rank"": 5, ""label"": ""beacon"", ""confidence"": 0.0373}]",True
Places365_val_00020848.jpg,/Users/aidahamzic/PycharmProjects/PythonProject1/val_256/Places365_val_00020848.jpg,coast,water,seashore,0.5136,"[{""rank"": 1, ""label"": ""seashore"", ""confidence"": 0.5136}, {""rank"": 2, ""label"": ""promontory"", ""confidence"": 0.2851}, {""rank"": 3, ""label"": ""lakeside"", ""confidence"": 0.0521}, {""rank"": 4, ""label"": ""cliff"", ""confidence"": 0.0407}, {""rank"": 5, ""label"": ""aircraft carrier"", ""confidence"": 0.0256}]",True
Places365_val_00021107.jpg,/Users/aidahamzic/PycharmProjects/PythonProject1/val_256/Places365_val_00021107.jpg,coast,water,sandbar,0.6915,"[{""rank"": 1, ""label"": ""sandbar"", ""confidence"": 0.6915}, {""rank"": 2, ""label"": ""seashore"", ""confidence"": 0.3046}, {""rank"": 3, ""label"": ""promontory"", ""confidence"": 0.0014}, {""rank"": 4, ""label"": ""lakeside"", ""confidence"": 0.0008}, {""rank"": 5, ""label"": ""wreck"", ""confidence"": 0.0002}]",True
Places365_val_00021681.jpg,/Users/aidahamzic/PycharmProjects/PythonProject1/val_256/Places365_val_00021681.jpg,coast,water,seashore,0.7047,"[{""rank"": 1, ""label"": ""seashore"", ""confidence"": 0.7047}, {""rank"": 2, ""label"": ""lakeside"", ""confidence"": 0.2168}, {""rank"": 3, ""label"": ""sandbar"", ""confidence"": 0.0315}, {""rank"": 4, ""label"": ""promontory"", ""confidence"": 0.0059}, {""rank"": 5, ""label"": ""pole"", ""confidence"": 0.0016}]",True
Places365_val_00021722.jpg,/Users/aidahamzic/PycharmProjects/PythonProject1/val_256/Places365_val_00021722.jpg,coast,water,catamaran,0.2852,"[{""rank"": 1, ""label"": ""catamaran"", ""confidence"": 0.2852}, {""rank"": 2, ""label"": ""pirate"", ""confidence"": 0.1259}, {""rank"": 3, ""label"": ""schooner"", ""confidence"": 0.1222}, {""rank"": 4, ""label"": ""dock"", ""confidence"": 0.1085}, {""rank"": 5, ""label"": ""yawl"", ""confidence"": 0.1079}]",True
Places365_val_00022067.jpg,/Users/aidahamzic/PycharmProjects/PythonProject1/val_256/Places365_val_00022067.jpg,coast,water,seashore,0.572,"[{""rank"": 1, ""label"": ""seashore"", ""confidence"": 0.572}, {""rank"": 2, ""label"": ""sandbar"", ""confidence"": 0.1934}, {""rank"": 3, ""label"": ""promontory"", ""confidence"": 0.0846}, {""rank"": 4, ""label"": ""wing"", ""confidence"": 0.0461}, {""rank"": 5, ""label"": ""volcano"", ""confidence"": 0.0202}]",True
Places365_val_00022213.jpg,/Users/aidahamzic/PycharmProjects/PythonProject1/val_256/Places365_val_00022213.jpg,coast,water,dam,0.2327,"[{""rank"": 1, ""label"": ""dam"", ""confidence"": 0.2327}, {""rank"": 2, ""label"": ""lakeside"", ""confidence"": 0.1752}, {""rank"": 3, ""label"": ""promontory"", ""confidence"": 0.1416}, {""rank"": 4, ""label"": ""valley"", ""confidence"": 0.1241}, {""rank"": 5, ""label"": ""seashore"", ""confidence"": 0.1091}]",True
Places365_val_00023136.jpg,/Users/aidahamzic/PycharmProjects/PythonProject1/val_256/Places365_val_00023136.jpg,coast,water,seashore,0.8964,"[{""rank"": 1, ""label"": ""seashore"", ""confidence"": 0.8964}, {""rank"": 2, ""label"": ""sandbar"", ""confidence"": 0.0981}, {""rank"": 3, ""label"": ""promontory"", ""confidence"": 0.0041}, {""rank"": 4, ""label"": ""lakeside"", ""confidence"": 0.0006}, {""rank"": 5, ""label"": ""cliff"", ""confidence"": 0.0002}]",True
Places365_val_00023346.jpg,/Users/aidahamzic/PycharmProjects/PythonProject1/val_256/Places365_val_00023346.jpg,coast,water,seashore,0.2533,"[{""rank"": 1, ""label"": ""seashore"", ""confidence"": 0.2533}, {""rank"": 2, ""label"": ""cliff"", ""confidence"": 0.1377}, {""rank"": 3, ""label"": ""promontory"", ""confidence"": 0.1195}, {""rank"": 4, ""label"": ""valley"", ""confidence"": 0.0664}, {""rank"": 5, ""label"": ""beacon"", ""confidence"": 0.0656}]",True
Places365_val_00024716.jpg,/Users/aidahamzic/PycharmProjects/PythonProject1/val_256/Places365_val_00024716.jpg,coast,water,seashore,0.389,"[{""rank"": 1, ""label"": ""seashore"", ""confidence"": 0.389}, {""rank"": 2, ""label"": ""drilling platform"", ""confidence"": 0.0993}, {""rank"": 3, ""label"": ""lakeside"", ""confidence"": 0.0686}, {""rank"": 4, ""label"": ""sandbar"", ""confidence"": 0.063}, {""rank"": 5, ""label"": ""promontory"", ""confidence"": 0.0567}]",True
Places365_val_00024871.jpg,/Users/aidahamzic/PycharmProjects/PythonProject1/val_256/Places365_val_00024871.jpg,coast,water,promontory,0.3655,"[{""rank"": 1, ""label"": ""promontory"", ""confidence"": 0.3655}, {""rank"": 2, ""label"": ""lakeside"", ""confidence"": 0.0874}, {""rank"": 3, ""label"": ""breakwater"", ""confidence"": 0.0751}, {""rank"": 4, ""label"": ""seashore"", ""confidence"": 0.0741}, {""rank"": 5, ""label"": ""cliff"", ""confidence"": 0.0652}]",True
Places365_val_00025419.jpg,/Users/aidahamzic/PycharmProjects/PythonProject1/val_256/Places365_val_00025419.jpg,coast,water,lakeside,0.3975,"[{""rank"": 1, ""label"": ""lakeside"", ""confidence"": 0.3975}, {""rank"": 2, ""label"": ""solar dish"", ""confidence"": 0.029}, {""rank"": 3, ""label"": ""barracouta"", ""confidence"": 0.0286}, {""rank"": 4, ""label"": ""horse cart"", ""confidence"": 0.0239}, {""rank"": 5, ""label"": ""valley"", ""confidence"": 0.022}]",True
Places365_val_00025910.jpg,/Users/aidahamzic/PycharmProjects/PythonProject1/val_256/Places365_val_00025910.jpg,coast,water,sandbar,0.5191,"[{""rank"": 1, ""label"": ""sandbar"", ""confidence"": 0.5191}, {""rank"": 2, ""label"": ""seashore"", ""confidence"": 0.4201}, {""rank"": 3, ""label"": ""promontory"", ""confidence"": 0.0127}, {""rank"": 4, ""label"": ""valley"", ""confidence"": 0.0116}, {""rank"": 5, ""label"": ""lakeside"", ""confidence"": 0.0086}]",True
Places365_val_00026526.jpg,/Users/aidahamzic/PycharmProjects/PythonProject1/val_256/Places365_val_00026526.jpg,coast,water,lakeside,0.3152,"[{""rank"": 1, ""label"": ""lakeside"", ""confidence"": 0.3152}, {""rank"": 2, ""label"": ""greenhouse"", ""confidence"": 0.1303}, {""rank"": 3, ""label"": ""worm fence"", ""confidence"": 0.0763}, {""rank"": 4, ""label"": ""steel arch bridge"", ""confidence"": 0.0719}, {""rank"": 5, ""label"": ""dam"", ""confidence"": 0.0647}]",True
Places365_val_00026546.jpg,/Users/aidahamzic/PycharmProjects/PythonProject1/val_256/Places365_val_00026546.jpg,coast,water,beacon,0.977,"[{""rank"": 1, ""label"": ""beacon"", ""confidence"": 0.977}, {""rank"": 2, ""label"": ""breakwater"", ""confidence"": 0.0213}, {""rank"": 3, ""label"": ""promontory"", ""confidence"": 0.0012}, {""rank"": 4, ""label"": ""castle"", ""confidence"": 0.0001}, {""rank"": 5, ""label"": ""seashore"", ""confidence"": 0.0001}]",True
Places365_val_00026640.jpg,/Users/aidahamzic/PycharmProjects/PythonProject1/val_256/Places365_val_00026640.jpg,coast,water,seashore,0.5767,"[{""rank"": 1, ""label"": ""seashore"", ""confidence"": 0.5767}, {""rank"": 2, ""label"": ""promontory"", ""confidence"": 0.108}, {""rank"": 3, ""label"": ""aircraft carrier"", ""confidence"": 0.0743}, {""rank"": 4, ""label"": ""lakeside"", ""confidence"": 0.063}, {""rank"": 5, ""label"": ""airship"", ""confidence"": 0.03}]",True
Places365_val_00026774.jpg,/Users/aidahamzic/PycharmProjects/PythonProject1/val_256/Places365_val_00026774.jpg,coast,water,promontory,0.2601,"[{""rank"": 1, ""label"": ""promontory"", ""confidence"": 0.2601}, {""rank"": 2, ""label"": ""seashore"", ""confidence"": 0.2401}, {""rank"": 3, ""label"": ""lakeside"", ""confidence"": 0.1182}, {""rank"": 4, ""label"": ""breakwater"", ""confidence"": 0.0705}, {""rank"": 5, ""label"": ""maze"", ""confidence"": 0.0417}]",True
Places365_val_00027282.jpg,/Users/aidahamzic/PycharmProjects/PythonProject1/val_256/Places365_val_00027282.jpg,coast,water,seashore,0.3537,"[{""rank"": 1, ""label"": ""seashore"", ""confidence"": 0.3537}, {""rank"": 2, ""label"": ""oxcart"", ""confidence"": 0.0859}, {""rank"": 3, ""label"": ""sandbar"", ""confidence"": 0.0493}, {""rank"": 4, ""label"": ""sarong"", ""confidence"": 0.0331}, {""rank"": 5, ""label"": ""golfcart"", ""confidence"": 0.0309}]",True
Places365_val_00027890.jpg,/Users/aidahamzic/PycharmProjects/PythonProject1/val_256/Places365_val_00027890.jpg,coast,water,breakwater,0.2279,"[{""rank"": 1, ""label"": ""breakwater"", ""confidence"": 0.2279}, {""rank"": 2, ""label"": ""promontory"", ""confidence"": 0.2191}, {""rank"": 3, ""label"": ""beacon"", ""confidence"": 0.1822}, {""rank"": 4, ""label"": ""seashore"", ""confidence"": 0.1603}, {""rank"": 5, ""label"": ""cliff"", ""confidence"": 0.1158}]",True
Places365_val_00028118.jpg,/Users/aidahamzic/PycharmProjects/PythonProject1/val_256/Places365_val_00028118.jpg,coast,water,lakeside,0.7077,"[{""rank"": 1, ""label"": ""lakeside"", ""confidence"": 0.7077}, {""rank"": 2, ""label"": ""seashore"", ""confidence"": 0.1591}, {""rank"": 3, ""label"": ""breakwater"", ""confidence"": 0.0467}, {""rank"": 4, ""label"": ""sandbar"", ""confidence"": 0.0352}, {""rank"": 5, ""label"": ""beacon"", ""confidence"": 0.0133}]",True
Places365_val_00028386.jpg,/Users/aidahamzic/PycharmProjects/PythonProject1/val_256/Places365_val_00028386.jpg,coast,water,yawl,0.1871,"[{""rank"": 1, ""label"": ""yawl"", ""confidence"": 0.1871}, {""rank"": 2, ""label"": ""pole"", ""confidence"": 0.17}, {""rank"": 3, ""label"": ""lakeside"", ""confidence"": 0.1104}, {""rank"": 4, ""label"": ""seashore"", ""confidence"": 0.0521}, {""rank"": 5, ""label"": ""flagpole"", ""confidence"": 0.051}]",True
Places365_val_00028486.jpg,/Users/aidahamzic/PycharmProjects/PythonProject1/val_256/Places365_val_00028486.jpg,coast,water,seashore,0.246,"[{""rank"": 1, ""label"": ""seashore"", ""confidence"": 0.246}, {""rank"": 2, ""label"": ""bikini"", ""confidence"": 0.1366}, {""rank"": 3, ""label"": ""swimming trunks"", ""confidence"": 0.075}, {""rank"": 4, ""label"": ""cliff"", ""confidence"": 0.0576}, {""rank"": 5, ""label"": ""speedboat"", ""confidence"": 0.0567}]",True
Places365_val_00028961.jpg,/Users/aidahamzic/PycharmProjects/PythonProject1/val_256/Places365_val_00028961.jpg,coast,water,alp,0.1008,"[{""rank"": 1, ""label"": ""alp"", ""confidence"": 0.1008}, {""rank"": 2, ""label"": ""mountain tent"", ""confidence"": 0.0917}, {""rank"": 3, ""label"": ""lakeside"", ""confidence"": 0.0893}, {""rank"": 4, ""label"": ""cliff"", ""confidence"": 0.0542}, {""rank"": 5, ""label"": ""stone wall"", ""confidence"": 0.0513}]",True
Places365_val_00029838.jpg,/Users/aidahamzic/PycharmProjects/PythonProject1/val_256/Places365_val_00029838.jpg,coast,water,seashore,0.2485,"[{""rank"": 1, ""label"": ""seashore"", ""confidence"": 0.2485}, {""rank"": 2, ""label"": ""geyser"", ""confidence"": 0.1763}, {""rank"": 3, ""label"": ""sandbar"", ""confidence"": 0.1346}, {""rank"": 4, ""label"": ""lakeside"", ""confidence"": 0.0758}, {""rank"": 5, ""label"": ""promontory"", ""confidence"": 0.0617}]",True
Places365_val_00030023.jpg,/Users/aidahamzic/PycharmProjects/PythonProject1/val_256/Places365_val_00030023.jpg,coast,water,lakeside,0.1751,"[{""rank"": 1, ""label"": ""lakeside"", ""confidence"": 0.1751}, {""rank"": 2, ""label"": ""patio"", ""confidence"": 0.0733}, {""rank"": 3, ""label"": ""worm fence"", ""confidence"": 0.0653}, {""rank"": 4, ""label"": ""thatch"", ""confidence"": 0.0632}, {""rank"": 5, ""label"": ""greenhouse"", ""confidence"": 0.0609}]",True
Places365_val_00030213.jpg,/Users/aidahamzic/PycharmProjects/PythonProject1/val_256/Places365_val_00030213.jpg,coast,water,palace,0.1931,"[{""rank"": 1, ""label"": ""palace"", ""confidence"": 0.1931}, {""rank"": 2, ""label"": ""worm fence"", ""confidence"": 0.1407}, {""rank"": 3, ""label"": ""picket fence"", ""confidence"": 0.1318}, {""rank"": 4, ""label"": ""lakeside"", ""confidence"": 0.0679}, {""rank"": 5, ""label"": ""prison"", ""confidence"": 0.0593}]",True
Places365_val_00030778.jpg,/Users/aidahamzic/PycharmProjects/PythonProject1/val_256/Places365_val_00030778.jpg,coast,water,cliff,0.5023,"[{""rank"": 1, ""label"": ""cliff"", ""confidence"": 0.5023}, {""rank"": 2, ""label"": ""seashore"", ""confidence"": 0.1289}, {""rank"": 3, ""label"": ""promontory"", ""confidence"": 0.1287}, {""rank"": 4, ""label"": ""wreck"", ""confidence"": 0.0676}, {""rank"": 5, ""label"": ""beacon"", ""confidence"": 0.0406}]",True
Places365_val_00031335.jpg,/Users/aidahamzic/PycharmProjects/PythonProject1/val_256/Places365_val_00031335.jpg,coast,water,lakeside,0.1233,"[{""rank"": 1, ""label"": ""lakeside"", ""confidence"": 0.1233}, {""rank"": 2, ""label"": ""cliff"", ""confidence"": 0.1064}, {""rank"": 3, ""label"": ""valley"", ""confidence"": 0.1032}, {""rank"": 4, ""label"": ""seashore"", ""confidence"": 0.0866}, {""rank"": 5, ""label"": ""sandbar"", ""confidence"": 0.0844}]",True
Places365_val_00031821.jpg,/Users/aidahamzic/PycharmProjects/PythonProject1/val_256/Places365_val_00031821.jpg,coast,water,promontory,0.6606,"[{""rank"": 1, ""label"": ""promontory"", ""confidence"": 0.6606}, {""rank"": 2, ""label"": ""seashore"", ""confidence"": 0.1254}, {""rank"": 3, ""label"": ""cliff"", ""confidence"": 0.0718}, {""rank"": 4, ""label"": ""alp"", ""confidence"": 0.051}, {""rank"": 5, ""label"": ""lakeside"", ""confidence"": 0.0148}]",True
Places365_val_00032047.jpg,/Users/aidahamzic/PycharmProjects/PythonProject1/val_256/Places365_val_00032047.jpg,coast,water,lakeside,0.1089,"[{""rank"": 1, ""label"": ""lakeside"", ""confidence"": 0.1089}, {""rank"": 2, ""label"": ""seashore"", ""confidence"": 0.0909}, {""rank"": 3, ""label"": ""pelican"", ""confidence"": 0.0676}, {""rank"": 4, ""label"": ""sandbar"", ""confidence"": 0.0603}, {""rank"": 5, ""label"": ""cliff"", ""confidence"": 0.0465}]",True
Places365_val_00032070.jpg,/Users/aidahamzic/PycharmProjects/PythonProject1/val_256/Places365_val_00032070.jpg,coast,water,seashore,0.442,"[{""rank"": 1, ""label"": ""seashore"", ""confidence"": 0.442}, {""rank"": 2, ""label"": ""lakeside"", ""confidence"": 0.2483}, {""rank"": 3, ""label"": ""beacon"", ""confidence"": 0.1184}, {""rank"": 4, ""label"": ""promontory"", ""confidence"": 0.0326}, {""rank"": 5, ""label"": ""volcano"", ""confidence"": 0.0152}]",True
Places365_val_00032612.jpg,/Users/aidahamzic/PycharmProjects/PythonProject1/val_256/Places365_val_00032612.jpg,coast,water,seashore,0.3611,"[{""rank"": 1, ""label"": ""seashore"", ""confidence"": 0.3611}, {""rank"": 2, ""label"": ""cliff"", ""confidence"": 0.2064}, {""rank"": 3, ""label"": ""promontory"", ""confidence"": 0.2035}, {""rank"": 4, ""label"": ""breakwater"", ""confidence"": 0.1053}, {""rank"": 5, ""label"": ""beacon"", ""confidence"": 0.0319}]",True
Places365_val_00032756.jpg,/Users/aidahamzic/PycharmProjects/PythonProject1/val_256/Places365_val_00032756.jpg,coast,water,promontory,0.5409,"[{""rank"": 1, ""label"": ""promontory"", ""confidence"": 0.5409}, {""rank"": 2, ""label"": ""cliff"", ""confidence"": 0.2034}, {""rank"": 3, ""label"": ""seashore"", ""confidence"": 0.112}, {""rank"": 4, ""label"": ""beacon"", ""confidence"": 0.034}, {""rank"": 5, ""label"": ""valley"", ""confidence"": 0.0323}]",True
Places365_val_00032815.jpg,/Users/aidahamzic/PycharmProjects/PythonProject1/val_256/Places365_val_00032815.jpg,coast,water,beacon,0.3072,"[{""rank"": 1, ""label"": ""beacon"", ""confidence"": 0.3072}, {""rank"": 2, ""label"": ""breakwater"", ""confidence"": 0.1583}, {""rank"": 3, ""label"": ""seashore"", ""confidence"": 0.1125}, {""rank"": 4, ""label"": ""promontory"", ""confidence"": 0.1114}, {""rank"": 5, ""label"": ""cliff"", ""confidence"": 0.074}]",True
Places365_val_00033019.jpg,/Users/aidahamzic/PycharmProjects/PythonProject1/val_256/Places365_val_00033019.jpg,coast,water,seashore,0.4174,"[{""rank"": 1, ""label"": ""seashore"", ""confidence"": 0.4174}, {""rank"": 2, ""label"": ""promontory"", ""confidence"": 0.3928}, {""rank"": 3, ""label"": ""sea lion"", ""confidence"": 0.0457}, {""rank"": 4, ""label"": ""sandbar"", ""confidence"": 0.0433}, {""rank"": 5, ""label"": ""lakeside"", ""confidence"": 0.0273}]",True
Places365_val_00033155.jpg,/Users/aidahamzic/PycharmProjects/PythonProject1/val_256/Places365_val_00033155.jpg,coast,water,seashore,0.8681,"[{""rank"": 1, ""label"": ""seashore"", ""confidence"": 0.8681}, {""rank"": 2, ""label"": ""sandbar"", ""confidence"": 0.0564}, {""rank"": 3, ""label"": ""promontory"", ""confidence"": 0.015}, {""rank"": 4, ""label"": ""breakwater"", ""confidence"": 0.0097}, {""rank"": 5, ""label"": ""wreck"", ""confidence"": 0.0076}]",True
Places365_val_00033226.jpg,/Users/aidahamzic/PycharmProjects/PythonProject1/val_256/Places365_val_00033226.jpg,coast,water,cliff,0.7301,"[{""rank"": 1, ""label"": ""cliff"", ""confidence"": 0.7301}, {""rank"": 2, ""label"": ""promontory"", ""confidence"": 0.2263}, {""rank"": 3, ""label"": ""seashore"", ""confidence"": 0.0169}, {""rank"": 4, ""label"": ""lakeside"", ""confidence"": 0.0139}, {""rank"": 5, ""label"": ""dam"", ""confidence"": 0.003}]",True
Places365_val_00033304.jpg,/Users/aidahamzic/PycharmProjects/PythonProject1/val_256/Places365_val_00033304.jpg,coast,water,container ship,0.606,"[{""rank"": 1, ""label"": ""container ship"", ""confidence"": 0.606}, {""rank"": 2, ""label"": ""submarine"", ""confidence"": 0.2485}, {""rank"": 3, ""label"": ""aircraft carrier"", ""confidence"": 0.0642}, {""rank"": 4, ""label"": ""wreck"", ""confidence"": 0.0272}, {""rank"": 5, ""label"": ""drilling platform"", ""confidence"": 0.012}]",True
Places365_val_00033353.jpg,/Users/aidahamzic/PycharmProjects/PythonProject1/val_256/Places365_val_00033353.jpg,coast,water,speedboat,0.3079,"[{""rank"": 1, ""label"": ""speedboat"", ""confidence"": 0.3079}, {""rank"": 2, ""label"": ""grey whale"", ""confidence"": 0.1081}, {""rank"": 3, ""label"": ""volcano"", ""confidence"": 0.0836}, {""rank"": 4, ""label"": ""great white shark"", ""confidence"": 0.0745}, {""rank"": 5, ""label"": ""hippopotamus"", ""confidence"": 0.0407}]",True
Places365_val_00034227.jpg,/Users/aidahamzic/PycharmProjects/PythonProject1/val_256/Places365_val_00034227.jpg,coast,water,mobile home,0.5293,"[{""rank"": 1, ""label"": ""mobile home"", ""confidence"": 0.5293}, {""rank"": 2, ""label"": ""moving van"", ""confidence"": 0.0862}, {""rank"": 3, ""label"": ""recreational vehicle"", ""confidence"": 0.0666}, {""rank"": 4, ""label"": ""forklift"", ""confidence"": 0.0398}, {""rank"": 5, ""label"": ""boathouse"", ""confidence"": 0.0371}]",True
Places365_val_00034786.jpg,/Users/aidahamzic/PycharmProjects/PythonProject1/val_256/Places365_val_00034786.jpg,coast,water,promontory,0.2444,"[{""rank"": 1, ""label"": ""promontory"", ""confidence"": 0.2444}, {""rank"": 2, ""label"": ""albatross"", ""confidence"": 0.124}, {""rank"": 3, ""label"": ""grey whale"", ""confidence"": 0.0585}, {""rank"": 4, ""label"": ""valley"", ""confidence"": 0.0567}, {""rank"": 5, ""label"": ""lakeside"", ""confidence"": 0.0483}]",True
Places365_val_00034822.jpg,/Users/aidahamzic/PycharmProjects/PythonProject1/val_256/Places365_val_00034822.jpg,coast,water,pirate,0.2194,"[{""rank"": 1, ""label"": ""pirate"", ""confidence"": 0.2194}, {""rank"": 2, ""label"": ""dock"", ""confidence"": 0.1522}, {""rank"": 3, ""label"": ""gondola"", ""confidence"": 0.0814}, {""rank"": 4, ""label"": ""schooner"", ""confidence"": 0.0698}, {""rank"": 5, ""label"": ""boathouse"", ""confidence"": 0.0479}]",True
Places365_val_00034919.jpg,/Users/aidahamzic/PycharmProjects/PythonProject1/val_256/Places365_val_00034919.jpg,coast,water,promontory,0.8176,"[{""rank"": 1, ""label"": ""promontory"", ""confidence"": 0.8176}, {""rank"": 2, ""label"": ""seashore"", ""confidence"": 0.0838}, {""rank"": 3, ""label"": ""cliff"", ""confidence"": 0.0689}, {""rank"": 4, ""label"": ""lakeside"", ""confidence"": 0.0112}, {""rank"": 5, ""label"": ""valley"", ""confidence"": 0.0063}]",True
Places365_val_00036076.jpg,/Users/aidahamzic/PycharmProjects/PythonProject1/val_256/Places365_val_00036076.jpg,coast,water,seashore,0.1828,"[{""rank"": 1, ""label"": ""seashore"", ""confidence"": 0.1828}, {""rank"": 2, ""label"": ""leatherback turtle"", ""confidence"": 0.1289}, {""rank"": 3, ""label"": ""promontory"", ""confidence"": 0.0915}, {""rank"": 4, ""label"": ""sea lion"", ""confidence"": 0.0907}, {""rank"": 5, ""label"": ""snorkel"", ""confidence"": 0.0603}]",True
Places365_val_00036298.jpg,/Users/aidahamzic/PycharmProjects/PythonProject1/val_256/Places365_val_00036298.jpg,coast,water,seashore,0.5209,"[{""rank"": 1, ""label"": ""seashore"", ""confidence"": 0.5209}, {""rank"": 2, ""label"": ""sandbar"", ""confidence"": 0.4114}, {""rank"": 3, ""label"": ""sarong"", ""confidence"": 0.0191}, {""rank"": 4, ""label"": ""lakeside"", ""confidence"": 0.0104}, {""rank"": 5, ""label"": ""maillot tank suit"", ""confidence"": 0.0088}]",True
