image_name,image_path,true_scene_label,predicted_label,confidence,top5_predictions,semantically_aligned,thesis_class
Places365_val_00000009.jpg,/Users/aidahamzic/PycharmProjects/PythonProject1/val_256/Places365_val_00000009.jpg,forest-broadleaf,lakeside,0.0747,"[{""rank"": 1, ""label"": ""lakeside"", ""confidence"": 0.0747}, {""rank"": 2, ""label"": ""wool"", ""confidence"": 0.0575}, {""rank"": 3, ""label"": ""poncho"", ""confidence"": 0.052}, {""rank"": 4, ""label"": ""valley"", ""confidence"": 0.0339}, {""rank"": 5, ""label"": ""cloak"", ""confidence"": 0.0327}]",True,forest
Places365_val_00000017.jpg,/Users/aidahamzic/PycharmProjects/PythonProject1/val_256/Places365_val_00000017.jpg,glacier,alp,0.8993,"[{""rank"": 1, ""label"": ""alp"", ""confidence"": 0.8993}, {""rank"": 2, ""label"": ""valley"", ""confidence"": 0.0897}, {""rank"": 3, ""label"": ""cliff"", ""confidence"": 0.0051}, {""rank"": 4, ""label"": ""mountain tent"", ""confidence"": 0.0019}, {""rank"": 5, ""label"": ""volcano"", ""confidence"": 0.0012}]",True,glacier
Places365_val_00000025.jpg,/Users/aidahamzic/PycharmProjects/PythonProject1/val_256/Places365_val_00000025.jpg,ocean,promontory,0.7973,"[{""rank"": 1, ""label"": ""promontory"", ""confidence"": 0.7973}, {""rank"": 2, ""label"": ""cliff"", ""confidence"": 0.0974}, {""rank"": 3, ""label"": ""seashore"", ""confidence"": 0.058}, {""rank"": 4, ""label"": ""valley"", ""confidence"": 0.0284}, {""rank"": 5, ""label"": ""lakeside"", ""confidence"": 0.0093}]",True,water
Places365_val_00000026.jpg,/Users/aidahamzic/PycharmProjects/PythonProject1/val_256/Places365_val_00000026.jpg,river,American egret,0.1086,"[{""rank"": 1, ""label"": ""American egret"", ""confidence"": 0.1086}, {""rank"": 2, ""label"": ""spoonbill"", ""confidence"": 0.0807}, {""rank"": 3, ""label"": ""albatross"", ""confidence"": 0.0723}, {""rank"": 4, ""label"": ""seashore"", ""confidence"": 0.0719}, {""rank"": 5, ""label"": ""lakeside"", ""confidence"": 0.0562}]",True,water
Places365_val_00000041.jpg,/Users/aidahamzic/PycharmProjects/PythonProject1/val_256/Places365_val_00000041.jpg,mountain,alp,0.348,"[{""rank"": 1, ""label"": ""alp"", ""confidence"": 0.348}, {""rank"": 2, ""label"": ""mountain tent"", ""confidence"": 0.1757}, {""rank"": 3, ""label"": ""volcano"", ""confidence"": 0.1522}, {""rank"": 4, ""label"": ""valley"", ""confidence"": 0.1399}, {""rank"": 5, ""label"": ""cliff"", ""confidence"": 0.0346}]",True,mountain
Places365_val_00000045.jpg,/Users/aidahamzic/PycharmProjects/PythonProject1/val_256/Places365_val_00000045.jpg,skyscraper,planetarium,0.7158,"[{""rank"": 1, ""label"": ""planetarium"", ""confidence"": 0.7158}, {""rank"": 2, ""label"": ""solar dish"", ""confidence"": 0.161}, {""rank"": 3, ""label"": ""dome"", ""confidence"": 0.1034}, {""rank"": 4, ""label"": ""greenhouse"", ""confidence"": 0.0037}, {""rank"": 5, ""label"": ""prison"", ""confidence"": 0.0022}]",True,building
Places365_val_00000046.jpg,/Users/aidahamzic/PycharmProjects/PythonProject1/val_256/Places365_val_00000046.jpg,street,parachute,0.2033,"[{""rank"": 1, ""label"": ""parachute"", ""confidence"": 0.2033}, {""rank"": 2, ""label"": ""unicycle"", ""confidence"": 0.1461}, {""rank"": 3, ""label"": ""maypole"", ""confidence"": 0.1443}, {""rank"": 4, ""label"": ""flagpole"", ""confidence"": 0.0722}, {""rank"": 5, ""label"": ""pole"", ""confidence"": 0.0472}]",False,street
Places365_val_00000047.jpg,/Users/aidahamzic/PycharmProjects/PythonProject1/val_256/Places365_val_00000047.jpg,alley,park bench,0.1075,"[{""rank"": 1, ""label"": ""park bench"", ""confidence"": 0.1075}, {""rank"": 2, ""label"": ""dam"", ""confidence"": 0.0651}, {""rank"": 3, ""label"": ""viaduct"", ""confidence"": 0.0551}, {""rank"": 4, ""label"": ""suspension bridge"", ""confidence"": 0.0532}, {""rank"": 5, ""label"": ""fountain"", ""confidence"": 0.0518}]",False,street
Places365_val_00000143.jpg,/Users/aidahamzic/PycharmProjects/PythonProject1/val_256/Places365_val_00000143.jpg,house,thatch,0.7498,"[{""rank"": 1, ""label"": ""thatch"", ""confidence"": 0.7498}, {""rank"": 2, ""label"": ""boathouse"", ""confidence"": 0.0217}, {""rank"": 3, ""label"": ""patio"", ""confidence"": 0.0209}, {""rank"": 4, ""label"": ""maypole"", ""confidence"": 0.0197}, {""rank"": 5, ""label"": ""flagpole"", ""confidence"": 0.0094}]",True,building
Places365_val_00000150.jpg,/Users/aidahamzic/PycharmProjects/PythonProject1/val_256/Places365_val_00000150.jpg,street,street sign,0.1697,"[{""rank"": 1, ""label"": ""street sign"", ""confidence"": 0.1697}, {""rank"": 2, ""label"": ""traffic light"", ""confidence"": 0.1058}, {""rank"": 3, ""label"": ""streetcar"", ""confidence"": 0.0909}, {""rank"": 4, ""label"": ""cinema"", ""confidence"": 0.0659}, {""rank"": 5, ""label"": ""turnstile"", ""confidence"": 0.0418}]",True,street
Places365_val_00000214.jpg,/Users/aidahamzic/PycharmProjects/PythonProject1/val_256/Places365_val_00000214.jpg,house,monastery,0.6411,"[{""rank"": 1, ""label"": ""monastery"", ""confidence"": 0.6411}, {""rank"": 2, ""label"": ""tile roof"", ""confidence"": 0.1055}, {""rank"": 3, ""label"": ""church"", ""confidence"": 0.0485}, {""rank"": 4, ""label"": ""mosque"", ""confidence"": 0.0453}, {""rank"": 5, ""label"": ""bell cote"", ""confidence"": 0.0442}]",True,building
Places365_val_00000220.jpg,/Users/aidahamzic/PycharmProjects/PythonProject1/val_256/Places365_val_00000220.jpg,skyscraper,solar dish,0.7973,"[{""rank"": 1, ""label"": ""solar dish"", ""confidence"": 0.7973}, {""rank"": 2, ""label"": ""steel arch bridge"", ""confidence"": 0.0454}, {""rank"": 3, ""label"": ""pier"", ""confidence"": 0.0235}, {""rank"": 4, ""label"": ""notebook"", ""confidence"": 0.0115}, {""rank"": 5, ""label"": ""cinema"", ""confidence"": 0.0086}]",True,building
Places365_val_00000241.jpg,/Users/aidahamzic/PycharmProjects/PythonProject1/val_256/Places365_val_00000241.jpg,forest-broadleaf,worm fence,0.2346,"[{""rank"": 1, ""label"": ""worm fence"", ""confidence"": 0.2346}, {""rank"": 2, ""label"": ""lakeside"", ""confidence"": 0.1969}, {""rank"": 3, ""label"": ""mountain tent"", ""confidence"": 0.1157}, {""rank"": 4, ""label"": ""park bench"", ""confidence"": 0.0579}, {""rank"": 5, ""label"": ""swing"", ""confidence"": 0.0459}]",False,forest
Places365_val_00000246.jpg,/Users/aidahamzic/PycharmProjects/PythonProject1/val_256/Places365_val_00000246.jpg,alley,prison,0.2217,"[{""rank"": 1, ""label"": ""prison"", ""confidence"": 0.2217}, {""rank"": 2, ""label"": ""streetcar"", ""confidence"": 0.0996}, {""rank"": 3, ""label"": ""boathouse"", ""confidence"": 0.0867}, {""rank"": 4, ""label"": ""passenger car"", ""confidence"": 0.0739}, {""rank"": 5, ""label"": ""electric locomotive"", ""confidence"": 0.0705}]",True,street
Places365_val_00000247.jpg,/Users/aidahamzic/PycharmProjects/PythonProject1/val_256/Places365_val_00000247.jpg,highway,suspension bridge,0.1863,"[{""rank"": 1, ""label"": ""suspension bridge"", ""confidence"": 0.1863}, {""rank"": 2, ""label"": ""dam"", ""confidence"": 0.1806}, {""rank"": 3, ""label"": ""valley"", ""confidence"": 0.0617}, {""rank"": 4, ""label"": ""alp"", ""confidence"": 0.0524}, {""rank"": 5, ""label"": ""pole"", ""confidence"": 0.0455}]",False,street
Places365_val_00000280.jpg,/Users/aidahamzic/PycharmProjects/PythonProject1/val_256/Places365_val_00000280.jpg,rainforest,valley,0.86,"[{""rank"": 1, ""label"": ""valley"", ""confidence"": 0.86}, {""rank"": 2, ""label"": ""lakeside"", ""confidence"": 0.0307}, {""rank"": 3, ""label"": ""cliff"", ""confidence"": 0.0139}, {""rank"": 4, ""label"": ""worm fence"", ""confidence"": 0.0101}, {""rank"": 5, ""label"": ""boathouse"", ""confidence"": 0.0059}]",True,forest
Places365_val_00000323.jpg,/Users/aidahamzic/PycharmProjects/PythonProject1/val_256/Places365_val_00000323.jpg,street,streetcar,0.5752,"[{""rank"": 1, ""label"": ""streetcar"", ""confidence"": 0.5752}, {""rank"": 2, ""label"": ""trolleybus"", ""confidence"": 0.104}, {""rank"": 3, ""label"": ""police van"", ""confidence"": 0.0508}, {""rank"": 4, ""label"": ""jinrikisha"", ""confidence"": 0.0375}, {""rank"": 5, ""label"": ""limousine"", ""confidence"": 0.0174}]",True,street
Places365_val_00000333.jpg,/Users/aidahamzic/PycharmProjects/PythonProject1/val_256/Places365_val_00000333.jpg,mountain,volcano,0.8209,"[{""rank"": 1, ""label"": ""volcano"", ""confidence"": 0.8209}, {""rank"": 2, ""label"": ""valley"", ""confidence"": 0.0398}, {""rank"": 3, ""label"": ""mountain tent"", ""confidence"": 0.0316}, {""rank"": 4, ""label"": ""sandbar"", ""confidence"": 0.019}, {""rank"": 5, ""label"": ""alp"", ""confidence"": 0.0112}]",True,mountain
Places365_val_00000336.jpg,/Users/aidahamzic/PycharmProjects/PythonProject1/val_256/Places365_val_00000336.jpg,coast,promontory,0.5891,"[{""rank"": 1, ""label"": ""promontory"", ""confidence"": 0.5891}, {""rank"": 2, ""label"": ""cliff"", ""confidence"": 0.327}, {""rank"": 3, ""label"": ""seashore"", ""confidence"": 0.0659}, {""rank"": 4, ""label"": ""valley"", ""confidence"": 0.0069}, {""rank"": 5, ""label"": ""dam"", ""confidence"": 0.0031}]",True,water
Places365_val_00000338.jpg,/Users/aidahamzic/PycharmProjects/PythonProject1/val_256/Places365_val_00000338.jpg,hotel-outdoor,palace,0.4044,"[{""rank"": 1, ""label"": ""palace"", ""confidence"": 0.4044}, {""rank"": 2, ""label"": ""church"", ""confidence"": 0.2096}, {""rank"": 3, ""label"": ""castle"", ""confidence"": 0.1799}, {""rank"": 4, ""label"": ""monastery"", ""confidence"": 0.1029}, {""rank"": 5, ""label"": ""bell cote"", ""confidence"": 0.0496}]",True,building
Places365_val_00000364.jpg,/Users/aidahamzic/PycharmProjects/PythonProject1/val_256/Places365_val_00000364.jpg,rainforest,birdhouse,0.6076,"[{""rank"": 1, ""label"": ""birdhouse"", ""confidence"": 0.6076}, {""rank"": 2, ""label"": ""mailbox"", ""confidence"": 0.0799}, {""rank"": 3, ""label"": ""street sign"", ""confidence"": 0.0494}, {""rank"": 4, ""label"": ""picket fence"", ""confidence"": 0.0313}, {""rank"": 5, ""label"": ""totem pole"", ""confidence"": 0.0244}]",False,forest
Places365_val_00000451.jpg,/Users/aidahamzic/PycharmProjects/PythonProject1/val_256/Places365_val_00000451.jpg,skyscraper,scoreboard,0.0925,"[{""rank"": 1, ""label"": ""scoreboard"", ""confidence"": 0.0925}, {""rank"": 2, ""label"": ""airship"", ""confidence"": 0.0723}, {""rank"": 3, ""label"": ""pier"", ""confidence"": 0.0679}, {""rank"": 4, ""label"": ""bell cote"", ""confidence"": 0.0418}, {""rank"": 5, ""label"": ""turnstile"", ""confidence"": 0.0381}]",False,building
Places365_val_00000464.jpg,/Users/aidahamzic/PycharmProjects/PythonProject1/val_256/Places365_val_00000464.jpg,street,snowplow,0.0766,"[{""rank"": 1, ""label"": ""snowplow"", ""confidence"": 0.0766}, {""rank"": 2, ""label"": ""tow truck"", ""confidence"": 0.0673}, {""rank"": 3, ""label"": ""limousine"", ""confidence"": 0.0641}, {""rank"": 4, ""label"": ""trolleybus"", ""confidence"": 0.0358}, {""rank"": 5, ""label"": ""streetcar"", ""confidence"": 0.0347}]",True,street
Places365_val_00000588.jpg,/Users/aidahamzic/PycharmProjects/PythonProject1/val_256/Places365_val_00000588.jpg,forest-broadleaf,lakeside,0.1412,"[{""rank"": 1, ""label"": ""lakeside"", ""confidence"": 0.1412}, {""rank"": 2, ""label"": ""geyser"", ""confidence"": 0.1398}, {""rank"": 3, ""label"": ""snowmobile"", ""confidence"": 0.0527}, {""rank"": 4, ""label"": ""canoe"", ""confidence"": 0.0519}, {""rank"": 5, ""label"": ""dogsled"", ""confidence"": 0.0514}]",False,forest
Places365_val_00000601.jpg,/Users/aidahamzic/PycharmProjects/PythonProject1/val_256/Places365_val_00000601.jpg,downtown,obelisk,0.701,"[{""rank"": 1, ""label"": ""obelisk"", ""confidence"": 0.701}, {""rank"": 2, ""label"": ""triumphal arch"", ""confidence"": 0.1902}, {""rank"": 3, ""label"": ""pedestal"", ""confidence"": 0.0239}, {""rank"": 4, ""label"": ""cab"", ""confidence"": 0.0228}, {""rank"": 5, ""label"": ""mosque"", ""confidence"": 0.0147}]",True,building
Places365_val_00000620.jpg,/Users/aidahamzic/PycharmProjects/PythonProject1/val_256/Places365_val_00000620.jpg,rainforest,suspension bridge,0.43,"[{""rank"": 1, ""label"": ""suspension bridge"", ""confidence"": 0.43}, {""rank"": 2, ""label"": ""yawl"", ""confidence"": 0.0471}, {""rank"": 3, ""label"": ""viaduct"", ""confidence"": 0.0428}, {""rank"": 4, ""label"": ""valley"", ""confidence"": 0.0413}, {""rank"": 5, ""label"": ""worm fence"", ""confidence"": 0.0319}]",True,forest
Places365_val_00000622.jpg,/Users/aidahamzic/PycharmProjects/PythonProject1/val_256/Places365_val_00000622.jpg,tower,monastery,0.4071,"[{""rank"": 1, ""label"": ""monastery"", ""confidence"": 0.4071}, {""rank"": 2, ""label"": ""church"", ""confidence"": 0.3945}, {""rank"": 3, ""label"": ""palace"", ""confidence"": 0.0814}, {""rank"": 4, ""label"": ""castle"", ""confidence"": 0.0682}, {""rank"": 5, ""label"": ""bell cote"", ""confidence"": 0.0283}]",True,building
Places365_val_00000628.jpg,/Users/aidahamzic/PycharmProjects/PythonProject1/val_256/Places365_val_00000628.jpg,hotel-outdoor,planetarium,0.1428,"[{""rank"": 1, ""label"": ""planetarium"", ""confidence"": 0.1428}, {""rank"": 2, ""label"": ""obelisk"", ""confidence"": 0.1074}, {""rank"": 3, ""label"": ""sundial"", ""confidence"": 0.0657}, {""rank"": 4, ""label"": ""triumphal arch"", ""confidence"": 0.0643}, {""rank"": 5, ""label"": ""bell cote"", ""confidence"": 0.0613}]",True,building
Places365_val_00000706.jpg,/Users/aidahamzic/PycharmProjects/PythonProject1/val_256/Places365_val_00000706.jpg,coast,pirate,0.3734,"[{""rank"": 1, ""label"": ""pirate"", ""confidence"": 0.3734}, {""rank"": 2, ""label"": ""dock"", ""confidence"": 0.1743}, {""rank"": 3, ""label"": ""wreck"", ""confidence"": 0.1285}, {""rank"": 4, ""label"": ""liner"", ""confidence"": 0.0558}, {""rank"": 5, ""label"": ""schooner"", ""confidence"": 0.048}]",True,water
Places365_val_00000716.jpg,/Users/aidahamzic/PycharmProjects/PythonProject1/val_256/Places365_val_00000716.jpg,glacier,alp,0.5902,"[{""rank"": 1, ""label"": ""alp"", ""confidence"": 0.5902}, {""rank"": 2, ""label"": ""valley"", ""confidence"": 0.3729}, {""rank"": 3, ""label"": ""mountain tent"", ""confidence"": 0.0181}, {""rank"": 4, ""label"": ""lakeside"", ""confidence"": 0.0024}, {""rank"": 5, ""label"": ""marmot"", ""confidence"": 0.0017}]",True,glacier
Places365_val_00000720.jpg,/Users/aidahamzic/PycharmProjects/PythonProject1/val_256/Places365_val_00000720.jpg,river,snorkel,0.3736,"[{""rank"": 1, ""label"": ""snorkel"", ""confidence"": 0.3736}, {""rank"": 2, ""label"": ""bathing cap"", ""confidence"": 0.0691}, {""rank"": 3, ""label"": ""seashore"", ""confidence"": 0.0657}, {""rank"": 4, ""label"": ""goldfish"", ""confidence"": 0.0616}, {""rank"": 5, ""label"": ""coral reef"", ""confidence"": 0.0589}]",True,water
Places365_val_00000740.jpg,/Users/aidahamzic/PycharmProjects/PythonProject1/val_256/Places365_val_00000740.jpg,skyscraper,castle,0.4105,"[{""rank"": 1, ""label"": ""castle"", ""confidence"": 0.4105}, {""rank"": 2, ""label"": ""viaduct"", ""confidence"": 0.0884}, {""rank"": 3, ""label"": ""church"", ""confidence"": 0.0532}, {""rank"": 4, ""label"": ""barn"", ""confidence"": 0.0444}, {""rank"": 5, ""label"": ""monastery"", ""confidence"": 0.0339}]",True,building
Places365_val_00000754.jpg,/Users/aidahamzic/PycharmProjects/PythonProject1/val_256/Places365_val_00000754.jpg,coast,lakeside,0.626,"[{""rank"": 1, ""label"": ""lakeside"", ""confidence"": 0.626}, {""rank"": 2, ""label"": ""valley"", ""confidence"": 0.0636}, {""rank"": 3, ""label"": ""geyser"", ""confidence"": 0.0551}, {""rank"": 4, ""label"": ""dam"", ""confidence"": 0.0457}, {""rank"": 5, ""label"": ""sandbar"", ""confidence"": 0.0376}]",True,water
Places365_val_00000766.jpg,/Users/aidahamzic/PycharmProjects/PythonProject1/val_256/Places365_val_00000766.jpg,ocean,seashore,0.3092,"[{""rank"": 1, ""label"": ""seashore"", ""confidence"": 0.3092}, {""rank"": 2, ""label"": ""promontory"", ""confidence"": 0.2542}, {""rank"": 3, ""label"": ""sandbar"", ""confidence"": 0.0693}, {""rank"": 4, ""label"": ""lakeside"", ""confidence"": 0.044}, {""rank"": 5, ""label"": ""trailer truck"", ""confidence"": 0.0195}]",True,water
Places365_val_00000770.jpg,/Users/aidahamzic/PycharmProjects/PythonProject1/val_256/Places365_val_00000770.jpg,downtown,palace,0.4982,"[{""rank"": 1, ""label"": ""palace"", ""confidence"": 0.4982}, {""rank"": 2, ""label"": ""greenhouse"", ""confidence"": 0.151}, {""rank"": 3, ""label"": ""patio"", ""confidence"": 0.0543}, {""rank"": 4, ""label"": ""library"", ""confidence"": 0.0359}, {""rank"": 5, ""label"": ""mosque"", ""confidence"": 0.0255}]",True,building
Places365_val_00000781.jpg,/Users/aidahamzic/PycharmProjects/PythonProject1/val_256/Places365_val_00000781.jpg,hotel-outdoor,cinema,0.4754,"[{""rank"": 1, ""label"": ""cinema"", ""confidence"": 0.4754}, {""rank"": 2, ""label"": ""library"", ""confidence"": 0.1178}, {""rank"": 3, ""label"": ""palace"", ""confidence"": 0.089}, {""rank"": 4, ""label"": ""streetcar"", ""confidence"": 0.0787}, {""rank"": 5, ""label"": ""bookshop"", ""confidence"": 0.057}]",True,building
Places365_val_00000784.jpg,/Users/aidahamzic/PycharmProjects/PythonProject1/val_256/Places365_val_00000784.jpg,tower,monastery,0.5604,"[{""rank"": 1, ""label"": ""monastery"", ""confidence"": 0.5604}, {""rank"": 2, ""label"": ""palace"", ""confidence"": 0.3319}, {""rank"": 3, ""label"": ""church"", ""confidence"": 0.0279}, {""rank"": 4, ""label"": ""dome"", ""confidence"": 0.0248}, {""rank"": 5, ""label"": ""bell cote"", ""confidence"": 0.0161}]",True,building
Places365_val_00000799.jpg,/Users/aidahamzic/PycharmProjects/PythonProject1/val_256/Places365_val_00000799.jpg,forest-broadleaf,valley,0.2252,"[{""rank"": 1, ""label"": ""valley"", ""confidence"": 0.2252}, {""rank"": 2, ""label"": ""cliff"", ""confidence"": 0.0626}, {""rank"": 3, ""label"": ""maze"", ""confidence"": 0.0542}, {""rank"": 4, ""label"": ""lakeside"", ""confidence"": 0.044}, {""rank"": 5, ""label"": ""stone wall"", ""confidence"": 0.0294}]",True,forest
Places365_val_00000827.jpg,/Users/aidahamzic/PycharmProjects/PythonProject1/val_256/Places365_val_00000827.jpg,mountain,valley,0.6477,"[{""rank"": 1, ""label"": ""valley"", ""confidence"": 0.6477}, {""rank"": 2, ""label"": ""alp"", ""confidence"": 0.2589}, {""rank"": 3, ""label"": ""cliff"", ""confidence"": 0.0654}, {""rank"": 4, ""label"": ""promontory"", ""confidence"": 0.0086}, {""rank"": 5, ""label"": ""dam"", ""confidence"": 0.0041}]",True,mountain
Places365_val_00000847.jpg,/Users/aidahamzic/PycharmProjects/PythonProject1/val_256/Places365_val_00000847.jpg,rainforest,cliff,0.7628,"[{""rank"": 1, ""label"": ""cliff"", ""confidence"": 0.7628}, {""rank"": 2, ""label"": ""valley"", ""confidence"": 0.0404}, {""rank"": 3, ""label"": ""suspension bridge"", ""confidence"": 0.0204}, {""rank"": 4, ""label"": ""hen-of-the-woods"", ""confidence"": 0.0181}, {""rank"": 5, ""label"": ""cliff dwelling"", ""confidence"": 0.0084}]",True,forest
Places365_val_00000856.jpg,/Users/aidahamzic/PycharmProjects/PythonProject1/val_256/Places365_val_00000856.jpg,street,streetcar,0.3387,"[{""rank"": 1, ""label"": ""streetcar"", ""confidence"": 0.3387}, {""rank"": 2, ""label"": ""cab"", ""confidence"": 0.1216}, {""rank"": 3, ""label"": ""traffic light"", ""confidence"": 0.0723}, {""rank"": 4, ""label"": ""mosque"", ""confidence"": 0.0656}, {""rank"": 5, ""label"": ""police van"", ""confidence"": 0.0499}]",True,street
Places365_val_00000863.jpg,/Users/aidahamzic/PycharmProjects/PythonProject1/val_256/Places365_val_00000863.jpg,river,trimaran,0.699,"[{""rank"": 1, ""label"": ""trimaran"", ""confidence"": 0.699}, {""rank"": 2, ""label"": ""catamaran"", ""confidence"": 0.1717}, {""rank"": 3, ""label"": ""speedboat"", ""confidence"": 0.0473}, {""rank"": 4, ""label"": ""dock"", ""confidence"": 0.0217}, {""rank"": 5, ""label"": ""yawl"", ""confidence"": 0.013}]",True,water
Places365_val_00000890.jpg,/Users/aidahamzic/PycharmProjects/PythonProject1/val_256/Places365_val_00000890.jpg,street,streetcar,0.5169,"[{""rank"": 1, ""label"": ""streetcar"", ""confidence"": 0.5169}, {""rank"": 2, ""label"": ""traffic light"", ""confidence"": 0.1371}, {""rank"": 3, ""label"": ""cab"", ""confidence"": 0.0218}, {""rank"": 4, ""label"": ""street sign"", ""confidence"": 0.021}, {""rank"": 5, ""label"": ""parking meter"", ""confidence"": 0.0146}]",True,street
Places365_val_00000897.jpg,/Users/aidahamzic/PycharmProjects/PythonProject1/val_256/Places365_val_00000897.jpg,glacier,alp,0.3202,"[{""rank"": 1, ""label"": ""alp"", ""confidence"": 0.3202}, {""rank"": 2, ""label"": ""volcano"", ""confidence"": 0.0947}, {""rank"": 3, ""label"": ""killer whale"", ""confidence"": 0.0854}, {""rank"": 4, ""label"": ""grey whale"", ""confidence"": 0.0617}, {""rank"": 5, ""label"": ""snowmobile"", ""confidence"": 0.0524}]",True,glacier
Places365_val_00000906.jpg,/Users/aidahamzic/PycharmProjects/PythonProject1/val_256/Places365_val_00000906.jpg,ocean,promontory,0.9061,"[{""rank"": 1, ""label"": ""promontory"", ""confidence"": 0.9061}, {""rank"": 2, ""label"": ""seashore"", ""confidence"": 0.035}, {""rank"": 3, ""label"": ""volcano"", ""confidence"": 0.0117}, {""rank"": 4, ""label"": ""cliff"", ""confidence"": 0.011}, {""rank"": 5, ""label"": ""valley"", ""confidence"": 0.0103}]",True,water
Places365_val_00000917.jpg,/Users/aidahamzic/PycharmProjects/PythonProject1/val_256/Places365_val_00000917.jpg,downtown,cab,0.4364,"[{""rank"": 1, ""label"": ""cab"", ""confidence"": 0.4364}, {""rank"": 2, ""label"": ""toyshop"", ""confidence"": 0.0803}, {""rank"": 3, ""label"": ""obelisk"", ""confidence"": 0.068}, {""rank"": 4, ""label"": ""tobacco shop"", ""confidence"": 0.0291}, {""rank"": 5, ""label"": ""triumphal arch"", ""confidence"": 0.029}]",True,building
Places365_val_00000921.jpg,/Users/aidahamzic/PycharmProjects/PythonProject1/val_256/Places365_val_00000921.jpg,tower,valley,0.3362,"[{""rank"": 1, ""label"": ""valley"", ""confidence"": 0.3362}, {""rank"": 2, ""label"": ""lakeside"", ""confidence"": 0.3232}, {""rank"": 3, ""label"": ""dam"", ""confidence"": 0.1631}, {""rank"": 4, ""label"": ""suspension bridge"", ""confidence"": 0.0501}, {""rank"": 5, ""label"": ""steel arch bridge"", ""confidence"": 0.0193}]",False,building
Places365_val_00000941.jpg,/Users/aidahamzic/PycharmProjects/PythonProject1/val_256/Places365_val_00000941.jpg,mountain,valley,0.486,"[{""rank"": 1, ""label"": ""valley"", ""confidence"": 0.486}, {""rank"": 2, ""label"": ""alp"", ""confidence"": 0.1885}, {""rank"": 3, ""label"": ""cliff"", ""confidence"": 0.1378}, {""rank"": 4, ""label"": ""promontory"", ""confidence"": 0.0545}, {""rank"": 5, ""label"": ""lakeside"", ""confidence"": 0.0217}]",True,mountain
Places365_val_00000963.jpg,/Users/aidahamzic/PycharmProjects/PythonProject1/val_256/Places365_val_00000963.jpg,house,mobile home,0.674,"[{""rank"": 1, ""label"": ""mobile home"", ""confidence"": 0.674}, {""rank"": 2, ""label"": ""patio"", ""confidence"": 0.1573}, {""rank"": 3, ""label"": ""boathouse"", ""confidence"": 0.0303}, {""rank"": 4, ""label"": ""monastery"", ""confidence"": 0.0137}, {""rank"": 5, ""label"": ""solar dish"", ""confidence"": 0.0137}]",True,building
Places365_val_00000970.jpg,/Users/aidahamzic/PycharmProjects/PythonProject1/val_256/Places365_val_00000970.jpg,ocean,seashore,0.5564,"[{""rank"": 1, ""label"": ""seashore"", ""confidence"": 0.5564}, {""rank"": 2, ""label"": ""sandbar"", ""confidence"": 0.0689}, {""rank"": 3, ""label"": ""oystercatcher"", ""confidence"": 0.0601}, {""rank"": 4, ""label"": ""killer whale"", ""confidence"": 0.0492}, {""rank"": 5, ""label"": ""promontory"", ""confidence"": 0.0339}]",True,water
Places365_val_00000975.jpg,/Users/aidahamzic/PycharmProjects/PythonProject1/val_256/Places365_val_00000975.jpg,house,castle,0.9743,"[{""rank"": 1, ""label"": ""castle"", ""confidence"": 0.9743}, {""rank"": 2, ""label"": ""monastery"", ""confidence"": 0.015}, {""rank"": 3, ""label"": ""alp"", ""confidence"": 0.0064}, {""rank"": 4, ""label"": ""cliff"", ""confidence"": 0.0008}, {""rank"": 5, ""label"": ""megalith"", ""confidence"": 0.0006}]",True,building
Places365_val_00001001.jpg,/Users/aidahamzic/PycharmProjects/PythonProject1/val_256/Places365_val_00001001.jpg,tower,monastery,0.6375,"[{""rank"": 1, ""label"": ""monastery"", ""confidence"": 0.6375}, {""rank"": 2, ""label"": ""church"", ""confidence"": 0.1536}, {""rank"": 3, ""label"": ""bell cote"", ""confidence"": 0.1092}, {""rank"": 4, ""label"": ""palace"", ""confidence"": 0.0467}, {""rank"": 5, ""label"": ""triumphal arch"", ""confidence"": 0.0119}]",True,building
Places365_val_00001027.jpg,/Users/aidahamzic/PycharmProjects/PythonProject1/val_256/Places365_val_00001027.jpg,mountain,alp,0.6402,"[{""rank"": 1, ""label"": ""alp"", ""confidence"": 0.6402}, {""rank"": 2, ""label"": ""valley"", ""confidence"": 0.3455}, {""rank"": 3, ""label"": ""mountain tent"", ""confidence"": 0.0073}, {""rank"": 4, ""label"": ""cliff"", ""confidence"": 0.0035}, {""rank"": 5, ""label"": ""ibex"", ""confidence"": 0.0007}]",True,mountain
Places365_val_00001074.jpg,/Users/aidahamzic/PycharmProjects/PythonProject1/val_256/Places365_val_00001074.jpg,forest-broadleaf,yellow lady's slipper,0.034,"[{""rank"": 1, ""label"": ""yellow lady's slipper"", ""confidence"": 0.034}, {""rank"": 2, ""label"": ""echidna"", ""confidence"": 0.0242}, {""rank"": 3, ""label"": ""ruffed grouse"", ""confidence"": 0.0237}, {""rank"": 4, ""label"": ""wood rabbit"", ""confidence"": 0.0234}, {""rank"": 5, ""label"": ""armadillo"", ""confidence"": 0.0216}]",False,forest
Places365_val_00001133.jpg,/Users/aidahamzic/PycharmProjects/PythonProject1/val_256/Places365_val_00001133.jpg,forest-broadleaf,mountain bike,0.1238,"[{""rank"": 1, ""label"": ""mountain bike"", ""confidence"": 0.1238}, {""rank"": 2, ""label"": ""maze"", ""confidence"": 0.0686}, {""rank"": 3, ""label"": ""mountain tent"", ""confidence"": 0.0671}, {""rank"": 4, ""label"": ""bison"", ""confidence"": 0.0539}, {""rank"": 5, ""label"": ""worm fence"", ""confidence"": 0.0482}]",True,forest
Places365_val_00001149.jpg,/Users/aidahamzic/PycharmProjects/PythonProject1/val_256/Places365_val_00001149.jpg,house,boathouse,0.8254,"[{""rank"": 1, ""label"": ""boathouse"", ""confidence"": 0.8254}, {""rank"": 2, ""label"": ""lakeside"", ""confidence"": 0.1508}, {""rank"": 3, ""label"": ""palace"", ""confidence"": 0.01}, {""rank"": 4, ""label"": ""dam"", ""confidence"": 0.0039}, {""rank"": 5, ""label"": ""pier"", ""confidence"": 0.0025}]",True,building
Places365_val_00001160.jpg,/Users/aidahamzic/PycharmProjects/PythonProject1/val_256/Places365_val_00001160.jpg,street,prison,0.3285,"[{""rank"": 1, ""label"": ""prison"", ""confidence"": 0.3285}, {""rank"": 2, ""label"": ""streetcar"", ""confidence"": 0.2617}, {""rank"": 3, ""label"": ""passenger car"", ""confidence"": 0.2155}, {""rank"": 4, ""label"": ""bullet train"", ""confidence"": 0.067}, {""rank"": 5, ""label"": ""electric locomotive"", ""confidence"": 0.0145}]",True,street
Places365_val_00001180.jpg,/Users/aidahamzic/PycharmProjects/PythonProject1/val_256/Places365_val_00001180.jpg,glacier,alp,0.9793,"[{""rank"": 1, ""label"": ""alp"", ""confidence"": 0.9793}, {""rank"": 2, ""label"": ""valley"", ""confidence"": 0.0068}, {""rank"": 3, ""label"": ""mountain tent"", ""confidence"": 0.003}, {""rank"": 4, ""label"": ""ski"", ""confidence"": 0.0018}, {""rank"": 5, ""label"": ""volcano"", ""confidence"": 0.0016}]",True,glacier
Places365_val_00001208.jpg,/Users/aidahamzic/PycharmProjects/PythonProject1/val_256/Places365_val_00001208.jpg,downtown,car mirror,0.31,"[{""rank"": 1, ""label"": ""car mirror"", ""confidence"": 0.31}, {""rank"": 2, ""label"": ""monitor"", ""confidence"": 0.0936}, {""rank"": 3, ""label"": ""bullet train"", ""confidence"": 0.0478}, {""rank"": 4, ""label"": ""moving van"", ""confidence"": 0.0369}, {""rank"": 5, ""label"": ""cab"", ""confidence"": 0.028}]",False,building
Places365_val_00001214.jpg,/Users/aidahamzic/PycharmProjects/PythonProject1/val_256/Places365_val_00001214.jpg,coast,seashore,0.4839,"[{""rank"": 1, ""label"": ""seashore"", ""confidence"": 0.4839}, {""rank"": 2, ""label"": ""sandbar"", ""confidence"": 0.2944}, {""rank"": 3, ""label"": ""wreck"", ""confidence"": 0.0965}, {""rank"": 4, ""label"": ""cliff"", ""confidence"": 0.0457}, {""rank"": 5, ""label"": ""promontory"", ""confidence"": 0.0153}]",True,water
Places365_val_00001226.jpg,/Users/aidahamzic/PycharmProjects/PythonProject1/val_256/Places365_val_00001226.jpg,alley,monastery,0.1697,"[{""rank"": 1, ""label"": ""monastery"", ""confidence"": 0.1697}, {""rank"": 2, ""label"": ""prison"", ""confidence"": 0.089}, {""rank"": 3, ""label"": ""palace"", ""confidence"": 0.0633}, {""rank"": 4, ""label"": ""gondola"", ""confidence"": 0.0377}, {""rank"": 5, ""label"": ""library"", ""confidence"": 0.0376}]",False,street
Places365_val_00001234.jpg,/Users/aidahamzic/PycharmProjects/PythonProject1/val_256/Places365_val_00001234.jpg,ocean,speedboat,0.614,"[{""rank"": 1, ""label"": ""speedboat"", ""confidence"": 0.614}, {""rank"": 2, ""label"": ""lifeboat"", ""confidence"": 0.0771}, {""rank"": 3, ""label"": ""paddle"", ""confidence"": 0.0638}, {""rank"": 4, ""label"": ""seashore"", ""confidence"": 0.0461}, {""rank"": 5, ""label"": ""catamaran"", ""confidence"": 0.0459}]",True,water
Places365_val_00001238.jpg,/Users/aidahamzic/PycharmProjects/PythonProject1/val_256/Places365_val_00001238.jpg,forest-broadleaf,planetarium,0.1977,"[{""rank"": 1, ""label"": ""planetarium"", ""confidence"": 0.1977}, {""rank"": 2, ""label"": ""park bench"", ""confidence"": 0.1226}, {""rank"": 3, ""label"": ""worm fence"", ""confidence"": 0.1035}, {""rank"": 4, ""label"": ""water tower"", ""confidence"": 0.0624}, {""rank"": 5, ""label"": ""church"", ""confidence"": 0.057}]",False,forest
Places365_val_00001239.jpg,/Users/aidahamzic/PycharmProjects/PythonProject1/val_256/Places365_val_00001239.jpg,skyscraper,picket fence,0.2306,"[{""rank"": 1, ""label"": ""picket fence"", ""confidence"": 0.2306}, {""rank"": 2, ""label"": ""suspension bridge"", ""confidence"": 0.0766}, {""rank"": 3, ""label"": ""beacon"", ""confidence"": 0.0625}, {""rank"": 4, ""label"": ""obelisk"", ""confidence"": 0.05}, {""rank"": 5, ""label"": ""planetarium"", ""confidence"": 0.0414}]",True,building
Places365_val_00001253.jpg,/Users/aidahamzic/PycharmProjects/PythonProject1/val_256/Places365_val_00001253.jpg,downtown,seashore,0.1265,"[{""rank"": 1, ""label"": ""seashore"", ""confidence"": 0.1265}, {""rank"": 2, ""label"": ""lakeside"", ""confidence"": 0.0838}, {""rank"": 3, ""label"": ""worm fence"", ""confidence"": 0.0664}, {""rank"": 4, ""label"": ""palace"", ""confidence"": 0.0588}, {""rank"": 5, ""label"": ""steel arch bridge"", ""confidence"": 0.052}]",True,building
Places365_val_00001259.jpg,/Users/aidahamzic/PycharmProjects/PythonProject1/val_256/Places365_val_00001259.jpg,street,streetcar,0.0817,"[{""rank"": 1, ""label"": ""streetcar"", ""confidence"": 0.0817}, {""rank"": 2, ""label"": ""grocery store"", ""confidence"": 0.0593}, {""rank"": 3, ""label"": ""jinrikisha"", ""confidence"": 0.0393}, {""rank"": 4, ""label"": ""vizsla"", ""confidence"": 0.0278}, {""rank"": 5, ""label"": ""library"", ""confidence"": 0.0223}]",True,street
Places365_val_00001265.jpg,/Users/aidahamzic/PycharmProjects/PythonProject1/val_256/Places365_val_00001265.jpg,skyscraper,space shuttle,0.1245,"[{""rank"": 1, ""label"": ""space shuttle"", ""confidence"": 0.1245}, {""rank"": 2, ""label"": ""mosque"", ""confidence"": 0.0923}, {""rank"": 3, ""label"": ""bell cote"", ""confidence"": 0.0921}, {""rank"": 4, ""label"": ""cinema"", ""confidence"": 0.0712}, {""rank"": 5, ""label"": ""missile"", ""confidence"": 0.0663}]",True,building
Places365_val_00001317.jpg,/Users/aidahamzic/PycharmProjects/PythonProject1/val_256/Places365_val_00001317.jpg,alley,prison,0.6054,"[{""rank"": 1, ""label"": ""prison"", ""confidence"": 0.6054}, {""rank"": 2, ""label"": ""jinrikisha"", ""confidence"": 0.1456}, {""rank"": 3, ""label"": ""bookshop"", ""confidence"": 0.0417}, {""rank"": 4, ""label"": ""streetcar"", ""confidence"": 0.0221}, {""rank"": 5, ""label"": ""moving van"", ""confidence"": 0.0191}]",True,street
Places365_val_00001324.jpg,/Users/aidahamzic/PycharmProjects/PythonProject1/val_256/Places365_val_00001324.jpg,highway,dam,0.2526,"[{""rank"": 1, ""label"": ""dam"", ""confidence"": 0.2526}, {""rank"": 2, ""label"": ""worm fence"", ""confidence"": 0.1913}, {""rank"": 3, ""label"": ""breakwater"", ""confidence"": 0.1092}, {""rank"": 4, ""label"": ""lakeside"", ""confidence"": 0.0571}, {""rank"": 5, ""label"": ""thatch"", ""confidence"": 0.0377}]",False,street
Places365_val_00001348.jpg,/Users/aidahamzic/PycharmProjects/PythonProject1/val_256/Places365_val_00001348.jpg,street,swing,0.1179,"[{""rank"": 1, ""label"": ""swing"", ""confidence"": 0.1179}, {""rank"": 2, ""label"": ""trolleybus"", ""confidence"": 0.1105}, {""rank"": 3, ""label"": ""snowplow"", ""confidence"": 0.0992}, {""rank"": 4, ""label"": ""traffic light"", ""confidence"": 0.0947}, {""rank"": 5, ""label"": ""street sign"", ""confidence"": 0.088}]",True,street
Places365_val_00001357.jpg,/Users/aidahamzic/PycharmProjects/PythonProject1/val_256/Places365_val_00001357.jpg,downtown,cinema,0.2415,"[{""rank"": 1, ""label"": ""cinema"", ""confidence"": 0.2415}, {""rank"": 2, ""label"": ""streetcar"", ""confidence"": 0.1219}, {""rank"": 3, ""label"": ""cab"", ""confidence"": 0.103}, {""rank"": 4, ""label"": ""library"", ""confidence"": 0.0534}, {""rank"": 5, ""label"": ""minibus"", ""confidence"": 0.0467}]",True,building
Places365_val_00001392.jpg,/Users/aidahamzic/PycharmProjects/PythonProject1/val_256/Places365_val_00001392.jpg,house,castle,0.201,"[{""rank"": 1, ""label"": ""castle"", ""confidence"": 0.201}, {""rank"": 2, ""label"": ""church"", ""confidence"": 0.1495}, {""rank"": 3, ""label"": ""monastery"", ""confidence"": 0.1478}, {""rank"": 4, ""label"": ""stupa"", ""confidence"": 0.115}, {""rank"": 5, ""label"": ""barn"", ""confidence"": 0.0592}]",True,building
Places365_val_00001394.jpg,/Users/aidahamzic/PycharmProjects/PythonProject1/val_256/Places365_val_00001394.jpg,mountain,lakeside,0.6392,"[{""rank"": 1, ""label"": ""lakeside"", ""confidence"": 0.6392}, {""rank"": 2, ""label"": ""valley"", ""confidence"": 0.1307}, {""rank"": 3, ""label"": ""seashore"", ""confidence"": 0.0401}, {""rank"": 4, ""label"": ""volcano"", ""confidence"": 0.0364}, {""rank"": 5, ""label"": ""alp"", ""confidence"": 0.0347}]",True,mountain
Places365_val_00001412.jpg,/Users/aidahamzic/PycharmProjects/PythonProject1/val_256/Places365_val_00001412.jpg,house,palace,0.1299,"[{""rank"": 1, ""label"": ""palace"", ""confidence"": 0.1299}, {""rank"": 2, ""label"": ""library"", ""confidence"": 0.1131}, {""rank"": 3, ""label"": ""planetarium"", ""confidence"": 0.0696}, {""rank"": 4, ""label"": ""limousine"", ""confidence"": 0.0623}, {""rank"": 5, ""label"": ""flagpole"", ""confidence"": 0.0618}]",True,building
Places365_val_00001422.jpg,/Users/aidahamzic/PycharmProjects/PythonProject1/val_256/Places365_val_00001422.jpg,skyscraper,airship,0.3324,"[{""rank"": 1, ""label"": ""airship"", ""confidence"": 0.3324}, {""rank"": 2, ""label"": ""submarine"", ""confidence"": 0.1147}, {""rank"": 3, ""label"": ""obelisk"", ""confidence"": 0.0707}, {""rank"": 4, ""label"": ""dock"", ""confidence"": 0.0644}, {""rank"": 5, ""label"": ""bell cote"", ""confidence"": 0.0367}]",True,building
Places365_val_00001486.jpg,/Users/aidahamzic/PycharmProjects/PythonProject1/val_256/Places365_val_00001486.jpg,rainforest,valley,0.9756,"[{""rank"": 1, ""label"": ""valley"", ""confidence"": 0.9756}, {""rank"": 2, ""label"": ""lakeside"", ""confidence"": 0.0068}, {""rank"": 3, ""label"": ""stone wall"", ""confidence"": 0.0064}, {""rank"": 4, ""label"": ""maze"", ""confidence"": 0.0041}, {""rank"": 5, ""label"": ""cliff"", ""confidence"": 0.0016}]",True,forest
Places365_val_00001520.jpg,/Users/aidahamzic/PycharmProjects/PythonProject1/val_256/Places365_val_00001520.jpg,forest-broadleaf,shower curtain,0.4039,"[{""rank"": 1, ""label"": ""shower curtain"", ""confidence"": 0.4039}, {""rank"": 2, ""label"": ""window shade"", ""confidence"": 0.2719}, {""rank"": 3, ""label"": ""sliding door"", ""confidence"": 0.0634}, {""rank"": 4, ""label"": ""mosquito net"", ""confidence"": 0.0426}, {""rank"": 5, ""label"": ""greenhouse"", ""confidence"": 0.0291}]",False,forest
Places365_val_00001521.jpg,/Users/aidahamzic/PycharmProjects/PythonProject1/val_256/Places365_val_00001521.jpg,river,canoe,0.5328,"[{""rank"": 1, ""label"": ""canoe"", ""confidence"": 0.5328}, {""rank"": 2, ""label"": ""paddle"", ""confidence"": 0.2558}, {""rank"": 3, ""label"": ""lakeside"", ""confidence"": 0.0604}, {""rank"": 4, ""label"": ""schooner"", ""confidence"": 0.044}, {""rank"": 5, ""label"": ""gondola"", ""confidence"": 0.0376}]",True,water
Places365_val_00001544.jpg,/Users/aidahamzic/PycharmProjects/PythonProject1/val_256/Places365_val_00001544.jpg,downtown,lakeside,0.4862,"[{""rank"": 1, ""label"": ""lakeside"", ""confidence"": 0.4862}, {""rank"": 2, ""label"": ""monitor"", ""confidence"": 0.1727}, {""rank"": 3, ""label"": ""web site"", ""confidence"": 0.0609}, {""rank"": 4, ""label"": ""seashore"", ""confidence"": 0.0586}, {""rank"": 5, ""label"": ""scoreboard"", ""confidence"": 0.0309}]",False,building
Places365_val_00001643.jpg,/Users/aidahamzic/PycharmProjects/PythonProject1/val_256/Places365_val_00001643.jpg,house,church,0.2366,"[{""rank"": 1, ""label"": ""church"", ""confidence"": 0.2366}, {""rank"": 2, ""label"": ""bell cote"", ""confidence"": 0.0661}, {""rank"": 3, ""label"": ""monastery"", ""confidence"": 0.0349}, {""rank"": 4, ""label"": ""alp"", ""confidence"": 0.0231}, {""rank"": 5, ""label"": ""castle"", ""confidence"": 0.023}]",True,building
Places365_val_00001664.jpg,/Users/aidahamzic/PycharmProjects/PythonProject1/val_256/Places365_val_00001664.jpg,downtown,prison,0.1431,"[{""rank"": 1, ""label"": ""prison"", ""confidence"": 0.1431}, {""rank"": 2, ""label"": ""church"", ""confidence"": 0.0758}, {""rank"": 3, ""label"": ""window screen"", ""confidence"": 0.0605}, {""rank"": 4, ""label"": ""television"", ""confidence"": 0.0553}, {""rank"": 5, ""label"": ""castle"", ""confidence"": 0.0553}]",True,building
Places365_val_00001696.jpg,/Users/aidahamzic/PycharmProjects/PythonProject1/val_256/Places365_val_00001696.jpg,tower,obelisk,0.8324,"[{""rank"": 1, ""label"": ""obelisk"", ""confidence"": 0.8324}, {""rank"": 2, ""label"": ""pedestal"", ""confidence"": 0.0612}, {""rank"": 3, ""label"": ""stupa"", ""confidence"": 0.0438}, {""rank"": 4, ""label"": ""mosque"", ""confidence"": 0.0203}, {""rank"": 5, ""label"": ""fountain"", ""confidence"": 0.0037}]",True,building
Places365_val_00001746.jpg,/Users/aidahamzic/PycharmProjects/PythonProject1/val_256/Places365_val_00001746.jpg,downtown,freight car,0.1359,"[{""rank"": 1, ""label"": ""freight car"", ""confidence"": 0.1359}, {""rank"": 2, ""label"": ""garbage truck"", ""confidence"": 0.1135}, {""rank"": 3, ""label"": ""forklift"", ""confidence"": 0.1064}, {""rank"": 4, ""label"": ""snowplow"", ""confidence"": 0.0646}, {""rank"": 5, ""label"": ""tank"", ""confidence"": 0.0558}]",False,building
Places365_val_00001780.jpg,/Users/aidahamzic/PycharmProjects/PythonProject1/val_256/Places365_val_00001780.jpg,mountain,geyser,0.8981,"[{""rank"": 1, ""label"": ""geyser"", ""confidence"": 0.8981}, {""rank"": 2, ""label"": ""volcano"", ""confidence"": 0.1014}, {""rank"": 3, ""label"": ""alp"", ""confidence"": 0.0001}, {""rank"": 4, ""label"": ""cliff"", ""confidence"": 0.0001}, {""rank"": 5, ""label"": ""breakwater"", ""confidence"": 0.0001}]",True,mountain
Places365_val_00001802.jpg,/Users/aidahamzic/PycharmProjects/PythonProject1/val_256/Places365_val_00001802.jpg,ocean,promontory,0.3149,"[{""rank"": 1, ""label"": ""promontory"", ""confidence"": 0.3149}, {""rank"": 2, ""label"": ""lakeside"", ""confidence"": 0.2495}, {""rank"": 3, ""label"": ""seashore"", ""confidence"": 0.2048}, {""rank"": 4, ""label"": ""valley"", ""confidence"": 0.0631}, {""rank"": 5, ""label"": ""cliff"", ""confidence"": 0.0253}]",True,water
Places365_val_00001816.jpg,/Users/aidahamzic/PycharmProjects/PythonProject1/val_256/Places365_val_00001816.jpg,forest-broadleaf,park bench,0.3653,"[{""rank"": 1, ""label"": ""park bench"", ""confidence"": 0.3653}, {""rank"": 2, ""label"": ""barn"", ""confidence"": 0.1118}, {""rank"": 3, ""label"": ""lakeside"", ""confidence"": 0.1003}, {""rank"": 4, ""label"": ""car mirror"", ""confidence"": 0.034}, {""rank"": 5, ""label"": ""seashore"", ""confidence"": 0.0308}]",False,forest
Places365_val_00001877.jpg,/Users/aidahamzic/PycharmProjects/PythonProject1/val_256/Places365_val_00001877.jpg,tower,monastery,0.3559,"[{""rank"": 1, ""label"": ""monastery"", ""confidence"": 0.3559}, {""rank"": 2, ""label"": ""church"", ""confidence"": 0.3369}, {""rank"": 3, ""label"": ""bell cote"", ""confidence"": 0.1347}, {""rank"": 4, ""label"": ""castle"", ""confidence"": 0.0511}, {""rank"": 5, ""label"": ""vault"", ""confidence"": 0.0113}]",True,building
Places365_val_00001890.jpg,/Users/aidahamzic/PycharmProjects/PythonProject1/val_256/Places365_val_00001890.jpg,skyscraper,liner,0.2364,"[{""rank"": 1, ""label"": ""liner"", ""confidence"": 0.2364}, {""rank"": 2, ""label"": ""paddlewheel"", ""confidence"": 0.2182}, {""rank"": 3, ""label"": ""dock"", ""confidence"": 0.1665}, {""rank"": 4, ""label"": ""pier"", ""confidence"": 0.1265}, {""rank"": 5, ""label"": ""fireboat"", ""confidence"": 0.0372}]",False,building
Places365_val_00001916.jpg,/Users/aidahamzic/PycharmProjects/PythonProject1/val_256/Places365_val_00001916.jpg,mountain,sundial,0.1179,"[{""rank"": 1, ""label"": ""sundial"", ""confidence"": 0.1179}, {""rank"": 2, ""label"": ""maze"", ""confidence"": 0.1121}, {""rank"": 3, ""label"": ""patio"", ""confidence"": 0.0689}, {""rank"": 4, ""label"": ""worm fence"", ""confidence"": 0.0515}, {""rank"": 5, ""label"": ""chainlink fence"", ""confidence"": 0.0448}]",False,mountain
Places365_val_00001924.jpg,/Users/aidahamzic/PycharmProjects/PythonProject1/val_256/Places365_val_00001924.jpg,coast,lakeside,0.2938,"[{""rank"": 1, ""label"": ""lakeside"", ""confidence"": 0.2938}, {""rank"": 2, ""label"": ""seashore"", ""confidence"": 0.1406}, {""rank"": 3, ""label"": ""television"", ""confidence"": 0.081}, {""rank"": 4, ""label"": ""volcano"", ""confidence"": 0.0596}, {""rank"": 5, ""label"": ""monitor"", ""confidence"": 0.0556}]",True,water
Places365_val_00001939.jpg,/Users/aidahamzic/PycharmProjects/PythonProject1/val_256/Places365_val_00001939.jpg,coast,seashore,0.4354,"[{""rank"": 1, ""label"": ""seashore"", ""confidence"": 0.4354}, {""rank"": 2, ""label"": ""sandbar"", ""confidence"": 0.2725}, {""rank"": 3, ""label"": ""volleyball"", ""confidence"": 0.1926}, {""rank"": 4, ""label"": ""swimming trunks"", ""confidence"": 0.0554}, {""rank"": 5, ""label"": ""bathing cap"", ""confidence"": 0.0104}]",True,water
Places365_val_00002076.jpg,/Users/aidahamzic/PycharmProjects/PythonProject1/val_256/Places365_val_00002076.jpg,hotel-outdoor,pier,0.34,"[{""rank"": 1, ""label"": ""pier"", ""confidence"": 0.34}, {""rank"": 2, ""label"": ""steel arch bridge"", ""confidence"": 0.2034}, {""rank"": 3, ""label"": ""dam"", ""confidence"": 0.1893}, {""rank"": 4, ""label"": ""palace"", ""confidence"": 0.0565}, {""rank"": 5, ""label"": ""suspension bridge"", ""confidence"": 0.0323}]",True,building
Places365_val_00002081.jpg,/Users/aidahamzic/PycharmProjects/PythonProject1/val_256/Places365_val_00002081.jpg,skyscraper,bell cote,0.3903,"[{""rank"": 1, ""label"": ""bell cote"", ""confidence"": 0.3903}, {""rank"": 2, ""label"": ""church"", ""confidence"": 0.1276}, {""rank"": 3, ""label"": ""palace"", ""confidence"": 0.0751}, {""rank"": 4, ""label"": ""airship"", ""confidence"": 0.0596}, {""rank"": 5, ""label"": ""mosque"", ""confidence"": 0.0569}]",True,building
Places365_val_00002091.jpg,/Users/aidahamzic/PycharmProjects/PythonProject1/val_256/Places365_val_00002091.jpg,street,maypole,0.2494,"[{""rank"": 1, ""label"": ""maypole"", ""confidence"": 0.2494}, {""rank"": 2, ""label"": ""jinrikisha"", ""confidence"": 0.1437}, {""rank"": 3, ""label"": ""streetcar"", ""confidence"": 0.1188}, {""rank"": 4, ""label"": ""ski"", ""confidence"": 0.0856}, {""rank"": 5, ""label"": ""horse cart"", ""confidence"": 0.035}]",True,street
Places365_val_00002121.jpg,/Users/aidahamzic/PycharmProjects/PythonProject1/val_256/Places365_val_00002121.jpg,tower,palace,0.847,"[{""rank"": 1, ""label"": ""palace"", ""confidence"": 0.847}, {""rank"": 2, ""label"": ""castle"", ""confidence"": 0.0473}, {""rank"": 3, ""label"": ""gondola"", ""confidence"": 0.0107}, {""rank"": 4, ""label"": ""monastery"", ""confidence"": 0.0105}, {""rank"": 5, ""label"": ""airship"", ""confidence"": 0.0086}]",True,building
Places365_val_00002130.jpg,/Users/aidahamzic/PycharmProjects/PythonProject1/val_256/Places365_val_00002130.jpg,house,picket fence,0.2952,"[{""rank"": 1, ""label"": ""picket fence"", ""confidence"": 0.2952}, {""rank"": 2, ""label"": ""church"", ""confidence"": 0.0973}, {""rank"": 3, ""label"": ""boathouse"", ""confidence"": 0.0538}, {""rank"": 4, ""label"": ""mobile home"", ""confidence"": 0.0363}, {""rank"": 5, ""label"": ""library"", ""confidence"": 0.0292}]",True,building
Places365_val_00002131.jpg,/Users/aidahamzic/PycharmProjects/PythonProject1/val_256/Places365_val_00002131.jpg,river,lakeside,0.466,"[{""rank"": 1, ""label"": ""lakeside"", ""confidence"": 0.466}, {""rank"": 2, ""label"": ""beacon"", ""confidence"": 0.0812}, {""rank"": 3, ""label"": ""boathouse"", ""confidence"": 0.0609}, {""rank"": 4, ""label"": ""breakwater"", ""confidence"": 0.0412}, {""rank"": 5, ""label"": ""sandbar"", ""confidence"": 0.0302}]",True,water
Places365_val_00002155.jpg,/Users/aidahamzic/PycharmProjects/PythonProject1/val_256/Places365_val_00002155.jpg,glacier,cliff,0.1481,"[{""rank"": 1, ""label"": ""cliff"", ""confidence"": 0.1481}, {""rank"": 2, ""label"": ""seashore"", ""confidence"": 0.1271}, {""rank"": 3, ""label"": ""valley"", ""confidence"": 0.1253}, {""rank"": 4, ""label"": ""beacon"", ""confidence"": 0.1197}, {""rank"": 5, ""label"": ""promontory"", ""confidence"": 0.0949}]",True,glacier
Places365_val_00002176.jpg,/Users/aidahamzic/PycharmProjects/PythonProject1/val_256/Places365_val_00002176.jpg,hotel-outdoor,palace,0.2477,"[{""rank"": 1, ""label"": ""palace"", ""confidence"": 0.2477}, {""rank"": 2, ""label"": ""cinema"", ""confidence"": 0.148}, {""rank"": 3, ""label"": ""library"", ""confidence"": 0.0923}, {""rank"": 4, ""label"": ""bell cote"", ""confidence"": 0.054}, {""rank"": 5, ""label"": ""traffic light"", ""confidence"": 0.0334}]",True,building
Places365_val_00002183.jpg,/Users/aidahamzic/PycharmProjects/PythonProject1/val_256/Places365_val_00002183.jpg,street,lakeside,0.3842,"[{""rank"": 1, ""label"": ""lakeside"", ""confidence"": 0.3842}, {""rank"": 2, ""label"": ""patio"", ""confidence"": 0.1073}, {""rank"": 3, ""label"": ""breakwater"", ""confidence"": 0.0602}, {""rank"": 4, ""label"": ""dock"", ""confidence"": 0.0577}, {""rank"": 5, ""label"": ""boathouse"", ""confidence"": 0.0423}]",False,street
Places365_val_00002186.jpg,/Users/aidahamzic/PycharmProjects/PythonProject1/val_256/Places365_val_00002186.jpg,rainforest,valley,0.1301,"[{""rank"": 1, ""label"": ""valley"", ""confidence"": 0.1301}, {""rank"": 2, ""label"": ""rapeseed"", ""confidence"": 0.0741}, {""rank"": 3, ""label"": ""head cabbage"", ""confidence"": 0.0638}, {""rank"": 4, ""label"": ""maze"", ""confidence"": 0.0518}, {""rank"": 5, ""label"": ""lakeside"", ""confidence"": 0.0493}]",True,forest
Places365_val_00002255.jpg,/Users/aidahamzic/PycharmProjects/PythonProject1/val_256/Places365_val_00002255.jpg,house,prison,0.2961,"[{""rank"": 1, ""label"": ""prison"", ""confidence"": 0.2961}, {""rank"": 2, ""label"": ""monastery"", ""confidence"": 0.1299}, {""rank"": 3, ""label"": ""mobile home"", ""confidence"": 0.1237}, {""rank"": 4, ""label"": ""church"", ""confidence"": 0.0443}, {""rank"": 5, ""label"": ""beacon"", ""confidence"": 0.0288}]",True,building
Places365_val_00002308.jpg,/Users/aidahamzic/PycharmProjects/PythonProject1/val_256/Places365_val_00002308.jpg,ocean,seashore,0.3901,"[{""rank"": 1, ""label"": ""seashore"", ""confidence"": 0.3901}, {""rank"": 2, ""label"": ""swimming trunks"", ""confidence"": 0.2475}, {""rank"": 3, ""label"": ""sandbar"", ""confidence"": 0.0569}, {""rank"": 4, ""label"": ""sarong"", ""confidence"": 0.0368}, {""rank"": 5, ""label"": ""bikini"", ""confidence"": 0.0187}]",True,water
Places365_val_00002338.jpg,/Users/aidahamzic/PycharmProjects/PythonProject1/val_256/Places365_val_00002338.jpg,glacier,alp,0.8691,"[{""rank"": 1, ""label"": ""alp"", ""confidence"": 0.8691}, {""rank"": 2, ""label"": ""ski"", ""confidence"": 0.104}, {""rank"": 3, ""label"": ""mountain tent"", ""confidence"": 0.0119}, {""rank"": 4, ""label"": ""valley"", ""confidence"": 0.0105}, {""rank"": 5, ""label"": ""snowmobile"", ""confidence"": 0.0013}]",True,glacier
Places365_val_00002367.jpg,/Users/aidahamzic/PycharmProjects/PythonProject1/val_256/Places365_val_00002367.jpg,coast,sandbar,0.1212,"[{""rank"": 1, ""label"": ""sandbar"", ""confidence"": 0.1212}, {""rank"": 2, ""label"": ""seashore"", ""confidence"": 0.0794}, {""rank"": 3, ""label"": ""lakeside"", ""confidence"": 0.0654}, {""rank"": 4, ""label"": ""promontory"", ""confidence"": 0.0394}, {""rank"": 5, ""label"": ""breakwater"", ""confidence"": 0.0251}]",True,water
Places365_val_00002379.jpg,/Users/aidahamzic/PycharmProjects/PythonProject1/val_256/Places365_val_00002379.jpg,house,mobile home,0.4074,"[{""rank"": 1, ""label"": ""mobile home"", ""confidence"": 0.4074}, {""rank"": 2, ""label"": ""boathouse"", ""confidence"": 0.1518}, {""rank"": 3, ""label"": ""thatch"", ""confidence"": 0.0892}, {""rank"": 4, ""label"": ""barn"", ""confidence"": 0.0534}, {""rank"": 5, ""label"": ""patio"", ""confidence"": 0.0358}]",True,building
Places365_val_00002380.jpg,/Users/aidahamzic/PycharmProjects/PythonProject1/val_256/Places365_val_00002380.jpg,hotel-outdoor,boathouse,0.1477,"[{""rank"": 1, ""label"": ""boathouse"", ""confidence"": 0.1477}, {""rank"": 2, ""label"": ""bell cote"", ""confidence"": 0.0805}, {""rank"": 3, ""label"": ""scoreboard"", ""confidence"": 0.0474}, {""rank"": 4, ""label"": ""pier"", ""confidence"": 0.0469}, {""rank"": 5, ""label"": ""planetarium"", ""confidence"": 0.0328}]",True,building
Places365_val_00002399.jpg,/Users/aidahamzic/PycharmProjects/PythonProject1/val_256/Places365_val_00002399.jpg,river,canoe,0.6049,"[{""rank"": 1, ""label"": ""canoe"", ""confidence"": 0.6049}, {""rank"": 2, ""label"": ""lakeside"", ""confidence"": 0.1338}, {""rank"": 3, ""label"": ""paddle"", ""confidence"": 0.053}, {""rank"": 4, ""label"": ""boathouse"", ""confidence"": 0.02}, {""rank"": 5, ""label"": ""swing"", ""confidence"": 0.0199}]",True,water
Places365_val_00002435.jpg,/Users/aidahamzic/PycharmProjects/PythonProject1/val_256/Places365_val_00002435.jpg,forest-broadleaf,worm fence,0.1018,"[{""rank"": 1, ""label"": ""worm fence"", ""confidence"": 0.1018}, {""rank"": 2, ""label"": ""stone wall"", ""confidence"": 0.0869}, {""rank"": 3, ""label"": ""lakeside"", ""confidence"": 0.0618}, {""rank"": 4, ""label"": ""yurt"", ""confidence"": 0.0314}, {""rank"": 5, ""label"": ""park bench"", ""confidence"": 0.0289}]",False,forest
Places365_val_00002442.jpg,/Users/aidahamzic/PycharmProjects/PythonProject1/val_256/Places365_val_00002442.jpg,forest-broadleaf,bison,0.5454,"[{""rank"": 1, ""label"": ""bison"", ""confidence"": 0.5454}, {""rank"": 2, ""label"": ""ox"", ""confidence"": 0.064}, {""rank"": 3, ""label"": ""brown bear"", ""confidence"": 0.054}, {""rank"": 4, ""label"": ""wild boar"", ""confidence"": 0.0525}, {""rank"": 5, ""label"": ""ibex"", ""confidence"": 0.0389}]",True,forest
Places365_val_00002456.jpg,/Users/aidahamzic/PycharmProjects/PythonProject1/val_256/Places365_val_00002456.jpg,skyscraper,pier,0.2072,"[{""rank"": 1, ""label"": ""pier"", ""confidence"": 0.2072}, {""rank"": 2, ""label"": ""flagpole"", ""confidence"": 0.1328}, {""rank"": 3, ""label"": ""water tower"", ""confidence"": 0.1278}, {""rank"": 4, ""label"": ""suspension bridge"", ""confidence"": 0.0699}, {""rank"": 5, ""label"": ""pole"", ""confidence"": 0.068}]",False,building
Places365_val_00002459.jpg,/Users/aidahamzic/PycharmProjects/PythonProject1/val_256/Places365_val_00002459.jpg,glacier,mountain tent,0.6759,"[{""rank"": 1, ""label"": ""mountain tent"", ""confidence"": 0.6759}, {""rank"": 2, ""label"": ""ski"", ""confidence"": 0.1606}, {""rank"": 3, ""label"": ""alp"", ""confidence"": 0.0936}, {""rank"": 4, ""label"": ""seashore"", ""confidence"": 0.0071}, {""rank"": 5, ""label"": ""parachute"", ""confidence"": 0.0067}]",True,glacier
Places365_val_00002467.jpg,/Users/aidahamzic/PycharmProjects/PythonProject1/val_256/Places365_val_00002467.jpg,alley,mobile home,0.2006,"[{""rank"": 1, ""label"": ""mobile home"", ""confidence"": 0.2006}, {""rank"": 2, ""label"": ""sliding door"", ""confidence"": 0.1691}, {""rank"": 3, ""label"": ""prison"", ""confidence"": 0.149}, {""rank"": 4, ""label"": ""boathouse"", ""confidence"": 0.0558}, {""rank"": 5, ""label"": ""patio"", ""confidence"": 0.0522}]",False,street
Places365_val_00002502.jpg,/Users/aidahamzic/PycharmProjects/PythonProject1/val_256/Places365_val_00002502.jpg,alley,prison,0.6229,"[{""rank"": 1, ""label"": ""prison"", ""confidence"": 0.6229}, {""rank"": 2, ""label"": ""passenger car"", ""confidence"": 0.2509}, {""rank"": 3, ""label"": ""streetcar"", ""confidence"": 0.0342}, {""rank"": 4, ""label"": ""electric locomotive"", ""confidence"": 0.0263}, {""rank"": 5, ""label"": ""steam locomotive"", ""confidence"": 0.0134}]",True,street
Places365_val_00002543.jpg,/Users/aidahamzic/PycharmProjects/PythonProject1/val_256/Places365_val_00002543.jpg,house,picket fence,0.9604,"[{""rank"": 1, ""label"": ""picket fence"", ""confidence"": 0.9604}, {""rank"": 2, ""label"": ""worm fence"", ""confidence"": 0.0192}, {""rank"": 3, ""label"": ""patio"", ""confidence"": 0.0047}, {""rank"": 4, ""label"": ""birdhouse"", ""confidence"": 0.0016}, {""rank"": 5, ""label"": ""mobile home"", ""confidence"": 0.0016}]",True,building
Places365_val_00002561.jpg,/Users/aidahamzic/PycharmProjects/PythonProject1/val_256/Places365_val_00002561.jpg,downtown,tobacco shop,0.2706,"[{""rank"": 1, ""label"": ""tobacco shop"", ""confidence"": 0.2706}, {""rank"": 2, ""label"": ""cab"", ""confidence"": 0.1079}, {""rank"": 3, ""label"": ""grocery store"", ""confidence"": 0.1006}, {""rank"": 4, ""label"": ""toyshop"", ""confidence"": 0.0849}, {""rank"": 5, ""label"": ""shoe shop"", ""confidence"": 0.0639}]",True,building
Places365_val_00002612.jpg,/Users/aidahamzic/PycharmProjects/PythonProject1/val_256/Places365_val_00002612.jpg,skyscraper,steel arch bridge,0.4327,"[{""rank"": 1, ""label"": ""steel arch bridge"", ""confidence"": 0.4327}, {""rank"": 2, ""label"": ""pier"", ""confidence"": 0.0793}, {""rank"": 3, ""label"": ""solar dish"", ""confidence"": 0.0764}, {""rank"": 4, ""label"": ""cinema"", ""confidence"": 0.0532}, {""rank"": 5, ""label"": ""bell cote"", ""confidence"": 0.0478}]",True,building
Places365_val_00002639.jpg,/Users/aidahamzic/PycharmProjects/PythonProject1/val_256/Places365_val_00002639.jpg,downtown,breakwater,0.0647,"[{""rank"": 1, ""label"": ""breakwater"", ""confidence"": 0.0647}, {""rank"": 2, ""label"": ""lakeside"", ""confidence"": 0.0638}, {""rank"": 3, ""label"": ""seashore"", ""confidence"": 0.0635}, {""rank"": 4, ""label"": ""fountain"", ""confidence"": 0.0484}, {""rank"": 5, ""label"": ""speedboat"", ""confidence"": 0.0328}]",False,building
Places365_val_00002665.jpg,/Users/aidahamzic/PycharmProjects/PythonProject1/val_256/Places365_val_00002665.jpg,glacier,alp,0.338,"[{""rank"": 1, ""label"": ""alp"", ""confidence"": 0.338}, {""rank"": 2, ""label"": ""cliff"", ""confidence"": 0.0435}, {""rank"": 3, ""label"": ""snowplow"", ""confidence"": 0.0217}, {""rank"": 4, ""label"": ""snowmobile"", ""confidence"": 0.0191}, {""rank"": 5, ""label"": ""ski"", ""confidence"": 0.0162}]",True,glacier
Places365_val_00002733.jpg,/Users/aidahamzic/PycharmProjects/PythonProject1/val_256/Places365_val_00002733.jpg,river,boathouse,0.2871,"[{""rank"": 1, ""label"": ""boathouse"", ""confidence"": 0.2871}, {""rank"": 2, ""label"": ""drilling platform"", ""confidence"": 0.2635}, {""rank"": 3, ""label"": ""lakeside"", ""confidence"": 0.1003}, {""rank"": 4, ""label"": ""pier"", ""confidence"": 0.0985}, {""rank"": 5, ""label"": ""dock"", ""confidence"": 0.0793}]",True,water
Places365_val_00002777.jpg,/Users/aidahamzic/PycharmProjects/PythonProject1/val_256/Places365_val_00002777.jpg,downtown,steel arch bridge,0.2478,"[{""rank"": 1, ""label"": ""steel arch bridge"", ""confidence"": 0.2478}, {""rank"": 2, ""label"": ""pier"", ""confidence"": 0.0504}, {""rank"": 3, ""label"": ""cab"", ""confidence"": 0.0498}, {""rank"": 4, ""label"": ""street sign"", ""confidence"": 0.0474}, {""rank"": 5, ""label"": ""traffic light"", ""confidence"": 0.0445}]",False,building
Places365_val_00002802.jpg,/Users/aidahamzic/PycharmProjects/PythonProject1/val_256/Places365_val_00002802.jpg,rainforest,spider monkey,0.0669,"[{""rank"": 1, ""label"": ""spider monkey"", ""confidence"": 0.0669}, {""rank"": 2, ""label"": ""capuchin"", ""confidence"": 0.048}, {""rank"": 3, ""label"": ""squirrel monkey"", ""confidence"": 0.0343}, {""rank"": 4, ""label"": ""three-toed sloth"", ""confidence"": 0.0338}, {""rank"": 5, ""label"": ""gibbon"", ""confidence"": 0.0335}]",True,forest
Places365_val_00002857.jpg,/Users/aidahamzic/PycharmProjects/PythonProject1/val_256/Places365_val_00002857.jpg,hotel-outdoor,palace,0.5095,"[{""rank"": 1, ""label"": ""palace"", ""confidence"": 0.5095}, {""rank"": 2, ""label"": ""gondola"", ""confidence"": 0.1156}, {""rank"": 3, ""label"": ""streetcar"", ""confidence"": 0.0635}, {""rank"": 4, ""label"": ""bell cote"", ""confidence"": 0.057}, {""rank"": 5, ""label"": ""fountain"", ""confidence"": 0.0425}]",True,building
Places365_val_00002861.jpg,/Users/aidahamzic/PycharmProjects/PythonProject1/val_256/Places365_val_00002861.jpg,glacier,alp,0.8863,"[{""rank"": 1, ""label"": ""alp"", ""confidence"": 0.8863}, {""rank"": 2, ""label"": ""cliff"", ""confidence"": 0.042}, {""rank"": 3, ""label"": ""valley"", ""confidence"": 0.0401}, {""rank"": 4, ""label"": ""promontory"", ""confidence"": 0.0078}, {""rank"": 5, ""label"": ""mountain tent"", ""confidence"": 0.0063}]",True,glacier
Places365_val_00002916.jpg,/Users/aidahamzic/PycharmProjects/PythonProject1/val_256/Places365_val_00002916.jpg,coast,promontory,0.4441,"[{""rank"": 1, ""label"": ""promontory"", ""confidence"": 0.4441}, {""rank"": 2, ""label"": ""seashore"", ""confidence"": 0.1402}, {""rank"": 3, ""label"": ""aircraft carrier"", ""confidence"": 0.0804}, {""rank"": 4, ""label"": ""speedboat"", ""confidence"": 0.0462}, {""rank"": 5, ""label"": ""cliff"", ""confidence"": 0.0382}]",True,water
Places365_val_00002962.jpg,/Users/aidahamzic/PycharmProjects/PythonProject1/val_256/Places365_val_00002962.jpg,coast,cliff,0.5886,"[{""rank"": 1, ""label"": ""cliff"", ""confidence"": 0.5886}, {""rank"": 2, ""label"": ""promontory"", ""confidence"": 0.2348}, {""rank"": 3, ""label"": ""seashore"", ""confidence"": 0.1582}, {""rank"": 4, ""label"": ""valley"", ""confidence"": 0.0084}, {""rank"": 5, ""label"": ""lakeside"", ""confidence"": 0.0067}]",True,water
Places365_val_00002980.jpg,/Users/aidahamzic/PycharmProjects/PythonProject1/val_256/Places365_val_00002980.jpg,glacier,alp,0.6011,"[{""rank"": 1, ""label"": ""alp"", ""confidence"": 0.6011}, {""rank"": 2, ""label"": ""valley"", ""confidence"": 0.2455}, {""rank"": 3, ""label"": ""mountain tent"", ""confidence"": 0.0805}, {""rank"": 4, ""label"": ""cliff"", ""confidence"": 0.0212}, {""rank"": 5, ""label"": ""promontory"", ""confidence"": 0.0127}]",True,glacier
Places365_val_00002992.jpg,/Users/aidahamzic/PycharmProjects/PythonProject1/val_256/Places365_val_00002992.jpg,highway,trailer truck,0.2498,"[{""rank"": 1, ""label"": ""trailer truck"", ""confidence"": 0.2498}, {""rank"": 2, ""label"": ""traffic light"", ""confidence"": 0.2208}, {""rank"": 3, ""label"": ""garbage truck"", ""confidence"": 0.0705}, {""rank"": 4, ""label"": ""tow truck"", ""confidence"": 0.0356}, {""rank"": 5, ""label"": ""moving van"", ""confidence"": 0.0302}]",False,street
Places365_val_00003055.jpg,/Users/aidahamzic/PycharmProjects/PythonProject1/val_256/Places365_val_00003055.jpg,rainforest,pot,0.3455,"[{""rank"": 1, ""label"": ""pot"", ""confidence"": 0.3455}, {""rank"": 2, ""label"": ""pomegranate"", ""confidence"": 0.126}, {""rank"": 3, ""label"": ""greenhouse"", ""confidence"": 0.1215}, {""rank"": 4, ""label"": ""macaw"", ""confidence"": 0.03}, {""rank"": 5, ""label"": ""birdhouse"", ""confidence"": 0.0298}]",True,forest
Places365_val_00003060.jpg,/Users/aidahamzic/PycharmProjects/PythonProject1/val_256/Places365_val_00003060.jpg,skyscraper,bell cote,0.4361,"[{""rank"": 1, ""label"": ""bell cote"", ""confidence"": 0.4361}, {""rank"": 2, ""label"": ""palace"", ""confidence"": 0.1685}, {""rank"": 3, ""label"": ""church"", ""confidence"": 0.0478}, {""rank"": 4, ""label"": ""castle"", ""confidence"": 0.0414}, {""rank"": 5, ""label"": ""monastery"", ""confidence"": 0.0264}]",True,building
Places365_val_00003081.jpg,/Users/aidahamzic/PycharmProjects/PythonProject1/val_256/Places365_val_00003081.jpg,river,lakeside,0.7425,"[{""rank"": 1, ""label"": ""lakeside"", ""confidence"": 0.7425}, {""rank"": 2, ""label"": ""canoe"", ""confidence"": 0.0414}, {""rank"": 3, ""label"": ""valley"", ""confidence"": 0.0396}, {""rank"": 4, ""label"": ""boathouse"", ""confidence"": 0.0361}, {""rank"": 5, ""label"": ""sandbar"", ""confidence"": 0.0152}]",True,water
Places365_val_00003083.jpg,/Users/aidahamzic/PycharmProjects/PythonProject1/val_256/Places365_val_00003083.jpg,tower,palace,0.935,"[{""rank"": 1, ""label"": ""palace"", ""confidence"": 0.935}, {""rank"": 2, ""label"": ""triumphal arch"", ""confidence"": 0.0238}, {""rank"": 3, ""label"": ""library"", ""confidence"": 0.0074}, {""rank"": 4, ""label"": ""seashore"", ""confidence"": 0.0039}, {""rank"": 5, ""label"": ""bell cote"", ""confidence"": 0.0037}]",True,building
Places365_val_00003136.jpg,/Users/aidahamzic/PycharmProjects/PythonProject1/val_256/Places365_val_00003136.jpg,ocean,beacon,0.9958,"[{""rank"": 1, ""label"": ""beacon"", ""confidence"": 0.9958}, {""rank"": 2, ""label"": ""breakwater"", ""confidence"": 0.0029}, {""rank"": 3, ""label"": ""church"", ""confidence"": 0.0002}, {""rank"": 4, ""label"": ""bell cote"", ""confidence"": 0.0002}, {""rank"": 5, ""label"": ""dome"", ""confidence"": 0.0002}]",True,water
Places365_val_00003142.jpg,/Users/aidahamzic/PycharmProjects/PythonProject1/val_256/Places365_val_00003142.jpg,skyscraper,missile,0.224,"[{""rank"": 1, ""label"": ""missile"", ""confidence"": 0.224}, {""rank"": 2, ""label"": ""beacon"", ""confidence"": 0.1748}, {""rank"": 3, ""label"": ""projectile"", ""confidence"": 0.1216}, {""rank"": 4, ""label"": ""catamaran"", ""confidence"": 0.1073}, {""rank"": 5, ""label"": ""trimaran"", ""confidence"": 0.0683}]",False,building
Places365_val_00003172.jpg,/Users/aidahamzic/PycharmProjects/PythonProject1/val_256/Places365_val_00003172.jpg,glacier,valley,0.5054,"[{""rank"": 1, ""label"": ""valley"", ""confidence"": 0.5054}, {""rank"": 2, ""label"": ""alp"", ""confidence"": 0.4248}, {""rank"": 3, ""label"": ""lakeside"", ""confidence"": 0.0168}, {""rank"": 4, ""label"": ""volcano"", ""confidence"": 0.009}, {""rank"": 5, ""label"": ""cliff"", ""confidence"": 0.0086}]",True,glacier
Places365_val_00003186.jpg,/Users/aidahamzic/PycharmProjects/PythonProject1/val_256/Places365_val_00003186.jpg,rainforest,howler monkey,0.449,"[{""rank"": 1, ""label"": ""howler monkey"", ""confidence"": 0.449}, {""rank"": 2, ""label"": ""spider monkey"", ""confidence"": 0.1312}, {""rank"": 3, ""label"": ""lesser panda"", ""confidence"": 0.1077}, {""rank"": 4, ""label"": ""orangutan"", ""confidence"": 0.075}, {""rank"": 5, ""label"": ""langur"", ""confidence"": 0.0351}]",True,forest
Places365_val_00003223.jpg,/Users/aidahamzic/PycharmProjects/PythonProject1/val_256/Places365_val_00003223.jpg,rainforest,mountain bike,0.0733,"[{""rank"": 1, ""label"": ""mountain bike"", ""confidence"": 0.0733}, {""rank"": 2, ""label"": ""cliff"", ""confidence"": 0.0726}, {""rank"": 3, ""label"": ""American black bear"", ""confidence"": 0.0552}, {""rank"": 4, ""label"": ""stone wall"", ""confidence"": 0.0399}, {""rank"": 5, ""label"": ""mountain tent"", ""confidence"": 0.0305}]",True,forest
Places365_val_00003322.jpg,/Users/aidahamzic/PycharmProjects/PythonProject1/val_256/Places365_val_00003322.jpg,mountain,alp,0.6235,"[{""rank"": 1, ""label"": ""alp"", ""confidence"": 0.6235}, {""rank"": 2, ""label"": ""valley"", ""confidence"": 0.2206}, {""rank"": 3, ""label"": ""cliff"", ""confidence"": 0.0608}, {""rank"": 4, ""label"": ""mountain tent"", ""confidence"": 0.0268}, {""rank"": 5, ""label"": ""volcano"", ""confidence"": 0.0162}]",True,mountain
Places365_val_00003330.jpg,/Users/aidahamzic/PycharmProjects/PythonProject1/val_256/Places365_val_00003330.jpg,alley,passenger car,0.4343,"[{""rank"": 1, ""label"": ""passenger car"", ""confidence"": 0.4343}, {""rank"": 2, ""label"": ""monastery"", ""confidence"": 0.0979}, {""rank"": 3, ""label"": ""mobile home"", ""confidence"": 0.0828}, {""rank"": 4, ""label"": ""patio"", ""confidence"": 0.0544}, {""rank"": 5, ""label"": ""prison"", ""confidence"": 0.0517}]",False,street
Places365_val_00003334.jpg,/Users/aidahamzic/PycharmProjects/PythonProject1/val_256/Places365_val_00003334.jpg,downtown,drilling platform,0.1117,"[{""rank"": 1, ""label"": ""drilling platform"", ""confidence"": 0.1117}, {""rank"": 2, ""label"": ""alp"", ""confidence"": 0.0948}, {""rank"": 3, ""label"": ""volcano"", ""confidence"": 0.0873}, {""rank"": 4, ""label"": ""cliff"", ""confidence"": 0.079}, {""rank"": 5, ""label"": ""castle"", ""confidence"": 0.0516}]",True,building
Places365_val_00003346.jpg,/Users/aidahamzic/PycharmProjects/PythonProject1/val_256/Places365_val_00003346.jpg,alley,dam,0.2882,"[{""rank"": 1, ""label"": ""dam"", ""confidence"": 0.2882}, {""rank"": 2, ""label"": ""suspension bridge"", ""confidence"": 0.1523}, {""rank"": 3, ""label"": ""bannister"", ""confidence"": 0.0769}, {""rank"": 4, ""label"": ""pier"", ""confidence"": 0.063}, {""rank"": 5, ""label"": ""beacon"", ""confidence"": 0.0388}]",False,street
Places365_val_00003392.jpg,/Users/aidahamzic/PycharmProjects/PythonProject1/val_256/Places365_val_00003392.jpg,ocean,cliff,0.7282,"[{""rank"": 1, ""label"": ""cliff"", ""confidence"": 0.7282}, {""rank"": 2, ""label"": ""promontory"", ""confidence"": 0.1711}, {""rank"": 3, ""label"": ""seashore"", ""confidence"": 0.0746}, {""rank"": 4, ""label"": ""cliff dwelling"", ""confidence"": 0.009}, {""rank"": 5, ""label"": ""wreck"", ""confidence"": 0.0023}]",True,water
Places365_val_00003395.jpg,/Users/aidahamzic/PycharmProjects/PythonProject1/val_256/Places365_val_00003395.jpg,glacier,alp,0.7271,"[{""rank"": 1, ""label"": ""alp"", ""confidence"": 0.7271}, {""rank"": 2, ""label"": ""valley"", ""confidence"": 0.1218}, {""rank"": 3, ""label"": ""ski"", ""confidence"": 0.035}, {""rank"": 4, ""label"": ""snowmobile"", ""confidence"": 0.008}, {""rank"": 5, ""label"": ""cliff"", ""confidence"": 0.0078}]",True,glacier
Places365_val_00003435.jpg,/Users/aidahamzic/PycharmProjects/PythonProject1/val_256/Places365_val_00003435.jpg,river,valley,0.2902,"[{""rank"": 1, ""label"": ""valley"", ""confidence"": 0.2902}, {""rank"": 2, ""label"": ""coho"", ""confidence"": 0.2384}, {""rank"": 3, ""label"": ""lakeside"", ""confidence"": 0.1681}, {""rank"": 4, ""label"": ""cliff"", ""confidence"": 0.0668}, {""rank"": 5, ""label"": ""canoe"", ""confidence"": 0.0624}]",True,water
Places365_val_00003452.jpg,/Users/aidahamzic/PycharmProjects/PythonProject1/val_256/Places365_val_00003452.jpg,highway,lakeside,0.1992,"[{""rank"": 1, ""label"": ""lakeside"", ""confidence"": 0.1992}, {""rank"": 2, ""label"": ""valley"", ""confidence"": 0.1437}, {""rank"": 3, ""label"": ""worm fence"", ""confidence"": 0.1206}, {""rank"": 4, ""label"": ""volcano"", ""confidence"": 0.0352}, {""rank"": 5, ""label"": ""thatch"", ""confidence"": 0.034}]",False,street
Places365_val_00003466.jpg,/Users/aidahamzic/PycharmProjects/PythonProject1/val_256/Places365_val_00003466.jpg,alley,coil,0.1227,"[{""rank"": 1, ""label"": ""coil"", ""confidence"": 0.1227}, {""rank"": 2, ""label"": ""spotlight"", ""confidence"": 0.0481}, {""rank"": 3, ""label"": ""mosquito net"", ""confidence"": 0.0322}, {""rank"": 4, ""label"": ""fountain"", ""confidence"": 0.028}, {""rank"": 5, ""label"": ""candle"", ""confidence"": 0.0275}]",False,street
Places365_val_00003498.jpg,/Users/aidahamzic/PycharmProjects/PythonProject1/val_256/Places365_val_00003498.jpg,downtown,obelisk,0.3609,"[{""rank"": 1, ""label"": ""obelisk"", ""confidence"": 0.3609}, {""rank"": 2, ""label"": ""pier"", ""confidence"": 0.0943}, {""rank"": 3, ""label"": ""cinema"", ""confidence"": 0.0927}, {""rank"": 4, ""label"": ""bell cote"", ""confidence"": 0.0856}, {""rank"": 5, ""label"": ""steel arch bridge"", ""confidence"": 0.0353}]",True,building
Places365_val_00003589.jpg,/Users/aidahamzic/PycharmProjects/PythonProject1/val_256/Places365_val_00003589.jpg,hotel-outdoor,palace,0.1204,"[{""rank"": 1, ""label"": ""palace"", ""confidence"": 0.1204}, {""rank"": 2, ""label"": ""pier"", ""confidence"": 0.1067}, {""rank"": 3, ""label"": ""fountain"", ""confidence"": 0.0858}, {""rank"": 4, ""label"": ""cab"", ""confidence"": 0.0733}, {""rank"": 5, ""label"": ""fireboat"", ""confidence"": 0.0543}]",True,building
Places365_val_00003607.jpg,/Users/aidahamzic/PycharmProjects/PythonProject1/val_256/Places365_val_00003607.jpg,river,valley,0.2693,"[{""rank"": 1, ""label"": ""valley"", ""confidence"": 0.2693}, {""rank"": 2, ""label"": ""coho"", ""confidence"": 0.1654}, {""rank"": 3, ""label"": ""lakeside"", ""confidence"": 0.0699}, {""rank"": 4, ""label"": ""reel"", ""confidence"": 0.0625}, {""rank"": 5, ""label"": ""paddle"", ""confidence"": 0.0414}]",True,water
Places365_val_00003622.jpg,/Users/aidahamzic/PycharmProjects/PythonProject1/val_256/Places365_val_00003622.jpg,tower,suspension bridge,0.1291,"[{""rank"": 1, ""label"": ""suspension bridge"", ""confidence"": 0.1291}, {""rank"": 2, ""label"": ""beacon"", ""confidence"": 0.0936}, {""rank"": 3, ""label"": ""pier"", ""confidence"": 0.0774}, {""rank"": 4, ""label"": ""palace"", ""confidence"": 0.051}, {""rank"": 5, ""label"": ""lakeside"", ""confidence"": 0.0438}]",True,building
Places365_val_00003639.jpg,/Users/aidahamzic/PycharmProjects/PythonProject1/val_256/Places365_val_00003639.jpg,downtown,palace,0.8601,"[{""rank"": 1, ""label"": ""palace"", ""confidence"": 0.8601}, {""rank"": 2, ""label"": ""castle"", ""confidence"": 0.0519}, {""rank"": 3, ""label"": ""monastery"", ""confidence"": 0.0138}, {""rank"": 4, ""label"": ""fountain"", ""confidence"": 0.0097}, {""rank"": 5, ""label"": ""bell cote"", ""confidence"": 0.0081}]",True,building
Places365_val_00003669.jpg,/Users/aidahamzic/PycharmProjects/PythonProject1/val_256/Places365_val_00003669.jpg,house,boathouse,0.264,"[{""rank"": 1, ""label"": ""boathouse"", ""confidence"": 0.264}, {""rank"": 2, ""label"": ""worm fence"", ""confidence"": 0.1739}, {""rank"": 3, ""label"": ""picket fence"", ""confidence"": 0.1182}, {""rank"": 4, ""label"": ""mobile home"", ""confidence"": 0.1134}, {""rank"": 5, ""label"": ""lumbermill"", ""confidence"": 0.0581}]",True,building
Places365_val_00003670.jpg,/Users/aidahamzic/PycharmProjects/PythonProject1/val_256/Places365_val_00003670.jpg,downtown,dogsled,0.0693,"[{""rank"": 1, ""label"": ""dogsled"", ""confidence"": 0.0693}, {""rank"": 2, ""label"": ""traffic light"", ""confidence"": 0.0467}, {""rank"": 3, ""label"": ""ski"", ""confidence"": 0.0397}, {""rank"": 4, ""label"": ""spotlight"", ""confidence"": 0.0323}, {""rank"": 5, ""label"": ""moped"", ""confidence"": 0.025}]",False,building
Places365_val_00003673.jpg,/Users/aidahamzic/PycharmProjects/PythonProject1/val_256/Places365_val_00003673.jpg,highway,trailer truck,0.3941,"[{""rank"": 1, ""label"": ""trailer truck"", ""confidence"": 0.3941}, {""rank"": 2, ""label"": ""breakwater"", ""confidence"": 0.0295}, {""rank"": 3, ""label"": ""mobile home"", ""confidence"": 0.0295}, {""rank"": 4, ""label"": ""wing"", ""confidence"": 0.0274}, {""rank"": 5, ""label"": ""sandbar"", ""confidence"": 0.0263}]",False,street
Places365_val_00003706.jpg,/Users/aidahamzic/PycharmProjects/PythonProject1/val_256/Places365_val_00003706.jpg,hotel-outdoor,flagpole,0.1727,"[{""rank"": 1, ""label"": ""flagpole"", ""confidence"": 0.1727}, {""rank"": 2, ""label"": ""church"", ""confidence"": 0.0937}, {""rank"": 3, ""label"": ""bell cote"", ""confidence"": 0.0646}, {""rank"": 4, ""label"": ""library"", ""confidence"": 0.0634}, {""rank"": 5, ""label"": ""beacon"", ""confidence"": 0.055}]",True,building
Places365_val_00003719.jpg,/Users/aidahamzic/PycharmProjects/PythonProject1/val_256/Places365_val_00003719.jpg,tower,drilling platform,0.2407,"[{""rank"": 1, ""label"": ""drilling platform"", ""confidence"": 0.2407}, {""rank"": 2, ""label"": ""missile"", ""confidence"": 0.1312}, {""rank"": 3, ""label"": ""container ship"", ""confidence"": 0.1246}, {""rank"": 4, ""label"": ""crane"", ""confidence"": 0.0759}, {""rank"": 5, ""label"": ""projectile"", ""confidence"": 0.0733}]",False,building
Places365_val_00003729.jpg,/Users/aidahamzic/PycharmProjects/PythonProject1/val_256/Places365_val_00003729.jpg,tower,obelisk,0.59,"[{""rank"": 1, ""label"": ""obelisk"", ""confidence"": 0.59}, {""rank"": 2, ""label"": ""church"", ""confidence"": 0.1371}, {""rank"": 3, ""label"": ""missile"", ""confidence"": 0.1149}, {""rank"": 4, ""label"": ""bell cote"", ""confidence"": 0.0472}, {""rank"": 5, ""label"": ""projectile"", ""confidence"": 0.0381}]",True,building
Places365_val_00003731.jpg,/Users/aidahamzic/PycharmProjects/PythonProject1/val_256/Places365_val_00003731.jpg,coast,lakeside,0.4441,"[{""rank"": 1, ""label"": ""lakeside"", ""confidence"": 0.4441}, {""rank"": 2, ""label"": ""boathouse"", ""confidence"": 0.2393}, {""rank"": 3, ""label"": ""dock"", ""confidence"": 0.1627}, {""rank"": 4, ""label"": ""pier"", ""confidence"": 0.0254}, {""rank"": 5, ""label"": ""breakwater"", ""confidence"": 0.0135}]",True,water
Places365_val_00003735.jpg,/Users/aidahamzic/PycharmProjects/PythonProject1/val_256/Places365_val_00003735.jpg,tower,tripod,0.2276,"[{""rank"": 1, ""label"": ""tripod"", ""confidence"": 0.2276}, {""rank"": 2, ""label"": ""projectile"", ""confidence"": 0.2155}, {""rank"": 3, ""label"": ""missile"", ""confidence"": 0.2018}, {""rank"": 4, ""label"": ""binoculars"", ""confidence"": 0.0971}, {""rank"": 5, ""label"": ""flagpole"", ""confidence"": 0.0741}]",False,building
Places365_val_00003801.jpg,/Users/aidahamzic/PycharmProjects/PythonProject1/val_256/Places365_val_00003801.jpg,river,lakeside,0.4319,"[{""rank"": 1, ""label"": ""lakeside"", ""confidence"": 0.4319}, {""rank"": 2, ""label"": ""promontory"", ""confidence"": 0.2463}, {""rank"": 3, ""label"": ""seashore"", ""confidence"": 0.1509}, {""rank"": 4, ""label"": ""sandbar"", ""confidence"": 0.0533}, {""rank"": 5, ""label"": ""valley"", ""confidence"": 0.0532}]",True,water
Places365_val_00003814.jpg,/Users/aidahamzic/PycharmProjects/PythonProject1/val_256/Places365_val_00003814.jpg,ocean,promontory,0.6021,"[{""rank"": 1, ""label"": ""promontory"", ""confidence"": 0.6021}, {""rank"": 2, ""label"": ""seashore"", ""confidence"": 0.2538}, {""rank"": 3, ""label"": ""lakeside"", ""confidence"": 0.0504}, {""rank"": 4, ""label"": ""valley"", ""confidence"": 0.0225}, {""rank"": 5, ""label"": ""cliff"", ""confidence"": 0.0218}]",True,water
Places365_val_00003829.jpg,/Users/aidahamzic/PycharmProjects/PythonProject1/val_256/Places365_val_00003829.jpg,rainforest,maze,0.0969,"[{""rank"": 1, ""label"": ""maze"", ""confidence"": 0.0969}, {""rank"": 2, ""label"": ""worm fence"", ""confidence"": 0.0928}, {""rank"": 3, ""label"": ""stone wall"", ""confidence"": 0.0824}, {""rank"": 4, ""label"": ""lakeside"", ""confidence"": 0.073}, {""rank"": 5, ""label"": ""park bench"", ""confidence"": 0.0482}]",False,forest
Places365_val_00003876.jpg,/Users/aidahamzic/PycharmProjects/PythonProject1/val_256/Places365_val_00003876.jpg,skyscraper,drilling platform,0.378,"[{""rank"": 1, ""label"": ""drilling platform"", ""confidence"": 0.378}, {""rank"": 2, ""label"": ""fireboat"", ""confidence"": 0.147}, {""rank"": 3, ""label"": ""schooner"", ""confidence"": 0.1276}, {""rank"": 4, ""label"": ""aircraft carrier"", ""confidence"": 0.0662}, {""rank"": 5, ""label"": ""catamaran"", ""confidence"": 0.0582}]",False,building
Places365_val_00003887.jpg,/Users/aidahamzic/PycharmProjects/PythonProject1/val_256/Places365_val_00003887.jpg,alley,steam locomotive,0.2001,"[{""rank"": 1, ""label"": ""steam locomotive"", ""confidence"": 0.2001}, {""rank"": 2, ""label"": ""moped"", ""confidence"": 0.1044}, {""rank"": 3, ""label"": ""cannon"", ""confidence"": 0.0591}, {""rank"": 4, ""label"": ""tractor"", ""confidence"": 0.0457}, {""rank"": 5, ""label"": ""jinrikisha"", ""confidence"": 0.0326}]",True,street
Places365_val_00003918.jpg,/Users/aidahamzic/PycharmProjects/PythonProject1/val_256/Places365_val_00003918.jpg,skyscraper,airship,0.22,"[{""rank"": 1, ""label"": ""airship"", ""confidence"": 0.22}, {""rank"": 2, ""label"": ""jigsaw puzzle"", ""confidence"": 0.1337}, {""rank"": 3, ""label"": ""palace"", ""confidence"": 0.1316}, {""rank"": 4, ""label"": ""castle"", ""confidence"": 0.0844}, {""rank"": 5, ""label"": ""seashore"", ""confidence"": 0.0788}]",True,building
Places365_val_00003938.jpg,/Users/aidahamzic/PycharmProjects/PythonProject1/val_256/Places365_val_00003938.jpg,rainforest,lakeside,0.3574,"[{""rank"": 1, ""label"": ""lakeside"", ""confidence"": 0.3574}, {""rank"": 2, ""label"": ""worm fence"", ""confidence"": 0.1271}, {""rank"": 3, ""label"": ""geyser"", ""confidence"": 0.1193}, {""rank"": 4, ""label"": ""sandbar"", ""confidence"": 0.0394}, {""rank"": 5, ""label"": ""seashore"", ""confidence"": 0.037}]",False,forest
Places365_val_00003980.jpg,/Users/aidahamzic/PycharmProjects/PythonProject1/val_256/Places365_val_00003980.jpg,hotel-outdoor,dam,0.8951,"[{""rank"": 1, ""label"": ""dam"", ""confidence"": 0.8951}, {""rank"": 2, ""label"": ""planetarium"", ""confidence"": 0.0147}, {""rank"": 3, ""label"": ""steel arch bridge"", ""confidence"": 0.0134}, {""rank"": 4, ""label"": ""monastery"", ""confidence"": 0.0103}, {""rank"": 5, ""label"": ""promontory"", ""confidence"": 0.0081}]",True,building
Places365_val_00004000.jpg,/Users/aidahamzic/PycharmProjects/PythonProject1/val_256/Places365_val_00004000.jpg,mountain,valley,0.7483,"[{""rank"": 1, ""label"": ""valley"", ""confidence"": 0.7483}, {""rank"": 2, ""label"": ""cliff"", ""confidence"": 0.1144}, {""rank"": 3, ""label"": ""alp"", ""confidence"": 0.1081}, {""rank"": 4, ""label"": ""promontory"", ""confidence"": 0.0116}, {""rank"": 5, ""label"": ""dam"", ""confidence"": 0.0034}]",True,mountain
Places365_val_00004029.jpg,/Users/aidahamzic/PycharmProjects/PythonProject1/val_256/Places365_val_00004029.jpg,highway,sports car,0.2635,"[{""rank"": 1, ""label"": ""sports car"", ""confidence"": 0.2635}, {""rank"": 2, ""label"": ""convertible"", ""confidence"": 0.1703}, {""rank"": 3, ""label"": ""limousine"", ""confidence"": 0.1116}, {""rank"": 4, ""label"": ""minivan"", ""confidence"": 0.0898}, {""rank"": 5, ""label"": ""pickup"", ""confidence"": 0.0486}]",True,street
Places365_val_00004037.jpg,/Users/aidahamzic/PycharmProjects/PythonProject1/val_256/Places365_val_00004037.jpg,hotel-outdoor,triumphal arch,0.3764,"[{""rank"": 1, ""label"": ""triumphal arch"", ""confidence"": 0.3764}, {""rank"": 2, ""label"": ""palace"", ""confidence"": 0.1244}, {""rank"": 3, ""label"": ""bell cote"", ""confidence"": 0.0484}, {""rank"": 4, ""label"": ""steel arch bridge"", ""confidence"": 0.0323}, {""rank"": 5, ""label"": ""obelisk"", ""confidence"": 0.0256}]",True,building
Places365_val_00004044.jpg,/Users/aidahamzic/PycharmProjects/PythonProject1/val_256/Places365_val_00004044.jpg,rainforest,worm fence,0.2998,"[{""rank"": 1, ""label"": ""worm fence"", ""confidence"": 0.2998}, {""rank"": 2, ""label"": ""maze"", ""confidence"": 0.1257}, {""rank"": 3, ""label"": ""park bench"", ""confidence"": 0.0867}, {""rank"": 4, ""label"": ""lakeside"", ""confidence"": 0.0607}, {""rank"": 5, ""label"": ""stone wall"", ""confidence"": 0.0357}]",False,forest
Places365_val_00004054.jpg,/Users/aidahamzic/PycharmProjects/PythonProject1/val_256/Places365_val_00004054.jpg,coast,promontory,0.712,"[{""rank"": 1, ""label"": ""promontory"", ""confidence"": 0.712}, {""rank"": 2, ""label"": ""seashore"", ""confidence"": 0.1344}, {""rank"": 3, ""label"": ""cliff"", ""confidence"": 0.1226}, {""rank"": 4, ""label"": ""valley"", ""confidence"": 0.0242}, {""rank"": 5, ""label"": ""sandbar"", ""confidence"": 0.0013}]",True,water
Places365_val_00004131.jpg,/Users/aidahamzic/PycharmProjects/PythonProject1/val_256/Places365_val_00004131.jpg,highway,street sign,0.3965,"[{""rank"": 1, ""label"": ""street sign"", ""confidence"": 0.3965}, {""rank"": 2, ""label"": ""traffic light"", ""confidence"": 0.1957}, {""rank"": 3, ""label"": ""trailer truck"", ""confidence"": 0.0292}, {""rank"": 4, ""label"": ""alp"", ""confidence"": 0.0289}, {""rank"": 5, ""label"": ""moving van"", ""confidence"": 0.0253}]",False,street
Places365_val_00004174.jpg,/Users/aidahamzic/PycharmProjects/PythonProject1/val_256/Places365_val_00004174.jpg,street,hoopskirt,0.1429,"[{""rank"": 1, ""label"": ""hoopskirt"", ""confidence"": 0.1429}, {""rank"": 2, ""label"": ""groom"", ""confidence"": 0.0973}, {""rank"": 3, ""label"": ""plastic bag"", ""confidence"": 0.0968}, {""rank"": 4, ""label"": ""solar dish"", ""confidence"": 0.085}, {""rank"": 5, ""label"": ""maypole"", ""confidence"": 0.0744}]",False,street
Places365_val_00004243.jpg,/Users/aidahamzic/PycharmProjects/PythonProject1/val_256/Places365_val_00004243.jpg,house,mobile home,0.2637,"[{""rank"": 1, ""label"": ""mobile home"", ""confidence"": 0.2637}, {""rank"": 2, ""label"": ""pedestal"", ""confidence"": 0.0894}, {""rank"": 3, ""label"": ""boathouse"", ""confidence"": 0.0813}, {""rank"": 4, ""label"": ""monastery"", ""confidence"": 0.055}, {""rank"": 5, ""label"": ""beacon"", ""confidence"": 0.0496}]",True,building
Places365_val_00004280.jpg,/Users/aidahamzic/PycharmProjects/PythonProject1/val_256/Places365_val_00004280.jpg,rainforest,toy terrier,0.3128,"[{""rank"": 1, ""label"": ""toy terrier"", ""confidence"": 0.3128}, {""rank"": 2, ""label"": ""EntleBucher"", ""confidence"": 0.2334}, {""rank"": 3, ""label"": ""Walker hound"", ""confidence"": 0.079}, {""rank"": 4, ""label"": ""Appenzeller"", ""confidence"": 0.0603}, {""rank"": 5, ""label"": ""kelpie"", ""confidence"": 0.0405}]",False,forest
Places365_val_00004285.jpg,/Users/aidahamzic/PycharmProjects/PythonProject1/val_256/Places365_val_00004285.jpg,highway,street sign,0.8521,"[{""rank"": 1, ""label"": ""street sign"", ""confidence"": 0.8521}, {""rank"": 2, ""label"": ""pier"", ""confidence"": 0.0658}, {""rank"": 3, ""label"": ""traffic light"", ""confidence"": 0.006}, {""rank"": 4, ""label"": ""steel arch bridge"", ""confidence"": 0.0058}, {""rank"": 5, ""label"": ""cinema"", ""confidence"": 0.0044}]",False,street
Places365_val_00004289.jpg,/Users/aidahamzic/PycharmProjects/PythonProject1/val_256/Places365_val_00004289.jpg,street,library,0.1571,"[{""rank"": 1, ""label"": ""library"", ""confidence"": 0.1571}, {""rank"": 2, ""label"": ""vault"", ""confidence"": 0.0807}, {""rank"": 3, ""label"": ""bookshop"", ""confidence"": 0.0631}, {""rank"": 4, ""label"": ""prison"", ""confidence"": 0.0563}, {""rank"": 5, ""label"": ""turnstile"", ""confidence"": 0.0455}]",False,street
Places365_val_00004333.jpg,/Users/aidahamzic/PycharmProjects/PythonProject1/val_256/Places365_val_00004333.jpg,glacier,alp,0.5805,"[{""rank"": 1, ""label"": ""alp"", ""confidence"": 0.5805}, {""rank"": 2, ""label"": ""valley"", ""confidence"": 0.3418}, {""rank"": 3, ""label"": ""lakeside"", ""confidence"": 0.0186}, {""rank"": 4, ""label"": ""cliff"", ""confidence"": 0.0171}, {""rank"": 5, ""label"": ""mountain tent"", ""confidence"": 0.0163}]",True,glacier
Places365_val_00004355.jpg,/Users/aidahamzic/PycharmProjects/PythonProject1/val_256/Places365_val_00004355.jpg,ocean,killer whale,0.5167,"[{""rank"": 1, ""label"": ""killer whale"", ""confidence"": 0.5167}, {""rank"": 2, ""label"": ""grey whale"", ""confidence"": 0.1878}, {""rank"": 3, ""label"": ""great white shark"", ""confidence"": 0.1282}, {""rank"": 4, ""label"": ""American coot"", ""confidence"": 0.0213}, {""rank"": 5, ""label"": ""hammerhead"", ""confidence"": 0.0178}]",False,water
Places365_val_00004358.jpg,/Users/aidahamzic/PycharmProjects/PythonProject1/val_256/Places365_val_00004358.jpg,rainforest,valley,0.5771,"[{""rank"": 1, ""label"": ""valley"", ""confidence"": 0.5771}, {""rank"": 2, ""label"": ""cliff"", ""confidence"": 0.0727}, {""rank"": 3, ""label"": ""lakeside"", ""confidence"": 0.0293}, {""rank"": 4, ""label"": ""suspension bridge"", ""confidence"": 0.0271}, {""rank"": 5, ""label"": ""cliff dwelling"", ""confidence"": 0.0204}]",True,forest
Places365_val_00004391.jpg,/Users/aidahamzic/PycharmProjects/PythonProject1/val_256/Places365_val_00004391.jpg,alley,prison,0.2477,"[{""rank"": 1, ""label"": ""prison"", ""confidence"": 0.2477}, {""rank"": 2, ""label"": ""patio"", ""confidence"": 0.1459}, {""rank"": 3, ""label"": ""sliding door"", ""confidence"": 0.0398}, {""rank"": 4, ""label"": ""bannister"", ""confidence"": 0.0252}, {""rank"": 5, ""label"": ""window screen"", ""confidence"": 0.018}]",False,street
Places365_val_00004422.jpg,/Users/aidahamzic/PycharmProjects/PythonProject1/val_256/Places365_val_00004422.jpg,house,mobile home,0.9461,"[{""rank"": 1, ""label"": ""mobile home"", ""confidence"": 0.9461}, {""rank"": 2, ""label"": ""patio"", ""confidence"": 0.0236}, {""rank"": 3, ""label"": ""boathouse"", ""confidence"": 0.0078}, {""rank"": 4, ""label"": ""moving van"", ""confidence"": 0.007}, {""rank"": 5, ""label"": ""rain barrel"", ""confidence"": 0.0032}]",True,building
Places365_val_00004515.jpg,/Users/aidahamzic/PycharmProjects/PythonProject1/val_256/Places365_val_00004515.jpg,tower,scoreboard,0.2938,"[{""rank"": 1, ""label"": ""scoreboard"", ""confidence"": 0.2938}, {""rank"": 2, ""label"": ""cinema"", ""confidence"": 0.142}, {""rank"": 3, ""label"": ""solar dish"", ""confidence"": 0.0701}, {""rank"": 4, ""label"": ""bell cote"", ""confidence"": 0.0585}, {""rank"": 5, ""label"": ""street sign"", ""confidence"": 0.0235}]",True,building
Places365_val_00004577.jpg,/Users/aidahamzic/PycharmProjects/PythonProject1/val_256/Places365_val_00004577.jpg,forest-broadleaf,lakeside,0.8197,"[{""rank"": 1, ""label"": ""lakeside"", ""confidence"": 0.8197}, {""rank"": 2, ""label"": ""boathouse"", ""confidence"": 0.0521}, {""rank"": 3, ""label"": ""seashore"", ""confidence"": 0.0145}, {""rank"": 4, ""label"": ""canoe"", ""confidence"": 0.0138}, {""rank"": 5, ""label"": ""valley"", ""confidence"": 0.0126}]",True,forest
Places365_val_00004585.jpg,/Users/aidahamzic/PycharmProjects/PythonProject1/val_256/Places365_val_00004585.jpg,highway,passenger car,0.0969,"[{""rank"": 1, ""label"": ""passenger car"", ""confidence"": 0.0969}, {""rank"": 2, ""label"": ""freight car"", ""confidence"": 0.0504}, {""rank"": 3, ""label"": ""tow truck"", ""confidence"": 0.0472}, {""rank"": 4, ""label"": ""electric locomotive"", ""confidence"": 0.0389}, {""rank"": 5, ""label"": ""trailer truck"", ""confidence"": 0.0359}]",False,street
Places365_val_00004595.jpg,/Users/aidahamzic/PycharmProjects/PythonProject1/val_256/Places365_val_00004595.jpg,tower,harp,0.1541,"[{""rank"": 1, ""label"": ""harp"", ""confidence"": 0.1541}, {""rank"": 2, ""label"": ""suspension bridge"", ""confidence"": 0.0946}, {""rank"": 3, ""label"": ""crane"", ""confidence"": 0.062}, {""rank"": 4, ""label"": ""pier"", ""confidence"": 0.0509}, {""rank"": 5, ""label"": ""guillotine"", ""confidence"": 0.0449}]",False,building
Places365_val_00004604.jpg,/Users/aidahamzic/PycharmProjects/PythonProject1/val_256/Places365_val_00004604.jpg,glacier,valley,0.5501,"[{""rank"": 1, ""label"": ""valley"", ""confidence"": 0.5501}, {""rank"": 2, ""label"": ""alp"", ""confidence"": 0.1652}, {""rank"": 3, ""label"": ""cliff"", ""confidence"": 0.0779}, {""rank"": 4, ""label"": ""promontory"", ""confidence"": 0.0723}, {""rank"": 5, ""label"": ""lakeside"", ""confidence"": 0.0333}]",True,glacier
Places365_val_00004605.jpg,/Users/aidahamzic/PycharmProjects/PythonProject1/val_256/Places365_val_00004605.jpg,street,palace,0.3356,"[{""rank"": 1, ""label"": ""palace"", ""confidence"": 0.3356}, {""rank"": 2, ""label"": ""prison"", ""confidence"": 0.1799}, {""rank"": 3, ""label"": ""castle"", ""confidence"": 0.1277}, {""rank"": 4, ""label"": ""bell cote"", ""confidence"": 0.048}, {""rank"": 5, ""label"": ""monastery"", ""confidence"": 0.0421}]",False,street
Places365_val_00004609.jpg,/Users/aidahamzic/PycharmProjects/PythonProject1/val_256/Places365_val_00004609.jpg,forest-broadleaf,lakeside,0.0649,"[{""rank"": 1, ""label"": ""lakeside"", ""confidence"": 0.0649}, {""rank"": 2, ""label"": ""park bench"", ""confidence"": 0.0645}, {""rank"": 3, ""label"": ""worm fence"", ""confidence"": 0.0443}, {""rank"": 4, ""label"": ""gazelle"", ""confidence"": 0.0335}, {""rank"": 5, ""label"": ""tusker"", ""confidence"": 0.0288}]",False,forest
Places365_val_00004611.jpg,/Users/aidahamzic/PycharmProjects/PythonProject1/val_256/Places365_val_00004611.jpg,highway,pickup,0.3519,"[{""rank"": 1, ""label"": ""pickup"", ""confidence"": 0.3519}, {""rank"": 2, ""label"": ""tow truck"", ""confidence"": 0.2503}, {""rank"": 3, ""label"": ""police van"", ""confidence"": 0.113}, {""rank"": 4, ""label"": ""garbage truck"", ""confidence"": 0.0595}, {""rank"": 5, ""label"": ""cab"", ""confidence"": 0.0443}]",True,street
Places365_val_00004617.jpg,/Users/aidahamzic/PycharmProjects/PythonProject1/val_256/Places365_val_00004617.jpg,ocean,lakeside,0.2695,"[{""rank"": 1, ""label"": ""lakeside"", ""confidence"": 0.2695}, {""rank"": 2, ""label"": ""seashore"", ""confidence"": 0.1165}, {""rank"": 3, ""label"": ""dock"", ""confidence"": 0.0884}, {""rank"": 4, ""label"": ""breakwater"", ""confidence"": 0.0753}, {""rank"": 5, ""label"": ""drilling platform"", ""confidence"": 0.0536}]",True,water
Places365_val_00004636.jpg,/Users/aidahamzic/PycharmProjects/PythonProject1/val_256/Places365_val_00004636.jpg,ocean,seashore,0.52,"[{""rank"": 1, ""label"": ""seashore"", ""confidence"": 0.52}, {""rank"": 2, ""label"": ""promontory"", ""confidence"": 0.3807}, {""rank"": 3, ""label"": ""sandbar"", ""confidence"": 0.0249}, {""rank"": 4, ""label"": ""cliff"", ""confidence"": 0.0121}, {""rank"": 5, ""label"": ""wreck"", ""confidence"": 0.0081}]",True,water
Places365_val_00004695.jpg,/Users/aidahamzic/PycharmProjects/PythonProject1/val_256/Places365_val_00004695.jpg,highway,solar dish,0.2825,"[{""rank"": 1, ""label"": ""solar dish"", ""confidence"": 0.2825}, {""rank"": 2, ""label"": ""trailer truck"", ""confidence"": 0.0723}, {""rank"": 3, ""label"": ""radio telescope"", ""confidence"": 0.0663}, {""rank"": 4, ""label"": ""airliner"", ""confidence"": 0.0546}, {""rank"": 5, ""label"": ""fireboat"", ""confidence"": 0.0482}]",False,street
Places365_val_00004708.jpg,/Users/aidahamzic/PycharmProjects/PythonProject1/val_256/Places365_val_00004708.jpg,hotel-outdoor,horse cart,0.1368,"[{""rank"": 1, ""label"": ""horse cart"", ""confidence"": 0.1368}, {""rank"": 2, ""label"": ""bearskin"", ""confidence"": 0.1072}, {""rank"": 3, ""label"": ""streetcar"", ""confidence"": 0.0386}, {""rank"": 4, ""label"": ""jinrikisha"", ""confidence"": 0.0366}, {""rank"": 5, ""label"": ""horizontal bar"", ""confidence"": 0.0347}]",False,building
Places365_val_00004723.jpg,/Users/aidahamzic/PycharmProjects/PythonProject1/val_256/Places365_val_00004723.jpg,highway,mountain tent,0.1563,"[{""rank"": 1, ""label"": ""mountain tent"", ""confidence"": 0.1563}, {""rank"": 2, ""label"": ""alp"", ""confidence"": 0.0893}, {""rank"": 3, ""label"": ""tripod"", ""confidence"": 0.0735}, {""rank"": 4, ""label"": ""street sign"", ""confidence"": 0.0694}, {""rank"": 5, ""label"": ""solar dish"", ""confidence"": 0.0618}]",False,street
Places365_val_00004740.jpg,/Users/aidahamzic/PycharmProjects/PythonProject1/val_256/Places365_val_00004740.jpg,downtown,seashore,0.159,"[{""rank"": 1, ""label"": ""seashore"", ""confidence"": 0.159}, {""rank"": 2, ""label"": ""jigsaw puzzle"", ""confidence"": 0.1579}, {""rank"": 3, ""label"": ""airship"", ""confidence"": 0.1364}, {""rank"": 4, ""label"": ""aircraft carrier"", ""confidence"": 0.0619}, {""rank"": 5, ""label"": ""dome"", ""confidence"": 0.0433}]",True,building
Places365_val_00004757.jpg,/Users/aidahamzic/PycharmProjects/PythonProject1/val_256/Places365_val_00004757.jpg,river,boathouse,0.5049,"[{""rank"": 1, ""label"": ""boathouse"", ""confidence"": 0.5049}, {""rank"": 2, ""label"": ""dam"", ""confidence"": 0.2044}, {""rank"": 3, ""label"": ""dock"", ""confidence"": 0.096}, {""rank"": 4, ""label"": ""lakeside"", ""confidence"": 0.0724}, {""rank"": 5, ""label"": ""pier"", ""confidence"": 0.0447}]",True,water
Places365_val_00004766.jpg,/Users/aidahamzic/PycharmProjects/PythonProject1/val_256/Places365_val_00004766.jpg,house,prison,0.7781,"[{""rank"": 1, ""label"": ""prison"", ""confidence"": 0.7781}, {""rank"": 2, ""label"": ""castle"", ""confidence"": 0.0668}, {""rank"": 3, ""label"": ""worm fence"", ""confidence"": 0.037}, {""rank"": 4, ""label"": ""chainlink fence"", ""confidence"": 0.0275}, {""rank"": 5, ""label"": ""church"", ""confidence"": 0.021}]",True,building
Places365_val_00004779.jpg,/Users/aidahamzic/PycharmProjects/PythonProject1/val_256/Places365_val_00004779.jpg,river,viaduct,0.377,"[{""rank"": 1, ""label"": ""viaduct"", ""confidence"": 0.377}, {""rank"": 2, ""label"": ""dam"", ""confidence"": 0.3417}, {""rank"": 3, ""label"": ""steam locomotive"", ""confidence"": 0.0802}, {""rank"": 4, ""label"": ""freight car"", ""confidence"": 0.027}, {""rank"": 5, ""label"": ""snowplow"", ""confidence"": 0.0176}]",False,water
Places365_val_00004812.jpg,/Users/aidahamzic/PycharmProjects/PythonProject1/val_256/Places365_val_00004812.jpg,hotel-outdoor,library,0.1795,"[{""rank"": 1, ""label"": ""library"", ""confidence"": 0.1795}, {""rank"": 2, ""label"": ""prison"", ""confidence"": 0.1382}, {""rank"": 3, ""label"": ""bookshop"", ""confidence"": 0.0358}, {""rank"": 4, ""label"": ""horse cart"", ""confidence"": 0.029}, {""rank"": 5, ""label"": ""picket fence"", ""confidence"": 0.0228}]",True,building
Places365_val_00004818.jpg,/Users/aidahamzic/PycharmProjects/PythonProject1/val_256/Places365_val_00004818.jpg,house,boathouse,0.6833,"[{""rank"": 1, ""label"": ""boathouse"", ""confidence"": 0.6833}, {""rank"": 2, ""label"": ""beacon"", ""confidence"": 0.0497}, {""rank"": 3, ""label"": ""mobile home"", ""confidence"": 0.0472}, {""rank"": 4, ""label"": ""lakeside"", ""confidence"": 0.0361}, {""rank"": 5, ""label"": ""patio"", ""confidence"": 0.0186}]",True,building
Places365_val_00004861.jpg,/Users/aidahamzic/PycharmProjects/PythonProject1/val_256/Places365_val_00004861.jpg,hotel-outdoor,boathouse,0.3925,"[{""rank"": 1, ""label"": ""boathouse"", ""confidence"": 0.3925}, {""rank"": 2, ""label"": ""mobile home"", ""confidence"": 0.2434}, {""rank"": 3, ""label"": ""planetarium"", ""confidence"": 0.1561}, {""rank"": 4, ""label"": ""solar dish"", ""confidence"": 0.081}, {""rank"": 5, ""label"": ""barn"", ""confidence"": 0.0211}]",True,building
Places365_val_00004876.jpg,/Users/aidahamzic/PycharmProjects/PythonProject1/val_256/Places365_val_00004876.jpg,rainforest,valley,0.8805,"[{""rank"": 1, ""label"": ""valley"", ""confidence"": 0.8805}, {""rank"": 2, ""label"": ""alp"", ""confidence"": 0.0229}, {""rank"": 3, ""label"": ""suspension bridge"", ""confidence"": 0.0209}, {""rank"": 4, ""label"": ""cliff"", ""confidence"": 0.0195}, {""rank"": 5, ""label"": ""mountain bike"", ""confidence"": 0.0059}]",True,forest
Places365_val_00004954.jpg,/Users/aidahamzic/PycharmProjects/PythonProject1/val_256/Places365_val_00004954.jpg,skyscraper,solar dish,0.3565,"[{""rank"": 1, ""label"": ""solar dish"", ""confidence"": 0.3565}, {""rank"": 2, ""label"": ""pier"", ""confidence"": 0.1874}, {""rank"": 3, ""label"": ""bell cote"", ""confidence"": 0.0447}, {""rank"": 4, ""label"": ""schooner"", ""confidence"": 0.0297}, {""rank"": 5, ""label"": ""planetarium"", ""confidence"": 0.0289}]",True,building
Places365_val_00004968.jpg,/Users/aidahamzic/PycharmProjects/PythonProject1/val_256/Places365_val_00004968.jpg,forest-broadleaf,worm fence,0.0814,"[{""rank"": 1, ""label"": ""worm fence"", ""confidence"": 0.0814}, {""rank"": 2, ""label"": ""lakeside"", ""confidence"": 0.08}, {""rank"": 3, ""label"": ""mountain bike"", ""confidence"": 0.0708}, {""rank"": 4, ""label"": ""water buffalo"", ""confidence"": 0.0387}, {""rank"": 5, ""label"": ""valley"", ""confidence"": 0.0314}]",True,forest
Places365_val_00004972.jpg,/Users/aidahamzic/PycharmProjects/PythonProject1/val_256/Places365_val_00004972.jpg,tower,palace,0.4914,"[{""rank"": 1, ""label"": ""palace"", ""confidence"": 0.4914}, {""rank"": 2, ""label"": ""monastery"", ""confidence"": 0.2634}, {""rank"": 3, ""label"": ""church"", ""confidence"": 0.0677}, {""rank"": 4, ""label"": ""castle"", ""confidence"": 0.0359}, {""rank"": 5, ""label"": ""organ"", ""confidence"": 0.025}]",True,building
Places365_val_00004977.jpg,/Users/aidahamzic/PycharmProjects/PythonProject1/val_256/Places365_val_00004977.jpg,coast,bannister,0.608,"[{""rank"": 1, ""label"": ""bannister"", ""confidence"": 0.608}, {""rank"": 2, ""label"": ""pier"", ""confidence"": 0.1311}, {""rank"": 3, ""label"": ""parallel bars"", ""confidence"": 0.0968}, {""rank"": 4, ""label"": ""solar dish"", ""confidence"": 0.0641}, {""rank"": 5, ""label"": ""lakeside"", ""confidence"": 0.009}]",True,water
Places365_val_00005003.jpg,/Users/aidahamzic/PycharmProjects/PythonProject1/val_256/Places365_val_00005003.jpg,highway,cliff,0.5008,"[{""rank"": 1, ""label"": ""cliff"", ""confidence"": 0.5008}, {""rank"": 2, ""label"": ""suspension bridge"", ""confidence"": 0.2469}, {""rank"": 3, ""label"": ""valley"", ""confidence"": 0.1239}, {""rank"": 4, ""label"": ""dam"", ""confidence"": 0.0528}, {""rank"": 5, ""label"": ""viaduct"", ""confidence"": 0.0207}]",False,street
Places365_val_00005019.jpg,/Users/aidahamzic/PycharmProjects/PythonProject1/val_256/Places365_val_00005019.jpg,glacier,alp,0.237,"[{""rank"": 1, ""label"": ""alp"", ""confidence"": 0.237}, {""rank"": 2, ""label"": ""volcano"", ""confidence"": 0.15}, {""rank"": 3, ""label"": ""cliff"", ""confidence"": 0.1014}, {""rank"": 4, ""label"": ""promontory"", ""confidence"": 0.0922}, {""rank"": 5, ""label"": ""valley"", ""confidence"": 0.0611}]",True,glacier
Places365_val_00005047.jpg,/Users/aidahamzic/PycharmProjects/PythonProject1/val_256/Places365_val_00005047.jpg,highway,street sign,0.0851,"[{""rank"": 1, ""label"": ""street sign"", ""confidence"": 0.0851}, {""rank"": 2, ""label"": ""crane"", ""confidence"": 0.0819}, {""rank"": 3, ""label"": ""solar dish"", ""confidence"": 0.0765}, {""rank"": 4, ""label"": ""traffic light"", ""confidence"": 0.0739}, {""rank"": 5, ""label"": ""airship"", ""confidence"": 0.0525}]",False,street
Places365_val_00005112.jpg,/Users/aidahamzic/PycharmProjects/PythonProject1/val_256/Places365_val_00005112.jpg,mountain,volcano,0.9983,"[{""rank"": 1, ""label"": ""volcano"", ""confidence"": 0.9983}, {""rank"": 2, ""label"": ""alp"", ""confidence"": 0.0005}, {""rank"": 3, ""label"": ""lakeside"", ""confidence"": 0.0002}, {""rank"": 4, ""label"": ""valley"", ""confidence"": 0.0002}, {""rank"": 5, ""label"": ""mountain tent"", ""confidence"": 0.0002}]",True,mountain
Places365_val_00005120.jpg,/Users/aidahamzic/PycharmProjects/PythonProject1/val_256/Places365_val_00005120.jpg,house,palace,0.3615,"[{""rank"": 1, ""label"": ""palace"", ""confidence"": 0.3615}, {""rank"": 2, ""label"": ""mosque"", ""confidence"": 0.3035}, {""rank"": 3, ""label"": ""monastery"", ""confidence"": 0.2264}, {""rank"": 4, ""label"": ""dome"", ""confidence"": 0.0199}, {""rank"": 5, ""label"": ""castle"", ""confidence"": 0.0161}]",True,building
Places365_val_00005209.jpg,/Users/aidahamzic/PycharmProjects/PythonProject1/val_256/Places365_val_00005209.jpg,downtown,crane,0.068,"[{""rank"": 1, ""label"": ""crane"", ""confidence"": 0.068}, {""rank"": 2, ""label"": ""planetarium"", ""confidence"": 0.0643}, {""rank"": 3, ""label"": ""dome"", ""confidence"": 0.0627}, {""rank"": 4, ""label"": ""steel arch bridge"", ""confidence"": 0.0587}, {""rank"": 5, ""label"": ""obelisk"", ""confidence"": 0.0565}]",True,building
Places365_val_00005216.jpg,/Users/aidahamzic/PycharmProjects/PythonProject1/val_256/Places365_val_00005216.jpg,highway,space shuttle,0.368,"[{""rank"": 1, ""label"": ""space shuttle"", ""confidence"": 0.368}, {""rank"": 2, ""label"": ""missile"", ""confidence"": 0.082}, {""rank"": 3, ""label"": ""planetarium"", ""confidence"": 0.0798}, {""rank"": 4, ""label"": ""solar dish"", ""confidence"": 0.0619}, {""rank"": 5, ""label"": ""mosque"", ""confidence"": 0.0544}]",False,street
Places365_val_00005255.jpg,/Users/aidahamzic/PycharmProjects/PythonProject1/val_256/Places365_val_00005255.jpg,downtown,drilling platform,0.554,"[{""rank"": 1, ""label"": ""drilling platform"", ""confidence"": 0.554}, {""rank"": 2, ""label"": ""pier"", ""confidence"": 0.1408}, {""rank"": 3, ""label"": ""dock"", ""confidence"": 0.1185}, {""rank"": 4, ""label"": ""lakeside"", ""confidence"": 0.0951}, {""rank"": 5, ""label"": ""seashore"", ""confidence"": 0.0177}]",False,building
Places365_val_00005259.jpg,/Users/aidahamzic/PycharmProjects/PythonProject1/val_256/Places365_val_00005259.jpg,skyscraper,obelisk,0.2805,"[{""rank"": 1, ""label"": ""obelisk"", ""confidence"": 0.2805}, {""rank"": 2, ""label"": ""fountain"", ""confidence"": 0.1273}, {""rank"": 3, ""label"": ""fireboat"", ""confidence"": 0.0909}, {""rank"": 4, ""label"": ""airship"", ""confidence"": 0.0675}, {""rank"": 5, ""label"": ""pedestal"", ""confidence"": 0.0646}]",True,building
Places365_val_00005410.jpg,/Users/aidahamzic/PycharmProjects/PythonProject1/val_256/Places365_val_00005410.jpg,coast,promontory,0.2669,"[{""rank"": 1, ""label"": ""promontory"", ""confidence"": 0.2669}, {""rank"": 2, ""label"": ""lakeside"", ""confidence"": 0.2643}, {""rank"": 3, ""label"": ""seashore"", ""confidence"": 0.1614}, {""rank"": 4, ""label"": ""cliff"", ""confidence"": 0.06}, {""rank"": 5, ""label"": ""sandbar"", ""confidence"": 0.0518}]",True,water
Places365_val_00005444.jpg,/Users/aidahamzic/PycharmProjects/PythonProject1/val_256/Places365_val_00005444.jpg,rainforest,buckeye,0.1613,"[{""rank"": 1, ""label"": ""buckeye"", ""confidence"": 0.1613}, {""rank"": 2, ""label"": ""pot"", ""confidence"": 0.1074}, {""rank"": 3, ""label"": ""cardoon"", ""confidence"": 0.0548}, {""rank"": 4, ""label"": ""ear"", ""confidence"": 0.0495}, {""rank"": 5, ""label"": ""walking stick"", ""confidence"": 0.0486}]",False,forest
Places365_val_00005456.jpg,/Users/aidahamzic/PycharmProjects/PythonProject1/val_256/Places365_val_00005456.jpg,ocean,seashore,0.2275,"[{""rank"": 1, ""label"": ""seashore"", ""confidence"": 0.2275}, {""rank"": 2, ""label"": ""sandbar"", ""confidence"": 0.1936}, {""rank"": 3, ""label"": ""snorkel"", ""confidence"": 0.0837}, {""rank"": 4, ""label"": ""wreck"", ""confidence"": 0.055}, {""rank"": 5, ""label"": ""catamaran"", ""confidence"": 0.0466}]",True,water
Places365_val_00005461.jpg,/Users/aidahamzic/PycharmProjects/PythonProject1/val_256/Places365_val_00005461.jpg,tower,drilling platform,0.3914,"[{""rank"": 1, ""label"": ""drilling platform"", ""confidence"": 0.3914}, {""rank"": 2, ""label"": ""space shuttle"", ""confidence"": 0.1408}, {""rank"": 3, ""label"": ""liner"", ""confidence"": 0.1108}, {""rank"": 4, ""label"": ""palace"", ""confidence"": 0.0872}, {""rank"": 5, ""label"": ""paddlewheel"", ""confidence"": 0.0418}]",True,building
Places365_val_00005467.jpg,/Users/aidahamzic/PycharmProjects/PythonProject1/val_256/Places365_val_00005467.jpg,street,motor scooter,0.1478,"[{""rank"": 1, ""label"": ""motor scooter"", ""confidence"": 0.1478}, {""rank"": 2, ""label"": ""horse cart"", ""confidence"": 0.0982}, {""rank"": 3, ""label"": ""garbage truck"", ""confidence"": 0.0574}, {""rank"": 4, ""label"": ""moped"", ""confidence"": 0.0539}, {""rank"": 5, ""label"": ""bubble"", ""confidence"": 0.052}]",False,street
Places365_val_00005501.jpg,/Users/aidahamzic/PycharmProjects/PythonProject1/val_256/Places365_val_00005501.jpg,river,lakeside,0.4069,"[{""rank"": 1, ""label"": ""lakeside"", ""confidence"": 0.4069}, {""rank"": 2, ""label"": ""sandbar"", ""confidence"": 0.1797}, {""rank"": 3, ""label"": ""valley"", ""confidence"": 0.1265}, {""rank"": 4, ""label"": ""canoe"", ""confidence"": 0.0364}, {""rank"": 5, ""label"": ""geyser"", ""confidence"": 0.0344}]",True,water
Places365_val_00005531.jpg,/Users/aidahamzic/PycharmProjects/PythonProject1/val_256/Places365_val_00005531.jpg,forest-broadleaf,wallaby,0.1,"[{""rank"": 1, ""label"": ""wallaby"", ""confidence"": 0.1}, {""rank"": 2, ""label"": ""American black bear"", ""confidence"": 0.0715}, {""rank"": 3, ""label"": ""tusker"", ""confidence"": 0.0459}, {""rank"": 4, ""label"": ""siamang"", ""confidence"": 0.0389}, {""rank"": 5, ""label"": ""sloth bear"", ""confidence"": 0.0308}]",False,forest
Places365_val_00005534.jpg,/Users/aidahamzic/PycharmProjects/PythonProject1/val_256/Places365_val_00005534.jpg,rainforest,greenhouse,0.1945,"[{""rank"": 1, ""label"": ""greenhouse"", ""confidence"": 0.1945}, {""rank"": 2, ""label"": ""pot"", ""confidence"": 0.1665}, {""rank"": 3, ""label"": ""patio"", ""confidence"": 0.1238}, {""rank"": 4, ""label"": ""thatch"", ""confidence"": 0.0389}, {""rank"": 5, ""label"": ""mobile home"", ""confidence"": 0.0356}]",False,forest
Places365_val_00005536.jpg,/Users/aidahamzic/PycharmProjects/PythonProject1/val_256/Places365_val_00005536.jpg,ocean,hammerhead,0.4723,"[{""rank"": 1, ""label"": ""hammerhead"", ""confidence"": 0.4723}, {""rank"": 2, ""label"": ""scuba diver"", ""confidence"": 0.2047}, {""rank"": 3, ""label"": ""tiger shark"", ""confidence"": 0.0513}, {""rank"": 4, ""label"": ""great white shark"", ""confidence"": 0.0469}, {""rank"": 5, ""label"": ""coral reef"", ""confidence"": 0.0454}]",False,water
Places365_val_00005542.jpg,/Users/aidahamzic/PycharmProjects/PythonProject1/val_256/Places365_val_00005542.jpg,rainforest,half track,0.3548,"[{""rank"": 1, ""label"": ""half track"", ""confidence"": 0.3548}, {""rank"": 2, ""label"": ""jeep"", ""confidence"": 0.1233}, {""rank"": 3, ""label"": ""tractor"", ""confidence"": 0.1117}, {""rank"": 4, ""label"": ""amphibian"", ""confidence"": 0.0813}, {""rank"": 5, ""label"": ""golfcart"", ""confidence"": 0.0502}]",False,forest
Places365_val_00005544.jpg,/Users/aidahamzic/PycharmProjects/PythonProject1/val_256/Places365_val_00005544.jpg,mountain,cliff,0.147,"[{""rank"": 1, ""label"": ""cliff"", ""confidence"": 0.147}, {""rank"": 2, ""label"": ""alp"", ""confidence"": 0.1252}, {""rank"": 3, ""label"": ""mountain tent"", ""confidence"": 0.1092}, {""rank"": 4, ""label"": ""mountain bike"", ""confidence"": 0.0952}, {""rank"": 5, ""label"": ""valley"", ""confidence"": 0.0598}]",True,mountain
Places365_val_00005573.jpg,/Users/aidahamzic/PycharmProjects/PythonProject1/val_256/Places365_val_00005573.jpg,street,bell cote,0.336,"[{""rank"": 1, ""label"": ""bell cote"", ""confidence"": 0.336}, {""rank"": 2, ""label"": ""monastery"", ""confidence"": 0.18}, {""rank"": 3, ""label"": ""triumphal arch"", ""confidence"": 0.1753}, {""rank"": 4, ""label"": ""palace"", ""confidence"": 0.1095}, {""rank"": 5, ""label"": ""pedestal"", ""confidence"": 0.0418}]",False,street
Places365_val_00005576.jpg,/Users/aidahamzic/PycharmProjects/PythonProject1/val_256/Places365_val_00005576.jpg,hotel-outdoor,traffic light,0.319,"[{""rank"": 1, ""label"": ""traffic light"", ""confidence"": 0.319}, {""rank"": 2, ""label"": ""cinema"", ""confidence"": 0.2684}, {""rank"": 3, ""label"": ""cab"", ""confidence"": 0.0889}, {""rank"": 4, ""label"": ""flagpole"", ""confidence"": 0.0301}, {""rank"": 5, ""label"": ""street sign"", ""confidence"": 0.0294}]",True,building
Places365_val_00005577.jpg,/Users/aidahamzic/PycharmProjects/PythonProject1/val_256/Places365_val_00005577.jpg,river,cliff,0.3834,"[{""rank"": 1, ""label"": ""cliff"", ""confidence"": 0.3834}, {""rank"": 2, ""label"": ""valley"", ""confidence"": 0.2599}, {""rank"": 3, ""label"": ""alp"", ""confidence"": 0.1874}, {""rank"": 4, ""label"": ""stone wall"", ""confidence"": 0.0162}, {""rank"": 5, ""label"": ""megalith"", ""confidence"": 0.0138}]",False,water
Places365_val_00005609.jpg,/Users/aidahamzic/PycharmProjects/PythonProject1/val_256/Places365_val_00005609.jpg,alley,prison,0.6045,"[{""rank"": 1, ""label"": ""prison"", ""confidence"": 0.6045}, {""rank"": 2, ""label"": ""vault"", ""confidence"": 0.055}, {""rank"": 3, ""label"": ""barn"", ""confidence"": 0.0439}, {""rank"": 4, ""label"": ""boathouse"", ""confidence"": 0.0251}, {""rank"": 5, ""label"": ""lumbermill"", ""confidence"": 0.0141}]",False,street
Places365_val_00005635.jpg,/Users/aidahamzic/PycharmProjects/PythonProject1/val_256/Places365_val_00005635.jpg,river,lakeside,0.2285,"[{""rank"": 1, ""label"": ""lakeside"", ""confidence"": 0.2285}, {""rank"": 2, ""label"": ""seashore"", ""confidence"": 0.2}, {""rank"": 3, ""label"": ""sandbar"", ""confidence"": 0.1622}, {""rank"": 4, ""label"": ""promontory"", ""confidence"": 0.139}, {""rank"": 5, ""label"": ""geyser"", ""confidence"": 0.0403}]",True,water
Places365_val_00005660.jpg,/Users/aidahamzic/PycharmProjects/PythonProject1/val_256/Places365_val_00005660.jpg,alley,steam locomotive,0.858,"[{""rank"": 1, ""label"": ""steam locomotive"", ""confidence"": 0.858}, {""rank"": 2, ""label"": ""passenger car"", ""confidence"": 0.0586}, {""rank"": 3, ""label"": ""missile"", ""confidence"": 0.0144}, {""rank"": 4, ""label"": ""cannon"", ""confidence"": 0.0088}, {""rank"": 5, ""label"": ""aircraft carrier"", ""confidence"": 0.0084}]",False,street
Places365_val_00005706.jpg,/Users/aidahamzic/PycharmProjects/PythonProject1/val_256/Places365_val_00005706.jpg,forest-broadleaf,lakeside,0.0895,"[{""rank"": 1, ""label"": ""lakeside"", ""confidence"": 0.0895}, {""rank"": 2, ""label"": ""park bench"", ""confidence"": 0.073}, {""rank"": 3, ""label"": ""mountain tent"", ""confidence"": 0.0597}, {""rank"": 4, ""label"": ""viaduct"", ""confidence"": 0.0372}, {""rank"": 5, ""label"": ""obelisk"", ""confidence"": 0.0314}]",False,forest
Places365_val_00005720.jpg,/Users/aidahamzic/PycharmProjects/PythonProject1/val_256/Places365_val_00005720.jpg,tower,beacon,0.7286,"[{""rank"": 1, ""label"": ""beacon"", ""confidence"": 0.7286}, {""rank"": 2, ""label"": ""bell cote"", ""confidence"": 0.2389}, {""rank"": 3, ""label"": ""monastery"", ""confidence"": 0.0101}, {""rank"": 4, ""label"": ""water tower"", ""confidence"": 0.0051}, {""rank"": 5, ""label"": ""pedestal"", ""confidence"": 0.0043}]",True,building
Places365_val_00005827.jpg,/Users/aidahamzic/PycharmProjects/PythonProject1/val_256/Places365_val_00005827.jpg,highway,aircraft carrier,0.3128,"[{""rank"": 1, ""label"": ""aircraft carrier"", ""confidence"": 0.3128}, {""rank"": 2, ""label"": ""submarine"", ""confidence"": 0.1095}, {""rank"": 3, ""label"": ""space shuttle"", ""confidence"": 0.0802}, {""rank"": 4, ""label"": ""obelisk"", ""confidence"": 0.0607}, {""rank"": 5, ""label"": ""liner"", ""confidence"": 0.0512}]",False,street
Places365_val_00005843.jpg,/Users/aidahamzic/PycharmProjects/PythonProject1/val_256/Places365_val_00005843.jpg,ocean,tiger shark,0.4719,"[{""rank"": 1, ""label"": ""tiger shark"", ""confidence"": 0.4719}, {""rank"": 2, ""label"": ""great white shark"", ""confidence"": 0.3793}, {""rank"": 3, ""label"": ""hammerhead"", ""confidence"": 0.0366}, {""rank"": 4, ""label"": ""electric ray"", ""confidence"": 0.0286}, {""rank"": 5, ""label"": ""sturgeon"", ""confidence"": 0.0169}]",False,water
Places365_val_00005858.jpg,/Users/aidahamzic/PycharmProjects/PythonProject1/val_256/Places365_val_00005858.jpg,house,monastery,0.187,"[{""rank"": 1, ""label"": ""monastery"", ""confidence"": 0.187}, {""rank"": 2, ""label"": ""palace"", ""confidence"": 0.1833}, {""rank"": 3, ""label"": ""boathouse"", ""confidence"": 0.1308}, {""rank"": 4, ""label"": ""lakeside"", ""confidence"": 0.1179}, {""rank"": 5, ""label"": ""planetarium"", ""confidence"": 0.0749}]",True,building
Places365_val_00005880.jpg,/Users/aidahamzic/PycharmProjects/PythonProject1/val_256/Places365_val_00005880.jpg,ocean,albatross,0.5774,"[{""rank"": 1, ""label"": ""albatross"", ""confidence"": 0.5774}, {""rank"": 2, ""label"": ""gar"", ""confidence"": 0.147}, {""rank"": 3, ""label"": ""great white shark"", ""confidence"": 0.0465}, {""rank"": 4, ""label"": ""grey whale"", ""confidence"": 0.0268}, {""rank"": 5, ""label"": ""killer whale"", ""confidence"": 0.0252}]",False,water
Places365_val_00005887.jpg,/Users/aidahamzic/PycharmProjects/PythonProject1/val_256/Places365_val_00005887.jpg,hotel-outdoor,library,0.2499,"[{""rank"": 1, ""label"": ""library"", ""confidence"": 0.2499}, {""rank"": 2, ""label"": ""palace"", ""confidence"": 0.1599}, {""rank"": 3, ""label"": ""prison"", ""confidence"": 0.0622}, {""rank"": 4, ""label"": ""bookshop"", ""confidence"": 0.0361}, {""rank"": 5, ""label"": ""bell cote"", ""confidence"": 0.0321}]",True,building
Places365_val_00005927.jpg,/Users/aidahamzic/PycharmProjects/PythonProject1/val_256/Places365_val_00005927.jpg,glacier,lakeside,0.6388,"[{""rank"": 1, ""label"": ""lakeside"", ""confidence"": 0.6388}, {""rank"": 2, ""label"": ""valley"", ""confidence"": 0.122}, {""rank"": 3, ""label"": ""alp"", ""confidence"": 0.0405}, {""rank"": 4, ""label"": ""volcano"", ""confidence"": 0.0387}, {""rank"": 5, ""label"": ""boathouse"", ""confidence"": 0.0357}]",True,glacier
Places365_val_00005930.jpg,/Users/aidahamzic/PycharmProjects/PythonProject1/val_256/Places365_val_00005930.jpg,coast,convertible,0.607,"[{""rank"": 1, ""label"": ""convertible"", ""confidence"": 0.607}, {""rank"": 2, ""label"": ""sports car"", ""confidence"": 0.3169}, {""rank"": 3, ""label"": ""pickup"", ""confidence"": 0.0217}, {""rank"": 4, ""label"": ""beach wagon"", ""confidence"": 0.0144}, {""rank"": 5, ""label"": ""car wheel"", ""confidence"": 0.0142}]",False,water
Places365_val_00005946.jpg,/Users/aidahamzic/PycharmProjects/PythonProject1/val_256/Places365_val_00005946.jpg,river,lakeside,0.8624,"[{""rank"": 1, ""label"": ""lakeside"", ""confidence"": 0.8624}, {""rank"": 2, ""label"": ""boathouse"", ""confidence"": 0.0786}, {""rank"": 3, ""label"": ""canoe"", ""confidence"": 0.0162}, {""rank"": 4, ""label"": ""dock"", ""confidence"": 0.006}, {""rank"": 5, ""label"": ""pier"", ""confidence"": 0.0037}]",True,water
Places365_val_00005953.jpg,/Users/aidahamzic/PycharmProjects/PythonProject1/val_256/Places365_val_00005953.jpg,skyscraper,cinema,0.2333,"[{""rank"": 1, ""label"": ""cinema"", ""confidence"": 0.2333}, {""rank"": 2, ""label"": ""steel arch bridge"", ""confidence"": 0.2241}, {""rank"": 3, ""label"": ""pier"", ""confidence"": 0.0546}, {""rank"": 4, ""label"": ""dome"", ""confidence"": 0.0439}, {""rank"": 5, ""label"": ""crane"", ""confidence"": 0.0353}]",True,building
Places365_val_00005976.jpg,/Users/aidahamzic/PycharmProjects/PythonProject1/val_256/Places365_val_00005976.jpg,skyscraper,palace,0.143,"[{""rank"": 1, ""label"": ""palace"", ""confidence"": 0.143}, {""rank"": 2, ""label"": ""dock"", ""confidence"": 0.0557}, {""rank"": 3, ""label"": ""jigsaw puzzle"", ""confidence"": 0.0333}, {""rank"": 4, ""label"": ""drilling platform"", ""confidence"": 0.033}, {""rank"": 5, ""label"": ""airship"", ""confidence"": 0.0284}]",True,building
Places365_val_00005983.jpg,/Users/aidahamzic/PycharmProjects/PythonProject1/val_256/Places365_val_00005983.jpg,downtown,geyser,0.1676,"[{""rank"": 1, ""label"": ""geyser"", ""confidence"": 0.1676}, {""rank"": 2, ""label"": ""fireboat"", ""confidence"": 0.157}, {""rank"": 3, ""label"": ""trailer truck"", ""confidence"": 0.0656}, {""rank"": 4, ""label"": ""mountain tent"", ""confidence"": 0.0393}, {""rank"": 5, ""label"": ""fountain"", ""confidence"": 0.0364}]",False,building
Places365_val_00005993.jpg,/Users/aidahamzic/PycharmProjects/PythonProject1/val_256/Places365_val_00005993.jpg,street,bathing cap,0.2193,"[{""rank"": 1, ""label"": ""bathing cap"", ""confidence"": 0.2193}, {""rank"": 2, ""label"": ""park bench"", ""confidence"": 0.1332}, {""rank"": 3, ""label"": ""balance beam"", ""confidence"": 0.1283}, {""rank"": 4, ""label"": ""swimming trunks"", ""confidence"": 0.1063}, {""rank"": 5, ""label"": ""maillot tank suit"", ""confidence"": 0.054}]",False,street
Places365_val_00006082.jpg,/Users/aidahamzic/PycharmProjects/PythonProject1/val_256/Places365_val_00006082.jpg,street,unicycle,0.2352,"[{""rank"": 1, ""label"": ""unicycle"", ""confidence"": 0.2352}, {""rank"": 2, ""label"": ""plunger"", ""confidence"": 0.0735}, {""rank"": 3, ""label"": ""crutch"", ""confidence"": 0.0727}, {""rank"": 4, ""label"": ""bicycle-built-for-two"", ""confidence"": 0.0721}, {""rank"": 5, ""label"": ""ski"", ""confidence"": 0.0589}]",False,street
Places365_val_00006130.jpg,/Users/aidahamzic/PycharmProjects/PythonProject1/val_256/Places365_val_00006130.jpg,downtown,planetarium,0.146,"[{""rank"": 1, ""label"": ""planetarium"", ""confidence"": 0.146}, {""rank"": 2, ""label"": ""mosque"", ""confidence"": 0.0968}, {""rank"": 3, ""label"": ""thimble"", ""confidence"": 0.0376}, {""rank"": 4, ""label"": ""water tower"", ""confidence"": 0.0336}, {""rank"": 5, ""label"": ""flagpole"", ""confidence"": 0.0285}]",True,building
Places365_val_00006184.jpg,/Users/aidahamzic/PycharmProjects/PythonProject1/val_256/Places365_val_00006184.jpg,house,monastery,0.3828,"[{""rank"": 1, ""label"": ""monastery"", ""confidence"": 0.3828}, {""rank"": 2, ""label"": ""castle"", ""confidence"": 0.2426}, {""rank"": 3, ""label"": ""prison"", ""confidence"": 0.1665}, {""rank"": 4, ""label"": ""barn"", ""confidence"": 0.0387}, {""rank"": 5, ""label"": ""alp"", ""confidence"": 0.0226}]",True,building
Places365_val_00006187.jpg,/Users/aidahamzic/PycharmProjects/PythonProject1/val_256/Places365_val_00006187.jpg,mountain,cliff,0.7973,"[{""rank"": 1, ""label"": ""cliff"", ""confidence"": 0.7973}, {""rank"": 2, ""label"": ""valley"", ""confidence"": 0.0606}, {""rank"": 3, ""label"": ""promontory"", ""confidence"": 0.0298}, {""rank"": 4, ""label"": ""cliff dwelling"", ""confidence"": 0.0149}, {""rank"": 5, ""label"": ""brown bear"", ""confidence"": 0.0125}]",True,mountain
Places365_val_00006205.jpg,/Users/aidahamzic/PycharmProjects/PythonProject1/val_256/Places365_val_00006205.jpg,house,palace,0.1127,"[{""rank"": 1, ""label"": ""palace"", ""confidence"": 0.1127}, {""rank"": 2, ""label"": ""cinema"", ""confidence"": 0.1067}, {""rank"": 3, ""label"": ""prison"", ""confidence"": 0.0736}, {""rank"": 4, ""label"": ""library"", ""confidence"": 0.05}, {""rank"": 5, ""label"": ""moving van"", ""confidence"": 0.0481}]",True,building
Places365_val_00006220.jpg,/Users/aidahamzic/PycharmProjects/PythonProject1/val_256/Places365_val_00006220.jpg,skyscraper,planetarium,0.5184,"[{""rank"": 1, ""label"": ""planetarium"", ""confidence"": 0.5184}, {""rank"": 2, ""label"": ""electric fan"", ""confidence"": 0.1886}, {""rank"": 3, ""label"": ""dome"", ""confidence"": 0.0767}, {""rank"": 4, ""label"": ""solar dish"", ""confidence"": 0.0569}, {""rank"": 5, ""label"": ""traffic light"", ""confidence"": 0.0259}]",True,building
Places365_val_00006235.jpg,/Users/aidahamzic/PycharmProjects/PythonProject1/val_256/Places365_val_00006235.jpg,mountain,alp,0.2779,"[{""rank"": 1, ""label"": ""alp"", ""confidence"": 0.2779}, {""rank"": 2, ""label"": ""valley"", ""confidence"": 0.1964}, {""rank"": 3, ""label"": ""volcano"", ""confidence"": 0.1517}, {""rank"": 4, ""label"": ""cliff"", ""confidence"": 0.1456}, {""rank"": 5, ""label"": ""promontory"", ""confidence"": 0.0519}]",True,mountain
Places365_val_00006239.jpg,/Users/aidahamzic/PycharmProjects/PythonProject1/val_256/Places365_val_00006239.jpg,rainforest,coral fungus,0.0474,"[{""rank"": 1, ""label"": ""coral fungus"", ""confidence"": 0.0474}, {""rank"": 2, ""label"": ""eft"", ""confidence"": 0.0379}, {""rank"": 3, ""label"": ""bolete"", ""confidence"": 0.0256}, {""rank"": 4, ""label"": ""stinkhorn"", ""confidence"": 0.024}, {""rank"": 5, ""label"": ""earthstar"", ""confidence"": 0.0231}]",False,forest
Places365_val_00006240.jpg,/Users/aidahamzic/PycharmProjects/PythonProject1/val_256/Places365_val_00006240.jpg,skyscraper,bell cote,0.1493,"[{""rank"": 1, ""label"": ""bell cote"", ""confidence"": 0.1493}, {""rank"": 2, ""label"": ""church"", ""confidence"": 0.1456}, {""rank"": 3, ""label"": ""barn"", ""confidence"": 0.1342}, {""rank"": 4, ""label"": ""tile roof"", ""confidence"": 0.1021}, {""rank"": 5, ""label"": ""water tower"", ""confidence"": 0.0933}]",True,building
Places365_val_00006287.jpg,/Users/aidahamzic/PycharmProjects/PythonProject1/val_256/Places365_val_00006287.jpg,house,castle,0.1941,"[{""rank"": 1, ""label"": ""castle"", ""confidence"": 0.1941}, {""rank"": 2, ""label"": ""thatch"", ""confidence"": 0.1808}, {""rank"": 3, ""label"": ""church"", ""confidence"": 0.0958}, {""rank"": 4, ""label"": ""boathouse"", ""confidence"": 0.0595}, {""rank"": 5, ""label"": ""beacon"", ""confidence"": 0.0469}]",True,building
Places365_val_00006321.jpg,/Users/aidahamzic/PycharmProjects/PythonProject1/val_256/Places365_val_00006321.jpg,mountain,lakeside,0.1865,"[{""rank"": 1, ""label"": ""lakeside"", ""confidence"": 0.1865}, {""rank"": 2, ""label"": ""promontory"", ""confidence"": 0.1551}, {""rank"": 3, ""label"": ""volcano"", ""confidence"": 0.1301}, {""rank"": 4, ""label"": ""sandbar"", ""confidence"": 0.112}, {""rank"": 5, ""label"": ""seashore"", ""confidence"": 0.0385}]",True,mountain
Places365_val_00006338.jpg,/Users/aidahamzic/PycharmProjects/PythonProject1/val_256/Places365_val_00006338.jpg,rainforest,jeep,0.9066,"[{""rank"": 1, ""label"": ""jeep"", ""confidence"": 0.9066}, {""rank"": 2, ""label"": ""police van"", ""confidence"": 0.0219}, {""rank"": 3, ""label"": ""tow truck"", ""confidence"": 0.0195}, {""rank"": 4, ""label"": ""cab"", ""confidence"": 0.0097}, {""rank"": 5, ""label"": ""ambulance"", ""confidence"": 0.0081}]",False,forest
Places365_val_00006345.jpg,/Users/aidahamzic/PycharmProjects/PythonProject1/val_256/Places365_val_00006345.jpg,highway,mountain tent,0.4417,"[{""rank"": 1, ""label"": ""mountain tent"", ""confidence"": 0.4417}, {""rank"": 2, ""label"": ""greenhouse"", ""confidence"": 0.1016}, {""rank"": 3, ""label"": ""barn"", ""confidence"": 0.0979}, {""rank"": 4, ""label"": ""mosquito net"", ""confidence"": 0.0438}, {""rank"": 5, ""label"": ""fountain"", ""confidence"": 0.039}]",False,street
Places365_val_00006353.jpg,/Users/aidahamzic/PycharmProjects/PythonProject1/val_256/Places365_val_00006353.jpg,ocean,promontory,0.4559,"[{""rank"": 1, ""label"": ""promontory"", ""confidence"": 0.4559}, {""rank"": 2, ""label"": ""seashore"", ""confidence"": 0.3055}, {""rank"": 3, ""label"": ""cliff"", ""confidence"": 0.079}, {""rank"": 4, ""label"": ""beacon"", ""confidence"": 0.0254}, {""rank"": 5, ""label"": ""breakwater"", ""confidence"": 0.0232}]",True,water
Places365_val_00006379.jpg,/Users/aidahamzic/PycharmProjects/PythonProject1/val_256/Places365_val_00006379.jpg,highway,street sign,0.8687,"[{""rank"": 1, ""label"": ""street sign"", ""confidence"": 0.8687}, {""rank"": 2, ""label"": ""traffic light"", ""confidence"": 0.1007}, {""rank"": 3, ""label"": ""moving van"", ""confidence"": 0.0043}, {""rank"": 4, ""label"": ""minibus"", ""confidence"": 0.0036}, {""rank"": 5, ""label"": ""police van"", ""confidence"": 0.0027}]",False,street
Places365_val_00006388.jpg,/Users/aidahamzic/PycharmProjects/PythonProject1/val_256/Places365_val_00006388.jpg,river,geyser,0.5725,"[{""rank"": 1, ""label"": ""geyser"", ""confidence"": 0.5725}, {""rank"": 2, ""label"": ""fountain"", ""confidence"": 0.0983}, {""rank"": 3, ""label"": ""beacon"", ""confidence"": 0.0522}, {""rank"": 4, ""label"": ""castle"", ""confidence"": 0.0393}, {""rank"": 5, ""label"": ""lakeside"", ""confidence"": 0.0291}]",True,water
Places365_val_00006394.jpg,/Users/aidahamzic/PycharmProjects/PythonProject1/val_256/Places365_val_00006394.jpg,house,alp,0.2108,"[{""rank"": 1, ""label"": ""alp"", ""confidence"": 0.2108}, {""rank"": 2, ""label"": ""solar dish"", ""confidence"": 0.151}, {""rank"": 3, ""label"": ""boathouse"", ""confidence"": 0.1179}, {""rank"": 4, ""label"": ""mobile home"", ""confidence"": 0.0976}, {""rank"": 5, ""label"": ""church"", ""confidence"": 0.0896}]",True,building
Places365_val_00006420.jpg,/Users/aidahamzic/PycharmProjects/PythonProject1/val_256/Places365_val_00006420.jpg,highway,mountain tent,0.2457,"[{""rank"": 1, ""label"": ""mountain tent"", ""confidence"": 0.2457}, {""rank"": 2, ""label"": ""alp"", ""confidence"": 0.116}, {""rank"": 3, ""label"": ""recreational vehicle"", ""confidence"": 0.067}, {""rank"": 4, ""label"": ""yurt"", ""confidence"": 0.0603}, {""rank"": 5, ""label"": ""valley"", ""confidence"": 0.0591}]",False,street
Places365_val_00006443.jpg,/Users/aidahamzic/PycharmProjects/PythonProject1/val_256/Places365_val_00006443.jpg,hotel-outdoor,cinema,0.3354,"[{""rank"": 1, ""label"": ""cinema"", ""confidence"": 0.3354}, {""rank"": 2, ""label"": ""traffic light"", ""confidence"": 0.1423}, {""rank"": 3, ""label"": ""cab"", ""confidence"": 0.0625}, {""rank"": 4, ""label"": ""library"", ""confidence"": 0.0425}, {""rank"": 5, ""label"": ""flagpole"", ""confidence"": 0.0373}]",True,building
Places365_val_00006454.jpg,/Users/aidahamzic/PycharmProjects/PythonProject1/val_256/Places365_val_00006454.jpg,coast,wreck,0.2552,"[{""rank"": 1, ""label"": ""wreck"", ""confidence"": 0.2552}, {""rank"": 2, ""label"": ""pier"", ""confidence"": 0.2013}, {""rank"": 3, ""label"": ""seashore"", ""confidence"": 0.1128}, {""rank"": 4, ""label"": ""suspension bridge"", ""confidence"": 0.08}, {""rank"": 5, ""label"": ""breakwater"", ""confidence"": 0.0453}]",True,water
Places365_val_00006482.jpg,/Users/aidahamzic/PycharmProjects/PythonProject1/val_256/Places365_val_00006482.jpg,alley,lumbermill,0.0572,"[{""rank"": 1, ""label"": ""lumbermill"", ""confidence"": 0.0572}, {""rank"": 2, ""label"": ""guillotine"", ""confidence"": 0.0501}, {""rank"": 3, ""label"": ""ski"", ""confidence"": 0.0492}, {""rank"": 4, ""label"": ""chain saw"", ""confidence"": 0.0396}, {""rank"": 5, ""label"": ""vault"", ""confidence"": 0.0344}]",False,street
Places365_val_00006492.jpg,/Users/aidahamzic/PycharmProjects/PythonProject1/val_256/Places365_val_00006492.jpg,downtown,crane,0.0912,"[{""rank"": 1, ""label"": ""crane"", ""confidence"": 0.0912}, {""rank"": 2, ""label"": ""drilling platform"", ""confidence"": 0.09}, {""rank"": 3, ""label"": ""pier"", ""confidence"": 0.0682}, {""rank"": 4, ""label"": ""steel arch bridge"", ""confidence"": 0.0482}, {""rank"": 5, ""label"": ""bell cote"", ""confidence"": 0.0473}]",False,building
Places365_val_00006504.jpg,/Users/aidahamzic/PycharmProjects/PythonProject1/val_256/Places365_val_00006504.jpg,house,picket fence,0.9002,"[{""rank"": 1, ""label"": ""picket fence"", ""confidence"": 0.9002}, {""rank"": 2, ""label"": ""mobile home"", ""confidence"": 0.0774}, {""rank"": 3, ""label"": ""worm fence"", ""confidence"": 0.0153}, {""rank"": 4, ""label"": ""patio"", ""confidence"": 0.0018}, {""rank"": 5, ""label"": ""solar dish"", ""confidence"": 0.0009}]",True,building
Places365_val_00006514.jpg,/Users/aidahamzic/PycharmProjects/PythonProject1/val_256/Places365_val_00006514.jpg,hotel-outdoor,steel arch bridge,0.1529,"[{""rank"": 1, ""label"": ""steel arch bridge"", ""confidence"": 0.1529}, {""rank"": 2, ""label"": ""pier"", ""confidence"": 0.1049}, {""rank"": 3, ""label"": ""stage"", ""confidence"": 0.0983}, {""rank"": 4, ""label"": ""drilling platform"", ""confidence"": 0.0836}, {""rank"": 5, ""label"": ""liner"", ""confidence"": 0.0684}]",False,building
Places365_val_00006518.jpg,/Users/aidahamzic/PycharmProjects/PythonProject1/val_256/Places365_val_00006518.jpg,river,valley,0.8586,"[{""rank"": 1, ""label"": ""valley"", ""confidence"": 0.8586}, {""rank"": 2, ""label"": ""alp"", ""confidence"": 0.0414}, {""rank"": 3, ""label"": ""cliff"", ""confidence"": 0.0268}, {""rank"": 4, ""label"": ""promontory"", ""confidence"": 0.0254}, {""rank"": 5, ""label"": ""lakeside"", ""confidence"": 0.0236}]",True,water
Places365_val_00006550.jpg,/Users/aidahamzic/PycharmProjects/PythonProject1/val_256/Places365_val_00006550.jpg,river,Dutch oven,0.0824,"[{""rank"": 1, ""label"": ""Dutch oven"", ""confidence"": 0.0824}, {""rank"": 2, ""label"": ""steel drum"", ""confidence"": 0.0389}, {""rank"": 3, ""label"": ""go-kart"", ""confidence"": 0.0357}, {""rank"": 4, ""label"": ""jersey"", ""confidence"": 0.0341}, {""rank"": 5, ""label"": ""sturgeon"", ""confidence"": 0.0308}]",False,water
Places365_val_00006556.jpg,/Users/aidahamzic/PycharmProjects/PythonProject1/val_256/Places365_val_00006556.jpg,highway,traffic light,0.2341,"[{""rank"": 1, ""label"": ""traffic light"", ""confidence"": 0.2341}, {""rank"": 2, ""label"": ""flagpole"", ""confidence"": 0.1987}, {""rank"": 3, ""label"": ""pole"", ""confidence"": 0.1485}, {""rank"": 4, ""label"": ""mobile home"", ""confidence"": 0.1176}, {""rank"": 5, ""label"": ""trolleybus"", ""confidence"": 0.0337}]",True,street
Places365_val_00006602.jpg,/Users/aidahamzic/PycharmProjects/PythonProject1/val_256/Places365_val_00006602.jpg,downtown,bell cote,0.1563,"[{""rank"": 1, ""label"": ""bell cote"", ""confidence"": 0.1563}, {""rank"": 2, ""label"": ""bullet train"", ""confidence"": 0.1487}, {""rank"": 3, ""label"": ""suspension bridge"", ""confidence"": 0.1127}, {""rank"": 4, ""label"": ""pier"", ""confidence"": 0.0377}, {""rank"": 5, ""label"": ""greenhouse"", ""confidence"": 0.0353}]",True,building
Places365_val_00006611.jpg,/Users/aidahamzic/PycharmProjects/PythonProject1/val_256/Places365_val_00006611.jpg,river,maze,0.0916,"[{""rank"": 1, ""label"": ""maze"", ""confidence"": 0.0916}, {""rank"": 2, ""label"": ""valley"", ""confidence"": 0.0784}, {""rank"": 3, ""label"": ""stupa"", ""confidence"": 0.0673}, {""rank"": 4, ""label"": ""monastery"", ""confidence"": 0.0479}, {""rank"": 5, ""label"": ""patio"", ""confidence"": 0.0413}]",False,water
Places365_val_00006676.jpg,/Users/aidahamzic/PycharmProjects/PythonProject1/val_256/Places365_val_00006676.jpg,hotel-outdoor,solar dish,0.6915,"[{""rank"": 1, ""label"": ""solar dish"", ""confidence"": 0.6915}, {""rank"": 2, ""label"": ""monitor"", ""confidence"": 0.0549}, {""rank"": 3, ""label"": ""scoreboard"", ""confidence"": 0.0372}, {""rank"": 4, ""label"": ""screen"", ""confidence"": 0.0179}, {""rank"": 5, ""label"": ""window screen"", ""confidence"": 0.0151}]",False,building
Places365_val_00006708.jpg,/Users/aidahamzic/PycharmProjects/PythonProject1/val_256/Places365_val_00006708.jpg,skyscraper,crane,0.0903,"[{""rank"": 1, ""label"": ""crane"", ""confidence"": 0.0903}, {""rank"": 2, ""label"": ""steel arch bridge"", ""confidence"": 0.0589}, {""rank"": 3, ""label"": ""pier"", ""confidence"": 0.0587}, {""rank"": 4, ""label"": ""traffic light"", ""confidence"": 0.0455}, {""rank"": 5, ""label"": ""cab"", ""confidence"": 0.0454}]",False,building
Places365_val_00006725.jpg,/Users/aidahamzic/PycharmProjects/PythonProject1/val_256/Places365_val_00006725.jpg,river,lakeside,0.2418,"[{""rank"": 1, ""label"": ""lakeside"", ""confidence"": 0.2418}, {""rank"": 2, ""label"": ""valley"", ""confidence"": 0.1415}, {""rank"": 3, ""label"": ""sandbar"", ""confidence"": 0.1359}, {""rank"": 4, ""label"": ""alp"", ""confidence"": 0.0734}, {""rank"": 5, ""label"": ""promontory"", ""confidence"": 0.0667}]",True,water
Places365_val_00006739.jpg,/Users/aidahamzic/PycharmProjects/PythonProject1/val_256/Places365_val_00006739.jpg,ocean,pirate,0.392,"[{""rank"": 1, ""label"": ""pirate"", ""confidence"": 0.392}, {""rank"": 2, ""label"": ""wreck"", ""confidence"": 0.3653}, {""rank"": 3, ""label"": ""schooner"", ""confidence"": 0.0563}, {""rank"": 4, ""label"": ""liner"", ""confidence"": 0.0472}, {""rank"": 5, ""label"": ""dock"", ""confidence"": 0.0324}]",True,water
Places365_val_00006740.jpg,/Users/aidahamzic/PycharmProjects/PythonProject1/val_256/Places365_val_00006740.jpg,glacier,valley,0.1843,"[{""rank"": 1, ""label"": ""valley"", ""confidence"": 0.1843}, {""rank"": 2, ""label"": ""alp"", ""confidence"": 0.1653}, {""rank"": 3, ""label"": ""lakeside"", ""confidence"": 0.1486}, {""rank"": 4, ""label"": ""snowmobile"", ""confidence"": 0.0725}, {""rank"": 5, ""label"": ""dogsled"", ""confidence"": 0.0547}]",True,glacier
Places365_val_00006808.jpg,/Users/aidahamzic/PycharmProjects/PythonProject1/val_256/Places365_val_00006808.jpg,river,valley,0.6614,"[{""rank"": 1, ""label"": ""valley"", ""confidence"": 0.6614}, {""rank"": 2, ""label"": ""coho"", ""confidence"": 0.1024}, {""rank"": 3, ""label"": ""snorkel"", ""confidence"": 0.0516}, {""rank"": 4, ""label"": ""canoe"", ""confidence"": 0.0384}, {""rank"": 5, ""label"": ""lakeside"", ""confidence"": 0.0184}]",True,water
Places365_val_00006861.jpg,/Users/aidahamzic/PycharmProjects/PythonProject1/val_256/Places365_val_00006861.jpg,ocean,seashore,0.7634,"[{""rank"": 1, ""label"": ""seashore"", ""confidence"": 0.7634}, {""rank"": 2, ""label"": ""lakeside"", ""confidence"": 0.0965}, {""rank"": 3, ""label"": ""promontory"", ""confidence"": 0.0823}, {""rank"": 4, ""label"": ""sandbar"", ""confidence"": 0.0444}, {""rank"": 5, ""label"": ""breakwater"", ""confidence"": 0.0021}]",True,water
Places365_val_00006910.jpg,/Users/aidahamzic/PycharmProjects/PythonProject1/val_256/Places365_val_00006910.jpg,highway,trailer truck,0.2056,"[{""rank"": 1, ""label"": ""trailer truck"", ""confidence"": 0.2056}, {""rank"": 2, ""label"": ""lakeside"", ""confidence"": 0.1204}, {""rank"": 3, ""label"": ""streetcar"", ""confidence"": 0.0937}, {""rank"": 4, ""label"": ""container ship"", ""confidence"": 0.0593}, {""rank"": 5, ""label"": ""traffic light"", ""confidence"": 0.0526}]",True,street
Places365_val_00006918.jpg,/Users/aidahamzic/PycharmProjects/PythonProject1/val_256/Places365_val_00006918.jpg,alley,prison,0.5458,"[{""rank"": 1, ""label"": ""prison"", ""confidence"": 0.5458}, {""rank"": 2, ""label"": ""vault"", ""confidence"": 0.3558}, {""rank"": 3, ""label"": ""monastery"", ""confidence"": 0.0425}, {""rank"": 4, ""label"": ""cliff dwelling"", ""confidence"": 0.0117}, {""rank"": 5, ""label"": ""castle"", ""confidence"": 0.0113}]",False,street
Places365_val_00006925.jpg,/Users/aidahamzic/PycharmProjects/PythonProject1/val_256/Places365_val_00006925.jpg,ocean,bikini,0.6994,"[{""rank"": 1, ""label"": ""bikini"", ""confidence"": 0.6994}, {""rank"": 2, ""label"": ""maillot tank suit"", ""confidence"": 0.1382}, {""rank"": 3, ""label"": ""maillot"", ""confidence"": 0.1225}, {""rank"": 4, ""label"": ""sarong"", ""confidence"": 0.007}, {""rank"": 5, ""label"": ""snorkel"", ""confidence"": 0.0054}]",True,water
Places365_val_00006949.jpg,/Users/aidahamzic/PycharmProjects/PythonProject1/val_256/Places365_val_00006949.jpg,tower,beacon,0.413,"[{""rank"": 1, ""label"": ""beacon"", ""confidence"": 0.413}, {""rank"": 2, ""label"": ""castle"", ""confidence"": 0.3326}, {""rank"": 3, ""label"": ""monastery"", ""confidence"": 0.0864}, {""rank"": 4, ""label"": ""palace"", ""confidence"": 0.0438}, {""rank"": 5, ""label"": ""bell cote"", ""confidence"": 0.0344}]",True,building
Places365_val_00006960.jpg,/Users/aidahamzic/PycharmProjects/PythonProject1/val_256/Places365_val_00006960.jpg,tower,beacon,0.9843,"[{""rank"": 1, ""label"": ""beacon"", ""confidence"": 0.9843}, {""rank"": 2, ""label"": ""water tower"", ""confidence"": 0.0052}, {""rank"": 3, ""label"": ""breakwater"", ""confidence"": 0.004}, {""rank"": 4, ""label"": ""drilling platform"", ""confidence"": 0.0008}, {""rank"": 5, ""label"": ""promontory"", ""confidence"": 0.0007}]",False,building
Places365_val_00007005.jpg,/Users/aidahamzic/PycharmProjects/PythonProject1/val_256/Places365_val_00007005.jpg,coast,English setter,0.0665,"[{""rank"": 1, ""label"": ""English setter"", ""confidence"": 0.0665}, {""rank"": 2, ""label"": ""dalmatian"", ""confidence"": 0.0469}, {""rank"": 3, ""label"": ""English springer"", ""confidence"": 0.0459}, {""rank"": 4, ""label"": ""miniature schnauzer"", ""confidence"": 0.0437}, {""rank"": 5, ""label"": ""bluetick"", ""confidence"": 0.043}]",False,water
Places365_val_00007006.jpg,/Users/aidahamzic/PycharmProjects/PythonProject1/val_256/Places365_val_00007006.jpg,house,church,0.7637,"[{""rank"": 1, ""label"": ""church"", ""confidence"": 0.7637}, {""rank"": 2, ""label"": ""bell cote"", ""confidence"": 0.1623}, {""rank"": 3, ""label"": ""monastery"", ""confidence"": 0.052}, {""rank"": 4, ""label"": ""castle"", ""confidence"": 0.0155}, {""rank"": 5, ""label"": ""boathouse"", ""confidence"": 0.0014}]",True,building
Places365_val_00007013.jpg,/Users/aidahamzic/PycharmProjects/PythonProject1/val_256/Places365_val_00007013.jpg,mountain,valley,0.4813,"[{""rank"": 1, ""label"": ""valley"", ""confidence"": 0.4813}, {""rank"": 2, ""label"": ""cliff"", ""confidence"": 0.4477}, {""rank"": 3, ""label"": ""alp"", ""confidence"": 0.0321}, {""rank"": 4, ""label"": ""promontory"", ""confidence"": 0.0105}, {""rank"": 5, ""label"": ""suspension bridge"", ""confidence"": 0.0099}]",True,mountain
Places365_val_00007032.jpg,/Users/aidahamzic/PycharmProjects/PythonProject1/val_256/Places365_val_00007032.jpg,alley,ashcan,0.2027,"[{""rank"": 1, ""label"": ""ashcan"", ""confidence"": 0.2027}, {""rank"": 2, ""label"": ""barrow"", ""confidence"": 0.158}, {""rank"": 3, ""label"": ""bucket"", ""confidence"": 0.1381}, {""rank"": 4, ""label"": ""swab"", ""confidence"": 0.0612}, {""rank"": 5, ""label"": ""stretcher"", ""confidence"": 0.0599}]",False,street
Places365_val_00007127.jpg,/Users/aidahamzic/PycharmProjects/PythonProject1/val_256/Places365_val_00007127.jpg,forest-broadleaf,worm fence,0.1736,"[{""rank"": 1, ""label"": ""worm fence"", ""confidence"": 0.1736}, {""rank"": 2, ""label"": ""dingo"", ""confidence"": 0.1024}, {""rank"": 3, ""label"": ""sloth bear"", ""confidence"": 0.0444}, {""rank"": 4, ""label"": ""patas"", ""confidence"": 0.0329}, {""rank"": 5, ""label"": ""timber wolf"", ""confidence"": 0.0325}]",False,forest
Places365_val_00007143.jpg,/Users/aidahamzic/PycharmProjects/PythonProject1/val_256/Places365_val_00007143.jpg,street,forklift,0.3227,"[{""rank"": 1, ""label"": ""forklift"", ""confidence"": 0.3227}, {""rank"": 2, ""label"": ""unicycle"", ""confidence"": 0.0847}, {""rank"": 3, ""label"": ""barbell"", ""confidence"": 0.0759}, {""rank"": 4, ""label"": ""jinrikisha"", ""confidence"": 0.0657}, {""rank"": 5, ""label"": ""moped"", ""confidence"": 0.0387}]",True,street
Places365_val_00007179.jpg,/Users/aidahamzic/PycharmProjects/PythonProject1/val_256/Places365_val_00007179.jpg,highway,street sign,0.9324,"[{""rank"": 1, ""label"": ""street sign"", ""confidence"": 0.9324}, {""rank"": 2, ""label"": ""traffic light"", ""confidence"": 0.0444}, {""rank"": 3, ""label"": ""pole"", ""confidence"": 0.0169}, {""rank"": 4, ""label"": ""horizontal bar"", ""confidence"": 0.001}, {""rank"": 5, ""label"": ""flagpole"", ""confidence"": 0.0005}]",False,street
Places365_val_00007180.jpg,/Users/aidahamzic/PycharmProjects/PythonProject1/val_256/Places365_val_00007180.jpg,tower,obelisk,0.1953,"[{""rank"": 1, ""label"": ""obelisk"", ""confidence"": 0.1953}, {""rank"": 2, ""label"": ""monastery"", ""confidence"": 0.115}, {""rank"": 3, ""label"": ""megalith"", ""confidence"": 0.1078}, {""rank"": 4, ""label"": ""viaduct"", ""confidence"": 0.0693}, {""rank"": 5, ""label"": ""castle"", ""confidence"": 0.0656}]",True,building
Places365_val_00007187.jpg,/Users/aidahamzic/PycharmProjects/PythonProject1/val_256/Places365_val_00007187.jpg,mountain,lakeside,0.3599,"[{""rank"": 1, ""label"": ""lakeside"", ""confidence"": 0.3599}, {""rank"": 2, ""label"": ""canoe"", ""confidence"": 0.1974}, {""rank"": 3, ""label"": ""promontory"", ""confidence"": 0.1214}, {""rank"": 4, ""label"": ""valley"", ""confidence"": 0.0365}, {""rank"": 5, ""label"": ""sandbar"", ""confidence"": 0.0247}]",True,mountain
Places365_val_00007204.jpg,/Users/aidahamzic/PycharmProjects/PythonProject1/val_256/Places365_val_00007204.jpg,forest-broadleaf,lakeside,0.3552,"[{""rank"": 1, ""label"": ""lakeside"", ""confidence"": 0.3552}, {""rank"": 2, ""label"": ""mountain tent"", ""confidence"": 0.0358}, {""rank"": 3, ""label"": ""park bench"", ""confidence"": 0.0228}, {""rank"": 4, ""label"": ""obelisk"", ""confidence"": 0.0207}, {""rank"": 5, ""label"": ""valley"", ""confidence"": 0.0175}]",True,forest
Places365_val_00007235.jpg,/Users/aidahamzic/PycharmProjects/PythonProject1/val_256/Places365_val_00007235.jpg,mountain,alp,0.6673,"[{""rank"": 1, ""label"": ""alp"", ""confidence"": 0.6673}, {""rank"": 2, ""label"": ""valley"", ""confidence"": 0.247}, {""rank"": 3, ""label"": ""mountain tent"", ""confidence"": 0.0213}, {""rank"": 4, ""label"": ""volcano"", ""confidence"": 0.0195}, {""rank"": 5, ""label"": ""lakeside"", ""confidence"": 0.0077}]",True,mountain
Places365_val_00007251.jpg,/Users/aidahamzic/PycharmProjects/PythonProject1/val_256/Places365_val_00007251.jpg,river,dam,0.5391,"[{""rank"": 1, ""label"": ""dam"", ""confidence"": 0.5391}, {""rank"": 2, ""label"": ""valley"", ""confidence"": 0.3139}, {""rank"": 3, ""label"": ""cliff"", ""confidence"": 0.0636}, {""rank"": 4, ""label"": ""geyser"", ""confidence"": 0.0247}, {""rank"": 5, ""label"": ""volcano"", ""confidence"": 0.0164}]",True,water
Places365_val_00007275.jpg,/Users/aidahamzic/PycharmProjects/PythonProject1/val_256/Places365_val_00007275.jpg,house,beacon,0.3789,"[{""rank"": 1, ""label"": ""beacon"", ""confidence"": 0.3789}, {""rank"": 2, ""label"": ""solar dish"", ""confidence"": 0.069}, {""rank"": 3, ""label"": ""flagpole"", ""confidence"": 0.0663}, {""rank"": 4, ""label"": ""church"", ""confidence"": 0.0557}, {""rank"": 5, ""label"": ""monastery"", ""confidence"": 0.0465}]",True,building
Places365_val_00007278.jpg,/Users/aidahamzic/PycharmProjects/PythonProject1/val_256/Places365_val_00007278.jpg,coast,promontory,0.6072,"[{""rank"": 1, ""label"": ""promontory"", ""confidence"": 0.6072}, {""rank"": 2, ""label"": ""cliff"", ""confidence"": 0.2779}, {""rank"": 3, ""label"": ""seashore"", ""confidence"": 0.0658}, {""rank"": 4, ""label"": ""volcano"", ""confidence"": 0.0127}, {""rank"": 5, ""label"": ""valley"", ""confidence"": 0.0122}]",True,water
Places365_val_00007283.jpg,/Users/aidahamzic/PycharmProjects/PythonProject1/val_256/Places365_val_00007283.jpg,tower,triumphal arch,0.3798,"[{""rank"": 1, ""label"": ""triumphal arch"", ""confidence"": 0.3798}, {""rank"": 2, ""label"": ""monastery"", ""confidence"": 0.3009}, {""rank"": 3, ""label"": ""bell cote"", ""confidence"": 0.0877}, {""rank"": 4, ""label"": ""church"", ""confidence"": 0.0562}, {""rank"": 5, ""label"": ""palace"", ""confidence"": 0.0527}]",True,building
Places365_val_00007296.jpg,/Users/aidahamzic/PycharmProjects/PythonProject1/val_256/Places365_val_00007296.jpg,river,canoe,0.3027,"[{""rank"": 1, ""label"": ""canoe"", ""confidence"": 0.3027}, {""rank"": 2, ""label"": ""cliff"", ""confidence"": 0.2132}, {""rank"": 3, ""label"": ""speedboat"", ""confidence"": 0.1715}, {""rank"": 4, ""label"": ""paddle"", ""confidence"": 0.132}, {""rank"": 5, ""label"": ""valley"", ""confidence"": 0.1017}]",True,water
Places365_val_00007303.jpg,/Users/aidahamzic/PycharmProjects/PythonProject1/val_256/Places365_val_00007303.jpg,glacier,alp,0.6018,"[{""rank"": 1, ""label"": ""alp"", ""confidence"": 0.6018}, {""rank"": 2, ""label"": ""valley"", ""confidence"": 0.3196}, {""rank"": 3, ""label"": ""cliff"", ""confidence"": 0.0416}, {""rank"": 4, ""label"": ""mountain tent"", ""confidence"": 0.0096}, {""rank"": 5, ""label"": ""promontory"", ""confidence"": 0.0046}]",True,glacier
Places365_val_00007346.jpg,/Users/aidahamzic/PycharmProjects/PythonProject1/val_256/Places365_val_00007346.jpg,glacier,alp,0.5815,"[{""rank"": 1, ""label"": ""alp"", ""confidence"": 0.5815}, {""rank"": 2, ""label"": ""valley"", ""confidence"": 0.2538}, {""rank"": 3, ""label"": ""cliff"", ""confidence"": 0.065}, {""rank"": 4, ""label"": ""mountain tent"", ""confidence"": 0.0339}, {""rank"": 5, ""label"": ""marmot"", ""confidence"": 0.0102}]",True,glacier
Places365_val_00007349.jpg,/Users/aidahamzic/PycharmProjects/PythonProject1/val_256/Places365_val_00007349.jpg,glacier,alp,0.9574,"[{""rank"": 1, ""label"": ""alp"", ""confidence"": 0.9574}, {""rank"": 2, ""label"": ""ski"", ""confidence"": 0.0163}, {""rank"": 3, ""label"": ""snowmobile"", ""confidence"": 0.0056}, {""rank"": 4, ""label"": ""mountain tent"", ""confidence"": 0.0048}, {""rank"": 5, ""label"": ""valley"", ""confidence"": 0.0046}]",True,glacier
Places365_val_00007384.jpg,/Users/aidahamzic/PycharmProjects/PythonProject1/val_256/Places365_val_00007384.jpg,forest-broadleaf,prison,0.198,"[{""rank"": 1, ""label"": ""prison"", ""confidence"": 0.198}, {""rank"": 2, ""label"": ""barn"", ""confidence"": 0.1624}, {""rank"": 3, ""label"": ""viaduct"", ""confidence"": 0.1167}, {""rank"": 4, ""label"": ""vault"", ""confidence"": 0.1072}, {""rank"": 5, ""label"": ""suspension bridge"", ""confidence"": 0.0601}]",False,forest
Places365_val_00007391.jpg,/Users/aidahamzic/PycharmProjects/PythonProject1/val_256/Places365_val_00007391.jpg,river,pelican,1.0,"[{""rank"": 1, ""label"": ""pelican"", ""confidence"": 1.0}, {""rank"": 2, ""label"": ""black swan"", ""confidence"": 0.0}, {""rank"": 3, ""label"": ""American egret"", ""confidence"": 0.0}, {""rank"": 4, ""label"": ""spoonbill"", ""confidence"": 0.0}, {""rank"": 5, ""label"": ""goose"", ""confidence"": 0.0}]",False,water
Places365_val_00007395.jpg,/Users/aidahamzic/PycharmProjects/PythonProject1/val_256/Places365_val_00007395.jpg,river,dam,0.5047,"[{""rank"": 1, ""label"": ""dam"", ""confidence"": 0.5047}, {""rank"": 2, ""label"": ""aircraft carrier"", ""confidence"": 0.1171}, {""rank"": 3, ""label"": ""dock"", ""confidence"": 0.0775}, {""rank"": 4, ""label"": ""breakwater"", ""confidence"": 0.0482}, {""rank"": 5, ""label"": ""pier"", ""confidence"": 0.0393}]",True,water
Places365_val_00007396.jpg,/Users/aidahamzic/PycharmProjects/PythonProject1/val_256/Places365_val_00007396.jpg,house,monastery,0.2492,"[{""rank"": 1, ""label"": ""monastery"", ""confidence"": 0.2492}, {""rank"": 2, ""label"": ""palace"", ""confidence"": 0.164}, {""rank"": 3, ""label"": ""boathouse"", ""confidence"": 0.0799}, {""rank"": 4, ""label"": ""bell cote"", ""confidence"": 0.0785}, {""rank"": 5, ""label"": ""stupa"", ""confidence"": 0.0554}]",True,building
Places365_val_00007462.jpg,/Users/aidahamzic/PycharmProjects/PythonProject1/val_256/Places365_val_00007462.jpg,highway,steel arch bridge,0.2135,"[{""rank"": 1, ""label"": ""steel arch bridge"", ""confidence"": 0.2135}, {""rank"": 2, ""label"": ""coil"", ""confidence"": 0.1217}, {""rank"": 3, ""label"": ""liner"", ""confidence"": 0.0623}, {""rank"": 4, ""label"": ""electric fan"", ""confidence"": 0.0576}, {""rank"": 5, ""label"": ""magnetic compass"", ""confidence"": 0.0527}]",False,street
Places365_val_00007469.jpg,/Users/aidahamzic/PycharmProjects/PythonProject1/val_256/Places365_val_00007469.jpg,house,worm fence,0.7639,"[{""rank"": 1, ""label"": ""worm fence"", ""confidence"": 0.7639}, {""rank"": 2, ""label"": ""mobile home"", ""confidence"": 0.1495}, {""rank"": 3, ""label"": ""picket fence"", ""confidence"": 0.0229}, {""rank"": 4, ""label"": ""barn"", ""confidence"": 0.0099}, {""rank"": 5, ""label"": ""birdhouse"", ""confidence"": 0.0033}]",True,building
Places365_val_00007471.jpg,/Users/aidahamzic/PycharmProjects/PythonProject1/val_256/Places365_val_00007471.jpg,ocean,volcano,0.2647,"[{""rank"": 1, ""label"": ""volcano"", ""confidence"": 0.2647}, {""rank"": 2, ""label"": ""lakeside"", ""confidence"": 0.1048}, {""rank"": 3, ""label"": ""seashore"", ""confidence"": 0.0814}, {""rank"": 4, ""label"": ""promontory"", ""confidence"": 0.0697}, {""rank"": 5, ""label"": ""wreck"", ""confidence"": 0.0465}]",True,water
Places365_val_00007491.jpg,/Users/aidahamzic/PycharmProjects/PythonProject1/val_256/Places365_val_00007491.jpg,downtown,solar dish,0.2117,"[{""rank"": 1, ""label"": ""solar dish"", ""confidence"": 0.2117}, {""rank"": 2, ""label"": ""pier"", ""confidence"": 0.114}, {""rank"": 3, ""label"": ""flagpole"", ""confidence"": 0.0515}, {""rank"": 4, ""label"": ""patio"", ""confidence"": 0.0386}, {""rank"": 5, ""label"": ""monitor"", ""confidence"": 0.0364}]",True,building
Places365_val_00007614.jpg,/Users/aidahamzic/PycharmProjects/PythonProject1/val_256/Places365_val_00007614.jpg,glacier,dogsled,0.8443,"[{""rank"": 1, ""label"": ""dogsled"", ""confidence"": 0.8443}, {""rank"": 2, ""label"": ""Afghan hound"", ""confidence"": 0.0148}, {""rank"": 3, ""label"": ""Eskimo dog"", ""confidence"": 0.0129}, {""rank"": 4, ""label"": ""borzoi"", ""confidence"": 0.0121}, {""rank"": 5, ""label"": ""wire-haired fox terrier"", ""confidence"": 0.009}]",True,glacier
Places365_val_00007655.jpg,/Users/aidahamzic/PycharmProjects/PythonProject1/val_256/Places365_val_00007655.jpg,forest-broadleaf,howler monkey,0.1911,"[{""rank"": 1, ""label"": ""howler monkey"", ""confidence"": 0.1911}, {""rank"": 2, ""label"": ""spider monkey"", ""confidence"": 0.085}, {""rank"": 3, ""label"": ""vulture"", ""confidence"": 0.037}, {""rank"": 4, ""label"": ""bald eagle"", ""confidence"": 0.0331}, {""rank"": 5, ""label"": ""colobus"", ""confidence"": 0.0311}]",False,forest
Places365_val_00007662.jpg,/Users/aidahamzic/PycharmProjects/PythonProject1/val_256/Places365_val_00007662.jpg,alley,prison,0.2918,"[{""rank"": 1, ""label"": ""prison"", ""confidence"": 0.2918}, {""rank"": 2, ""label"": ""streetcar"", ""confidence"": 0.275}, {""rank"": 3, ""label"": ""trolleybus"", ""confidence"": 0.0676}, {""rank"": 4, ""label"": ""garbage truck"", ""confidence"": 0.0453}, {""rank"": 5, ""label"": ""bullet train"", ""confidence"": 0.0415}]",True,street
Places365_val_00007679.jpg,/Users/aidahamzic/PycharmProjects/PythonProject1/val_256/Places365_val_00007679.jpg,mountain,alp,0.661,"[{""rank"": 1, ""label"": ""alp"", ""confidence"": 0.661}, {""rank"": 2, ""label"": ""volcano"", ""confidence"": 0.0984}, {""rank"": 3, ""label"": ""promontory"", ""confidence"": 0.0798}, {""rank"": 4, ""label"": ""valley"", ""confidence"": 0.0636}, {""rank"": 5, ""label"": ""cliff"", ""confidence"": 0.0333}]",True,mountain
Places365_val_00007721.jpg,/Users/aidahamzic/PycharmProjects/PythonProject1/val_256/Places365_val_00007721.jpg,river,brown bear,0.0791,"[{""rank"": 1, ""label"": ""brown bear"", ""confidence"": 0.0791}, {""rank"": 2, ""label"": ""ice bear"", ""confidence"": 0.0566}, {""rank"": 3, ""label"": ""sea lion"", ""confidence"": 0.0443}, {""rank"": 4, ""label"": ""sandbar"", ""confidence"": 0.0399}, {""rank"": 5, ""label"": ""otter"", ""confidence"": 0.0382}]",True,water
Places365_val_00007724.jpg,/Users/aidahamzic/PycharmProjects/PythonProject1/val_256/Places365_val_00007724.jpg,glacier,alp,0.4576,"[{""rank"": 1, ""label"": ""alp"", ""confidence"": 0.4576}, {""rank"": 2, ""label"": ""valley"", ""confidence"": 0.3722}, {""rank"": 3, ""label"": ""dam"", ""confidence"": 0.0378}, {""rank"": 4, ""label"": ""volcano"", ""confidence"": 0.0225}, {""rank"": 5, ""label"": ""cliff"", ""confidence"": 0.0185}]",True,glacier
Places365_val_00007894.jpg,/Users/aidahamzic/PycharmProjects/PythonProject1/val_256/Places365_val_00007894.jpg,forest-broadleaf,suspension bridge,0.185,"[{""rank"": 1, ""label"": ""suspension bridge"", ""confidence"": 0.185}, {""rank"": 2, ""label"": ""maypole"", ""confidence"": 0.0713}, {""rank"": 3, ""label"": ""valley"", ""confidence"": 0.0434}, {""rank"": 4, ""label"": ""greenhouse"", ""confidence"": 0.0366}, {""rank"": 5, ""label"": ""worm fence"", ""confidence"": 0.0321}]",True,forest
Places365_val_00007896.jpg,/Users/aidahamzic/PycharmProjects/PythonProject1/val_256/Places365_val_00007896.jpg,highway,police van,0.145,"[{""rank"": 1, ""label"": ""police van"", ""confidence"": 0.145}, {""rank"": 2, ""label"": ""trolleybus"", ""confidence"": 0.1129}, {""rank"": 3, ""label"": ""minibus"", ""confidence"": 0.1017}, {""rank"": 4, ""label"": ""moving van"", ""confidence"": 0.0909}, {""rank"": 5, ""label"": ""ambulance"", ""confidence"": 0.0802}]",True,street
Places365_val_00007903.jpg,/Users/aidahamzic/PycharmProjects/PythonProject1/val_256/Places365_val_00007903.jpg,rainforest,viaduct,0.6054,"[{""rank"": 1, ""label"": ""viaduct"", ""confidence"": 0.6054}, {""rank"": 2, ""label"": ""megalith"", ""confidence"": 0.0799}, {""rank"": 3, ""label"": ""park bench"", ""confidence"": 0.0469}, {""rank"": 4, ""label"": ""barn"", ""confidence"": 0.0336}, {""rank"": 5, ""label"": ""suspension bridge"", ""confidence"": 0.0269}]",False,forest
Places365_val_00007938.jpg,/Users/aidahamzic/PycharmProjects/PythonProject1/val_256/Places365_val_00007938.jpg,street,motor scooter,0.3349,"[{""rank"": 1, ""label"": ""motor scooter"", ""confidence"": 0.3349}, {""rank"": 2, ""label"": ""moped"", ""confidence"": 0.1696}, {""rank"": 3, ""label"": ""Model T"", ""confidence"": 0.1429}, {""rank"": 4, ""label"": ""barber chair"", ""confidence"": 0.0248}, {""rank"": 5, ""label"": ""grille"", ""confidence"": 0.0248}]",False,street
Places365_val_00007962.jpg,/Users/aidahamzic/PycharmProjects/PythonProject1/val_256/Places365_val_00007962.jpg,downtown,bearskin,0.1577,"[{""rank"": 1, ""label"": ""bearskin"", ""confidence"": 0.1577}, {""rank"": 2, ""label"": ""obelisk"", ""confidence"": 0.0761}, {""rank"": 3, ""label"": ""bell cote"", ""confidence"": 0.0747}, {""rank"": 4, ""label"": ""triumphal arch"", ""confidence"": 0.0655}, {""rank"": 5, ""label"": ""palace"", ""confidence"": 0.052}]",True,building
Places365_val_00008046.jpg,/Users/aidahamzic/PycharmProjects/PythonProject1/val_256/Places365_val_00008046.jpg,mountain,pole,0.0654,"[{""rank"": 1, ""label"": ""pole"", ""confidence"": 0.0654}, {""rank"": 2, ""label"": ""crate"", ""confidence"": 0.0559}, {""rank"": 3, ""label"": ""pedestal"", ""confidence"": 0.0323}, {""rank"": 4, ""label"": ""wardrobe"", ""confidence"": 0.031}, {""rank"": 5, ""label"": ""yurt"", ""confidence"": 0.0196}]",False,mountain
Places365_val_00008059.jpg,/Users/aidahamzic/PycharmProjects/PythonProject1/val_256/Places365_val_00008059.jpg,highway,racer,0.3659,"[{""rank"": 1, ""label"": ""racer"", ""confidence"": 0.3659}, {""rank"": 2, ""label"": ""sports car"", ""confidence"": 0.2085}, {""rank"": 3, ""label"": ""go-kart"", ""confidence"": 0.1301}, {""rank"": 4, ""label"": ""tow truck"", ""confidence"": 0.0494}, {""rank"": 5, ""label"": ""convertible"", ""confidence"": 0.0384}]",False,street
Places365_val_00008098.jpg,/Users/aidahamzic/PycharmProjects/PythonProject1/val_256/Places365_val_00008098.jpg,street,jinrikisha,0.6488,"[{""rank"": 1, ""label"": ""jinrikisha"", ""confidence"": 0.6488}, {""rank"": 2, ""label"": ""horse cart"", ""confidence"": 0.0563}, {""rank"": 3, ""label"": ""bearskin"", ""confidence"": 0.0425}, {""rank"": 4, ""label"": ""fire engine"", ""confidence"": 0.0346}, {""rank"": 5, ""label"": ""steel drum"", ""confidence"": 0.0219}]",True,street
Places365_val_00008105.jpg,/Users/aidahamzic/PycharmProjects/PythonProject1/val_256/Places365_val_00008105.jpg,hotel-outdoor,pier,0.6031,"[{""rank"": 1, ""label"": ""pier"", ""confidence"": 0.6031}, {""rank"": 2, ""label"": ""dock"", ""confidence"": 0.1738}, {""rank"": 3, ""label"": ""dam"", ""confidence"": 0.0392}, {""rank"": 4, ""label"": ""lakeside"", ""confidence"": 0.0337}, {""rank"": 5, ""label"": ""suspension bridge"", ""confidence"": 0.0259}]",False,building
Places365_val_00008109.jpg,/Users/aidahamzic/PycharmProjects/PythonProject1/val_256/Places365_val_00008109.jpg,house,mobile home,0.7015,"[{""rank"": 1, ""label"": ""mobile home"", ""confidence"": 0.7015}, {""rank"": 2, ""label"": ""yurt"", ""confidence"": 0.0893}, {""rank"": 3, ""label"": ""snowmobile"", ""confidence"": 0.055}, {""rank"": 4, ""label"": ""recreational vehicle"", ""confidence"": 0.0391}, {""rank"": 5, ""label"": ""moving van"", ""confidence"": 0.0299}]",False,building
Places365_val_00008121.jpg,/Users/aidahamzic/PycharmProjects/PythonProject1/val_256/Places365_val_00008121.jpg,forest-broadleaf,lakeside,0.0451,"[{""rank"": 1, ""label"": ""lakeside"", ""confidence"": 0.0451}, {""rank"": 2, ""label"": ""volcano"", ""confidence"": 0.0264}, {""rank"": 3, ""label"": ""valley"", ""confidence"": 0.0263}, {""rank"": 4, ""label"": ""maypole"", ""confidence"": 0.0241}, {""rank"": 5, ""label"": ""flagpole"", ""confidence"": 0.0226}]",True,forest
Places365_val_00008139.jpg,/Users/aidahamzic/PycharmProjects/PythonProject1/val_256/Places365_val_00008139.jpg,highway,lumbermill,0.1721,"[{""rank"": 1, ""label"": ""lumbermill"", ""confidence"": 0.1721}, {""rank"": 2, ""label"": ""mobile home"", ""confidence"": 0.0893}, {""rank"": 3, ""label"": ""thatch"", ""confidence"": 0.057}, {""rank"": 4, ""label"": ""park bench"", ""confidence"": 0.0563}, {""rank"": 5, ""label"": ""boathouse"", ""confidence"": 0.0449}]",False,street
Places365_val_00008196.jpg,/Users/aidahamzic/PycharmProjects/PythonProject1/val_256/Places365_val_00008196.jpg,alley,palace,0.4551,"[{""rank"": 1, ""label"": ""palace"", ""confidence"": 0.4551}, {""rank"": 2, ""label"": ""monastery"", ""confidence"": 0.16}, {""rank"": 3, ""label"": ""church"", ""confidence"": 0.1094}, {""rank"": 4, ""label"": ""prison"", ""confidence"": 0.0744}, {""rank"": 5, ""label"": ""mosque"", ""confidence"": 0.0526}]",False,street
Places365_val_00008214.jpg,/Users/aidahamzic/PycharmProjects/PythonProject1/val_256/Places365_val_00008214.jpg,ocean,lakeside,0.8513,"[{""rank"": 1, ""label"": ""lakeside"", ""confidence"": 0.8513}, {""rank"": 2, ""label"": ""promontory"", ""confidence"": 0.0255}, {""rank"": 3, ""label"": ""valley"", ""confidence"": 0.0135}, {""rank"": 4, ""label"": ""seashore"", ""confidence"": 0.0116}, {""rank"": 5, ""label"": ""water buffalo"", ""confidence"": 0.009}]",True,water
Places365_val_00008244.jpg,/Users/aidahamzic/PycharmProjects/PythonProject1/val_256/Places365_val_00008244.jpg,rainforest,valley,0.9021,"[{""rank"": 1, ""label"": ""valley"", ""confidence"": 0.9021}, {""rank"": 2, ""label"": ""cliff"", ""confidence"": 0.0205}, {""rank"": 3, ""label"": ""suspension bridge"", ""confidence"": 0.0153}, {""rank"": 4, ""label"": ""lakeside"", ""confidence"": 0.0151}, {""rank"": 5, ""label"": ""steel arch bridge"", ""confidence"": 0.0112}]",True,forest
Places365_val_00008266.jpg,/Users/aidahamzic/PycharmProjects/PythonProject1/val_256/Places365_val_00008266.jpg,skyscraper,bell cote,0.155,"[{""rank"": 1, ""label"": ""bell cote"", ""confidence"": 0.155}, {""rank"": 2, ""label"": ""church"", ""confidence"": 0.0957}, {""rank"": 3, ""label"": ""obelisk"", ""confidence"": 0.0793}, {""rank"": 4, ""label"": ""barn"", ""confidence"": 0.0515}, {""rank"": 5, ""label"": ""sundial"", ""confidence"": 0.0345}]",True,building
Places365_val_00008274.jpg,/Users/aidahamzic/PycharmProjects/PythonProject1/val_256/Places365_val_00008274.jpg,skyscraper,fountain,0.1381,"[{""rank"": 1, ""label"": ""fountain"", ""confidence"": 0.1381}, {""rank"": 2, ""label"": ""suspension bridge"", ""confidence"": 0.0886}, {""rank"": 3, ""label"": ""palace"", ""confidence"": 0.0857}, {""rank"": 4, ""label"": ""carousel"", ""confidence"": 0.0643}, {""rank"": 5, ""label"": ""pier"", ""confidence"": 0.0514}]",True,building
Places365_val_00008278.jpg,/Users/aidahamzic/PycharmProjects/PythonProject1/val_256/Places365_val_00008278.jpg,mountain,cliff,0.838,"[{""rank"": 1, ""label"": ""cliff"", ""confidence"": 0.838}, {""rank"": 2, ""label"": ""cliff dwelling"", ""confidence"": 0.1454}, {""rank"": 3, ""label"": ""ibex"", ""confidence"": 0.0024}, {""rank"": 4, ""label"": ""valley"", ""confidence"": 0.0024}, {""rank"": 5, ""label"": ""promontory"", ""confidence"": 0.002}]",True,mountain
Places365_val_00008279.jpg,/Users/aidahamzic/PycharmProjects/PythonProject1/val_256/Places365_val_00008279.jpg,coast,barn,0.1658,"[{""rank"": 1, ""label"": ""barn"", ""confidence"": 0.1658}, {""rank"": 2, ""label"": ""castle"", ""confidence"": 0.1389}, {""rank"": 3, ""label"": ""beacon"", ""confidence"": 0.1155}, {""rank"": 4, ""label"": ""promontory"", ""confidence"": 0.0794}, {""rank"": 5, ""label"": ""boathouse"", ""confidence"": 0.06}]",True,water
Places365_val_00008322.jpg,/Users/aidahamzic/PycharmProjects/PythonProject1/val_256/Places365_val_00008322.jpg,ocean,catamaran,0.8508,"[{""rank"": 1, ""label"": ""catamaran"", ""confidence"": 0.8508}, {""rank"": 2, ""label"": ""trimaran"", ""confidence"": 0.1263}, {""rank"": 3, ""label"": ""speedboat"", ""confidence"": 0.0072}, {""rank"": 4, ""label"": ""lifeboat"", ""confidence"": 0.0048}, {""rank"": 5, ""label"": ""parachute"", ""confidence"": 0.003}]",True,water
Places365_val_00008327.jpg,/Users/aidahamzic/PycharmProjects/PythonProject1/val_256/Places365_val_00008327.jpg,house,bell cote,0.2277,"[{""rank"": 1, ""label"": ""bell cote"", ""confidence"": 0.2277}, {""rank"": 2, ""label"": ""monastery"", ""confidence"": 0.1957}, {""rank"": 3, ""label"": ""palace"", ""confidence"": 0.0591}, {""rank"": 4, ""label"": ""patio"", ""confidence"": 0.0544}, {""rank"": 5, ""label"": ""picket fence"", ""confidence"": 0.0448}]",True,building
Places365_val_00008371.jpg,/Users/aidahamzic/PycharmProjects/PythonProject1/val_256/Places365_val_00008371.jpg,mountain,volcano,0.613,"[{""rank"": 1, ""label"": ""volcano"", ""confidence"": 0.613}, {""rank"": 2, ""label"": ""alp"", ""confidence"": 0.2165}, {""rank"": 3, ""label"": ""cliff"", ""confidence"": 0.0438}, {""rank"": 4, ""label"": ""bison"", ""confidence"": 0.0268}, {""rank"": 5, ""label"": ""promontory"", ""confidence"": 0.0186}]",True,mountain
Places365_val_00008381.jpg,/Users/aidahamzic/PycharmProjects/PythonProject1/val_256/Places365_val_00008381.jpg,ocean,worm fence,0.3257,"[{""rank"": 1, ""label"": ""worm fence"", ""confidence"": 0.3257}, {""rank"": 2, ""label"": ""pier"", ""confidence"": 0.1463}, {""rank"": 3, ""label"": ""dam"", ""confidence"": 0.0932}, {""rank"": 4, ""label"": ""seashore"", ""confidence"": 0.0487}, {""rank"": 5, ""label"": ""lakeside"", ""confidence"": 0.0479}]",True,water
Places365_val_00008405.jpg,/Users/aidahamzic/PycharmProjects/PythonProject1/val_256/Places365_val_00008405.jpg,river,valley,0.3814,"[{""rank"": 1, ""label"": ""valley"", ""confidence"": 0.3814}, {""rank"": 2, ""label"": ""promontory"", ""confidence"": 0.1346}, {""rank"": 3, ""label"": ""lakeside"", ""confidence"": 0.0928}, {""rank"": 4, ""label"": ""seashore"", ""confidence"": 0.0887}, {""rank"": 5, ""label"": ""maze"", ""confidence"": 0.0507}]",True,water
Places365_val_00008426.jpg,/Users/aidahamzic/PycharmProjects/PythonProject1/val_256/Places365_val_00008426.jpg,skyscraper,seashore,0.1959,"[{""rank"": 1, ""label"": ""seashore"", ""confidence"": 0.1959}, {""rank"": 2, ""label"": ""breakwater"", ""confidence"": 0.1819}, {""rank"": 3, ""label"": ""container ship"", ""confidence"": 0.1169}, {""rank"": 4, ""label"": ""lakeside"", ""confidence"": 0.0584}, {""rank"": 5, ""label"": ""dock"", ""confidence"": 0.0514}]",False,building
Places365_val_00008463.jpg,/Users/aidahamzic/PycharmProjects/PythonProject1/val_256/Places365_val_00008463.jpg,house,patio,0.641,"[{""rank"": 1, ""label"": ""patio"", ""confidence"": 0.641}, {""rank"": 2, ""label"": ""boathouse"", ""confidence"": 0.0893}, {""rank"": 3, ""label"": ""solar dish"", ""confidence"": 0.0636}, {""rank"": 4, ""label"": ""bannister"", ""confidence"": 0.0551}, {""rank"": 5, ""label"": ""lumbermill"", ""confidence"": 0.039}]",True,building
Places365_val_00008488.jpg,/Users/aidahamzic/PycharmProjects/PythonProject1/val_256/Places365_val_00008488.jpg,mountain,valley,0.2851,"[{""rank"": 1, ""label"": ""valley"", ""confidence"": 0.2851}, {""rank"": 2, ""label"": ""alp"", ""confidence"": 0.2711}, {""rank"": 3, ""label"": ""cliff"", ""confidence"": 0.1422}, {""rank"": 4, ""label"": ""promontory"", ""confidence"": 0.1248}, {""rank"": 5, ""label"": ""seashore"", ""confidence"": 0.0194}]",True,mountain
Places365_val_00008494.jpg,/Users/aidahamzic/PycharmProjects/PythonProject1/val_256/Places365_val_00008494.jpg,mountain,valley,0.614,"[{""rank"": 1, ""label"": ""valley"", ""confidence"": 0.614}, {""rank"": 2, ""label"": ""alp"", ""confidence"": 0.2766}, {""rank"": 3, ""label"": ""cliff"", ""confidence"": 0.0246}, {""rank"": 4, ""label"": ""marmot"", ""confidence"": 0.0212}, {""rank"": 5, ""label"": ""mountain tent"", ""confidence"": 0.0109}]",True,mountain
Places365_val_00008496.jpg,/Users/aidahamzic/PycharmProjects/PythonProject1/val_256/Places365_val_00008496.jpg,hotel-outdoor,palace,0.1978,"[{""rank"": 1, ""label"": ""palace"", ""confidence"": 0.1978}, {""rank"": 2, ""label"": ""patio"", ""confidence"": 0.1799}, {""rank"": 3, ""label"": ""mobile home"", ""confidence"": 0.1269}, {""rank"": 4, ""label"": ""library"", ""confidence"": 0.091}, {""rank"": 5, ""label"": ""flagpole"", ""confidence"": 0.0653}]",True,building
Places365_val_00008508.jpg,/Users/aidahamzic/PycharmProjects/PythonProject1/val_256/Places365_val_00008508.jpg,downtown,pier,0.1151,"[{""rank"": 1, ""label"": ""pier"", ""confidence"": 0.1151}, {""rank"": 2, ""label"": ""cinema"", ""confidence"": 0.1005}, {""rank"": 3, ""label"": ""obelisk"", ""confidence"": 0.0837}, {""rank"": 4, ""label"": ""bell cote"", ""confidence"": 0.0661}, {""rank"": 5, ""label"": ""flagpole"", ""confidence"": 0.0646}]",True,building
Places365_val_00008515.jpg,/Users/aidahamzic/PycharmProjects/PythonProject1/val_256/Places365_val_00008515.jpg,glacier,valley,0.3581,"[{""rank"": 1, ""label"": ""valley"", ""confidence"": 0.3581}, {""rank"": 2, ""label"": ""alp"", ""confidence"": 0.1855}, {""rank"": 3, ""label"": ""promontory"", ""confidence"": 0.1228}, {""rank"": 4, ""label"": ""cliff"", ""confidence"": 0.0965}, {""rank"": 5, ""label"": ""volcano"", ""confidence"": 0.0546}]",True,glacier
Places365_val_00008516.jpg,/Users/aidahamzic/PycharmProjects/PythonProject1/val_256/Places365_val_00008516.jpg,downtown,fireboat,0.1614,"[{""rank"": 1, ""label"": ""fireboat"", ""confidence"": 0.1614}, {""rank"": 2, ""label"": ""fountain"", ""confidence"": 0.0547}, {""rank"": 3, ""label"": ""geyser"", ""confidence"": 0.0459}, {""rank"": 4, ""label"": ""dock"", ""confidence"": 0.0422}, {""rank"": 5, ""label"": ""fire engine"", ""confidence"": 0.0315}]",False,building
Places365_val_00008522.jpg,/Users/aidahamzic/PycharmProjects/PythonProject1/val_256/Places365_val_00008522.jpg,mountain,valley,0.4378,"[{""rank"": 1, ""label"": ""valley"", ""confidence"": 0.4378}, {""rank"": 2, ""label"": ""alp"", ""confidence"": 0.2556}, {""rank"": 3, ""label"": ""cliff"", ""confidence"": 0.1082}, {""rank"": 4, ""label"": ""volcano"", ""confidence"": 0.0425}, {""rank"": 5, ""label"": ""lakeside"", ""confidence"": 0.0121}]",True,mountain
Places365_val_00008535.jpg,/Users/aidahamzic/PycharmProjects/PythonProject1/val_256/Places365_val_00008535.jpg,highway,valley,0.7443,"[{""rank"": 1, ""label"": ""valley"", ""confidence"": 0.7443}, {""rank"": 2, ""label"": ""promontory"", ""confidence"": 0.0916}, {""rank"": 3, ""label"": ""alp"", ""confidence"": 0.075}, {""rank"": 4, ""label"": ""cliff"", ""confidence"": 0.0507}, {""rank"": 5, ""label"": ""stone wall"", ""confidence"": 0.0093}]",False,street
Places365_val_00008588.jpg,/Users/aidahamzic/PycharmProjects/PythonProject1/val_256/Places365_val_00008588.jpg,skyscraper,pier,0.2318,"[{""rank"": 1, ""label"": ""pier"", ""confidence"": 0.2318}, {""rank"": 2, ""label"": ""palace"", ""confidence"": 0.2251}, {""rank"": 3, ""label"": ""steel arch bridge"", ""confidence"": 0.1311}, {""rank"": 4, ""label"": ""suspension bridge"", ""confidence"": 0.1014}, {""rank"": 5, ""label"": ""lakeside"", ""confidence"": 0.0411}]",True,building
Places365_val_00008601.jpg,/Users/aidahamzic/PycharmProjects/PythonProject1/val_256/Places365_val_00008601.jpg,mountain,volcano,0.2406,"[{""rank"": 1, ""label"": ""volcano"", ""confidence"": 0.2406}, {""rank"": 2, ""label"": ""lakeside"", ""confidence"": 0.2147}, {""rank"": 3, ""label"": ""seashore"", ""confidence"": 0.0693}, {""rank"": 4, ""label"": ""steel arch bridge"", ""confidence"": 0.0484}, {""rank"": 5, ""label"": ""valley"", ""confidence"": 0.0225}]",True,mountain
Places365_val_00008619.jpg,/Users/aidahamzic/PycharmProjects/PythonProject1/val_256/Places365_val_00008619.jpg,tower,church,0.3014,"[{""rank"": 1, ""label"": ""church"", ""confidence"": 0.3014}, {""rank"": 2, ""label"": ""bell cote"", ""confidence"": 0.1426}, {""rank"": 3, ""label"": ""castle"", ""confidence"": 0.1223}, {""rank"": 4, ""label"": ""palace"", ""confidence"": 0.0716}, {""rank"": 5, ""label"": ""monastery"", ""confidence"": 0.0454}]",True,building
Places365_val_00008625.jpg,/Users/aidahamzic/PycharmProjects/PythonProject1/val_256/Places365_val_00008625.jpg,hotel-outdoor,cinema,0.3169,"[{""rank"": 1, ""label"": ""cinema"", ""confidence"": 0.3169}, {""rank"": 2, ""label"": ""palace"", ""confidence"": 0.24}, {""rank"": 3, ""label"": ""library"", ""confidence"": 0.2116}, {""rank"": 4, ""label"": ""flagpole"", ""confidence"": 0.0481}, {""rank"": 5, ""label"": ""monastery"", ""confidence"": 0.0373}]",True,building
Places365_val_00008637.jpg,/Users/aidahamzic/PycharmProjects/PythonProject1/val_256/Places365_val_00008637.jpg,alley,greenhouse,0.4505,"[{""rank"": 1, ""label"": ""greenhouse"", ""confidence"": 0.4505}, {""rank"": 2, ""label"": ""patio"", ""confidence"": 0.0557}, {""rank"": 3, ""label"": ""thatch"", ""confidence"": 0.0469}, {""rank"": 4, ""label"": ""electric locomotive"", ""confidence"": 0.0258}, {""rank"": 5, ""label"": ""maze"", ""confidence"": 0.0243}]",False,street
Places365_val_00008641.jpg,/Users/aidahamzic/PycharmProjects/PythonProject1/val_256/Places365_val_00008641.jpg,coast,seashore,0.6183,"[{""rank"": 1, ""label"": ""seashore"", ""confidence"": 0.6183}, {""rank"": 2, ""label"": ""promontory"", ""confidence"": 0.1469}, {""rank"": 3, ""label"": ""coral reef"", ""confidence"": 0.1352}, {""rank"": 4, ""label"": ""lakeside"", ""confidence"": 0.0274}, {""rank"": 5, ""label"": ""valley"", ""confidence"": 0.0267}]",True,water
Places365_val_00008664.jpg,/Users/aidahamzic/PycharmProjects/PythonProject1/val_256/Places365_val_00008664.jpg,ocean,promontory,0.2556,"[{""rank"": 1, ""label"": ""promontory"", ""confidence"": 0.2556}, {""rank"": 2, ""label"": ""seashore"", ""confidence"": 0.1639}, {""rank"": 3, ""label"": ""snorkel"", ""confidence"": 0.1359}, {""rank"": 4, ""label"": ""cliff"", ""confidence"": 0.111}, {""rank"": 5, ""label"": ""speedboat"", ""confidence"": 0.0768}]",True,water
Places365_val_00008706.jpg,/Users/aidahamzic/PycharmProjects/PythonProject1/val_256/Places365_val_00008706.jpg,hotel-outdoor,palace,0.44,"[{""rank"": 1, ""label"": ""palace"", ""confidence"": 0.44}, {""rank"": 2, ""label"": ""bell cote"", ""confidence"": 0.0779}, {""rank"": 3, ""label"": ""lakeside"", ""confidence"": 0.0686}, {""rank"": 4, ""label"": ""fountain"", ""confidence"": 0.0494}, {""rank"": 5, ""label"": ""obelisk"", ""confidence"": 0.0475}]",True,building
Places365_val_00008739.jpg,/Users/aidahamzic/PycharmProjects/PythonProject1/val_256/Places365_val_00008739.jpg,forest-broadleaf,lakeside,0.3393,"[{""rank"": 1, ""label"": ""lakeside"", ""confidence"": 0.3393}, {""rank"": 2, ""label"": ""valley"", ""confidence"": 0.1404}, {""rank"": 3, ""label"": ""boathouse"", ""confidence"": 0.0819}, {""rank"": 4, ""label"": ""fountain"", ""confidence"": 0.071}, {""rank"": 5, ""label"": ""park bench"", ""confidence"": 0.0631}]",True,forest
Places365_val_00008751.jpg,/Users/aidahamzic/PycharmProjects/PythonProject1/val_256/Places365_val_00008751.jpg,mountain,alp,0.9595,"[{""rank"": 1, ""label"": ""alp"", ""confidence"": 0.9595}, {""rank"": 2, ""label"": ""valley"", ""confidence"": 0.0324}, {""rank"": 3, ""label"": ""mountain tent"", ""confidence"": 0.0029}, {""rank"": 4, ""label"": ""lakeside"", ""confidence"": 0.0022}, {""rank"": 5, ""label"": ""recreational vehicle"", ""confidence"": 0.0012}]",True,mountain
Places365_val_00008776.jpg,/Users/aidahamzic/PycharmProjects/PythonProject1/val_256/Places365_val_00008776.jpg,glacier,cliff,0.4067,"[{""rank"": 1, ""label"": ""cliff"", ""confidence"": 0.4067}, {""rank"": 2, ""label"": ""valley"", ""confidence"": 0.131}, {""rank"": 3, ""label"": ""cliff dwelling"", ""confidence"": 0.1001}, {""rank"": 4, ""label"": ""alp"", ""confidence"": 0.0824}, {""rank"": 5, ""label"": ""promontory"", ""confidence"": 0.0787}]",True,glacier
Places365_val_00008816.jpg,/Users/aidahamzic/PycharmProjects/PythonProject1/val_256/Places365_val_00008816.jpg,alley,mobile home,0.143,"[{""rank"": 1, ""label"": ""mobile home"", ""confidence"": 0.143}, {""rank"": 2, ""label"": ""moving van"", ""confidence"": 0.1006}, {""rank"": 3, ""label"": ""monastery"", ""confidence"": 0.0619}, {""rank"": 4, ""label"": ""flagpole"", ""confidence"": 0.0424}, {""rank"": 5, ""label"": ""garbage truck"", ""confidence"": 0.0393}]",False,street
Places365_val_00008882.jpg,/Users/aidahamzic/PycharmProjects/PythonProject1/val_256/Places365_val_00008882.jpg,house,thatch,0.7229,"[{""rank"": 1, ""label"": ""thatch"", ""confidence"": 0.7229}, {""rank"": 2, ""label"": ""patio"", ""confidence"": 0.1082}, {""rank"": 3, ""label"": ""tile roof"", ""confidence"": 0.0529}, {""rank"": 4, ""label"": ""boathouse"", ""confidence"": 0.0198}, {""rank"": 5, ""label"": ""lakeside"", ""confidence"": 0.0128}]",True,building
Places365_val_00008883.jpg,/Users/aidahamzic/PycharmProjects/PythonProject1/val_256/Places365_val_00008883.jpg,alley,dome,0.1228,"[{""rank"": 1, ""label"": ""dome"", ""confidence"": 0.1228}, {""rank"": 2, ""label"": ""monastery"", ""confidence"": 0.0899}, {""rank"": 3, ""label"": ""church"", ""confidence"": 0.0804}, {""rank"": 4, ""label"": ""prison"", ""confidence"": 0.0772}, {""rank"": 5, ""label"": ""beacon"", ""confidence"": 0.0726}]",False,street
Places365_val_00008900.jpg,/Users/aidahamzic/PycharmProjects/PythonProject1/val_256/Places365_val_00008900.jpg,street,streetcar,0.5626,"[{""rank"": 1, ""label"": ""streetcar"", ""confidence"": 0.5626}, {""rank"": 2, ""label"": ""traffic light"", ""confidence"": 0.0593}, {""rank"": 3, ""label"": ""trolleybus"", ""confidence"": 0.0243}, {""rank"": 4, ""label"": ""cab"", ""confidence"": 0.0204}, {""rank"": 5, ""label"": ""palace"", ""confidence"": 0.016}]",True,street
Places365_val_00008931.jpg,/Users/aidahamzic/PycharmProjects/PythonProject1/val_256/Places365_val_00008931.jpg,coast,ski,0.4387,"[{""rank"": 1, ""label"": ""ski"", ""confidence"": 0.4387}, {""rank"": 2, ""label"": ""snowmobile"", ""confidence"": 0.0755}, {""rank"": 3, ""label"": ""cliff"", ""confidence"": 0.0641}, {""rank"": 4, ""label"": ""grey whale"", ""confidence"": 0.0641}, {""rank"": 5, ""label"": ""parachute"", ""confidence"": 0.0616}]",False,water
Places365_val_00008939.jpg,/Users/aidahamzic/PycharmProjects/PythonProject1/val_256/Places365_val_00008939.jpg,hotel-outdoor,schooner,0.1902,"[{""rank"": 1, ""label"": ""schooner"", ""confidence"": 0.1902}, {""rank"": 2, ""label"": ""suspension bridge"", ""confidence"": 0.1031}, {""rank"": 3, ""label"": ""solar dish"", ""confidence"": 0.0856}, {""rank"": 4, ""label"": ""dome"", ""confidence"": 0.0798}, {""rank"": 5, ""label"": ""pier"", ""confidence"": 0.0666}]",True,building
Places365_val_00008956.jpg,/Users/aidahamzic/PycharmProjects/PythonProject1/val_256/Places365_val_00008956.jpg,mountain,alp,0.5117,"[{""rank"": 1, ""label"": ""alp"", ""confidence"": 0.5117}, {""rank"": 2, ""label"": ""valley"", ""confidence"": 0.1549}, {""rank"": 3, ""label"": ""mountain tent"", ""confidence"": 0.0645}, {""rank"": 4, ""label"": ""volcano"", ""confidence"": 0.0318}, {""rank"": 5, ""label"": ""geyser"", ""confidence"": 0.0152}]",True,mountain
Places365_val_00008992.jpg,/Users/aidahamzic/PycharmProjects/PythonProject1/val_256/Places365_val_00008992.jpg,rainforest,mountain tent,0.049,"[{""rank"": 1, ""label"": ""mountain tent"", ""confidence"": 0.049}, {""rank"": 2, ""label"": ""lakeside"", ""confidence"": 0.0435}, {""rank"": 3, ""label"": ""mountain bike"", ""confidence"": 0.0316}, {""rank"": 4, ""label"": ""apiary"", ""confidence"": 0.0306}, {""rank"": 5, ""label"": ""stone wall"", ""confidence"": 0.0298}]",False,forest
Places365_val_00009000.jpg,/Users/aidahamzic/PycharmProjects/PythonProject1/val_256/Places365_val_00009000.jpg,hotel-outdoor,beach wagon,0.5077,"[{""rank"": 1, ""label"": ""beach wagon"", ""confidence"": 0.5077}, {""rank"": 2, ""label"": ""convertible"", ""confidence"": 0.3614}, {""rank"": 3, ""label"": ""car wheel"", ""confidence"": 0.0403}, {""rank"": 4, ""label"": ""sports car"", ""confidence"": 0.0216}, {""rank"": 5, ""label"": ""limousine"", ""confidence"": 0.0161}]",False,building
Places365_val_00009017.jpg,/Users/aidahamzic/PycharmProjects/PythonProject1/val_256/Places365_val_00009017.jpg,tower,pirate,0.5268,"[{""rank"": 1, ""label"": ""pirate"", ""confidence"": 0.5268}, {""rank"": 2, ""label"": ""schooner"", ""confidence"": 0.0973}, {""rank"": 3, ""label"": ""pole"", ""confidence"": 0.0666}, {""rank"": 4, ""label"": ""crane"", ""confidence"": 0.0472}, {""rank"": 5, ""label"": ""drilling platform"", ""confidence"": 0.0293}]",False,building
Places365_val_00009085.jpg,/Users/aidahamzic/PycharmProjects/PythonProject1/val_256/Places365_val_00009085.jpg,house,monastery,0.776,"[{""rank"": 1, ""label"": ""monastery"", ""confidence"": 0.776}, {""rank"": 2, ""label"": ""church"", ""confidence"": 0.1167}, {""rank"": 3, ""label"": ""castle"", ""confidence"": 0.0507}, {""rank"": 4, ""label"": ""palace"", ""confidence"": 0.0175}, {""rank"": 5, ""label"": ""bell cote"", ""confidence"": 0.0169}]",True,building
Places365_val_00009124.jpg,/Users/aidahamzic/PycharmProjects/PythonProject1/val_256/Places365_val_00009124.jpg,tower,church,0.5581,"[{""rank"": 1, ""label"": ""church"", ""confidence"": 0.5581}, {""rank"": 2, ""label"": ""obelisk"", ""confidence"": 0.3219}, {""rank"": 3, ""label"": ""missile"", ""confidence"": 0.0237}, {""rank"": 4, ""label"": ""bell cote"", ""confidence"": 0.0193}, {""rank"": 5, ""label"": ""flagpole"", ""confidence"": 0.0107}]",True,building
Places365_val_00009130.jpg,/Users/aidahamzic/PycharmProjects/PythonProject1/val_256/Places365_val_00009130.jpg,street,crutch,0.3947,"[{""rank"": 1, ""label"": ""crutch"", ""confidence"": 0.3947}, {""rank"": 2, ""label"": ""pickelhaube"", ""confidence"": 0.1378}, {""rank"": 3, ""label"": ""military uniform"", ""confidence"": 0.0761}, {""rank"": 4, ""label"": ""tripod"", ""confidence"": 0.0381}, {""rank"": 5, ""label"": ""bearskin"", ""confidence"": 0.0175}]",False,street
Places365_val_00009166.jpg,/Users/aidahamzic/PycharmProjects/PythonProject1/val_256/Places365_val_00009166.jpg,mountain,cliff,0.2631,"[{""rank"": 1, ""label"": ""cliff"", ""confidence"": 0.2631}, {""rank"": 2, ""label"": ""stone wall"", ""confidence"": 0.18}, {""rank"": 3, ""label"": ""alp"", ""confidence"": 0.1741}, {""rank"": 4, ""label"": ""valley"", ""confidence"": 0.1677}, {""rank"": 5, ""label"": ""promontory"", ""confidence"": 0.0902}]",True,mountain
Places365_val_00009253.jpg,/Users/aidahamzic/PycharmProjects/PythonProject1/val_256/Places365_val_00009253.jpg,house,boathouse,0.4214,"[{""rank"": 1, ""label"": ""boathouse"", ""confidence"": 0.4214}, {""rank"": 2, ""label"": ""mobile home"", ""confidence"": 0.2047}, {""rank"": 3, ""label"": ""worm fence"", ""confidence"": 0.1622}, {""rank"": 4, ""label"": ""solar dish"", ""confidence"": 0.1089}, {""rank"": 5, ""label"": ""barn"", ""confidence"": 0.0276}]",True,building
Places365_val_00009299.jpg,/Users/aidahamzic/PycharmProjects/PythonProject1/val_256/Places365_val_00009299.jpg,alley,tow truck,0.2213,"[{""rank"": 1, ""label"": ""tow truck"", ""confidence"": 0.2213}, {""rank"": 2, ""label"": ""crane"", ""confidence"": 0.0616}, {""rank"": 3, ""label"": ""fire engine"", ""confidence"": 0.0583}, {""rank"": 4, ""label"": ""forklift"", ""confidence"": 0.0475}, {""rank"": 5, ""label"": ""cinema"", ""confidence"": 0.0474}]",False,street
Places365_val_00009306.jpg,/Users/aidahamzic/PycharmProjects/PythonProject1/val_256/Places365_val_00009306.jpg,street,monastery,0.2776,"[{""rank"": 1, ""label"": ""monastery"", ""confidence"": 0.2776}, {""rank"": 2, ""label"": ""vault"", ""confidence"": 0.1492}, {""rank"": 3, ""label"": ""prison"", ""confidence"": 0.1388}, {""rank"": 4, ""label"": ""church"", ""confidence"": 0.1135}, {""rank"": 5, ""label"": ""palace"", ""confidence"": 0.0627}]",False,street
Places365_val_00009350.jpg,/Users/aidahamzic/PycharmProjects/PythonProject1/val_256/Places365_val_00009350.jpg,forest-broadleaf,cliff,0.3259,"[{""rank"": 1, ""label"": ""cliff"", ""confidence"": 0.3259}, {""rank"": 2, ""label"": ""stone wall"", ""confidence"": 0.0685}, {""rank"": 3, ""label"": ""impala"", ""confidence"": 0.0463}, {""rank"": 4, ""label"": ""ibex"", ""confidence"": 0.0398}, {""rank"": 5, ""label"": ""harvestman"", ""confidence"": 0.0259}]",True,forest
Places365_val_00009369.jpg,/Users/aidahamzic/PycharmProjects/PythonProject1/val_256/Places365_val_00009369.jpg,alley,fire screen,0.2927,"[{""rank"": 1, ""label"": ""fire screen"", ""confidence"": 0.2927}, {""rank"": 2, ""label"": ""window shade"", ""confidence"": 0.1418}, {""rank"": 3, ""label"": ""window screen"", ""confidence"": 0.1127}, {""rank"": 4, ""label"": ""shoji"", ""confidence"": 0.0582}, {""rank"": 5, ""label"": ""prison"", ""confidence"": 0.0571}]",False,street
Places365_val_00009401.jpg,/Users/aidahamzic/PycharmProjects/PythonProject1/val_256/Places365_val_00009401.jpg,mountain,boathouse,0.1079,"[{""rank"": 1, ""label"": ""boathouse"", ""confidence"": 0.1079}, {""rank"": 2, ""label"": ""dam"", ""confidence"": 0.0865}, {""rank"": 3, ""label"": ""suspension bridge"", ""confidence"": 0.0863}, {""rank"": 4, ""label"": ""steam locomotive"", ""confidence"": 0.0548}, {""rank"": 5, ""label"": ""streetcar"", ""confidence"": 0.0485}]",False,mountain
Places365_val_00009485.jpg,/Users/aidahamzic/PycharmProjects/PythonProject1/val_256/Places365_val_00009485.jpg,street,triceratops,0.1146,"[{""rank"": 1, ""label"": ""triceratops"", ""confidence"": 0.1146}, {""rank"": 2, ""label"": ""swing"", ""confidence"": 0.0935}, {""rank"": 3, ""label"": ""unicycle"", ""confidence"": 0.0813}, {""rank"": 4, ""label"": ""tusker"", ""confidence"": 0.0479}, {""rank"": 5, ""label"": ""maypole"", ""confidence"": 0.047}]",False,street
Places365_val_00009493.jpg,/Users/aidahamzic/PycharmProjects/PythonProject1/val_256/Places365_val_00009493.jpg,coast,seashore,0.2772,"[{""rank"": 1, ""label"": ""seashore"", ""confidence"": 0.2772}, {""rank"": 2, ""label"": ""promontory"", ""confidence"": 0.1847}, {""rank"": 3, ""label"": ""valley"", ""confidence"": 0.1258}, {""rank"": 4, ""label"": ""beacon"", ""confidence"": 0.0901}, {""rank"": 5, ""label"": ""cliff"", ""confidence"": 0.0618}]",True,water
Places365_val_00009505.jpg,/Users/aidahamzic/PycharmProjects/PythonProject1/val_256/Places365_val_00009505.jpg,downtown,palace,0.3682,"[{""rank"": 1, ""label"": ""palace"", ""confidence"": 0.3682}, {""rank"": 2, ""label"": ""mosque"", ""confidence"": 0.1063}, {""rank"": 3, ""label"": ""bell cote"", ""confidence"": 0.083}, {""rank"": 4, ""label"": ""triumphal arch"", ""confidence"": 0.0433}, {""rank"": 5, ""label"": ""castle"", ""confidence"": 0.0329}]",True,building
Places365_val_00009556.jpg,/Users/aidahamzic/PycharmProjects/PythonProject1/val_256/Places365_val_00009556.jpg,glacier,alp,0.5813,"[{""rank"": 1, ""label"": ""alp"", ""confidence"": 0.5813}, {""rank"": 2, ""label"": ""valley"", ""confidence"": 0.2843}, {""rank"": 3, ""label"": ""volcano"", ""confidence"": 0.0875}, {""rank"": 4, ""label"": ""mountain tent"", ""confidence"": 0.0317}, {""rank"": 5, ""label"": ""cliff"", ""confidence"": 0.0043}]",True,glacier
Places365_val_00009574.jpg,/Users/aidahamzic/PycharmProjects/PythonProject1/val_256/Places365_val_00009574.jpg,street,jinrikisha,0.2761,"[{""rank"": 1, ""label"": ""jinrikisha"", ""confidence"": 0.2761}, {""rank"": 2, ""label"": ""horse cart"", ""confidence"": 0.2227}, {""rank"": 3, ""label"": ""garbage truck"", ""confidence"": 0.062}, {""rank"": 4, ""label"": ""moving van"", ""confidence"": 0.0524}, {""rank"": 5, ""label"": ""mobile home"", ""confidence"": 0.046}]",True,street
Places365_val_00009591.jpg,/Users/aidahamzic/PycharmProjects/PythonProject1/val_256/Places365_val_00009591.jpg,river,dam,0.1926,"[{""rank"": 1, ""label"": ""dam"", ""confidence"": 0.1926}, {""rank"": 2, ""label"": ""pier"", ""confidence"": 0.1481}, {""rank"": 3, ""label"": ""suspension bridge"", ""confidence"": 0.1474}, {""rank"": 4, ""label"": ""forklift"", ""confidence"": 0.075}, {""rank"": 5, ""label"": ""paddlewheel"", ""confidence"": 0.0734}]",False,water
Places365_val_00009602.jpg,/Users/aidahamzic/PycharmProjects/PythonProject1/val_256/Places365_val_00009602.jpg,highway,mailbox,0.134,"[{""rank"": 1, ""label"": ""mailbox"", ""confidence"": 0.134}, {""rank"": 2, ""label"": ""pole"", ""confidence"": 0.0718}, {""rank"": 3, ""label"": ""street sign"", ""confidence"": 0.0536}, {""rank"": 4, ""label"": ""parking meter"", ""confidence"": 0.0448}, {""rank"": 5, ""label"": ""worm fence"", ""confidence"": 0.0405}]",False,street
Places365_val_00009607.jpg,/Users/aidahamzic/PycharmProjects/PythonProject1/val_256/Places365_val_00009607.jpg,forest-broadleaf,mountain bike,0.1244,"[{""rank"": 1, ""label"": ""mountain bike"", ""confidence"": 0.1244}, {""rank"": 2, ""label"": ""mountain tent"", ""confidence"": 0.0362}, {""rank"": 3, ""label"": ""American black bear"", ""confidence"": 0.0316}, {""rank"": 4, ""label"": ""bighorn"", ""confidence"": 0.0257}, {""rank"": 5, ""label"": ""maze"", ""confidence"": 0.0222}]",False,forest
Places365_val_00009616.jpg,/Users/aidahamzic/PycharmProjects/PythonProject1/val_256/Places365_val_00009616.jpg,house,mobile home,0.308,"[{""rank"": 1, ""label"": ""mobile home"", ""confidence"": 0.308}, {""rank"": 2, ""label"": ""picket fence"", ""confidence"": 0.2918}, {""rank"": 3, ""label"": ""church"", ""confidence"": 0.1289}, {""rank"": 4, ""label"": ""boathouse"", ""confidence"": 0.0645}, {""rank"": 5, ""label"": ""worm fence"", ""confidence"": 0.0223}]",True,building
Places365_val_00009656.jpg,/Users/aidahamzic/PycharmProjects/PythonProject1/val_256/Places365_val_00009656.jpg,coast,promontory,0.7711,"[{""rank"": 1, ""label"": ""promontory"", ""confidence"": 0.7711}, {""rank"": 2, ""label"": ""cliff"", ""confidence"": 0.1151}, {""rank"": 3, ""label"": ""seashore"", ""confidence"": 0.0999}, {""rank"": 4, ""label"": ""lakeside"", ""confidence"": 0.0056}, {""rank"": 5, ""label"": ""sandbar"", ""confidence"": 0.0024}]",True,water
Places365_val_00009676.jpg,/Users/aidahamzic/PycharmProjects/PythonProject1/val_256/Places365_val_00009676.jpg,ocean,killer whale,0.6867,"[{""rank"": 1, ""label"": ""killer whale"", ""confidence"": 0.6867}, {""rank"": 2, ""label"": ""grey whale"", ""confidence"": 0.198}, {""rank"": 3, ""label"": ""leatherback turtle"", ""confidence"": 0.038}, {""rank"": 4, ""label"": ""submarine"", ""confidence"": 0.0123}, {""rank"": 5, ""label"": ""great white shark"", ""confidence"": 0.0099}]",False,water
Places365_val_00009722.jpg,/Users/aidahamzic/PycharmProjects/PythonProject1/val_256/Places365_val_00009722.jpg,tower,drilling platform,0.2772,"[{""rank"": 1, ""label"": ""drilling platform"", ""confidence"": 0.2772}, {""rank"": 2, ""label"": ""lakeside"", ""confidence"": 0.2205}, {""rank"": 3, ""label"": ""seashore"", ""confidence"": 0.132}, {""rank"": 4, ""label"": ""dock"", ""confidence"": 0.0431}, {""rank"": 5, ""label"": ""pirate"", ""confidence"": 0.0362}]",False,building
Places365_val_00009727.jpg,/Users/aidahamzic/PycharmProjects/PythonProject1/val_256/Places365_val_00009727.jpg,tower,promontory,0.7563,"[{""rank"": 1, ""label"": ""promontory"", ""confidence"": 0.7563}, {""rank"": 2, ""label"": ""cliff"", ""confidence"": 0.1405}, {""rank"": 3, ""label"": ""seashore"", ""confidence"": 0.0482}, {""rank"": 4, ""label"": ""beacon"", ""confidence"": 0.0298}, {""rank"": 5, ""label"": ""volcano"", ""confidence"": 0.0052}]",False,building
Places365_val_00009746.jpg,/Users/aidahamzic/PycharmProjects/PythonProject1/val_256/Places365_val_00009746.jpg,alley,prison,0.927,"[{""rank"": 1, ""label"": ""prison"", ""confidence"": 0.927}, {""rank"": 2, ""label"": ""boathouse"", ""confidence"": 0.0207}, {""rank"": 3, ""label"": ""dam"", ""confidence"": 0.0138}, {""rank"": 4, ""label"": ""bannister"", ""confidence"": 0.0052}, {""rank"": 5, ""label"": ""mobile home"", ""confidence"": 0.0029}]",False,street
Places365_val_00009748.jpg,/Users/aidahamzic/PycharmProjects/PythonProject1/val_256/Places365_val_00009748.jpg,tower,liner,0.1199,"[{""rank"": 1, ""label"": ""liner"", ""confidence"": 0.1199}, {""rank"": 2, ""label"": ""crane"", ""confidence"": 0.0923}, {""rank"": 3, ""label"": ""space shuttle"", ""confidence"": 0.0845}, {""rank"": 4, ""label"": ""bell cote"", ""confidence"": 0.0687}, {""rank"": 5, ""label"": ""airship"", ""confidence"": 0.0664}]",False,building
Places365_val_00009808.jpg,/Users/aidahamzic/PycharmProjects/PythonProject1/val_256/Places365_val_00009808.jpg,highway,motor scooter,0.237,"[{""rank"": 1, ""label"": ""motor scooter"", ""confidence"": 0.237}, {""rank"": 2, ""label"": ""moped"", ""confidence"": 0.2308}, {""rank"": 3, ""label"": ""crash helmet"", ""confidence"": 0.1178}, {""rank"": 4, ""label"": ""snowmobile"", ""confidence"": 0.0529}, {""rank"": 5, ""label"": ""bulletproof vest"", ""confidence"": 0.0356}]",False,street
Places365_val_00009833.jpg,/Users/aidahamzic/PycharmProjects/PythonProject1/val_256/Places365_val_00009833.jpg,hotel-outdoor,monitor,0.2561,"[{""rank"": 1, ""label"": ""monitor"", ""confidence"": 0.2561}, {""rank"": 2, ""label"": ""steel arch bridge"", ""confidence"": 0.1733}, {""rank"": 3, ""label"": ""screen"", ""confidence"": 0.0347}, {""rank"": 4, ""label"": ""television"", ""confidence"": 0.0231}, {""rank"": 5, ""label"": ""jigsaw puzzle"", ""confidence"": 0.0206}]",False,building
Places365_val_00009839.jpg,/Users/aidahamzic/PycharmProjects/PythonProject1/val_256/Places365_val_00009839.jpg,alley,accordion,0.181,"[{""rank"": 1, ""label"": ""accordion"", ""confidence"": 0.181}, {""rank"": 2, ""label"": ""prison"", ""confidence"": 0.071}, {""rank"": 3, ""label"": ""groom"", ""confidence"": 0.0459}, {""rank"": 4, ""label"": ""crutch"", ""confidence"": 0.0413}, {""rank"": 5, ""label"": ""umbrella"", ""confidence"": 0.0384}]",False,street
Places365_val_00009847.jpg,/Users/aidahamzic/PycharmProjects/PythonProject1/val_256/Places365_val_00009847.jpg,glacier,maze,0.9657,"[{""rank"": 1, ""label"": ""maze"", ""confidence"": 0.9657}, {""rank"": 2, ""label"": ""manhole cover"", ""confidence"": 0.0168}, {""rank"": 3, ""label"": ""sundial"", ""confidence"": 0.0056}, {""rank"": 4, ""label"": ""coil"", ""confidence"": 0.002}, {""rank"": 5, ""label"": ""sandbar"", ""confidence"": 0.0016}]",False,glacier
Places365_val_00009864.jpg,/Users/aidahamzic/PycharmProjects/PythonProject1/val_256/Places365_val_00009864.jpg,highway,snowplow,0.2151,"[{""rank"": 1, ""label"": ""snowplow"", ""confidence"": 0.2151}, {""rank"": 2, ""label"": ""trailer truck"", ""confidence"": 0.1209}, {""rank"": 3, ""label"": ""traffic light"", ""confidence"": 0.1049}, {""rank"": 4, ""label"": ""steam locomotive"", ""confidence"": 0.0587}, {""rank"": 5, ""label"": ""streetcar"", ""confidence"": 0.0499}]",True,street
Places365_val_00009869.jpg,/Users/aidahamzic/PycharmProjects/PythonProject1/val_256/Places365_val_00009869.jpg,river,valley,0.7941,"[{""rank"": 1, ""label"": ""valley"", ""confidence"": 0.7941}, {""rank"": 2, ""label"": ""dam"", ""confidence"": 0.1301}, {""rank"": 3, ""label"": ""lakeside"", ""confidence"": 0.0186}, {""rank"": 4, ""label"": ""cliff"", ""confidence"": 0.011}, {""rank"": 5, ""label"": ""alp"", ""confidence"": 0.0051}]",True,water
Places365_val_00009937.jpg,/Users/aidahamzic/PycharmProjects/PythonProject1/val_256/Places365_val_00009937.jpg,ocean,promontory,0.2343,"[{""rank"": 1, ""label"": ""promontory"", ""confidence"": 0.2343}, {""rank"": 2, ""label"": ""seashore"", ""confidence"": 0.2037}, {""rank"": 3, ""label"": ""geyser"", ""confidence"": 0.056}, {""rank"": 4, ""label"": ""breakwater"", ""confidence"": 0.0539}, {""rank"": 5, ""label"": ""volcano"", ""confidence"": 0.044}]",True,water
Places365_val_00009995.jpg,/Users/aidahamzic/PycharmProjects/PythonProject1/val_256/Places365_val_00009995.jpg,coast,lakeside,0.0959,"[{""rank"": 1, ""label"": ""lakeside"", ""confidence"": 0.0959}, {""rank"": 2, ""label"": ""seashore"", ""confidence"": 0.0833}, {""rank"": 3, ""label"": ""megalith"", ""confidence"": 0.0682}, {""rank"": 4, ""label"": ""yurt"", ""confidence"": 0.0535}, {""rank"": 5, ""label"": ""radio telescope"", ""confidence"": 0.042}]",True,water
Places365_val_00010025.jpg,/Users/aidahamzic/PycharmProjects/PythonProject1/val_256/Places365_val_00010025.jpg,house,streetcar,0.2242,"[{""rank"": 1, ""label"": ""streetcar"", ""confidence"": 0.2242}, {""rank"": 2, ""label"": ""passenger car"", ""confidence"": 0.0463}, {""rank"": 3, ""label"": ""trolleybus"", ""confidence"": 0.0421}, {""rank"": 4, ""label"": ""car mirror"", ""confidence"": 0.0317}, {""rank"": 5, ""label"": ""traffic light"", ""confidence"": 0.0291}]",False,building
Places365_val_00010039.jpg,/Users/aidahamzic/PycharmProjects/PythonProject1/val_256/Places365_val_00010039.jpg,mountain,alp,0.5486,"[{""rank"": 1, ""label"": ""alp"", ""confidence"": 0.5486}, {""rank"": 2, ""label"": ""valley"", ""confidence"": 0.0656}, {""rank"": 3, ""label"": ""ski"", ""confidence"": 0.0465}, {""rank"": 4, ""label"": ""bighorn"", ""confidence"": 0.0381}, {""rank"": 5, ""label"": ""bison"", ""confidence"": 0.0362}]",True,mountain
Places365_val_00010107.jpg,/Users/aidahamzic/PycharmProjects/PythonProject1/val_256/Places365_val_00010107.jpg,glacier,alp,0.7456,"[{""rank"": 1, ""label"": ""alp"", ""confidence"": 0.7456}, {""rank"": 2, ""label"": ""mountain tent"", ""confidence"": 0.2354}, {""rank"": 3, ""label"": ""ski"", ""confidence"": 0.0085}, {""rank"": 4, ""label"": ""yurt"", ""confidence"": 0.003}, {""rank"": 5, ""label"": ""valley"", ""confidence"": 0.0025}]",True,glacier
Places365_val_00010203.jpg,/Users/aidahamzic/PycharmProjects/PythonProject1/val_256/Places365_val_00010203.jpg,downtown,prayer rug,0.2976,"[{""rank"": 1, ""label"": ""prayer rug"", ""confidence"": 0.2976}, {""rank"": 2, ""label"": ""fire screen"", ""confidence"": 0.2356}, {""rank"": 3, ""label"": ""window shade"", ""confidence"": 0.0955}, {""rank"": 4, ""label"": ""book jacket"", ""confidence"": 0.0749}, {""rank"": 5, ""label"": ""throne"", ""confidence"": 0.0586}]",False,building
Places365_val_00010206.jpg,/Users/aidahamzic/PycharmProjects/PythonProject1/val_256/Places365_val_00010206.jpg,downtown,scoreboard,0.4082,"[{""rank"": 1, ""label"": ""scoreboard"", ""confidence"": 0.4082}, {""rank"": 2, ""label"": ""pier"", ""confidence"": 0.1481}, {""rank"": 3, ""label"": ""monitor"", ""confidence"": 0.0669}, {""rank"": 4, ""label"": ""container ship"", ""confidence"": 0.0594}, {""rank"": 5, ""label"": ""dock"", ""confidence"": 0.0471}]",False,building
Places365_val_00010274.jpg,/Users/aidahamzic/PycharmProjects/PythonProject1/val_256/Places365_val_00010274.jpg,alley,prison,0.334,"[{""rank"": 1, ""label"": ""prison"", ""confidence"": 0.334}, {""rank"": 2, ""label"": ""vault"", ""confidence"": 0.2052}, {""rank"": 3, ""label"": ""bannister"", ""confidence"": 0.0718}, {""rank"": 4, ""label"": ""guillotine"", ""confidence"": 0.028}, {""rank"": 5, ""label"": ""four-poster"", ""confidence"": 0.0269}]",False,street
Places365_val_00010347.jpg,/Users/aidahamzic/PycharmProjects/PythonProject1/val_256/Places365_val_00010347.jpg,highway,mountain tent,0.6771,"[{""rank"": 1, ""label"": ""mountain tent"", ""confidence"": 0.6771}, {""rank"": 2, ""label"": ""wing"", ""confidence"": 0.0767}, {""rank"": 3, ""label"": ""barn"", ""confidence"": 0.0212}, {""rank"": 4, ""label"": ""schooner"", ""confidence"": 0.0203}, {""rank"": 5, ""label"": ""umbrella"", ""confidence"": 0.0185}]",False,street
Places365_val_00010387.jpg,/Users/aidahamzic/PycharmProjects/PythonProject1/val_256/Places365_val_00010387.jpg,forest-broadleaf,valley,0.5579,"[{""rank"": 1, ""label"": ""valley"", ""confidence"": 0.5579}, {""rank"": 2, ""label"": ""lakeside"", ""confidence"": 0.0415}, {""rank"": 3, ""label"": ""alp"", ""confidence"": 0.0311}, {""rank"": 4, ""label"": ""stone wall"", ""confidence"": 0.0295}, {""rank"": 5, ""label"": ""cliff"", ""confidence"": 0.0235}]",True,forest
Places365_val_00010421.jpg,/Users/aidahamzic/PycharmProjects/PythonProject1/val_256/Places365_val_00010421.jpg,forest-broadleaf,worm fence,0.2127,"[{""rank"": 1, ""label"": ""worm fence"", ""confidence"": 0.2127}, {""rank"": 2, ""label"": ""lakeside"", ""confidence"": 0.0891}, {""rank"": 3, ""label"": ""park bench"", ""confidence"": 0.0459}, {""rank"": 4, ""label"": ""mountain tent"", ""confidence"": 0.0341}, {""rank"": 5, ""label"": ""mountain bike"", ""confidence"": 0.032}]",False,forest
Places365_val_00010450.jpg,/Users/aidahamzic/PycharmProjects/PythonProject1/val_256/Places365_val_00010450.jpg,glacier,valley,0.5866,"[{""rank"": 1, ""label"": ""valley"", ""confidence"": 0.5866}, {""rank"": 2, ""label"": ""alp"", ""confidence"": 0.2945}, {""rank"": 3, ""label"": ""cliff"", ""confidence"": 0.0447}, {""rank"": 4, ""label"": ""promontory"", ""confidence"": 0.0354}, {""rank"": 5, ""label"": ""lakeside"", ""confidence"": 0.0089}]",True,glacier
Places365_val_00010466.jpg,/Users/aidahamzic/PycharmProjects/PythonProject1/val_256/Places365_val_00010466.jpg,forest-broadleaf,swing,0.1035,"[{""rank"": 1, ""label"": ""swing"", ""confidence"": 0.1035}, {""rank"": 2, ""label"": ""chain saw"", ""confidence"": 0.0799}, {""rank"": 3, ""label"": ""koala"", ""confidence"": 0.0349}, {""rank"": 4, ""label"": ""swimming trunks"", ""confidence"": 0.0332}, {""rank"": 5, ""label"": ""sarong"", ""confidence"": 0.0317}]",False,forest
Places365_val_00010488.jpg,/Users/aidahamzic/PycharmProjects/PythonProject1/val_256/Places365_val_00010488.jpg,glacier,snowplow,0.9317,"[{""rank"": 1, ""label"": ""snowplow"", ""confidence"": 0.9317}, {""rank"": 2, ""label"": ""school bus"", ""confidence"": 0.0246}, {""rank"": 3, ""label"": ""alp"", ""confidence"": 0.0129}, {""rank"": 4, ""label"": ""snowmobile"", ""confidence"": 0.0039}, {""rank"": 5, ""label"": ""crane"", ""confidence"": 0.0038}]",True,glacier
Places365_val_00010498.jpg,/Users/aidahamzic/PycharmProjects/PythonProject1/val_256/Places365_val_00010498.jpg,mountain,alp,0.9612,"[{""rank"": 1, ""label"": ""alp"", ""confidence"": 0.9612}, {""rank"": 2, ""label"": ""ski"", ""confidence"": 0.0107}, {""rank"": 3, ""label"": ""valley"", ""confidence"": 0.0092}, {""rank"": 4, ""label"": ""mountain tent"", ""confidence"": 0.0072}, {""rank"": 5, ""label"": ""volcano"", ""confidence"": 0.0036}]",True,mountain
Places365_val_00010511.jpg,/Users/aidahamzic/PycharmProjects/PythonProject1/val_256/Places365_val_00010511.jpg,river,viaduct,0.8892,"[{""rank"": 1, ""label"": ""viaduct"", ""confidence"": 0.8892}, {""rank"": 2, ""label"": ""suspension bridge"", ""confidence"": 0.0563}, {""rank"": 3, ""label"": ""pier"", ""confidence"": 0.0249}, {""rank"": 4, ""label"": ""triumphal arch"", ""confidence"": 0.0112}, {""rank"": 5, ""label"": ""steel arch bridge"", ""confidence"": 0.0082}]",False,water
Places365_val_00010525.jpg,/Users/aidahamzic/PycharmProjects/PythonProject1/val_256/Places365_val_00010525.jpg,forest-broadleaf,hen-of-the-woods,0.0687,"[{""rank"": 1, ""label"": ""hen-of-the-woods"", ""confidence"": 0.0687}, {""rank"": 2, ""label"": ""American black bear"", ""confidence"": 0.0401}, {""rank"": 3, ""label"": ""coyote"", ""confidence"": 0.0307}, {""rank"": 4, ""label"": ""stone wall"", ""confidence"": 0.0244}, {""rank"": 5, ""label"": ""timber wolf"", ""confidence"": 0.0239}]",False,forest
Places365_val_00010526.jpg,/Users/aidahamzic/PycharmProjects/PythonProject1/val_256/Places365_val_00010526.jpg,alley,prison,0.6257,"[{""rank"": 1, ""label"": ""prison"", ""confidence"": 0.6257}, {""rank"": 2, ""label"": ""streetcar"", ""confidence"": 0.2124}, {""rank"": 3, ""label"": ""gondola"", ""confidence"": 0.0347}, {""rank"": 4, ""label"": ""passenger car"", ""confidence"": 0.0225}, {""rank"": 5, ""label"": ""palace"", ""confidence"": 0.0162}]",True,street
Places365_val_00010545.jpg,/Users/aidahamzic/PycharmProjects/PythonProject1/val_256/Places365_val_00010545.jpg,mountain,monastery,0.7086,"[{""rank"": 1, ""label"": ""monastery"", ""confidence"": 0.7086}, {""rank"": 2, ""label"": ""church"", ""confidence"": 0.192}, {""rank"": 3, ""label"": ""palace"", ""confidence"": 0.0342}, {""rank"": 4, ""label"": ""bell cote"", ""confidence"": 0.0179}, {""rank"": 5, ""label"": ""castle"", ""confidence"": 0.0123}]",False,mountain
Places365_val_00010582.jpg,/Users/aidahamzic/PycharmProjects/PythonProject1/val_256/Places365_val_00010582.jpg,rainforest,skunk,0.1332,"[{""rank"": 1, ""label"": ""skunk"", ""confidence"": 0.1332}, {""rank"": 2, ""label"": ""porcupine"", ""confidence"": 0.041}, {""rank"": 3, ""label"": ""cardoon"", ""confidence"": 0.0321}, {""rank"": 4, ""label"": ""greenhouse"", ""confidence"": 0.0282}, {""rank"": 5, ""label"": ""tiger"", ""confidence"": 0.0241}]",False,forest
Places365_val_00010585.jpg,/Users/aidahamzic/PycharmProjects/PythonProject1/val_256/Places365_val_00010585.jpg,rainforest,valley,0.8892,"[{""rank"": 1, ""label"": ""valley"", ""confidence"": 0.8892}, {""rank"": 2, ""label"": ""cliff"", ""confidence"": 0.0184}, {""rank"": 3, ""label"": ""coral reef"", ""confidence"": 0.016}, {""rank"": 4, ""label"": ""hen-of-the-woods"", ""confidence"": 0.0099}, {""rank"": 5, ""label"": ""stone wall"", ""confidence"": 0.0088}]",True,forest
Places365_val_00010587.jpg,/Users/aidahamzic/PycharmProjects/PythonProject1/val_256/Places365_val_00010587.jpg,alley,restaurant,0.1002,"[{""rank"": 1, ""label"": ""restaurant"", ""confidence"": 0.1002}, {""rank"": 2, ""label"": ""turnstile"", ""confidence"": 0.0879}, {""rank"": 3, ""label"": ""spotlight"", ""confidence"": 0.0607}, {""rank"": 4, ""label"": ""slot"", ""confidence"": 0.0535}, {""rank"": 5, ""label"": ""stage"", ""confidence"": 0.0444}]",False,street
Places365_val_00010680.jpg,/Users/aidahamzic/PycharmProjects/PythonProject1/val_256/Places365_val_00010680.jpg,rainforest,mountain tent,0.1301,"[{""rank"": 1, ""label"": ""mountain tent"", ""confidence"": 0.1301}, {""rank"": 2, ""label"": ""cloak"", ""confidence"": 0.0812}, {""rank"": 3, ""label"": ""park bench"", ""confidence"": 0.063}, {""rank"": 4, ""label"": ""viaduct"", ""confidence"": 0.0463}, {""rank"": 5, ""label"": ""megalith"", ""confidence"": 0.031}]",False,forest
Places365_val_00010689.jpg,/Users/aidahamzic/PycharmProjects/PythonProject1/val_256/Places365_val_00010689.jpg,house,boathouse,0.5839,"[{""rank"": 1, ""label"": ""boathouse"", ""confidence"": 0.5839}, {""rank"": 2, ""label"": ""dam"", ""confidence"": 0.0805}, {""rank"": 3, ""label"": ""mobile home"", ""confidence"": 0.0755}, {""rank"": 4, ""label"": ""patio"", ""confidence"": 0.0419}, {""rank"": 5, ""label"": ""lakeside"", ""confidence"": 0.0206}]",True,building
Places365_val_00010709.jpg,/Users/aidahamzic/PycharmProjects/PythonProject1/val_256/Places365_val_00010709.jpg,skyscraper,cinema,0.7461,"[{""rank"": 1, ""label"": ""cinema"", ""confidence"": 0.7461}, {""rank"": 2, ""label"": ""bell cote"", ""confidence"": 0.0444}, {""rank"": 3, ""label"": ""pier"", ""confidence"": 0.0304}, {""rank"": 4, ""label"": ""library"", ""confidence"": 0.0241}, {""rank"": 5, ""label"": ""flagpole"", ""confidence"": 0.021}]",True,building
Places365_val_00010780.jpg,/Users/aidahamzic/PycharmProjects/PythonProject1/val_256/Places365_val_00010780.jpg,ocean,seashore,0.8609,"[{""rank"": 1, ""label"": ""seashore"", ""confidence"": 0.8609}, {""rank"": 2, ""label"": ""promontory"", ""confidence"": 0.1242}, {""rank"": 3, ""label"": ""sandbar"", ""confidence"": 0.0092}, {""rank"": 4, ""label"": ""cliff"", ""confidence"": 0.004}, {""rank"": 5, ""label"": ""wreck"", ""confidence"": 0.0004}]",True,water
Places365_val_00010826.jpg,/Users/aidahamzic/PycharmProjects/PythonProject1/val_256/Places365_val_00010826.jpg,glacier,stone wall,0.7177,"[{""rank"": 1, ""label"": ""stone wall"", ""confidence"": 0.7177}, {""rank"": 2, ""label"": ""hen-of-the-woods"", ""confidence"": 0.1016}, {""rank"": 3, ""label"": ""thatch"", ""confidence"": 0.0719}, {""rank"": 4, ""label"": ""cliff"", ""confidence"": 0.0187}, {""rank"": 5, ""label"": ""chiton"", ""confidence"": 0.0049}]",True,glacier
Places365_val_00010858.jpg,/Users/aidahamzic/PycharmProjects/PythonProject1/val_256/Places365_val_00010858.jpg,coast,trimaran,0.4598,"[{""rank"": 1, ""label"": ""trimaran"", ""confidence"": 0.4598}, {""rank"": 2, ""label"": ""yawl"", ""confidence"": 0.3894}, {""rank"": 3, ""label"": ""catamaran"", ""confidence"": 0.1428}, {""rank"": 4, ""label"": ""schooner"", ""confidence"": 0.0066}, {""rank"": 5, ""label"": ""sandbar"", ""confidence"": 0.0003}]",True,water
Places365_val_00010905.jpg,/Users/aidahamzic/PycharmProjects/PythonProject1/val_256/Places365_val_00010905.jpg,mountain,snowplow,0.384,"[{""rank"": 1, ""label"": ""snowplow"", ""confidence"": 0.384}, {""rank"": 2, ""label"": ""dam"", ""confidence"": 0.1574}, {""rank"": 3, ""label"": ""geyser"", ""confidence"": 0.1112}, {""rank"": 4, ""label"": ""fireboat"", ""confidence"": 0.044}, {""rank"": 5, ""label"": ""breakwater"", ""confidence"": 0.0395}]",False,mountain
Places365_val_00010945.jpg,/Users/aidahamzic/PycharmProjects/PythonProject1/val_256/Places365_val_00010945.jpg,ocean,drilling platform,0.1757,"[{""rank"": 1, ""label"": ""drilling platform"", ""confidence"": 0.1757}, {""rank"": 2, ""label"": ""seashore"", ""confidence"": 0.169}, {""rank"": 3, ""label"": ""lakeside"", ""confidence"": 0.164}, {""rank"": 4, ""label"": ""promontory"", ""confidence"": 0.081}, {""rank"": 5, ""label"": ""volcano"", ""confidence"": 0.0407}]",True,water
Places365_val_00010954.jpg,/Users/aidahamzic/PycharmProjects/PythonProject1/val_256/Places365_val_00010954.jpg,mountain,volcano,0.7917,"[{""rank"": 1, ""label"": ""volcano"", ""confidence"": 0.7917}, {""rank"": 2, ""label"": ""geyser"", ""confidence"": 0.1272}, {""rank"": 3, ""label"": ""steam locomotive"", ""confidence"": 0.0085}, {""rank"": 4, ""label"": ""alp"", ""confidence"": 0.0072}, {""rank"": 5, ""label"": ""airship"", ""confidence"": 0.0061}]",True,mountain
Places365_val_00011000.jpg,/Users/aidahamzic/PycharmProjects/PythonProject1/val_256/Places365_val_00011000.jpg,coast,trimaran,0.6592,"[{""rank"": 1, ""label"": ""trimaran"", ""confidence"": 0.6592}, {""rank"": 2, ""label"": ""catamaran"", ""confidence"": 0.3402}, {""rank"": 3, ""label"": ""yawl"", ""confidence"": 0.0005}, {""rank"": 4, ""label"": ""speedboat"", ""confidence"": 0.0}, {""rank"": 5, ""label"": ""schooner"", ""confidence"": 0.0}]",True,water
Places365_val_00011057.jpg,/Users/aidahamzic/PycharmProjects/PythonProject1/val_256/Places365_val_00011057.jpg,river,dam,0.4715,"[{""rank"": 1, ""label"": ""dam"", ""confidence"": 0.4715}, {""rank"": 2, ""label"": ""breakwater"", ""confidence"": 0.1823}, {""rank"": 3, ""label"": ""submarine"", ""confidence"": 0.0978}, {""rank"": 4, ""label"": ""sandbar"", ""confidence"": 0.0221}, {""rank"": 5, ""label"": ""speedboat"", ""confidence"": 0.0209}]",True,water
Places365_val_00011090.jpg,/Users/aidahamzic/PycharmProjects/PythonProject1/val_256/Places365_val_00011090.jpg,tower,castle,0.7226,"[{""rank"": 1, ""label"": ""castle"", ""confidence"": 0.7226}, {""rank"": 2, ""label"": ""beacon"", ""confidence"": 0.0818}, {""rank"": 3, ""label"": ""bell cote"", ""confidence"": 0.061}, {""rank"": 4, ""label"": ""church"", ""confidence"": 0.044}, {""rank"": 5, ""label"": ""barn"", ""confidence"": 0.0144}]",True,building
Places365_val_00011097.jpg,/Users/aidahamzic/PycharmProjects/PythonProject1/val_256/Places365_val_00011097.jpg,tower,church,0.7765,"[{""rank"": 1, ""label"": ""church"", ""confidence"": 0.7765}, {""rank"": 2, ""label"": ""bell cote"", ""confidence"": 0.1293}, {""rank"": 3, ""label"": ""monastery"", ""confidence"": 0.0904}, {""rank"": 4, ""label"": ""castle"", ""confidence"": 0.0018}, {""rank"": 5, ""label"": ""palace"", ""confidence"": 0.0007}]",True,building
Places365_val_00011128.jpg,/Users/aidahamzic/PycharmProjects/PythonProject1/val_256/Places365_val_00011128.jpg,river,valley,0.9065,"[{""rank"": 1, ""label"": ""valley"", ""confidence"": 0.9065}, {""rank"": 2, ""label"": ""lakeside"", ""confidence"": 0.0367}, {""rank"": 3, ""label"": ""suspension bridge"", ""confidence"": 0.0226}, {""rank"": 4, ""label"": ""cliff"", ""confidence"": 0.0071}, {""rank"": 5, ""label"": ""alp"", ""confidence"": 0.0061}]",True,water
Places365_val_00011149.jpg,/Users/aidahamzic/PycharmProjects/PythonProject1/val_256/Places365_val_00011149.jpg,rainforest,maze,0.1977,"[{""rank"": 1, ""label"": ""maze"", ""confidence"": 0.1977}, {""rank"": 2, ""label"": ""valley"", ""confidence"": 0.1845}, {""rank"": 3, ""label"": ""lakeside"", ""confidence"": 0.1683}, {""rank"": 4, ""label"": ""worm fence"", ""confidence"": 0.0902}, {""rank"": 5, ""label"": ""alp"", ""confidence"": 0.0436}]",True,forest
Places365_val_00011176.jpg,/Users/aidahamzic/PycharmProjects/PythonProject1/val_256/Places365_val_00011176.jpg,coast,seashore,0.1401,"[{""rank"": 1, ""label"": ""seashore"", ""confidence"": 0.1401}, {""rank"": 2, ""label"": ""sandbar"", ""confidence"": 0.12}, {""rank"": 3, ""label"": ""Arabian camel"", ""confidence"": 0.08}, {""rank"": 4, ""label"": ""volleyball"", ""confidence"": 0.0558}, {""rank"": 5, ""label"": ""plow"", ""confidence"": 0.0487}]",True,water
Places365_val_00011237.jpg,/Users/aidahamzic/PycharmProjects/PythonProject1/val_256/Places365_val_00011237.jpg,house,thatch,0.9999,"[{""rank"": 1, ""label"": ""thatch"", ""confidence"": 0.9999}, {""rank"": 2, ""label"": ""bell cote"", ""confidence"": 0.0}, {""rank"": 3, ""label"": ""monastery"", ""confidence"": 0.0}, {""rank"": 4, ""label"": ""patio"", ""confidence"": 0.0}, {""rank"": 5, ""label"": ""stupa"", ""confidence"": 0.0}]",True,building
Places365_val_00011275.jpg,/Users/aidahamzic/PycharmProjects/PythonProject1/val_256/Places365_val_00011275.jpg,street,miniskirt,0.074,"[{""rank"": 1, ""label"": ""miniskirt"", ""confidence"": 0.074}, {""rank"": 2, ""label"": ""clog"", ""confidence"": 0.0591}, {""rank"": 3, ""label"": ""racket"", ""confidence"": 0.0566}, {""rank"": 4, ""label"": ""unicycle"", ""confidence"": 0.0479}, {""rank"": 5, ""label"": ""hoopskirt"", ""confidence"": 0.0457}]",False,street
Places365_val_00011303.jpg,/Users/aidahamzic/PycharmProjects/PythonProject1/val_256/Places365_val_00011303.jpg,forest-broadleaf,lakeside,0.1446,"[{""rank"": 1, ""label"": ""lakeside"", ""confidence"": 0.1446}, {""rank"": 2, ""label"": ""goose"", ""confidence"": 0.0524}, {""rank"": 3, ""label"": ""American egret"", ""confidence"": 0.039}, {""rank"": 4, ""label"": ""crane bird"", ""confidence"": 0.0281}, {""rank"": 5, ""label"": ""boathouse"", ""confidence"": 0.0242}]",False,forest
Places365_val_00011315.jpg,/Users/aidahamzic/PycharmProjects/PythonProject1/val_256/Places365_val_00011315.jpg,ocean,lakeside,0.2683,"[{""rank"": 1, ""label"": ""lakeside"", ""confidence"": 0.2683}, {""rank"": 2, ""label"": ""seashore"", ""confidence"": 0.2193}, {""rank"": 3, ""label"": ""promontory"", ""confidence"": 0.2165}, {""rank"": 4, ""label"": ""patio"", ""confidence"": 0.082}, {""rank"": 5, ""label"": ""castle"", ""confidence"": 0.032}]",True,water
Places365_val_00011371.jpg,/Users/aidahamzic/PycharmProjects/PythonProject1/val_256/Places365_val_00011371.jpg,river,coho,0.5637,"[{""rank"": 1, ""label"": ""coho"", ""confidence"": 0.5637}, {""rank"": 2, ""label"": ""sturgeon"", ""confidence"": 0.2158}, {""rank"": 3, ""label"": ""hammerhead"", ""confidence"": 0.0658}, {""rank"": 4, ""label"": ""great white shark"", ""confidence"": 0.0427}, {""rank"": 5, ""label"": ""hippopotamus"", ""confidence"": 0.0332}]",False,water
Places365_val_00011376.jpg,/Users/aidahamzic/PycharmProjects/PythonProject1/val_256/Places365_val_00011376.jpg,street,horse cart,0.3588,"[{""rank"": 1, ""label"": ""horse cart"", ""confidence"": 0.3588}, {""rank"": 2, ""label"": ""oxcart"", ""confidence"": 0.209}, {""rank"": 3, ""label"": ""ox"", ""confidence"": 0.0367}, {""rank"": 4, ""label"": ""crutch"", ""confidence"": 0.0262}, {""rank"": 5, ""label"": ""Saluki"", ""confidence"": 0.024}]",False,street
Places365_val_00011379.jpg,/Users/aidahamzic/PycharmProjects/PythonProject1/val_256/Places365_val_00011379.jpg,hotel-outdoor,church,0.2145,"[{""rank"": 1, ""label"": ""church"", ""confidence"": 0.2145}, {""rank"": 2, ""label"": ""palace"", ""confidence"": 0.0985}, {""rank"": 3, ""label"": ""jigsaw puzzle"", ""confidence"": 0.0965}, {""rank"": 4, ""label"": ""bell cote"", ""confidence"": 0.0706}, {""rank"": 5, ""label"": ""streetcar"", ""confidence"": 0.052}]",True,building
Places365_val_00011381.jpg,/Users/aidahamzic/PycharmProjects/PythonProject1/val_256/Places365_val_00011381.jpg,downtown,palace,0.2116,"[{""rank"": 1, ""label"": ""palace"", ""confidence"": 0.2116}, {""rank"": 2, ""label"": ""bell cote"", ""confidence"": 0.1514}, {""rank"": 3, ""label"": ""mosque"", ""confidence"": 0.1103}, {""rank"": 4, ""label"": ""obelisk"", ""confidence"": 0.0976}, {""rank"": 5, ""label"": ""gondola"", ""confidence"": 0.056}]",True,building
Places365_val_00011432.jpg,/Users/aidahamzic/PycharmProjects/PythonProject1/val_256/Places365_val_00011432.jpg,river,valley,0.2966,"[{""rank"": 1, ""label"": ""valley"", ""confidence"": 0.2966}, {""rank"": 2, ""label"": ""cliff"", ""confidence"": 0.1388}, {""rank"": 3, ""label"": ""sandbar"", ""confidence"": 0.1233}, {""rank"": 4, ""label"": ""seashore"", ""confidence"": 0.0853}, {""rank"": 5, ""label"": ""alp"", ""confidence"": 0.0631}]",True,water
Places365_val_00011433.jpg,/Users/aidahamzic/PycharmProjects/PythonProject1/val_256/Places365_val_00011433.jpg,coast,seashore,0.1033,"[{""rank"": 1, ""label"": ""seashore"", ""confidence"": 0.1033}, {""rank"": 2, ""label"": ""lakeside"", ""confidence"": 0.0536}, {""rank"": 3, ""label"": ""wreck"", ""confidence"": 0.0456}, {""rank"": 4, ""label"": ""American egret"", ""confidence"": 0.0419}, {""rank"": 5, ""label"": ""pole"", ""confidence"": 0.0312}]",True,water
Places365_val_00011446.jpg,/Users/aidahamzic/PycharmProjects/PythonProject1/val_256/Places365_val_00011446.jpg,street,military uniform,0.1994,"[{""rank"": 1, ""label"": ""military uniform"", ""confidence"": 0.1994}, {""rank"": 2, ""label"": ""crutch"", ""confidence"": 0.086}, {""rank"": 3, ""label"": ""streetcar"", ""confidence"": 0.055}, {""rank"": 4, ""label"": ""bearskin"", ""confidence"": 0.0456}, {""rank"": 5, ""label"": ""pickelhaube"", ""confidence"": 0.0451}]",True,street
Places365_val_00011547.jpg,/Users/aidahamzic/PycharmProjects/PythonProject1/val_256/Places365_val_00011547.jpg,forest-broadleaf,pinwheel,0.4871,"[{""rank"": 1, ""label"": ""pinwheel"", ""confidence"": 0.4871}, {""rank"": 2, ""label"": ""picket fence"", ""confidence"": 0.0749}, {""rank"": 3, ""label"": ""greenhouse"", ""confidence"": 0.0429}, {""rank"": 4, ""label"": ""maypole"", ""confidence"": 0.0385}, {""rank"": 5, ""label"": ""cardoon"", ""confidence"": 0.0247}]",False,forest
Places365_val_00011568.jpg,/Users/aidahamzic/PycharmProjects/PythonProject1/val_256/Places365_val_00011568.jpg,ocean,wreck,0.1696,"[{""rank"": 1, ""label"": ""wreck"", ""confidence"": 0.1696}, {""rank"": 2, ""label"": ""airship"", ""confidence"": 0.1491}, {""rank"": 3, ""label"": ""ski"", ""confidence"": 0.0468}, {""rank"": 4, ""label"": ""analog clock"", ""confidence"": 0.0466}, {""rank"": 5, ""label"": ""radio telescope"", ""confidence"": 0.0406}]",True,water
Places365_val_00011586.jpg,/Users/aidahamzic/PycharmProjects/PythonProject1/val_256/Places365_val_00011586.jpg,mountain,volcano,0.9978,"[{""rank"": 1, ""label"": ""volcano"", ""confidence"": 0.9978}, {""rank"": 2, ""label"": ""alp"", ""confidence"": 0.001}, {""rank"": 3, ""label"": ""valley"", ""confidence"": 0.0004}, {""rank"": 4, ""label"": ""lakeside"", ""confidence"": 0.0002}, {""rank"": 5, ""label"": ""yurt"", ""confidence"": 0.0001}]",True,mountain
Places365_val_00011615.jpg,/Users/aidahamzic/PycharmProjects/PythonProject1/val_256/Places365_val_00011615.jpg,highway,trailer truck,0.9676,"[{""rank"": 1, ""label"": ""trailer truck"", ""confidence"": 0.9676}, {""rank"": 2, ""label"": ""tow truck"", ""confidence"": 0.0185}, {""rank"": 3, ""label"": ""moving van"", ""confidence"": 0.0077}, {""rank"": 4, ""label"": ""garbage truck"", ""confidence"": 0.0036}, {""rank"": 5, ""label"": ""crane"", ""confidence"": 0.0009}]",False,street
Places365_val_00011637.jpg,/Users/aidahamzic/PycharmProjects/PythonProject1/val_256/Places365_val_00011637.jpg,glacier,alp,0.7073,"[{""rank"": 1, ""label"": ""alp"", ""confidence"": 0.7073}, {""rank"": 2, ""label"": ""ski"", ""confidence"": 0.0719}, {""rank"": 3, ""label"": ""mountain tent"", ""confidence"": 0.0355}, {""rank"": 4, ""label"": ""valley"", ""confidence"": 0.0223}, {""rank"": 5, ""label"": ""volcano"", ""confidence"": 0.0143}]",True,glacier
Places365_val_00011681.jpg,/Users/aidahamzic/PycharmProjects/PythonProject1/val_256/Places365_val_00011681.jpg,river,valley,0.2272,"[{""rank"": 1, ""label"": ""valley"", ""confidence"": 0.2272}, {""rank"": 2, ""label"": ""lakeside"", ""confidence"": 0.1287}, {""rank"": 3, ""label"": ""water snake"", ""confidence"": 0.0652}, {""rank"": 4, ""label"": ""water buffalo"", ""confidence"": 0.0297}, {""rank"": 5, ""label"": ""American alligator"", ""confidence"": 0.0282}]",True,water
Places365_val_00011692.jpg,/Users/aidahamzic/PycharmProjects/PythonProject1/val_256/Places365_val_00011692.jpg,alley,prison,0.7564,"[{""rank"": 1, ""label"": ""prison"", ""confidence"": 0.7564}, {""rank"": 2, ""label"": ""gondola"", ""confidence"": 0.1045}, {""rank"": 3, ""label"": ""dam"", ""confidence"": 0.0435}, {""rank"": 4, ""label"": ""monastery"", ""confidence"": 0.0219}, {""rank"": 5, ""label"": ""vault"", ""confidence"": 0.0103}]",False,street
Places365_val_00011703.jpg,/Users/aidahamzic/PycharmProjects/PythonProject1/val_256/Places365_val_00011703.jpg,mountain,alp,0.6456,"[{""rank"": 1, ""label"": ""alp"", ""confidence"": 0.6456}, {""rank"": 2, ""label"": ""valley"", ""confidence"": 0.1469}, {""rank"": 3, ""label"": ""cliff"", ""confidence"": 0.1116}, {""rank"": 4, ""label"": ""stone wall"", ""confidence"": 0.0157}, {""rank"": 5, ""label"": ""mountain tent"", ""confidence"": 0.0154}]",True,mountain
Places365_val_00011723.jpg,/Users/aidahamzic/PycharmProjects/PythonProject1/val_256/Places365_val_00011723.jpg,skyscraper,flagpole,0.2668,"[{""rank"": 1, ""label"": ""flagpole"", ""confidence"": 0.2668}, {""rank"": 2, ""label"": ""bell cote"", ""confidence"": 0.1736}, {""rank"": 3, ""label"": ""cinema"", ""confidence"": 0.0687}, {""rank"": 4, ""label"": ""library"", ""confidence"": 0.0598}, {""rank"": 5, ""label"": ""traffic light"", ""confidence"": 0.0552}]",True,building
Places365_val_00011750.jpg,/Users/aidahamzic/PycharmProjects/PythonProject1/val_256/Places365_val_00011750.jpg,skyscraper,lakeside,0.1892,"[{""rank"": 1, ""label"": ""lakeside"", ""confidence"": 0.1892}, {""rank"": 2, ""label"": ""liner"", ""confidence"": 0.0907}, {""rank"": 3, ""label"": ""palace"", ""confidence"": 0.0709}, {""rank"": 4, ""label"": ""space shuttle"", ""confidence"": 0.0627}, {""rank"": 5, ""label"": ""drilling platform"", ""confidence"": 0.0582}]",True,building
Places365_val_00011784.jpg,/Users/aidahamzic/PycharmProjects/PythonProject1/val_256/Places365_val_00011784.jpg,alley,shovel,0.0788,"[{""rank"": 1, ""label"": ""shovel"", ""confidence"": 0.0788}, {""rank"": 2, ""label"": ""steam locomotive"", ""confidence"": 0.0654}, {""rank"": 3, ""label"": ""horse cart"", ""confidence"": 0.0619}, {""rank"": 4, ""label"": ""caldron"", ""confidence"": 0.0451}, {""rank"": 5, ""label"": ""garbage truck"", ""confidence"": 0.036}]",False,street
Places365_val_00011791.jpg,/Users/aidahamzic/PycharmProjects/PythonProject1/val_256/Places365_val_00011791.jpg,skyscraper,steel arch bridge,0.1457,"[{""rank"": 1, ""label"": ""steel arch bridge"", ""confidence"": 0.1457}, {""rank"": 2, ""label"": ""pier"", ""confidence"": 0.0988}, {""rank"": 3, ""label"": ""solar dish"", ""confidence"": 0.0893}, {""rank"": 4, ""label"": ""planetarium"", ""confidence"": 0.0543}, {""rank"": 5, ""label"": ""cinema"", ""confidence"": 0.0534}]",True,building
Places365_val_00011817.jpg,/Users/aidahamzic/PycharmProjects/PythonProject1/val_256/Places365_val_00011817.jpg,highway,lakeside,0.3486,"[{""rank"": 1, ""label"": ""lakeside"", ""confidence"": 0.3486}, {""rank"": 2, ""label"": ""valley"", ""confidence"": 0.2221}, {""rank"": 3, ""label"": ""maze"", ""confidence"": 0.099}, {""rank"": 4, ""label"": ""worm fence"", ""confidence"": 0.0432}, {""rank"": 5, ""label"": ""boathouse"", ""confidence"": 0.0178}]",False,street
Places365_val_00011853.jpg,/Users/aidahamzic/PycharmProjects/PythonProject1/val_256/Places365_val_00011853.jpg,downtown,cab,0.1762,"[{""rank"": 1, ""label"": ""cab"", ""confidence"": 0.1762}, {""rank"": 2, ""label"": ""bell cote"", ""confidence"": 0.1093}, {""rank"": 3, ""label"": ""triumphal arch"", ""confidence"": 0.1089}, {""rank"": 4, ""label"": ""steel arch bridge"", ""confidence"": 0.0499}, {""rank"": 5, ""label"": ""obelisk"", ""confidence"": 0.0479}]",True,building
Places365_val_00011859.jpg,/Users/aidahamzic/PycharmProjects/PythonProject1/val_256/Places365_val_00011859.jpg,hotel-outdoor,triumphal arch,0.4604,"[{""rank"": 1, ""label"": ""triumphal arch"", ""confidence"": 0.4604}, {""rank"": 2, ""label"": ""palace"", ""confidence"": 0.2783}, {""rank"": 3, ""label"": ""bell cote"", ""confidence"": 0.0926}, {""rank"": 4, ""label"": ""cinema"", ""confidence"": 0.0637}, {""rank"": 5, ""label"": ""obelisk"", ""confidence"": 0.0186}]",True,building
Places365_val_00011864.jpg,/Users/aidahamzic/PycharmProjects/PythonProject1/val_256/Places365_val_00011864.jpg,tower,castle,0.6265,"[{""rank"": 1, ""label"": ""castle"", ""confidence"": 0.6265}, {""rank"": 2, ""label"": ""palace"", ""confidence"": 0.2617}, {""rank"": 3, ""label"": ""church"", ""confidence"": 0.0454}, {""rank"": 4, ""label"": ""monastery"", ""confidence"": 0.0161}, {""rank"": 5, ""label"": ""bell cote"", ""confidence"": 0.0125}]",True,building
Places365_val_00011892.jpg,/Users/aidahamzic/PycharmProjects/PythonProject1/val_256/Places365_val_00011892.jpg,alley,monastery,0.6506,"[{""rank"": 1, ""label"": ""monastery"", ""confidence"": 0.6506}, {""rank"": 2, ""label"": ""bell cote"", ""confidence"": 0.1018}, {""rank"": 3, ""label"": ""cliff"", ""confidence"": 0.0604}, {""rank"": 4, ""label"": ""cliff dwelling"", ""confidence"": 0.0572}, {""rank"": 5, ""label"": ""castle"", ""confidence"": 0.041}]",False,street
Places365_val_00011894.jpg,/Users/aidahamzic/PycharmProjects/PythonProject1/val_256/Places365_val_00011894.jpg,glacier,alp,0.4534,"[{""rank"": 1, ""label"": ""alp"", ""confidence"": 0.4534}, {""rank"": 2, ""label"": ""valley"", ""confidence"": 0.3922}, {""rank"": 3, ""label"": ""promontory"", ""confidence"": 0.0318}, {""rank"": 4, ""label"": ""dam"", ""confidence"": 0.0272}, {""rank"": 5, ""label"": ""lakeside"", ""confidence"": 0.0213}]",True,glacier
Places365_val_00011915.jpg,/Users/aidahamzic/PycharmProjects/PythonProject1/val_256/Places365_val_00011915.jpg,river,valley,0.626,"[{""rank"": 1, ""label"": ""valley"", ""confidence"": 0.626}, {""rank"": 2, ""label"": ""cliff"", ""confidence"": 0.313}, {""rank"": 3, ""label"": ""promontory"", ""confidence"": 0.0256}, {""rank"": 4, ""label"": ""alp"", ""confidence"": 0.0194}, {""rank"": 5, ""label"": ""suspension bridge"", ""confidence"": 0.0038}]",False,water
Places365_val_00012001.jpg,/Users/aidahamzic/PycharmProjects/PythonProject1/val_256/Places365_val_00012001.jpg,hotel-outdoor,seashore,0.324,"[{""rank"": 1, ""label"": ""seashore"", ""confidence"": 0.324}, {""rank"": 2, ""label"": ""lakeside"", ""confidence"": 0.2458}, {""rank"": 3, ""label"": ""palace"", ""confidence"": 0.1026}, {""rank"": 4, ""label"": ""castle"", ""confidence"": 0.0295}, {""rank"": 5, ""label"": ""promontory"", ""confidence"": 0.0279}]",True,building
Places365_val_00012056.jpg,/Users/aidahamzic/PycharmProjects/PythonProject1/val_256/Places365_val_00012056.jpg,house,mobile home,0.271,"[{""rank"": 1, ""label"": ""mobile home"", ""confidence"": 0.271}, {""rank"": 2, ""label"": ""beacon"", ""confidence"": 0.1064}, {""rank"": 3, ""label"": ""church"", ""confidence"": 0.0771}, {""rank"": 4, ""label"": ""monastery"", ""confidence"": 0.053}, {""rank"": 5, ""label"": ""picket fence"", ""confidence"": 0.052}]",True,building
Places365_val_00012075.jpg,/Users/aidahamzic/PycharmProjects/PythonProject1/val_256/Places365_val_00012075.jpg,mountain,alp,0.5269,"[{""rank"": 1, ""label"": ""alp"", ""confidence"": 0.5269}, {""rank"": 2, ""label"": ""valley"", ""confidence"": 0.4246}, {""rank"": 3, ""label"": ""lakeside"", ""confidence"": 0.0284}, {""rank"": 4, ""label"": ""volcano"", ""confidence"": 0.0075}, {""rank"": 5, ""label"": ""maze"", ""confidence"": 0.0024}]",True,mountain
Places365_val_00012079.jpg,/Users/aidahamzic/PycharmProjects/PythonProject1/val_256/Places365_val_00012079.jpg,skyscraper,water tower,0.8432,"[{""rank"": 1, ""label"": ""water tower"", ""confidence"": 0.8432}, {""rank"": 2, ""label"": ""radio telescope"", ""confidence"": 0.0406}, {""rank"": 3, ""label"": ""solar dish"", ""confidence"": 0.0317}, {""rank"": 4, ""label"": ""beacon"", ""confidence"": 0.0207}, {""rank"": 5, ""label"": ""dome"", ""confidence"": 0.0125}]",True,building
Places365_val_00012093.jpg,/Users/aidahamzic/PycharmProjects/PythonProject1/val_256/Places365_val_00012093.jpg,forest-broadleaf,valley,0.4164,"[{""rank"": 1, ""label"": ""valley"", ""confidence"": 0.4164}, {""rank"": 2, ""label"": ""mountain bike"", ""confidence"": 0.0694}, {""rank"": 3, ""label"": ""suspension bridge"", ""confidence"": 0.0482}, {""rank"": 4, ""label"": ""cliff"", ""confidence"": 0.0302}, {""rank"": 5, ""label"": ""canoe"", ""confidence"": 0.0224}]",True,forest
Places365_val_00012114.jpg,/Users/aidahamzic/PycharmProjects/PythonProject1/val_256/Places365_val_00012114.jpg,street,unicycle,0.0968,"[{""rank"": 1, ""label"": ""unicycle"", ""confidence"": 0.0968}, {""rank"": 2, ""label"": ""thatch"", ""confidence"": 0.0616}, {""rank"": 3, ""label"": ""cannon"", ""confidence"": 0.0604}, {""rank"": 4, ""label"": ""jinrikisha"", ""confidence"": 0.0576}, {""rank"": 5, ""label"": ""monastery"", ""confidence"": 0.0397}]",True,street
Places365_val_00012115.jpg,/Users/aidahamzic/PycharmProjects/PythonProject1/val_256/Places365_val_00012115.jpg,downtown,streetcar,0.1747,"[{""rank"": 1, ""label"": ""streetcar"", ""confidence"": 0.1747}, {""rank"": 2, ""label"": ""traffic light"", ""confidence"": 0.1572}, {""rank"": 3, ""label"": ""trolleybus"", ""confidence"": 0.0755}, {""rank"": 4, ""label"": ""cab"", ""confidence"": 0.0729}, {""rank"": 5, ""label"": ""cinema"", ""confidence"": 0.0531}]",True,building
Places365_val_00012121.jpg,/Users/aidahamzic/PycharmProjects/PythonProject1/val_256/Places365_val_00012121.jpg,forest-broadleaf,worm fence,0.5429,"[{""rank"": 1, ""label"": ""worm fence"", ""confidence"": 0.5429}, {""rank"": 2, ""label"": ""parallel bars"", ""confidence"": 0.1083}, {""rank"": 3, ""label"": ""lakeside"", ""confidence"": 0.022}, {""rank"": 4, ""label"": ""turnstile"", ""confidence"": 0.0187}, {""rank"": 5, ""label"": ""maze"", ""confidence"": 0.0182}]",False,forest
Places365_val_00012135.jpg,/Users/aidahamzic/PycharmProjects/PythonProject1/val_256/Places365_val_00012135.jpg,glacier,alp,0.9159,"[{""rank"": 1, ""label"": ""alp"", ""confidence"": 0.9159}, {""rank"": 2, ""label"": ""valley"", ""confidence"": 0.0441}, {""rank"": 3, ""label"": ""mountain tent"", ""confidence"": 0.0289}, {""rank"": 4, ""label"": ""ski"", ""confidence"": 0.0051}, {""rank"": 5, ""label"": ""snowmobile"", ""confidence"": 0.0016}]",True,glacier
Places365_val_00012164.jpg,/Users/aidahamzic/PycharmProjects/PythonProject1/val_256/Places365_val_00012164.jpg,rainforest,cliff,0.0941,"[{""rank"": 1, ""label"": ""cliff"", ""confidence"": 0.0941}, {""rank"": 2, ""label"": ""worm fence"", ""confidence"": 0.0811}, {""rank"": 3, ""label"": ""lakeside"", ""confidence"": 0.0704}, {""rank"": 4, ""label"": ""viaduct"", ""confidence"": 0.0663}, {""rank"": 5, ""label"": ""valley"", ""confidence"": 0.0577}]",True,forest
Places365_val_00012186.jpg,/Users/aidahamzic/PycharmProjects/PythonProject1/val_256/Places365_val_00012186.jpg,ocean,great white shark,0.3992,"[{""rank"": 1, ""label"": ""great white shark"", ""confidence"": 0.3992}, {""rank"": 2, ""label"": ""gar"", ""confidence"": 0.292}, {""rank"": 3, ""label"": ""tiger shark"", ""confidence"": 0.0691}, {""rank"": 4, ""label"": ""albatross"", ""confidence"": 0.0458}, {""rank"": 5, ""label"": ""hammerhead"", ""confidence"": 0.0423}]",False,water
Places365_val_00012238.jpg,/Users/aidahamzic/PycharmProjects/PythonProject1/val_256/Places365_val_00012238.jpg,rainforest,mountain bike,0.7674,"[{""rank"": 1, ""label"": ""mountain bike"", ""confidence"": 0.7674}, {""rank"": 2, ""label"": ""valley"", ""confidence"": 0.0461}, {""rank"": 3, ""label"": ""unicycle"", ""confidence"": 0.0178}, {""rank"": 4, ""label"": ""stone wall"", ""confidence"": 0.0131}, {""rank"": 5, ""label"": ""bighorn"", ""confidence"": 0.0086}]",True,forest
Places365_val_00012272.jpg,/Users/aidahamzic/PycharmProjects/PythonProject1/val_256/Places365_val_00012272.jpg,hotel-outdoor,fountain,0.1293,"[{""rank"": 1, ""label"": ""fountain"", ""confidence"": 0.1293}, {""rank"": 2, ""label"": ""bell cote"", ""confidence"": 0.0957}, {""rank"": 3, ""label"": ""stage"", ""confidence"": 0.077}, {""rank"": 4, ""label"": ""obelisk"", ""confidence"": 0.0588}, {""rank"": 5, ""label"": ""cinema"", ""confidence"": 0.0498}]",True,building
Places365_val_00012279.jpg,/Users/aidahamzic/PycharmProjects/PythonProject1/val_256/Places365_val_00012279.jpg,mountain,cliff,0.4827,"[{""rank"": 1, ""label"": ""cliff"", ""confidence"": 0.4827}, {""rank"": 2, ""label"": ""valley"", ""confidence"": 0.082}, {""rank"": 3, ""label"": ""colobus"", ""confidence"": 0.0222}, {""rank"": 4, ""label"": ""water ouzel"", ""confidence"": 0.021}, {""rank"": 5, ""label"": ""alp"", ""confidence"": 0.0141}]",True,mountain
Places365_val_00012321.jpg,/Users/aidahamzic/PycharmProjects/PythonProject1/val_256/Places365_val_00012321.jpg,river,gondola,0.9382,"[{""rank"": 1, ""label"": ""gondola"", ""confidence"": 0.9382}, {""rank"": 2, ""label"": ""steel arch bridge"", ""confidence"": 0.0237}, {""rank"": 3, ""label"": ""pier"", ""confidence"": 0.0208}, {""rank"": 4, ""label"": ""boathouse"", ""confidence"": 0.0078}, {""rank"": 5, ""label"": ""dam"", ""confidence"": 0.0031}]",True,water
Places365_val_00012329.jpg,/Users/aidahamzic/PycharmProjects/PythonProject1/val_256/Places365_val_00012329.jpg,mountain,alp,0.8574,"[{""rank"": 1, ""label"": ""alp"", ""confidence"": 0.8574}, {""rank"": 2, ""label"": ""valley"", ""confidence"": 0.1024}, {""rank"": 3, ""label"": ""mountain tent"", ""confidence"": 0.0128}, {""rank"": 4, ""label"": ""volcano"", ""confidence"": 0.0046}, {""rank"": 5, ""label"": ""lakeside"", ""confidence"": 0.0025}]",True,mountain
Places365_val_00012345.jpg,/Users/aidahamzic/PycharmProjects/PythonProject1/val_256/Places365_val_00012345.jpg,street,trolleybus,0.2639,"[{""rank"": 1, ""label"": ""trolleybus"", ""confidence"": 0.2639}, {""rank"": 2, ""label"": ""police van"", ""confidence"": 0.1472}, {""rank"": 3, ""label"": ""ambulance"", ""confidence"": 0.118}, {""rank"": 4, ""label"": ""minibus"", ""confidence"": 0.1086}, {""rank"": 5, ""label"": ""streetcar"", ""confidence"": 0.0974}]",True,street
Places365_val_00012395.jpg,/Users/aidahamzic/PycharmProjects/PythonProject1/val_256/Places365_val_00012395.jpg,hotel-outdoor,prison,0.1849,"[{""rank"": 1, ""label"": ""prison"", ""confidence"": 0.1849}, {""rank"": 2, ""label"": ""library"", ""confidence"": 0.1174}, {""rank"": 3, ""label"": ""trolleybus"", ""confidence"": 0.0535}, {""rank"": 4, ""label"": ""moving van"", ""confidence"": 0.0406}, {""rank"": 5, ""label"": ""cab"", ""confidence"": 0.038}]",True,building
Places365_val_00012404.jpg,/Users/aidahamzic/PycharmProjects/PythonProject1/val_256/Places365_val_00012404.jpg,street,bicycle-built-for-two,0.8623,"[{""rank"": 1, ""label"": ""bicycle-built-for-two"", ""confidence"": 0.8623}, {""rank"": 2, ""label"": ""tricycle"", ""confidence"": 0.0672}, {""rank"": 3, ""label"": ""jinrikisha"", ""confidence"": 0.0253}, {""rank"": 4, ""label"": ""mountain bike"", ""confidence"": 0.0183}, {""rank"": 5, ""label"": ""moped"", ""confidence"": 0.0088}]",True,street
Places365_val_00012429.jpg,/Users/aidahamzic/PycharmProjects/PythonProject1/val_256/Places365_val_00012429.jpg,street,unicycle,0.396,"[{""rank"": 1, ""label"": ""unicycle"", ""confidence"": 0.396}, {""rank"": 2, ""label"": ""bicycle-built-for-two"", ""confidence"": 0.3042}, {""rank"": 3, ""label"": ""moped"", ""confidence"": 0.0731}, {""rank"": 4, ""label"": ""tricycle"", ""confidence"": 0.065}, {""rank"": 5, ""label"": ""jinrikisha"", ""confidence"": 0.0581}]",True,street
Places365_val_00012483.jpg,/Users/aidahamzic/PycharmProjects/PythonProject1/val_256/Places365_val_00012483.jpg,house,monastery,0.303,"[{""rank"": 1, ""label"": ""monastery"", ""confidence"": 0.303}, {""rank"": 2, ""label"": ""castle"", ""confidence"": 0.1105}, {""rank"": 3, ""label"": ""barn"", ""confidence"": 0.0979}, {""rank"": 4, ""label"": ""cliff dwelling"", ""confidence"": 0.0917}, {""rank"": 5, ""label"": ""beacon"", ""confidence"": 0.0668}]",True,building
Places365_val_00012501.jpg,/Users/aidahamzic/PycharmProjects/PythonProject1/val_256/Places365_val_00012501.jpg,alley,patio,0.5208,"[{""rank"": 1, ""label"": ""patio"", ""confidence"": 0.5208}, {""rank"": 2, ""label"": ""pot"", ""confidence"": 0.1119}, {""rank"": 3, ""label"": ""thatch"", ""confidence"": 0.0302}, {""rank"": 4, ""label"": ""monastery"", ""confidence"": 0.0204}, {""rank"": 5, ""label"": ""altar"", ""confidence"": 0.0185}]",False,street
Places365_val_00012510.jpg,/Users/aidahamzic/PycharmProjects/PythonProject1/val_256/Places365_val_00012510.jpg,rainforest,suspension bridge,0.1269,"[{""rank"": 1, ""label"": ""suspension bridge"", ""confidence"": 0.1269}, {""rank"": 2, ""label"": ""trimaran"", ""confidence"": 0.1262}, {""rank"": 3, ""label"": ""sundial"", ""confidence"": 0.0548}, {""rank"": 4, ""label"": ""steel arch bridge"", ""confidence"": 0.0443}, {""rank"": 5, ""label"": ""flagpole"", ""confidence"": 0.0383}]",False,forest
Places365_val_00012518.jpg,/Users/aidahamzic/PycharmProjects/PythonProject1/val_256/Places365_val_00012518.jpg,forest-broadleaf,apiary,0.0745,"[{""rank"": 1, ""label"": ""apiary"", ""confidence"": 0.0745}, {""rank"": 2, ""label"": ""valley"", ""confidence"": 0.0348}, {""rank"": 3, ""label"": ""English setter"", ""confidence"": 0.0294}, {""rank"": 4, ""label"": ""tusker"", ""confidence"": 0.0241}, {""rank"": 5, ""label"": ""cliff"", ""confidence"": 0.0189}]",True,forest
Places365_val_00012538.jpg,/Users/aidahamzic/PycharmProjects/PythonProject1/val_256/Places365_val_00012538.jpg,ocean,promontory,0.5032,"[{""rank"": 1, ""label"": ""promontory"", ""confidence"": 0.5032}, {""rank"": 2, ""label"": ""seashore"", ""confidence"": 0.263}, {""rank"": 3, ""label"": ""cliff"", ""confidence"": 0.16}, {""rank"": 4, ""label"": ""beacon"", ""confidence"": 0.0283}, {""rank"": 5, ""label"": ""breakwater"", ""confidence"": 0.0184}]",True,water
Places365_val_00012580.jpg,/Users/aidahamzic/PycharmProjects/PythonProject1/val_256/Places365_val_00012580.jpg,glacier,alp,0.2096,"[{""rank"": 1, ""label"": ""alp"", ""confidence"": 0.2096}, {""rank"": 2, ""label"": ""volcano"", ""confidence"": 0.1944}, {""rank"": 3, ""label"": ""valley"", ""confidence"": 0.1764}, {""rank"": 4, ""label"": ""cliff"", ""confidence"": 0.1075}, {""rank"": 5, ""label"": ""promontory"", ""confidence"": 0.076}]",True,glacier
Places365_val_00012588.jpg,/Users/aidahamzic/PycharmProjects/PythonProject1/val_256/Places365_val_00012588.jpg,coast,volcano,0.5312,"[{""rank"": 1, ""label"": ""volcano"", ""confidence"": 0.5312}, {""rank"": 2, ""label"": ""geyser"", ""confidence"": 0.2374}, {""rank"": 3, ""label"": ""seashore"", ""confidence"": 0.0738}, {""rank"": 4, ""label"": ""promontory"", ""confidence"": 0.0524}, {""rank"": 5, ""label"": ""breakwater"", ""confidence"": 0.0274}]",True,water
Places365_val_00012597.jpg,/Users/aidahamzic/PycharmProjects/PythonProject1/val_256/Places365_val_00012597.jpg,glacier,alp,0.5454,"[{""rank"": 1, ""label"": ""alp"", ""confidence"": 0.5454}, {""rank"": 2, ""label"": ""valley"", ""confidence"": 0.2584}, {""rank"": 3, ""label"": ""volcano"", ""confidence"": 0.0301}, {""rank"": 4, ""label"": ""mountain tent"", ""confidence"": 0.0232}, {""rank"": 5, ""label"": ""dam"", ""confidence"": 0.016}]",True,glacier
Places365_val_00012601.jpg,/Users/aidahamzic/PycharmProjects/PythonProject1/val_256/Places365_val_00012601.jpg,skyscraper,schooner,0.2116,"[{""rank"": 1, ""label"": ""schooner"", ""confidence"": 0.2116}, {""rank"": 2, ""label"": ""catamaran"", ""confidence"": 0.1012}, {""rank"": 3, ""label"": ""yawl"", ""confidence"": 0.0914}, {""rank"": 4, ""label"": ""trimaran"", ""confidence"": 0.0759}, {""rank"": 5, ""label"": ""obelisk"", ""confidence"": 0.0734}]",True,building
Places365_val_00012617.jpg,/Users/aidahamzic/PycharmProjects/PythonProject1/val_256/Places365_val_00012617.jpg,alley,prison,0.7325,"[{""rank"": 1, ""label"": ""prison"", ""confidence"": 0.7325}, {""rank"": 2, ""label"": ""patio"", ""confidence"": 0.0258}, {""rank"": 3, ""label"": ""sliding door"", ""confidence"": 0.0221}, {""rank"": 4, ""label"": ""bannister"", ""confidence"": 0.0205}, {""rank"": 5, ""label"": ""barn"", ""confidence"": 0.0156}]",False,street
Places365_val_00012626.jpg,/Users/aidahamzic/PycharmProjects/PythonProject1/val_256/Places365_val_00012626.jpg,mountain,castle,0.6962,"[{""rank"": 1, ""label"": ""castle"", ""confidence"": 0.6962}, {""rank"": 2, ""label"": ""beacon"", ""confidence"": 0.0688}, {""rank"": 3, ""label"": ""stupa"", ""confidence"": 0.0282}, {""rank"": 4, ""label"": ""promontory"", ""confidence"": 0.0279}, {""rank"": 5, ""label"": ""megalith"", ""confidence"": 0.0249}]",False,mountain
Places365_val_00012628.jpg,/Users/aidahamzic/PycharmProjects/PythonProject1/val_256/Places365_val_00012628.jpg,hotel-outdoor,cinema,0.9195,"[{""rank"": 1, ""label"": ""cinema"", ""confidence"": 0.9195}, {""rank"": 2, ""label"": ""scoreboard"", ""confidence"": 0.031}, {""rank"": 3, ""label"": ""bakery"", ""confidence"": 0.0069}, {""rank"": 4, ""label"": ""restaurant"", ""confidence"": 0.0068}, {""rank"": 5, ""label"": ""barbershop"", ""confidence"": 0.0059}]",True,building
Places365_val_00012660.jpg,/Users/aidahamzic/PycharmProjects/PythonProject1/val_256/Places365_val_00012660.jpg,rainforest,suspension bridge,0.4781,"[{""rank"": 1, ""label"": ""suspension bridge"", ""confidence"": 0.4781}, {""rank"": 2, ""label"": ""valley"", ""confidence"": 0.2042}, {""rank"": 3, ""label"": ""lakeside"", ""confidence"": 0.0273}, {""rank"": 4, ""label"": ""spider web"", ""confidence"": 0.0231}, {""rank"": 5, ""label"": ""viaduct"", ""confidence"": 0.0189}]",True,forest
Places365_val_00012680.jpg,/Users/aidahamzic/PycharmProjects/PythonProject1/val_256/Places365_val_00012680.jpg,downtown,drilling platform,0.7253,"[{""rank"": 1, ""label"": ""drilling platform"", ""confidence"": 0.7253}, {""rank"": 2, ""label"": ""pier"", ""confidence"": 0.0869}, {""rank"": 3, ""label"": ""dock"", ""confidence"": 0.0764}, {""rank"": 4, ""label"": ""liner"", ""confidence"": 0.0544}, {""rank"": 5, ""label"": ""steel arch bridge"", ""confidence"": 0.0144}]",False,building
Places365_val_00012727.jpg,/Users/aidahamzic/PycharmProjects/PythonProject1/val_256/Places365_val_00012727.jpg,forest-broadleaf,maze,0.639,"[{""rank"": 1, ""label"": ""maze"", ""confidence"": 0.639}, {""rank"": 2, ""label"": ""lakeside"", ""confidence"": 0.0435}, {""rank"": 3, ""label"": ""stone wall"", ""confidence"": 0.0324}, {""rank"": 4, ""label"": ""plow"", ""confidence"": 0.0307}, {""rank"": 5, ""label"": ""worm fence"", ""confidence"": 0.0225}]",False,forest
Places365_val_00012730.jpg,/Users/aidahamzic/PycharmProjects/PythonProject1/val_256/Places365_val_00012730.jpg,hotel-outdoor,library,0.6524,"[{""rank"": 1, ""label"": ""library"", ""confidence"": 0.6524}, {""rank"": 2, ""label"": ""bookshop"", ""confidence"": 0.0864}, {""rank"": 3, ""label"": ""pool table"", ""confidence"": 0.0259}, {""rank"": 4, ""label"": ""monitor"", ""confidence"": 0.0225}, {""rank"": 5, ""label"": ""bookcase"", ""confidence"": 0.0187}]",True,building
Places365_val_00012770.jpg,/Users/aidahamzic/PycharmProjects/PythonProject1/val_256/Places365_val_00012770.jpg,highway,suspension bridge,0.8548,"[{""rank"": 1, ""label"": ""suspension bridge"", ""confidence"": 0.8548}, {""rank"": 2, ""label"": ""steel arch bridge"", ""confidence"": 0.0541}, {""rank"": 3, ""label"": ""pier"", ""confidence"": 0.0194}, {""rank"": 4, ""label"": ""dam"", ""confidence"": 0.0172}, {""rank"": 5, ""label"": ""crane"", ""confidence"": 0.0112}]",False,street
Places365_val_00012775.jpg,/Users/aidahamzic/PycharmProjects/PythonProject1/val_256/Places365_val_00012775.jpg,glacier,ski,0.5769,"[{""rank"": 1, ""label"": ""ski"", ""confidence"": 0.5769}, {""rank"": 2, ""label"": ""alp"", ""confidence"": 0.3928}, {""rank"": 3, ""label"": ""dogsled"", ""confidence"": 0.028}, {""rank"": 4, ""label"": ""snowmobile"", ""confidence"": 0.0015}, {""rank"": 5, ""label"": ""mountain tent"", ""confidence"": 0.0003}]",True,glacier
Places365_val_00012784.jpg,/Users/aidahamzic/PycharmProjects/PythonProject1/val_256/Places365_val_00012784.jpg,river,Indian elephant,0.664,"[{""rank"": 1, ""label"": ""Indian elephant"", ""confidence"": 0.664}, {""rank"": 2, ""label"": ""African elephant"", ""confidence"": 0.2629}, {""rank"": 3, ""label"": ""tusker"", ""confidence"": 0.041}, {""rank"": 4, ""label"": ""hippopotamus"", ""confidence"": 0.0106}, {""rank"": 5, ""label"": ""water buffalo"", ""confidence"": 0.004}]",False,water
Places365_val_00012798.jpg,/Users/aidahamzic/PycharmProjects/PythonProject1/val_256/Places365_val_00012798.jpg,mountain,alp,0.7057,"[{""rank"": 1, ""label"": ""alp"", ""confidence"": 0.7057}, {""rank"": 2, ""label"": ""valley"", ""confidence"": 0.1011}, {""rank"": 3, ""label"": ""cliff"", ""confidence"": 0.0802}, {""rank"": 4, ""label"": ""mountain tent"", ""confidence"": 0.0153}, {""rank"": 5, ""label"": ""ibex"", ""confidence"": 0.0113}]",True,mountain
Places365_val_00012808.jpg,/Users/aidahamzic/PycharmProjects/PythonProject1/val_256/Places365_val_00012808.jpg,alley,prison,0.6428,"[{""rank"": 1, ""label"": ""prison"", ""confidence"": 0.6428}, {""rank"": 2, ""label"": ""streetcar"", ""confidence"": 0.2357}, {""rank"": 3, ""label"": ""passenger car"", ""confidence"": 0.0531}, {""rank"": 4, ""label"": ""bullet train"", ""confidence"": 0.0103}, {""rank"": 5, ""label"": ""gondola"", ""confidence"": 0.0077}]",True,street
Places365_val_00012817.jpg,/Users/aidahamzic/PycharmProjects/PythonProject1/val_256/Places365_val_00012817.jpg,rainforest,worm fence,0.079,"[{""rank"": 1, ""label"": ""worm fence"", ""confidence"": 0.079}, {""rank"": 2, ""label"": ""American black bear"", ""confidence"": 0.0348}, {""rank"": 3, ""label"": ""lakeside"", ""confidence"": 0.023}, {""rank"": 4, ""label"": ""coyote"", ""confidence"": 0.0189}, {""rank"": 5, ""label"": ""stone wall"", ""confidence"": 0.0164}]",False,forest
Places365_val_00012840.jpg,/Users/aidahamzic/PycharmProjects/PythonProject1/val_256/Places365_val_00012840.jpg,tower,bell cote,0.7947,"[{""rank"": 1, ""label"": ""bell cote"", ""confidence"": 0.7947}, {""rank"": 2, ""label"": ""church"", ""confidence"": 0.0462}, {""rank"": 3, ""label"": ""beacon"", ""confidence"": 0.0409}, {""rank"": 4, ""label"": ""obelisk"", ""confidence"": 0.0281}, {""rank"": 5, ""label"": ""pedestal"", ""confidence"": 0.0252}]",True,building
Places365_val_00012855.jpg,/Users/aidahamzic/PycharmProjects/PythonProject1/val_256/Places365_val_00012855.jpg,coast,seashore,0.5255,"[{""rank"": 1, ""label"": ""seashore"", ""confidence"": 0.5255}, {""rank"": 2, ""label"": ""lakeside"", ""confidence"": 0.2765}, {""rank"": 3, ""label"": ""wreck"", ""confidence"": 0.0555}, {""rank"": 4, ""label"": ""breakwater"", ""confidence"": 0.0385}, {""rank"": 5, ""label"": ""promontory"", ""confidence"": 0.0172}]",True,water
Places365_val_00012898.jpg,/Users/aidahamzic/PycharmProjects/PythonProject1/val_256/Places365_val_00012898.jpg,mountain,alp,0.2227,"[{""rank"": 1, ""label"": ""alp"", ""confidence"": 0.2227}, {""rank"": 2, ""label"": ""volcano"", ""confidence"": 0.1882}, {""rank"": 3, ""label"": ""geyser"", ""confidence"": 0.1566}, {""rank"": 4, ""label"": ""valley"", ""confidence"": 0.0899}, {""rank"": 5, ""label"": ""trailer truck"", ""confidence"": 0.0579}]",True,mountain
Places365_val_00012911.jpg,/Users/aidahamzic/PycharmProjects/PythonProject1/val_256/Places365_val_00012911.jpg,forest-broadleaf,worm fence,0.0438,"[{""rank"": 1, ""label"": ""worm fence"", ""confidence"": 0.0438}, {""rank"": 2, ""label"": ""water buffalo"", ""confidence"": 0.0417}, {""rank"": 3, ""label"": ""tusker"", ""confidence"": 0.0389}, {""rank"": 4, ""label"": ""American black bear"", ""confidence"": 0.0324}, {""rank"": 5, ""label"": ""maze"", ""confidence"": 0.0294}]",False,forest
Places365_val_00012924.jpg,/Users/aidahamzic/PycharmProjects/PythonProject1/val_256/Places365_val_00012924.jpg,highway,suspension bridge,0.3707,"[{""rank"": 1, ""label"": ""suspension bridge"", ""confidence"": 0.3707}, {""rank"": 2, ""label"": ""sundial"", ""confidence"": 0.1187}, {""rank"": 3, ""label"": ""pole"", ""confidence"": 0.1147}, {""rank"": 4, ""label"": ""flagpole"", ""confidence"": 0.0757}, {""rank"": 5, ""label"": ""wing"", ""confidence"": 0.0565}]",False,street
Places365_val_00012945.jpg,/Users/aidahamzic/PycharmProjects/PythonProject1/val_256/Places365_val_00012945.jpg,ocean,submarine,0.9949,"[{""rank"": 1, ""label"": ""submarine"", ""confidence"": 0.9949}, {""rank"": 2, ""label"": ""breakwater"", ""confidence"": 0.0021}, {""rank"": 3, ""label"": ""cannon"", ""confidence"": 0.0015}, {""rank"": 4, ""label"": ""lakeside"", ""confidence"": 0.0003}, {""rank"": 5, ""label"": ""beacon"", ""confidence"": 0.0002}]",True,water
Places365_val_00013008.jpg,/Users/aidahamzic/PycharmProjects/PythonProject1/val_256/Places365_val_00013008.jpg,tower,gondola,0.0708,"[{""rank"": 1, ""label"": ""gondola"", ""confidence"": 0.0708}, {""rank"": 2, ""label"": ""bell cote"", ""confidence"": 0.0472}, {""rank"": 3, ""label"": ""killer whale"", ""confidence"": 0.0297}, {""rank"": 4, ""label"": ""maillot tank suit"", ""confidence"": 0.0244}, {""rank"": 5, ""label"": ""paddlewheel"", ""confidence"": 0.0235}]",False,building
Places365_val_00013018.jpg,/Users/aidahamzic/PycharmProjects/PythonProject1/val_256/Places365_val_00013018.jpg,house,streetcar,0.1403,"[{""rank"": 1, ""label"": ""streetcar"", ""confidence"": 0.1403}, {""rank"": 2, ""label"": ""bookshop"", ""confidence"": 0.1362}, {""rank"": 3, ""label"": ""greenhouse"", ""confidence"": 0.0574}, {""rank"": 4, ""label"": ""trolleybus"", ""confidence"": 0.0485}, {""rank"": 5, ""label"": ""minibus"", ""confidence"": 0.0457}]",True,building
Places365_val_00013065.jpg,/Users/aidahamzic/PycharmProjects/PythonProject1/val_256/Places365_val_00013065.jpg,downtown,airship,0.0814,"[{""rank"": 1, ""label"": ""airship"", ""confidence"": 0.0814}, {""rank"": 2, ""label"": ""scoreboard"", ""confidence"": 0.0694}, {""rank"": 3, ""label"": ""crane"", ""confidence"": 0.0619}, {""rank"": 4, ""label"": ""bell cote"", ""confidence"": 0.0578}, {""rank"": 5, ""label"": ""steel arch bridge"", ""confidence"": 0.053}]",False,building
Places365_val_00013068.jpg,/Users/aidahamzic/PycharmProjects/PythonProject1/val_256/Places365_val_00013068.jpg,rainforest,jackfruit,0.1461,"[{""rank"": 1, ""label"": ""jackfruit"", ""confidence"": 0.1461}, {""rank"": 2, ""label"": ""indri"", ""confidence"": 0.082}, {""rank"": 3, ""label"": ""koala"", ""confidence"": 0.0726}, {""rank"": 4, ""label"": ""three-toed sloth"", ""confidence"": 0.0714}, {""rank"": 5, ""label"": ""capuchin"", ""confidence"": 0.0466}]",True,forest
Places365_val_00013167.jpg,/Users/aidahamzic/PycharmProjects/PythonProject1/val_256/Places365_val_00013167.jpg,skyscraper,pier,0.1516,"[{""rank"": 1, ""label"": ""pier"", ""confidence"": 0.1516}, {""rank"": 2, ""label"": ""suspension bridge"", ""confidence"": 0.1503}, {""rank"": 3, ""label"": ""solar dish"", ""confidence"": 0.1386}, {""rank"": 4, ""label"": ""bell cote"", ""confidence"": 0.1117}, {""rank"": 5, ""label"": ""crane"", ""confidence"": 0.0989}]",False,building
Places365_val_00013170.jpg,/Users/aidahamzic/PycharmProjects/PythonProject1/val_256/Places365_val_00013170.jpg,rainforest,tree frog,0.1721,"[{""rank"": 1, ""label"": ""tree frog"", ""confidence"": 0.1721}, {""rank"": 2, ""label"": ""African chameleon"", ""confidence"": 0.1606}, {""rank"": 3, ""label"": ""green lizard"", ""confidence"": 0.1395}, {""rank"": 4, ""label"": ""mantis"", ""confidence"": 0.0924}, {""rank"": 5, ""label"": ""American chameleon"", ""confidence"": 0.0816}]",False,forest
Places365_val_00013190.jpg,/Users/aidahamzic/PycharmProjects/PythonProject1/val_256/Places365_val_00013190.jpg,street,bulletproof vest,0.2834,"[{""rank"": 1, ""label"": ""bulletproof vest"", ""confidence"": 0.2834}, {""rank"": 2, ""label"": ""military uniform"", ""confidence"": 0.1101}, {""rank"": 3, ""label"": ""stretcher"", ""confidence"": 0.0933}, {""rank"": 4, ""label"": ""knee pad"", ""confidence"": 0.0498}, {""rank"": 5, ""label"": ""barbell"", ""confidence"": 0.0486}]",False,street
Places365_val_00013193.jpg,/Users/aidahamzic/PycharmProjects/PythonProject1/val_256/Places365_val_00013193.jpg,river,lakeside,0.4095,"[{""rank"": 1, ""label"": ""lakeside"", ""confidence"": 0.4095}, {""rank"": 2, ""label"": ""sandbar"", ""confidence"": 0.1973}, {""rank"": 3, ""label"": ""valley"", ""confidence"": 0.0969}, {""rank"": 4, ""label"": ""dam"", ""confidence"": 0.0433}, {""rank"": 5, ""label"": ""canoe"", ""confidence"": 0.0259}]",True,water
Places365_val_00013205.jpg,/Users/aidahamzic/PycharmProjects/PythonProject1/val_256/Places365_val_00013205.jpg,rainforest,chain saw,0.1206,"[{""rank"": 1, ""label"": ""chain saw"", ""confidence"": 0.1206}, {""rank"": 2, ""label"": ""stone wall"", ""confidence"": 0.118}, {""rank"": 3, ""label"": ""mountain bike"", ""confidence"": 0.0508}, {""rank"": 4, ""label"": ""lumbermill"", ""confidence"": 0.0437}, {""rank"": 5, ""label"": ""valley"", ""confidence"": 0.0308}]",True,forest
Places365_val_00013257.jpg,/Users/aidahamzic/PycharmProjects/PythonProject1/val_256/Places365_val_00013257.jpg,glacier,alp,0.8607,"[{""rank"": 1, ""label"": ""alp"", ""confidence"": 0.8607}, {""rank"": 2, ""label"": ""ski"", ""confidence"": 0.0465}, {""rank"": 3, ""label"": ""mountain tent"", ""confidence"": 0.0205}, {""rank"": 4, ""label"": ""valley"", ""confidence"": 0.0098}, {""rank"": 5, ""label"": ""snowmobile"", ""confidence"": 0.0078}]",True,glacier
Places365_val_00013262.jpg,/Users/aidahamzic/PycharmProjects/PythonProject1/val_256/Places365_val_00013262.jpg,skyscraper,palace,0.3694,"[{""rank"": 1, ""label"": ""palace"", ""confidence"": 0.3694}, {""rank"": 2, ""label"": ""castle"", ""confidence"": 0.0957}, {""rank"": 3, ""label"": ""monastery"", ""confidence"": 0.0887}, {""rank"": 4, ""label"": ""lakeside"", ""confidence"": 0.0414}, {""rank"": 5, ""label"": ""dock"", ""confidence"": 0.0363}]",True,building
Places365_val_00013275.jpg,/Users/aidahamzic/PycharmProjects/PythonProject1/val_256/Places365_val_00013275.jpg,downtown,speedboat,0.1289,"[{""rank"": 1, ""label"": ""speedboat"", ""confidence"": 0.1289}, {""rank"": 2, ""label"": ""lakeside"", ""confidence"": 0.0672}, {""rank"": 3, ""label"": ""bell cote"", ""confidence"": 0.0663}, {""rank"": 4, ""label"": ""cab"", ""confidence"": 0.0652}, {""rank"": 5, ""label"": ""amphibian"", ""confidence"": 0.057}]",False,building
Places365_val_00013291.jpg,/Users/aidahamzic/PycharmProjects/PythonProject1/val_256/Places365_val_00013291.jpg,house,church,0.1974,"[{""rank"": 1, ""label"": ""church"", ""confidence"": 0.1974}, {""rank"": 2, ""label"": ""castle"", ""confidence"": 0.1282}, {""rank"": 3, ""label"": ""bell cote"", ""confidence"": 0.1}, {""rank"": 4, ""label"": ""monastery"", ""confidence"": 0.099}, {""rank"": 5, ""label"": ""palace"", ""confidence"": 0.0644}]",True,building
Places365_val_00013293.jpg,/Users/aidahamzic/PycharmProjects/PythonProject1/val_256/Places365_val_00013293.jpg,street,trolleybus,0.4584,"[{""rank"": 1, ""label"": ""trolleybus"", ""confidence"": 0.4584}, {""rank"": 2, ""label"": ""mobile home"", ""confidence"": 0.2438}, {""rank"": 3, ""label"": ""streetcar"", ""confidence"": 0.1265}, {""rank"": 4, ""label"": ""passenger car"", ""confidence"": 0.0224}, {""rank"": 5, ""label"": ""traffic light"", ""confidence"": 0.0138}]",True,street
Places365_val_00013295.jpg,/Users/aidahamzic/PycharmProjects/PythonProject1/val_256/Places365_val_00013295.jpg,coast,seashore,0.5593,"[{""rank"": 1, ""label"": ""seashore"", ""confidence"": 0.5593}, {""rank"": 2, ""label"": ""promontory"", ""confidence"": 0.1988}, {""rank"": 3, ""label"": ""sandbar"", ""confidence"": 0.0692}, {""rank"": 4, ""label"": ""lakeside"", ""confidence"": 0.0596}, {""rank"": 5, ""label"": ""cliff"", ""confidence"": 0.036}]",True,water
Places365_val_00013329.jpg,/Users/aidahamzic/PycharmProjects/PythonProject1/val_256/Places365_val_00013329.jpg,forest-broadleaf,greenhouse,0.5512,"[{""rank"": 1, ""label"": ""greenhouse"", ""confidence"": 0.5512}, {""rank"": 2, ""label"": ""viaduct"", ""confidence"": 0.0455}, {""rank"": 3, ""label"": ""water tower"", ""confidence"": 0.0409}, {""rank"": 4, ""label"": ""yurt"", ""confidence"": 0.0377}, {""rank"": 5, ""label"": ""suspension bridge"", ""confidence"": 0.0291}]",False,forest
Places365_val_00013343.jpg,/Users/aidahamzic/PycharmProjects/PythonProject1/val_256/Places365_val_00013343.jpg,skyscraper,airliner,0.5147,"[{""rank"": 1, ""label"": ""airliner"", ""confidence"": 0.5147}, {""rank"": 2, ""label"": ""aircraft carrier"", ""confidence"": 0.1289}, {""rank"": 3, ""label"": ""fireboat"", ""confidence"": 0.054}, {""rank"": 4, ""label"": ""airship"", ""confidence"": 0.0468}, {""rank"": 5, ""label"": ""liner"", ""confidence"": 0.0406}]",False,building
Places365_val_00013370.jpg,/Users/aidahamzic/PycharmProjects/PythonProject1/val_256/Places365_val_00013370.jpg,forest-broadleaf,buckeye,0.2685,"[{""rank"": 1, ""label"": ""buckeye"", ""confidence"": 0.2685}, {""rank"": 2, ""label"": ""walking stick"", ""confidence"": 0.075}, {""rank"": 3, ""label"": ""macaw"", ""confidence"": 0.0621}, {""rank"": 4, ""label"": ""hip"", ""confidence"": 0.045}, {""rank"": 5, ""label"": ""spider web"", ""confidence"": 0.0328}]",True,forest
Places365_val_00013474.jpg,/Users/aidahamzic/PycharmProjects/PythonProject1/val_256/Places365_val_00013474.jpg,coast,trimaran,0.8151,"[{""rank"": 1, ""label"": ""trimaran"", ""confidence"": 0.8151}, {""rank"": 2, ""label"": ""catamaran"", ""confidence"": 0.1128}, {""rank"": 3, ""label"": ""yawl"", ""confidence"": 0.0377}, {""rank"": 4, ""label"": ""schooner"", ""confidence"": 0.0144}, {""rank"": 5, ""label"": ""boathouse"", ""confidence"": 0.0032}]",True,water
Places365_val_00013483.jpg,/Users/aidahamzic/PycharmProjects/PythonProject1/val_256/Places365_val_00013483.jpg,downtown,lakeside,0.1438,"[{""rank"": 1, ""label"": ""lakeside"", ""confidence"": 0.1438}, {""rank"": 2, ""label"": ""dock"", ""confidence"": 0.0812}, {""rank"": 3, ""label"": ""boathouse"", ""confidence"": 0.0675}, {""rank"": 4, ""label"": ""flagpole"", ""confidence"": 0.0584}, {""rank"": 5, ""label"": ""pier"", ""confidence"": 0.0401}]",True,building
Places365_val_00013489.jpg,/Users/aidahamzic/PycharmProjects/PythonProject1/val_256/Places365_val_00013489.jpg,rainforest,lakeside,0.628,"[{""rank"": 1, ""label"": ""lakeside"", ""confidence"": 0.628}, {""rank"": 2, ""label"": ""boathouse"", ""confidence"": 0.1044}, {""rank"": 3, ""label"": ""canoe"", ""confidence"": 0.0773}, {""rank"": 4, ""label"": ""paddle"", ""confidence"": 0.021}, {""rank"": 5, ""label"": ""breakwater"", ""confidence"": 0.0192}]",False,forest
Places365_val_00013608.jpg,/Users/aidahamzic/PycharmProjects/PythonProject1/val_256/Places365_val_00013608.jpg,rainforest,lakeside,0.2315,"[{""rank"": 1, ""label"": ""lakeside"", ""confidence"": 0.2315}, {""rank"": 2, ""label"": ""sandbar"", ""confidence"": 0.2208}, {""rank"": 3, ""label"": ""valley"", ""confidence"": 0.0975}, {""rank"": 4, ""label"": ""seashore"", ""confidence"": 0.0769}, {""rank"": 5, ""label"": ""geyser"", ""confidence"": 0.0445}]",True,forest
Places365_val_00013623.jpg,/Users/aidahamzic/PycharmProjects/PythonProject1/val_256/Places365_val_00013623.jpg,house,church,0.8539,"[{""rank"": 1, ""label"": ""church"", ""confidence"": 0.8539}, {""rank"": 2, ""label"": ""bell cote"", ""confidence"": 0.1353}, {""rank"": 3, ""label"": ""monastery"", ""confidence"": 0.0095}, {""rank"": 4, ""label"": ""viaduct"", ""confidence"": 0.0007}, {""rank"": 5, ""label"": ""castle"", ""confidence"": 0.0002}]",True,building
Places365_val_00013626.jpg,/Users/aidahamzic/PycharmProjects/PythonProject1/val_256/Places365_val_00013626.jpg,skyscraper,shopping cart,0.1884,"[{""rank"": 1, ""label"": ""shopping cart"", ""confidence"": 0.1884}, {""rank"": 2, ""label"": ""prison"", ""confidence"": 0.0572}, {""rank"": 3, ""label"": ""shopping basket"", ""confidence"": 0.0452}, {""rank"": 4, ""label"": ""crane"", ""confidence"": 0.027}, {""rank"": 5, ""label"": ""suspension bridge"", ""confidence"": 0.0245}]",True,building
Places365_val_00013644.jpg,/Users/aidahamzic/PycharmProjects/PythonProject1/val_256/Places365_val_00013644.jpg,river,valley,0.2356,"[{""rank"": 1, ""label"": ""valley"", ""confidence"": 0.2356}, {""rank"": 2, ""label"": ""canoe"", ""confidence"": 0.1109}, {""rank"": 3, ""label"": ""dam"", ""confidence"": 0.0974}, {""rank"": 4, ""label"": ""cliff"", ""confidence"": 0.0843}, {""rank"": 5, ""label"": ""reel"", ""confidence"": 0.0714}]",True,water
Places365_val_00013662.jpg,/Users/aidahamzic/PycharmProjects/PythonProject1/val_256/Places365_val_00013662.jpg,ocean,container ship,0.9027,"[{""rank"": 1, ""label"": ""container ship"", ""confidence"": 0.9027}, {""rank"": 2, ""label"": ""drilling platform"", ""confidence"": 0.0772}, {""rank"": 3, ""label"": ""dock"", ""confidence"": 0.0138}, {""rank"": 4, ""label"": ""liner"", ""confidence"": 0.0044}, {""rank"": 5, ""label"": ""fireboat"", ""confidence"": 0.0004}]",True,water
Places365_val_00013669.jpg,/Users/aidahamzic/PycharmProjects/PythonProject1/val_256/Places365_val_00013669.jpg,tower,fireboat,0.1289,"[{""rank"": 1, ""label"": ""fireboat"", ""confidence"": 0.1289}, {""rank"": 2, ""label"": ""trimaran"", ""confidence"": 0.102}, {""rank"": 3, ""label"": ""catamaran"", ""confidence"": 0.0972}, {""rank"": 4, ""label"": ""dock"", ""confidence"": 0.0784}, {""rank"": 5, ""label"": ""drilling platform"", ""confidence"": 0.0742}]",False,building
Places365_val_00013692.jpg,/Users/aidahamzic/PycharmProjects/PythonProject1/val_256/Places365_val_00013692.jpg,glacier,moving van,0.2258,"[{""rank"": 1, ""label"": ""moving van"", ""confidence"": 0.2258}, {""rank"": 2, ""label"": ""minivan"", ""confidence"": 0.1589}, {""rank"": 3, ""label"": ""minibus"", ""confidence"": 0.0976}, {""rank"": 4, ""label"": ""jeep"", ""confidence"": 0.087}, {""rank"": 5, ""label"": ""snowmobile"", ""confidence"": 0.0548}]",False,glacier
Places365_val_00013704.jpg,/Users/aidahamzic/PycharmProjects/PythonProject1/val_256/Places365_val_00013704.jpg,highway,suspension bridge,0.4013,"[{""rank"": 1, ""label"": ""suspension bridge"", ""confidence"": 0.4013}, {""rank"": 2, ""label"": ""fountain"", ""confidence"": 0.3017}, {""rank"": 3, ""label"": ""pier"", ""confidence"": 0.1481}, {""rank"": 4, ""label"": ""harp"", ""confidence"": 0.0304}, {""rank"": 5, ""label"": ""traffic light"", ""confidence"": 0.0247}]",False,street
Places365_val_00013734.jpg,/Users/aidahamzic/PycharmProjects/PythonProject1/val_256/Places365_val_00013734.jpg,ocean,snorkel,0.4038,"[{""rank"": 1, ""label"": ""snorkel"", ""confidence"": 0.4038}, {""rank"": 2, ""label"": ""paddle"", ""confidence"": 0.1809}, {""rank"": 3, ""label"": ""catamaran"", ""confidence"": 0.0882}, {""rank"": 4, ""label"": ""canoe"", ""confidence"": 0.0322}, {""rank"": 5, ""label"": ""bicycle-built-for-two"", ""confidence"": 0.0301}]",True,water
Places365_val_00013784.jpg,/Users/aidahamzic/PycharmProjects/PythonProject1/val_256/Places365_val_00013784.jpg,river,rock crab,0.7709,"[{""rank"": 1, ""label"": ""rock crab"", ""confidence"": 0.7709}, {""rank"": 2, ""label"": ""earthstar"", ""confidence"": 0.0383}, {""rank"": 3, ""label"": ""tailed frog"", ""confidence"": 0.0321}, {""rank"": 4, ""label"": ""coral fungus"", ""confidence"": 0.0319}, {""rank"": 5, ""label"": ""chiton"", ""confidence"": 0.0086}]",False,water
Places365_val_00013787.jpg,/Users/aidahamzic/PycharmProjects/PythonProject1/val_256/Places365_val_00013787.jpg,highway,trailer truck,0.1567,"[{""rank"": 1, ""label"": ""trailer truck"", ""confidence"": 0.1567}, {""rank"": 2, ""label"": ""passenger car"", ""confidence"": 0.1442}, {""rank"": 3, ""label"": ""recreational vehicle"", ""confidence"": 0.1087}, {""rank"": 4, ""label"": ""mobile home"", ""confidence"": 0.07}, {""rank"": 5, ""label"": ""trolleybus"", ""confidence"": 0.0468}]",True,street
Places365_val_00013793.jpg,/Users/aidahamzic/PycharmProjects/PythonProject1/val_256/Places365_val_00013793.jpg,ocean,promontory,0.4841,"[{""rank"": 1, ""label"": ""promontory"", ""confidence"": 0.4841}, {""rank"": 2, ""label"": ""cliff"", ""confidence"": 0.1786}, {""rank"": 3, ""label"": ""lakeside"", ""confidence"": 0.1317}, {""rank"": 4, ""label"": ""seashore"", ""confidence"": 0.1142}, {""rank"": 5, ""label"": ""breakwater"", ""confidence"": 0.0444}]",True,water
Places365_val_00013809.jpg,/Users/aidahamzic/PycharmProjects/PythonProject1/val_256/Places365_val_00013809.jpg,street,gondola,0.2314,"[{""rank"": 1, ""label"": ""gondola"", ""confidence"": 0.2314}, {""rank"": 2, ""label"": ""jinrikisha"", ""confidence"": 0.2299}, {""rank"": 3, ""label"": ""streetcar"", ""confidence"": 0.0456}, {""rank"": 4, ""label"": ""restaurant"", ""confidence"": 0.0387}, {""rank"": 5, ""label"": ""umbrella"", ""confidence"": 0.0275}]",True,street
Places365_val_00013869.jpg,/Users/aidahamzic/PycharmProjects/PythonProject1/val_256/Places365_val_00013869.jpg,ocean,promontory,0.4097,"[{""rank"": 1, ""label"": ""promontory"", ""confidence"": 0.4097}, {""rank"": 2, ""label"": ""seashore"", ""confidence"": 0.195}, {""rank"": 3, ""label"": ""lakeside"", ""confidence"": 0.0965}, {""rank"": 4, ""label"": ""cliff"", ""confidence"": 0.0931}, {""rank"": 5, ""label"": ""volcano"", ""confidence"": 0.0385}]",True,water
Places365_val_00013934.jpg,/Users/aidahamzic/PycharmProjects/PythonProject1/val_256/Places365_val_00013934.jpg,tower,airship,0.232,"[{""rank"": 1, ""label"": ""airship"", ""confidence"": 0.232}, {""rank"": 2, ""label"": ""vulture"", ""confidence"": 0.1433}, {""rank"": 3, ""label"": ""grand piano"", ""confidence"": 0.0441}, {""rank"": 4, ""label"": ""paintbrush"", ""confidence"": 0.0431}, {""rank"": 5, ""label"": ""broom"", ""confidence"": 0.0321}]",False,building
Places365_val_00013946.jpg,/Users/aidahamzic/PycharmProjects/PythonProject1/val_256/Places365_val_00013946.jpg,highway,geyser,0.5998,"[{""rank"": 1, ""label"": ""geyser"", ""confidence"": 0.5998}, {""rank"": 2, ""label"": ""snowplow"", ""confidence"": 0.1311}, {""rank"": 3, ""label"": ""paddle"", ""confidence"": 0.018}, {""rank"": 4, ""label"": ""seashore"", ""confidence"": 0.0172}, {""rank"": 5, ""label"": ""canoe"", ""confidence"": 0.0151}]",False,street
Places365_val_00013976.jpg,/Users/aidahamzic/PycharmProjects/PythonProject1/val_256/Places365_val_00013976.jpg,skyscraper,liner,0.3626,"[{""rank"": 1, ""label"": ""liner"", ""confidence"": 0.3626}, {""rank"": 2, ""label"": ""container ship"", ""confidence"": 0.2184}, {""rank"": 3, ""label"": ""scoreboard"", ""confidence"": 0.1163}, {""rank"": 4, ""label"": ""pier"", ""confidence"": 0.1}, {""rank"": 5, ""label"": ""steel arch bridge"", ""confidence"": 0.0638}]",False,building
Places365_val_00013980.jpg,/Users/aidahamzic/PycharmProjects/PythonProject1/val_256/Places365_val_00013980.jpg,skyscraper,container ship,0.1812,"[{""rank"": 1, ""label"": ""container ship"", ""confidence"": 0.1812}, {""rank"": 2, ""label"": ""library"", ""confidence"": 0.1066}, {""rank"": 3, ""label"": ""palace"", ""confidence"": 0.0563}, {""rank"": 4, ""label"": ""bell cote"", ""confidence"": 0.0434}, {""rank"": 5, ""label"": ""crate"", ""confidence"": 0.0292}]",True,building
Places365_val_00013987.jpg,/Users/aidahamzic/PycharmProjects/PythonProject1/val_256/Places365_val_00013987.jpg,mountain,alp,0.5979,"[{""rank"": 1, ""label"": ""alp"", ""confidence"": 0.5979}, {""rank"": 2, ""label"": ""valley"", ""confidence"": 0.3531}, {""rank"": 3, ""label"": ""cliff"", ""confidence"": 0.0177}, {""rank"": 4, ""label"": ""mountain tent"", ""confidence"": 0.0156}, {""rank"": 5, ""label"": ""volcano"", ""confidence"": 0.0028}]",True,mountain
Places365_val_00014035.jpg,/Users/aidahamzic/PycharmProjects/PythonProject1/val_256/Places365_val_00014035.jpg,mountain,alp,0.6501,"[{""rank"": 1, ""label"": ""alp"", ""confidence"": 0.6501}, {""rank"": 2, ""label"": ""valley"", ""confidence"": 0.2477}, {""rank"": 3, ""label"": ""volcano"", ""confidence"": 0.073}, {""rank"": 4, ""label"": ""mountain tent"", ""confidence"": 0.0222}, {""rank"": 5, ""label"": ""cliff"", ""confidence"": 0.0018}]",True,mountain
Places365_val_00014044.jpg,/Users/aidahamzic/PycharmProjects/PythonProject1/val_256/Places365_val_00014044.jpg,river,ibex,0.4271,"[{""rank"": 1, ""label"": ""ibex"", ""confidence"": 0.4271}, {""rank"": 2, ""label"": ""hartebeest"", ""confidence"": 0.1461}, {""rank"": 3, ""label"": ""gazelle"", ""confidence"": 0.1263}, {""rank"": 4, ""label"": ""impala"", ""confidence"": 0.0787}, {""rank"": 5, ""label"": ""water buffalo"", ""confidence"": 0.0746}]",False,water
Places365_val_00014073.jpg,/Users/aidahamzic/PycharmProjects/PythonProject1/val_256/Places365_val_00014073.jpg,hotel-outdoor,streetcar,0.5718,"[{""rank"": 1, ""label"": ""streetcar"", ""confidence"": 0.5718}, {""rank"": 2, ""label"": ""palace"", ""confidence"": 0.1389}, {""rank"": 3, ""label"": ""trolleybus"", ""confidence"": 0.0371}, {""rank"": 4, ""label"": ""cab"", ""confidence"": 0.0328}, {""rank"": 5, ""label"": ""cinema"", ""confidence"": 0.0284}]",True,building
Places365_val_00014083.jpg,/Users/aidahamzic/PycharmProjects/PythonProject1/val_256/Places365_val_00014083.jpg,street,steam locomotive,0.2962,"[{""rank"": 1, ""label"": ""steam locomotive"", ""confidence"": 0.2962}, {""rank"": 2, ""label"": ""alp"", ""confidence"": 0.167}, {""rank"": 3, ""label"": ""passenger car"", ""confidence"": 0.0729}, {""rank"": 4, ""label"": ""freight car"", ""confidence"": 0.0668}, {""rank"": 5, ""label"": ""streetcar"", ""confidence"": 0.0431}]",True,street
Places365_val_00014163.jpg,/Users/aidahamzic/PycharmProjects/PythonProject1/val_256/Places365_val_00014163.jpg,coast,seashore,0.6674,"[{""rank"": 1, ""label"": ""seashore"", ""confidence"": 0.6674}, {""rank"": 2, ""label"": ""lakeside"", ""confidence"": 0.1148}, {""rank"": 3, ""label"": ""beacon"", ""confidence"": 0.0566}, {""rank"": 4, ""label"": ""volcano"", ""confidence"": 0.0326}, {""rank"": 5, ""label"": ""promontory"", ""confidence"": 0.0296}]",True,water
Places365_val_00014201.jpg,/Users/aidahamzic/PycharmProjects/PythonProject1/val_256/Places365_val_00014201.jpg,alley,military uniform,0.0477,"[{""rank"": 1, ""label"": ""military uniform"", ""confidence"": 0.0477}, {""rank"": 2, ""label"": ""assault rifle"", ""confidence"": 0.0365}, {""rank"": 3, ""label"": ""barbershop"", ""confidence"": 0.0315}, {""rank"": 4, ""label"": ""breastplate"", ""confidence"": 0.0303}, {""rank"": 5, ""label"": ""rifle"", ""confidence"": 0.0224}]",False,street
Places365_val_00014252.jpg,/Users/aidahamzic/PycharmProjects/PythonProject1/val_256/Places365_val_00014252.jpg,tower,triumphal arch,0.3337,"[{""rank"": 1, ""label"": ""triumphal arch"", ""confidence"": 0.3337}, {""rank"": 2, ""label"": ""bell cote"", ""confidence"": 0.325}, {""rank"": 3, ""label"": ""pedestal"", ""confidence"": 0.1158}, {""rank"": 4, ""label"": ""monastery"", ""confidence"": 0.1054}, {""rank"": 5, ""label"": ""palace"", ""confidence"": 0.0505}]",True,building
Places365_val_00014254.jpg,/Users/aidahamzic/PycharmProjects/PythonProject1/val_256/Places365_val_00014254.jpg,street,minibus,0.2932,"[{""rank"": 1, ""label"": ""minibus"", ""confidence"": 0.2932}, {""rank"": 2, ""label"": ""garbage truck"", ""confidence"": 0.1294}, {""rank"": 3, ""label"": ""trolleybus"", ""confidence"": 0.0655}, {""rank"": 4, ""label"": ""golfcart"", ""confidence"": 0.0569}, {""rank"": 5, ""label"": ""tow truck"", ""confidence"": 0.0526}]",True,street
Places365_val_00014283.jpg,/Users/aidahamzic/PycharmProjects/PythonProject1/val_256/Places365_val_00014283.jpg,coast,paddle,0.5834,"[{""rank"": 1, ""label"": ""paddle"", ""confidence"": 0.5834}, {""rank"": 2, ""label"": ""canoe"", ""confidence"": 0.2012}, {""rank"": 3, ""label"": ""coho"", ""confidence"": 0.0951}, {""rank"": 4, ""label"": ""sturgeon"", ""confidence"": 0.0518}, {""rank"": 5, ""label"": ""speedboat"", ""confidence"": 0.0188}]",True,water
Places365_val_00014330.jpg,/Users/aidahamzic/PycharmProjects/PythonProject1/val_256/Places365_val_00014330.jpg,rainforest,valley,0.1456,"[{""rank"": 1, ""label"": ""valley"", ""confidence"": 0.1456}, {""rank"": 2, ""label"": ""lakeside"", ""confidence"": 0.1041}, {""rank"": 3, ""label"": ""mountain bike"", ""confidence"": 0.0372}, {""rank"": 4, ""label"": ""cliff"", ""confidence"": 0.0372}, {""rank"": 5, ""label"": ""canoe"", ""confidence"": 0.0217}]",True,forest
Places365_val_00014384.jpg,/Users/aidahamzic/PycharmProjects/PythonProject1/val_256/Places365_val_00014384.jpg,skyscraper,dam,0.134,"[{""rank"": 1, ""label"": ""dam"", ""confidence"": 0.134}, {""rank"": 2, ""label"": ""steel arch bridge"", ""confidence"": 0.1185}, {""rank"": 3, ""label"": ""lakeside"", ""confidence"": 0.0785}, {""rank"": 4, ""label"": ""solar dish"", ""confidence"": 0.0602}, {""rank"": 5, ""label"": ""suspension bridge"", ""confidence"": 0.0532}]",False,building
Places365_val_00014448.jpg,/Users/aidahamzic/PycharmProjects/PythonProject1/val_256/Places365_val_00014448.jpg,mountain,valley,0.9239,"[{""rank"": 1, ""label"": ""valley"", ""confidence"": 0.9239}, {""rank"": 2, ""label"": ""cliff"", ""confidence"": 0.0143}, {""rank"": 3, ""label"": ""lakeside"", ""confidence"": 0.0107}, {""rank"": 4, ""label"": ""coho"", ""confidence"": 0.0052}, {""rank"": 5, ""label"": ""promontory"", ""confidence"": 0.0044}]",True,mountain
Places365_val_00014462.jpg,/Users/aidahamzic/PycharmProjects/PythonProject1/val_256/Places365_val_00014462.jpg,forest-broadleaf,obelisk,0.1299,"[{""rank"": 1, ""label"": ""obelisk"", ""confidence"": 0.1299}, {""rank"": 2, ""label"": ""water tower"", ""confidence"": 0.0501}, {""rank"": 3, ""label"": ""vulture"", ""confidence"": 0.0319}, {""rank"": 4, ""label"": ""rapeseed"", ""confidence"": 0.0313}, {""rank"": 5, ""label"": ""church"", ""confidence"": 0.0311}]",False,forest
Places365_val_00014469.jpg,/Users/aidahamzic/PycharmProjects/PythonProject1/val_256/Places365_val_00014469.jpg,glacier,alp,0.7862,"[{""rank"": 1, ""label"": ""alp"", ""confidence"": 0.7862}, {""rank"": 2, ""label"": ""cliff"", ""confidence"": 0.0741}, {""rank"": 3, ""label"": ""valley"", ""confidence"": 0.0538}, {""rank"": 4, ""label"": ""mountain tent"", ""confidence"": 0.0248}, {""rank"": 5, ""label"": ""geyser"", ""confidence"": 0.0119}]",True,glacier
Places365_val_00014485.jpg,/Users/aidahamzic/PycharmProjects/PythonProject1/val_256/Places365_val_00014485.jpg,rainforest,cloak,0.2366,"[{""rank"": 1, ""label"": ""cloak"", ""confidence"": 0.2366}, {""rank"": 2, ""label"": ""overskirt"", ""confidence"": 0.1685}, {""rank"": 3, ""label"": ""hoopskirt"", ""confidence"": 0.1141}, {""rank"": 4, ""label"": ""mosquito net"", ""confidence"": 0.0695}, {""rank"": 5, ""label"": ""suspension bridge"", ""confidence"": 0.0533}]",False,forest
Places365_val_00014503.jpg,/Users/aidahamzic/PycharmProjects/PythonProject1/val_256/Places365_val_00014503.jpg,ocean,seashore,0.4765,"[{""rank"": 1, ""label"": ""seashore"", ""confidence"": 0.4765}, {""rank"": 2, ""label"": ""beacon"", ""confidence"": 0.1235}, {""rank"": 3, ""label"": ""lakeside"", ""confidence"": 0.0714}, {""rank"": 4, ""label"": ""promontory"", ""confidence"": 0.0672}, {""rank"": 5, ""label"": ""sandbar"", ""confidence"": 0.0467}]",True,water
Places365_val_00014524.jpg,/Users/aidahamzic/PycharmProjects/PythonProject1/val_256/Places365_val_00014524.jpg,hotel-outdoor,lakeside,0.3446,"[{""rank"": 1, ""label"": ""lakeside"", ""confidence"": 0.3446}, {""rank"": 2, ""label"": ""boathouse"", ""confidence"": 0.2485}, {""rank"": 3, ""label"": ""solar dish"", ""confidence"": 0.1224}, {""rank"": 4, ""label"": ""alp"", ""confidence"": 0.0787}, {""rank"": 5, ""label"": ""patio"", ""confidence"": 0.0277}]",True,building
Places365_val_00014529.jpg,/Users/aidahamzic/PycharmProjects/PythonProject1/val_256/Places365_val_00014529.jpg,river,fireboat,0.1034,"[{""rank"": 1, ""label"": ""fireboat"", ""confidence"": 0.1034}, {""rank"": 2, ""label"": ""pier"", ""confidence"": 0.0979}, {""rank"": 3, ""label"": ""reel"", ""confidence"": 0.0903}, {""rank"": 4, ""label"": ""dam"", ""confidence"": 0.0614}, {""rank"": 5, ""label"": ""catamaran"", ""confidence"": 0.0567}]",True,water
Places365_val_00014535.jpg,/Users/aidahamzic/PycharmProjects/PythonProject1/val_256/Places365_val_00014535.jpg,glacier,conch,0.1745,"[{""rank"": 1, ""label"": ""conch"", ""confidence"": 0.1745}, {""rank"": 2, ""label"": ""stingray"", ""confidence"": 0.1562}, {""rank"": 3, ""label"": ""swimming trunks"", ""confidence"": 0.0897}, {""rank"": 4, ""label"": ""tub"", ""confidence"": 0.0386}, {""rank"": 5, ""label"": ""shower curtain"", ""confidence"": 0.0346}]",False,glacier
Places365_val_00014554.jpg,/Users/aidahamzic/PycharmProjects/PythonProject1/val_256/Places365_val_00014554.jpg,hotel-outdoor,palace,0.5851,"[{""rank"": 1, ""label"": ""palace"", ""confidence"": 0.5851}, {""rank"": 2, ""label"": ""boathouse"", ""confidence"": 0.1397}, {""rank"": 3, ""label"": ""steel arch bridge"", ""confidence"": 0.0597}, {""rank"": 4, ""label"": ""bell cote"", ""confidence"": 0.0546}, {""rank"": 5, ""label"": ""lakeside"", ""confidence"": 0.0496}]",True,building
Places365_val_00014684.jpg,/Users/aidahamzic/PycharmProjects/PythonProject1/val_256/Places365_val_00014684.jpg,river,dock,0.3514,"[{""rank"": 1, ""label"": ""dock"", ""confidence"": 0.3514}, {""rank"": 2, ""label"": ""submarine"", ""confidence"": 0.1108}, {""rank"": 3, ""label"": ""drilling platform"", ""confidence"": 0.0887}, {""rank"": 4, ""label"": ""container ship"", ""confidence"": 0.0794}, {""rank"": 5, ""label"": ""amphibian"", ""confidence"": 0.0637}]",True,water
Places365_val_00014692.jpg,/Users/aidahamzic/PycharmProjects/PythonProject1/val_256/Places365_val_00014692.jpg,street,jean,0.0776,"[{""rank"": 1, ""label"": ""jean"", ""confidence"": 0.0776}, {""rank"": 2, ""label"": ""sarong"", ""confidence"": 0.0569}, {""rank"": 3, ""label"": ""cowboy boot"", ""confidence"": 0.0417}, {""rank"": 4, ""label"": ""maillot"", ""confidence"": 0.0381}, {""rank"": 5, ""label"": ""pajama"", ""confidence"": 0.0362}]",False,street
Places365_val_00014701.jpg,/Users/aidahamzic/PycharmProjects/PythonProject1/val_256/Places365_val_00014701.jpg,hotel-outdoor,fountain,0.9754,"[{""rank"": 1, ""label"": ""fountain"", ""confidence"": 0.9754}, {""rank"": 2, ""label"": ""geyser"", ""confidence"": 0.0175}, {""rank"": 3, ""label"": ""palace"", ""confidence"": 0.0044}, {""rank"": 4, ""label"": ""lakeside"", ""confidence"": 0.0003}, {""rank"": 5, ""label"": ""space shuttle"", ""confidence"": 0.0002}]",True,building
Places365_val_00014731.jpg,/Users/aidahamzic/PycharmProjects/PythonProject1/val_256/Places365_val_00014731.jpg,mountain,cliff,0.3365,"[{""rank"": 1, ""label"": ""cliff"", ""confidence"": 0.3365}, {""rank"": 2, ""label"": ""volcano"", ""confidence"": 0.3356}, {""rank"": 3, ""label"": ""alp"", ""confidence"": 0.1675}, {""rank"": 4, ""label"": ""geyser"", ""confidence"": 0.0736}, {""rank"": 5, ""label"": ""valley"", ""confidence"": 0.053}]",True,mountain
Places365_val_00014741.jpg,/Users/aidahamzic/PycharmProjects/PythonProject1/val_256/Places365_val_00014741.jpg,coast,leatherback turtle,0.2715,"[{""rank"": 1, ""label"": ""leatherback turtle"", ""confidence"": 0.2715}, {""rank"": 2, ""label"": ""grey whale"", ""confidence"": 0.0758}, {""rank"": 3, ""label"": ""seashore"", ""confidence"": 0.0503}, {""rank"": 4, ""label"": ""sea lion"", ""confidence"": 0.0482}, {""rank"": 5, ""label"": ""otter"", ""confidence"": 0.0362}]",True,water
Places365_val_00014808.jpg,/Users/aidahamzic/PycharmProjects/PythonProject1/val_256/Places365_val_00014808.jpg,rainforest,macaw,0.6467,"[{""rank"": 1, ""label"": ""macaw"", ""confidence"": 0.6467}, {""rank"": 2, ""label"": ""lorikeet"", ""confidence"": 0.3351}, {""rank"": 3, ""label"": ""bee eater"", ""confidence"": 0.0049}, {""rank"": 4, ""label"": ""European gallinule"", ""confidence"": 0.0034}, {""rank"": 5, ""label"": ""indigo bunting"", ""confidence"": 0.0026}]",True,forest
Places365_val_00014817.jpg,/Users/aidahamzic/PycharmProjects/PythonProject1/val_256/Places365_val_00014817.jpg,ocean,cliff,0.5948,"[{""rank"": 1, ""label"": ""cliff"", ""confidence"": 0.5948}, {""rank"": 2, ""label"": ""promontory"", ""confidence"": 0.188}, {""rank"": 3, ""label"": ""seashore"", ""confidence"": 0.1008}, {""rank"": 4, ""label"": ""beacon"", ""confidence"": 0.0675}, {""rank"": 5, ""label"": ""megalith"", ""confidence"": 0.0253}]",True,water
Places365_val_00014826.jpg,/Users/aidahamzic/PycharmProjects/PythonProject1/val_256/Places365_val_00014826.jpg,house,bookshop,0.1274,"[{""rank"": 1, ""label"": ""bookshop"", ""confidence"": 0.1274}, {""rank"": 2, ""label"": ""library"", ""confidence"": 0.0995}, {""rank"": 3, ""label"": ""cinema"", ""confidence"": 0.0621}, {""rank"": 4, ""label"": ""bookcase"", ""confidence"": 0.0433}, {""rank"": 5, ""label"": ""tobacco shop"", ""confidence"": 0.0202}]",True,building
Places365_val_00014935.jpg,/Users/aidahamzic/PycharmProjects/PythonProject1/val_256/Places365_val_00014935.jpg,highway,solar dish,0.1365,"[{""rank"": 1, ""label"": ""solar dish"", ""confidence"": 0.1365}, {""rank"": 2, ""label"": ""scoreboard"", ""confidence"": 0.0758}, {""rank"": 3, ""label"": ""worm fence"", ""confidence"": 0.072}, {""rank"": 4, ""label"": ""mobile home"", ""confidence"": 0.0473}, {""rank"": 5, ""label"": ""trailer truck"", ""confidence"": 0.0466}]",False,street
Places365_val_00014945.jpg,/Users/aidahamzic/PycharmProjects/PythonProject1/val_256/Places365_val_00014945.jpg,alley,freight car,0.3565,"[{""rank"": 1, ""label"": ""freight car"", ""confidence"": 0.3565}, {""rank"": 2, ""label"": ""jigsaw puzzle"", ""confidence"": 0.1486}, {""rank"": 3, ""label"": ""comic book"", ""confidence"": 0.1034}, {""rank"": 4, ""label"": ""manhole cover"", ""confidence"": 0.0699}, {""rank"": 5, ""label"": ""doormat"", ""confidence"": 0.0322}]",False,street
Places365_val_00014957.jpg,/Users/aidahamzic/PycharmProjects/PythonProject1/val_256/Places365_val_00014957.jpg,skyscraper,planetarium,0.258,"[{""rank"": 1, ""label"": ""planetarium"", ""confidence"": 0.258}, {""rank"": 2, ""label"": ""fireboat"", ""confidence"": 0.2331}, {""rank"": 3, ""label"": ""dome"", ""confidence"": 0.0484}, {""rank"": 4, ""label"": ""steel arch bridge"", ""confidence"": 0.0383}, {""rank"": 5, ""label"": ""fountain"", ""confidence"": 0.0312}]",True,building
Places365_val_00014958.jpg,/Users/aidahamzic/PycharmProjects/PythonProject1/val_256/Places365_val_00014958.jpg,street,suit,0.1063,"[{""rank"": 1, ""label"": ""suit"", ""confidence"": 0.1063}, {""rank"": 2, ""label"": ""academic gown"", ""confidence"": 0.0835}, {""rank"": 3, ""label"": ""Afghan hound"", ""confidence"": 0.0689}, {""rank"": 4, ""label"": ""Loafer"", ""confidence"": 0.0501}, {""rank"": 5, ""label"": ""abaya"", ""confidence"": 0.0282}]",False,street
Places365_val_00014995.jpg,/Users/aidahamzic/PycharmProjects/PythonProject1/val_256/Places365_val_00014995.jpg,skyscraper,planetarium,0.4009,"[{""rank"": 1, ""label"": ""planetarium"", ""confidence"": 0.4009}, {""rank"": 2, ""label"": ""dome"", ""confidence"": 0.1959}, {""rank"": 3, ""label"": ""bell cote"", ""confidence"": 0.0453}, {""rank"": 4, ""label"": ""flagpole"", ""confidence"": 0.0349}, {""rank"": 5, ""label"": ""traffic light"", ""confidence"": 0.024}]",True,building
Places365_val_00015189.jpg,/Users/aidahamzic/PycharmProjects/PythonProject1/val_256/Places365_val_00015189.jpg,street,unicycle,0.4919,"[{""rank"": 1, ""label"": ""unicycle"", ""confidence"": 0.4919}, {""rank"": 2, ""label"": ""bicycle-built-for-two"", ""confidence"": 0.4036}, {""rank"": 3, ""label"": ""jinrikisha"", ""confidence"": 0.0383}, {""rank"": 4, ""label"": ""moped"", ""confidence"": 0.0124}, {""rank"": 5, ""label"": ""mountain bike"", ""confidence"": 0.0105}]",True,street
Places365_val_00015202.jpg,/Users/aidahamzic/PycharmProjects/PythonProject1/val_256/Places365_val_00015202.jpg,coast,promontory,0.4536,"[{""rank"": 1, ""label"": ""promontory"", ""confidence"": 0.4536}, {""rank"": 2, ""label"": ""seashore"", ""confidence"": 0.2076}, {""rank"": 3, ""label"": ""cliff"", ""confidence"": 0.1725}, {""rank"": 4, ""label"": ""lakeside"", ""confidence"": 0.0754}, {""rank"": 5, ""label"": ""breakwater"", ""confidence"": 0.0134}]",True,water
Places365_val_00015219.jpg,/Users/aidahamzic/PycharmProjects/PythonProject1/val_256/Places365_val_00015219.jpg,downtown,obelisk,0.1702,"[{""rank"": 1, ""label"": ""obelisk"", ""confidence"": 0.1702}, {""rank"": 2, ""label"": ""palace"", ""confidence"": 0.1214}, {""rank"": 3, ""label"": ""cab"", ""confidence"": 0.1109}, {""rank"": 4, ""label"": ""crane"", ""confidence"": 0.0702}, {""rank"": 5, ""label"": ""triumphal arch"", ""confidence"": 0.0592}]",True,building
Places365_val_00015239.jpg,/Users/aidahamzic/PycharmProjects/PythonProject1/val_256/Places365_val_00015239.jpg,alley,streetcar,0.485,"[{""rank"": 1, ""label"": ""streetcar"", ""confidence"": 0.485}, {""rank"": 2, ""label"": ""electric locomotive"", ""confidence"": 0.106}, {""rank"": 3, ""label"": ""traffic light"", ""confidence"": 0.1034}, {""rank"": 4, ""label"": ""passenger car"", ""confidence"": 0.0695}, {""rank"": 5, ""label"": ""trolleybus"", ""confidence"": 0.0642}]",True,street
Places365_val_00015241.jpg,/Users/aidahamzic/PycharmProjects/PythonProject1/val_256/Places365_val_00015241.jpg,river,valley,0.5917,"[{""rank"": 1, ""label"": ""valley"", ""confidence"": 0.5917}, {""rank"": 2, ""label"": ""lakeside"", ""confidence"": 0.1331}, {""rank"": 3, ""label"": ""stone wall"", ""confidence"": 0.0822}, {""rank"": 4, ""label"": ""mountain bike"", ""confidence"": 0.0235}, {""rank"": 5, ""label"": ""geyser"", ""confidence"": 0.0151}]",True,water
Places365_val_00015245.jpg,/Users/aidahamzic/PycharmProjects/PythonProject1/val_256/Places365_val_00015245.jpg,highway,bicycle-built-for-two,0.4064,"[{""rank"": 1, ""label"": ""bicycle-built-for-two"", ""confidence"": 0.4064}, {""rank"": 2, ""label"": ""mountain bike"", ""confidence"": 0.3238}, {""rank"": 3, ""label"": ""moped"", ""confidence"": 0.1478}, {""rank"": 4, ""label"": ""motor scooter"", ""confidence"": 0.0943}, {""rank"": 5, ""label"": ""crash helmet"", ""confidence"": 0.0067}]",False,street
Places365_val_00015293.jpg,/Users/aidahamzic/PycharmProjects/PythonProject1/val_256/Places365_val_00015293.jpg,rainforest,cloak,0.0545,"[{""rank"": 1, ""label"": ""cloak"", ""confidence"": 0.0545}, {""rank"": 2, ""label"": ""stone wall"", ""confidence"": 0.0407}, {""rank"": 3, ""label"": ""hen-of-the-woods"", ""confidence"": 0.0373}, {""rank"": 4, ""label"": ""beaver"", ""confidence"": 0.0354}, {""rank"": 5, ""label"": ""worm fence"", ""confidence"": 0.0332}]",False,forest
Places365_val_00015301.jpg,/Users/aidahamzic/PycharmProjects/PythonProject1/val_256/Places365_val_00015301.jpg,coast,lakeside,0.1841,"[{""rank"": 1, ""label"": ""lakeside"", ""confidence"": 0.1841}, {""rank"": 2, ""label"": ""dam"", ""confidence"": 0.0571}, {""rank"": 3, ""label"": ""valley"", ""confidence"": 0.0513}, {""rank"": 4, ""label"": ""geyser"", ""confidence"": 0.0502}, {""rank"": 5, ""label"": ""sandbar"", ""confidence"": 0.0488}]",True,water
Places365_val_00015340.jpg,/Users/aidahamzic/PycharmProjects/PythonProject1/val_256/Places365_val_00015340.jpg,forest-broadleaf,valley,0.829,"[{""rank"": 1, ""label"": ""valley"", ""confidence"": 0.829}, {""rank"": 2, ""label"": ""alp"", ""confidence"": 0.1231}, {""rank"": 3, ""label"": ""cliff"", ""confidence"": 0.014}, {""rank"": 4, ""label"": ""lakeside"", ""confidence"": 0.0068}, {""rank"": 5, ""label"": ""mountain bike"", ""confidence"": 0.0028}]",True,forest
Places365_val_00015347.jpg,/Users/aidahamzic/PycharmProjects/PythonProject1/val_256/Places365_val_00015347.jpg,ocean,fireboat,0.4976,"[{""rank"": 1, ""label"": ""fireboat"", ""confidence"": 0.4976}, {""rank"": 2, ""label"": ""grey whale"", ""confidence"": 0.2473}, {""rank"": 3, ""label"": ""lakeside"", ""confidence"": 0.0847}, {""rank"": 4, ""label"": ""killer whale"", ""confidence"": 0.0603}, {""rank"": 5, ""label"": ""breakwater"", ""confidence"": 0.0217}]",True,water
Places365_val_00015349.jpg,/Users/aidahamzic/PycharmProjects/PythonProject1/val_256/Places365_val_00015349.jpg,street,rugby ball,0.2155,"[{""rank"": 1, ""label"": ""rugby ball"", ""confidence"": 0.2155}, {""rank"": 2, ""label"": ""bulletproof vest"", ""confidence"": 0.0452}, {""rank"": 3, ""label"": ""soccer ball"", ""confidence"": 0.0443}, {""rank"": 4, ""label"": ""volleyball"", ""confidence"": 0.0344}, {""rank"": 5, ""label"": ""swing"", ""confidence"": 0.0342}]",False,street
Places365_val_00015360.jpg,/Users/aidahamzic/PycharmProjects/PythonProject1/val_256/Places365_val_00015360.jpg,tower,monastery,0.4824,"[{""rank"": 1, ""label"": ""monastery"", ""confidence"": 0.4824}, {""rank"": 2, ""label"": ""church"", ""confidence"": 0.1596}, {""rank"": 3, ""label"": ""palace"", ""confidence"": 0.0691}, {""rank"": 4, ""label"": ""bell cote"", ""confidence"": 0.0659}, {""rank"": 5, ""label"": ""mosque"", ""confidence"": 0.0599}]",True,building
Places365_val_00015374.jpg,/Users/aidahamzic/PycharmProjects/PythonProject1/val_256/Places365_val_00015374.jpg,glacier,alp,0.807,"[{""rank"": 1, ""label"": ""alp"", ""confidence"": 0.807}, {""rank"": 2, ""label"": ""ski"", ""confidence"": 0.1205}, {""rank"": 3, ""label"": ""snowmobile"", ""confidence"": 0.0424}, {""rank"": 4, ""label"": ""dogsled"", ""confidence"": 0.0231}, {""rank"": 5, ""label"": ""snowplow"", ""confidence"": 0.0021}]",True,glacier
Places365_val_00015449.jpg,/Users/aidahamzic/PycharmProjects/PythonProject1/val_256/Places365_val_00015449.jpg,glacier,alp,0.6686,"[{""rank"": 1, ""label"": ""alp"", ""confidence"": 0.6686}, {""rank"": 2, ""label"": ""valley"", ""confidence"": 0.1891}, {""rank"": 3, ""label"": ""promontory"", ""confidence"": 0.0425}, {""rank"": 4, ""label"": ""volcano"", ""confidence"": 0.0241}, {""rank"": 5, ""label"": ""cliff"", ""confidence"": 0.0233}]",True,glacier
Places365_val_00015456.jpg,/Users/aidahamzic/PycharmProjects/PythonProject1/val_256/Places365_val_00015456.jpg,forest-broadleaf,water tower,0.1468,"[{""rank"": 1, ""label"": ""water tower"", ""confidence"": 0.1468}, {""rank"": 2, ""label"": ""plastic bag"", ""confidence"": 0.0503}, {""rank"": 3, ""label"": ""white stork"", ""confidence"": 0.0442}, {""rank"": 4, ""label"": ""bald eagle"", ""confidence"": 0.0429}, {""rank"": 5, ""label"": ""obelisk"", ""confidence"": 0.0424}]",False,forest
Places365_val_00015457.jpg,/Users/aidahamzic/PycharmProjects/PythonProject1/val_256/Places365_val_00015457.jpg,forest-broadleaf,boathouse,0.0462,"[{""rank"": 1, ""label"": ""boathouse"", ""confidence"": 0.0462}, {""rank"": 2, ""label"": ""lakeside"", ""confidence"": 0.0294}, {""rank"": 3, ""label"": ""prayer rug"", ""confidence"": 0.0285}, {""rank"": 4, ""label"": ""steel arch bridge"", ""confidence"": 0.0219}, {""rank"": 5, ""label"": ""worm fence"", ""confidence"": 0.0187}]",False,forest
Places365_val_00015470.jpg,/Users/aidahamzic/PycharmProjects/PythonProject1/val_256/Places365_val_00015470.jpg,alley,suit,0.0916,"[{""rank"": 1, ""label"": ""suit"", ""confidence"": 0.0916}, {""rank"": 2, ""label"": ""groom"", ""confidence"": 0.0781}, {""rank"": 3, ""label"": ""academic gown"", ""confidence"": 0.0769}, {""rank"": 4, ""label"": ""bow tie"", ""confidence"": 0.0491}, {""rank"": 5, ""label"": ""limousine"", ""confidence"": 0.0485}]",True,street
Places365_val_00015490.jpg,/Users/aidahamzic/PycharmProjects/PythonProject1/val_256/Places365_val_00015490.jpg,alley,bookshop,0.2507,"[{""rank"": 1, ""label"": ""bookshop"", ""confidence"": 0.2507}, {""rank"": 2, ""label"": ""tobacco shop"", ""confidence"": 0.1298}, {""rank"": 3, ""label"": ""grocery store"", ""confidence"": 0.1002}, {""rank"": 4, ""label"": ""streetcar"", ""confidence"": 0.0872}, {""rank"": 5, ""label"": ""restaurant"", ""confidence"": 0.0522}]",True,street
Places365_val_00015492.jpg,/Users/aidahamzic/PycharmProjects/PythonProject1/val_256/Places365_val_00015492.jpg,street,jean,0.1565,"[{""rank"": 1, ""label"": ""jean"", ""confidence"": 0.1565}, {""rank"": 2, ""label"": ""miniskirt"", ""confidence"": 0.113}, {""rank"": 3, ""label"": ""Loafer"", ""confidence"": 0.081}, {""rank"": 4, ""label"": ""swing"", ""confidence"": 0.0393}, {""rank"": 5, ""label"": ""cowboy boot"", ""confidence"": 0.0359}]",False,street
Places365_val_00015499.jpg,/Users/aidahamzic/PycharmProjects/PythonProject1/val_256/Places365_val_00015499.jpg,tower,bell cote,0.7529,"[{""rank"": 1, ""label"": ""bell cote"", ""confidence"": 0.7529}, {""rank"": 2, ""label"": ""monastery"", ""confidence"": 0.112}, {""rank"": 3, ""label"": ""church"", ""confidence"": 0.0622}, {""rank"": 4, ""label"": ""palace"", ""confidence"": 0.0168}, {""rank"": 5, ""label"": ""mosque"", ""confidence"": 0.008}]",True,building
Places365_val_00015503.jpg,/Users/aidahamzic/PycharmProjects/PythonProject1/val_256/Places365_val_00015503.jpg,ocean,lakeside,0.8935,"[{""rank"": 1, ""label"": ""lakeside"", ""confidence"": 0.8935}, {""rank"": 2, ""label"": ""boathouse"", ""confidence"": 0.0421}, {""rank"": 3, ""label"": ""canoe"", ""confidence"": 0.0377}, {""rank"": 4, ""label"": ""dock"", ""confidence"": 0.0053}, {""rank"": 5, ""label"": ""breakwater"", ""confidence"": 0.0038}]",True,water
Places365_val_00015510.jpg,/Users/aidahamzic/PycharmProjects/PythonProject1/val_256/Places365_val_00015510.jpg,tower,castle,0.2376,"[{""rank"": 1, ""label"": ""castle"", ""confidence"": 0.2376}, {""rank"": 2, ""label"": ""monastery"", ""confidence"": 0.1147}, {""rank"": 3, ""label"": ""bell cote"", ""confidence"": 0.0293}, {""rank"": 4, ""label"": ""cliff"", ""confidence"": 0.0273}, {""rank"": 5, ""label"": ""geyser"", ""confidence"": 0.0252}]",True,building
Places365_val_00015531.jpg,/Users/aidahamzic/PycharmProjects/PythonProject1/val_256/Places365_val_00015531.jpg,alley,vault,0.2535,"[{""rank"": 1, ""label"": ""vault"", ""confidence"": 0.2535}, {""rank"": 2, ""label"": ""prison"", ""confidence"": 0.1987}, {""rank"": 3, ""label"": ""monastery"", ""confidence"": 0.1422}, {""rank"": 4, ""label"": ""organ"", ""confidence"": 0.0664}, {""rank"": 5, ""label"": ""bannister"", ""confidence"": 0.0336}]",False,street
Places365_val_00015535.jpg,/Users/aidahamzic/PycharmProjects/PythonProject1/val_256/Places365_val_00015535.jpg,coast,sandbar,0.3389,"[{""rank"": 1, ""label"": ""sandbar"", ""confidence"": 0.3389}, {""rank"": 2, ""label"": ""seashore"", ""confidence"": 0.1561}, {""rank"": 3, ""label"": ""catamaran"", ""confidence"": 0.1411}, {""rank"": 4, ""label"": ""lakeside"", ""confidence"": 0.1094}, {""rank"": 5, ""label"": ""coral reef"", ""confidence"": 0.0711}]",True,water
Places365_val_00015568.jpg,/Users/aidahamzic/PycharmProjects/PythonProject1/val_256/Places365_val_00015568.jpg,street,garbage truck,0.1042,"[{""rank"": 1, ""label"": ""garbage truck"", ""confidence"": 0.1042}, {""rank"": 2, ""label"": ""trolleybus"", ""confidence"": 0.0524}, {""rank"": 3, ""label"": ""aircraft carrier"", ""confidence"": 0.0511}, {""rank"": 4, ""label"": ""trailer truck"", ""confidence"": 0.0431}, {""rank"": 5, ""label"": ""streetcar"", ""confidence"": 0.0427}]",True,street
Places365_val_00015574.jpg,/Users/aidahamzic/PycharmProjects/PythonProject1/val_256/Places365_val_00015574.jpg,forest-broadleaf,mountain bike,0.086,"[{""rank"": 1, ""label"": ""mountain bike"", ""confidence"": 0.086}, {""rank"": 2, ""label"": ""stone wall"", ""confidence"": 0.0712}, {""rank"": 3, ""label"": ""bison"", ""confidence"": 0.0436}, {""rank"": 4, ""label"": ""mountain tent"", ""confidence"": 0.0354}, {""rank"": 5, ""label"": ""canoe"", ""confidence"": 0.0328}]",True,forest
Places365_val_00015576.jpg,/Users/aidahamzic/PycharmProjects/PythonProject1/val_256/Places365_val_00015576.jpg,downtown,scoreboard,0.2226,"[{""rank"": 1, ""label"": ""scoreboard"", ""confidence"": 0.2226}, {""rank"": 2, ""label"": ""bell cote"", ""confidence"": 0.1091}, {""rank"": 3, ""label"": ""obelisk"", ""confidence"": 0.0504}, {""rank"": 4, ""label"": ""liner"", ""confidence"": 0.0468}, {""rank"": 5, ""label"": ""pier"", ""confidence"": 0.0451}]",True,building
Places365_val_00015582.jpg,/Users/aidahamzic/PycharmProjects/PythonProject1/val_256/Places365_val_00015582.jpg,alley,pool table,0.0889,"[{""rank"": 1, ""label"": ""pool table"", ""confidence"": 0.0889}, {""rank"": 2, ""label"": ""prison"", ""confidence"": 0.0759}, {""rank"": 3, ""label"": ""microwave"", ""confidence"": 0.0694}, {""rank"": 4, ""label"": ""passenger car"", ""confidence"": 0.0603}, {""rank"": 5, ""label"": ""barbershop"", ""confidence"": 0.0585}]",False,street
Places365_val_00015583.jpg,/Users/aidahamzic/PycharmProjects/PythonProject1/val_256/Places365_val_00015583.jpg,mountain,alp,0.7382,"[{""rank"": 1, ""label"": ""alp"", ""confidence"": 0.7382}, {""rank"": 2, ""label"": ""valley"", ""confidence"": 0.1808}, {""rank"": 3, ""label"": ""cliff"", ""confidence"": 0.0204}, {""rank"": 4, ""label"": ""volcano"", ""confidence"": 0.0152}, {""rank"": 5, ""label"": ""mountain tent"", ""confidence"": 0.0149}]",True,mountain
Places365_val_00015587.jpg,/Users/aidahamzic/PycharmProjects/PythonProject1/val_256/Places365_val_00015587.jpg,coast,valley,0.2559,"[{""rank"": 1, ""label"": ""valley"", ""confidence"": 0.2559}, {""rank"": 2, ""label"": ""volcano"", ""confidence"": 0.2244}, {""rank"": 3, ""label"": ""alp"", ""confidence"": 0.2187}, {""rank"": 4, ""label"": ""promontory"", ""confidence"": 0.0483}, {""rank"": 5, ""label"": ""cliff"", ""confidence"": 0.0334}]",False,water
Places365_val_00015599.jpg,/Users/aidahamzic/PycharmProjects/PythonProject1/val_256/Places365_val_00015599.jpg,mountain,valley,0.5139,"[{""rank"": 1, ""label"": ""valley"", ""confidence"": 0.5139}, {""rank"": 2, ""label"": ""volcano"", ""confidence"": 0.3307}, {""rank"": 3, ""label"": ""cliff"", ""confidence"": 0.0695}, {""rank"": 4, ""label"": ""promontory"", ""confidence"": 0.0448}, {""rank"": 5, ""label"": ""geyser"", ""confidence"": 0.0156}]",True,mountain
Places365_val_00015603.jpg,/Users/aidahamzic/PycharmProjects/PythonProject1/val_256/Places365_val_00015603.jpg,glacier,lakeside,0.5236,"[{""rank"": 1, ""label"": ""lakeside"", ""confidence"": 0.5236}, {""rank"": 2, ""label"": ""boathouse"", ""confidence"": 0.338}, {""rank"": 3, ""label"": ""valley"", ""confidence"": 0.0944}, {""rank"": 4, ""label"": ""alp"", ""confidence"": 0.0154}, {""rank"": 5, ""label"": ""dam"", ""confidence"": 0.0051}]",True,glacier
Places365_val_00015710.jpg,/Users/aidahamzic/PycharmProjects/PythonProject1/val_256/Places365_val_00015710.jpg,mountain,missile,0.3639,"[{""rank"": 1, ""label"": ""missile"", ""confidence"": 0.3639}, {""rank"": 2, ""label"": ""projectile"", ""confidence"": 0.319}, {""rank"": 3, ""label"": ""submarine"", ""confidence"": 0.0636}, {""rank"": 4, ""label"": ""warplane"", ""confidence"": 0.0375}, {""rank"": 5, ""label"": ""aircraft carrier"", ""confidence"": 0.0375}]",False,mountain
Places365_val_00015749.jpg,/Users/aidahamzic/PycharmProjects/PythonProject1/val_256/Places365_val_00015749.jpg,glacier,ski,0.8493,"[{""rank"": 1, ""label"": ""ski"", ""confidence"": 0.8493}, {""rank"": 2, ""label"": ""wreck"", ""confidence"": 0.0722}, {""rank"": 3, ""label"": ""alp"", ""confidence"": 0.0259}, {""rank"": 4, ""label"": ""submarine"", ""confidence"": 0.025}, {""rank"": 5, ""label"": ""cliff"", ""confidence"": 0.0052}]",True,glacier
Places365_val_00015774.jpg,/Users/aidahamzic/PycharmProjects/PythonProject1/val_256/Places365_val_00015774.jpg,house,thatch,0.2106,"[{""rank"": 1, ""label"": ""thatch"", ""confidence"": 0.2106}, {""rank"": 2, ""label"": ""palace"", ""confidence"": 0.1024}, {""rank"": 3, ""label"": ""patio"", ""confidence"": 0.097}, {""rank"": 4, ""label"": ""mobile home"", ""confidence"": 0.0453}, {""rank"": 5, ""label"": ""solar dish"", ""confidence"": 0.041}]",True,building
Places365_val_00015915.jpg,/Users/aidahamzic/PycharmProjects/PythonProject1/val_256/Places365_val_00015915.jpg,coast,seashore,0.2905,"[{""rank"": 1, ""label"": ""seashore"", ""confidence"": 0.2905}, {""rank"": 2, ""label"": ""cliff"", ""confidence"": 0.2067}, {""rank"": 3, ""label"": ""promontory"", ""confidence"": 0.2052}, {""rank"": 4, ""label"": ""breakwater"", ""confidence"": 0.1055}, {""rank"": 5, ""label"": ""lakeside"", ""confidence"": 0.0321}]",True,water
Places365_val_00015938.jpg,/Users/aidahamzic/PycharmProjects/PythonProject1/val_256/Places365_val_00015938.jpg,house,boathouse,0.4551,"[{""rank"": 1, ""label"": ""boathouse"", ""confidence"": 0.4551}, {""rank"": 2, ""label"": ""church"", ""confidence"": 0.1398}, {""rank"": 3, ""label"": ""mobile home"", ""confidence"": 0.1195}, {""rank"": 4, ""label"": ""barn"", ""confidence"": 0.0854}, {""rank"": 5, ""label"": ""monastery"", ""confidence"": 0.0741}]",True,building
Places365_val_00015961.jpg,/Users/aidahamzic/PycharmProjects/PythonProject1/val_256/Places365_val_00015961.jpg,rainforest,valley,0.5386,"[{""rank"": 1, ""label"": ""valley"", ""confidence"": 0.5386}, {""rank"": 2, ""label"": ""lakeside"", ""confidence"": 0.1949}, {""rank"": 3, ""label"": ""alp"", ""confidence"": 0.0593}, {""rank"": 4, ""label"": ""promontory"", ""confidence"": 0.0407}, {""rank"": 5, ""label"": ""cliff"", ""confidence"": 0.0246}]",True,forest
Places365_val_00015964.jpg,/Users/aidahamzic/PycharmProjects/PythonProject1/val_256/Places365_val_00015964.jpg,hotel-outdoor,cinema,0.7721,"[{""rank"": 1, ""label"": ""cinema"", ""confidence"": 0.7721}, {""rank"": 2, ""label"": ""prison"", ""confidence"": 0.0395}, {""rank"": 3, ""label"": ""water tower"", ""confidence"": 0.0216}, {""rank"": 4, ""label"": ""library"", ""confidence"": 0.0199}, {""rank"": 5, ""label"": ""street sign"", ""confidence"": 0.018}]",True,building
Places365_val_00015982.jpg,/Users/aidahamzic/PycharmProjects/PythonProject1/val_256/Places365_val_00015982.jpg,street,bicycle-built-for-two,0.3814,"[{""rank"": 1, ""label"": ""bicycle-built-for-two"", ""confidence"": 0.3814}, {""rank"": 2, ""label"": ""moped"", ""confidence"": 0.2107}, {""rank"": 3, ""label"": ""mountain bike"", ""confidence"": 0.1736}, {""rank"": 4, ""label"": ""jinrikisha"", ""confidence"": 0.159}, {""rank"": 5, ""label"": ""tricycle"", ""confidence"": 0.0278}]",True,street
Places365_val_00016045.jpg,/Users/aidahamzic/PycharmProjects/PythonProject1/val_256/Places365_val_00016045.jpg,street,airship,0.6869,"[{""rank"": 1, ""label"": ""airship"", ""confidence"": 0.6869}, {""rank"": 2, ""label"": ""balloon"", ""confidence"": 0.3082}, {""rank"": 3, ""label"": ""parachute"", ""confidence"": 0.0042}, {""rank"": 4, ""label"": ""water tower"", ""confidence"": 0.0003}, {""rank"": 5, ""label"": ""rugby ball"", ""confidence"": 0.0002}]",False,street
Places365_val_00016063.jpg,/Users/aidahamzic/PycharmProjects/PythonProject1/val_256/Places365_val_00016063.jpg,river,little blue heron,0.4875,"[{""rank"": 1, ""label"": ""little blue heron"", ""confidence"": 0.4875}, {""rank"": 2, ""label"": ""American egret"", ""confidence"": 0.4311}, {""rank"": 3, ""label"": ""crane bird"", ""confidence"": 0.0317}, {""rank"": 4, ""label"": ""spoonbill"", ""confidence"": 0.0174}, {""rank"": 5, ""label"": ""pelican"", ""confidence"": 0.0124}]",False,water
Places365_val_00016100.jpg,/Users/aidahamzic/PycharmProjects/PythonProject1/val_256/Places365_val_00016100.jpg,alley,West Highland white terrier,0.4597,"[{""rank"": 1, ""label"": ""West Highland white terrier"", ""confidence"": 0.4597}, {""rank"": 2, ""label"": ""Sealyham terrier"", ""confidence"": 0.2607}, {""rank"": 3, ""label"": ""wire-haired fox terrier"", ""confidence"": 0.0817}, {""rank"": 4, ""label"": ""Lakeland terrier"", ""confidence"": 0.0441}, {""rank"": 5, ""label"": ""Old English sheepdog"", ""confidence"": 0.0265}]",False,street
Places365_val_00016101.jpg,/Users/aidahamzic/PycharmProjects/PythonProject1/val_256/Places365_val_00016101.jpg,street,sombrero,0.3735,"[{""rank"": 1, ""label"": ""sombrero"", ""confidence"": 0.3735}, {""rank"": 2, ""label"": ""ballplayer"", ""confidence"": 0.0562}, {""rank"": 3, ""label"": ""unicycle"", ""confidence"": 0.0529}, {""rank"": 4, ""label"": ""banjo"", ""confidence"": 0.0405}, {""rank"": 5, ""label"": ""drum"", ""confidence"": 0.0258}]",False,street
Places365_val_00016122.jpg,/Users/aidahamzic/PycharmProjects/PythonProject1/val_256/Places365_val_00016122.jpg,mountain,cliff,0.5652,"[{""rank"": 1, ""label"": ""cliff"", ""confidence"": 0.5652}, {""rank"": 2, ""label"": ""valley"", ""confidence"": 0.2313}, {""rank"": 3, ""label"": ""alp"", ""confidence"": 0.0618}, {""rank"": 4, ""label"": ""bighorn"", ""confidence"": 0.0499}, {""rank"": 5, ""label"": ""promontory"", ""confidence"": 0.0263}]",True,mountain
Places365_val_00016131.jpg,/Users/aidahamzic/PycharmProjects/PythonProject1/val_256/Places365_val_00016131.jpg,mountain,alp,0.5927,"[{""rank"": 1, ""label"": ""alp"", ""confidence"": 0.5927}, {""rank"": 2, ""label"": ""valley"", ""confidence"": 0.2317}, {""rank"": 3, ""label"": ""volcano"", ""confidence"": 0.041}, {""rank"": 4, ""label"": ""lakeside"", ""confidence"": 0.0311}, {""rank"": 5, ""label"": ""mountain tent"", ""confidence"": 0.0245}]",True,mountain
Places365_val_00016161.jpg,/Users/aidahamzic/PycharmProjects/PythonProject1/val_256/Places365_val_00016161.jpg,hotel-outdoor,pier,0.2935,"[{""rank"": 1, ""label"": ""pier"", ""confidence"": 0.2935}, {""rank"": 2, ""label"": ""steel arch bridge"", ""confidence"": 0.117}, {""rank"": 3, ""label"": ""bell cote"", ""confidence"": 0.0644}, {""rank"": 4, ""label"": ""boathouse"", ""confidence"": 0.0532}, {""rank"": 5, ""label"": ""suspension bridge"", ""confidence"": 0.0382}]",True,building
Places365_val_00016170.jpg,/Users/aidahamzic/PycharmProjects/PythonProject1/val_256/Places365_val_00016170.jpg,highway,promontory,0.5884,"[{""rank"": 1, ""label"": ""promontory"", ""confidence"": 0.5884}, {""rank"": 2, ""label"": ""cliff"", ""confidence"": 0.0774}, {""rank"": 3, ""label"": ""valley"", ""confidence"": 0.0433}, {""rank"": 4, ""label"": ""seashore"", ""confidence"": 0.0361}, {""rank"": 5, ""label"": ""dam"", ""confidence"": 0.0343}]",False,street
Places365_val_00016195.jpg,/Users/aidahamzic/PycharmProjects/PythonProject1/val_256/Places365_val_00016195.jpg,forest-broadleaf,megalith,0.8955,"[{""rank"": 1, ""label"": ""megalith"", ""confidence"": 0.8955}, {""rank"": 2, ""label"": ""barn"", ""confidence"": 0.0161}, {""rank"": 3, ""label"": ""worm fence"", ""confidence"": 0.0121}, {""rank"": 4, ""label"": ""stone wall"", ""confidence"": 0.0109}, {""rank"": 5, ""label"": ""lakeside"", ""confidence"": 0.0069}]",False,forest
Places365_val_00016197.jpg,/Users/aidahamzic/PycharmProjects/PythonProject1/val_256/Places365_val_00016197.jpg,forest-broadleaf,stone wall,0.7826,"[{""rank"": 1, ""label"": ""stone wall"", ""confidence"": 0.7826}, {""rank"": 2, ""label"": ""valley"", ""confidence"": 0.0237}, {""rank"": 3, ""label"": ""megalith"", ""confidence"": 0.0162}, {""rank"": 4, ""label"": ""hen-of-the-woods"", ""confidence"": 0.0139}, {""rank"": 5, ""label"": ""cliff"", ""confidence"": 0.0124}]",True,forest
Places365_val_00016203.jpg,/Users/aidahamzic/PycharmProjects/PythonProject1/val_256/Places365_val_00016203.jpg,skyscraper,palace,0.1495,"[{""rank"": 1, ""label"": ""palace"", ""confidence"": 0.1495}, {""rank"": 2, ""label"": ""airship"", ""confidence"": 0.0933}, {""rank"": 3, ""label"": ""dock"", ""confidence"": 0.093}, {""rank"": 4, ""label"": ""pier"", ""confidence"": 0.0889}, {""rank"": 5, ""label"": ""obelisk"", ""confidence"": 0.0484}]",True,building
Places365_val_00016227.jpg,/Users/aidahamzic/PycharmProjects/PythonProject1/val_256/Places365_val_00016227.jpg,ocean,pole,0.5529,"[{""rank"": 1, ""label"": ""pole"", ""confidence"": 0.5529}, {""rank"": 2, ""label"": ""reel"", ""confidence"": 0.2751}, {""rank"": 3, ""label"": ""hook"", ""confidence"": 0.0409}, {""rank"": 4, ""label"": ""tripod"", ""confidence"": 0.0251}, {""rank"": 5, ""label"": ""street sign"", ""confidence"": 0.0241}]",False,water
Places365_val_00016245.jpg,/Users/aidahamzic/PycharmProjects/PythonProject1/val_256/Places365_val_00016245.jpg,house,boathouse,0.5898,"[{""rank"": 1, ""label"": ""boathouse"", ""confidence"": 0.5898}, {""rank"": 2, ""label"": ""thatch"", ""confidence"": 0.102}, {""rank"": 3, ""label"": ""mobile home"", ""confidence"": 0.0623}, {""rank"": 4, ""label"": ""yurt"", ""confidence"": 0.0337}, {""rank"": 5, ""label"": ""lakeside"", ""confidence"": 0.0336}]",True,building
Places365_val_00016272.jpg,/Users/aidahamzic/PycharmProjects/PythonProject1/val_256/Places365_val_00016272.jpg,forest-broadleaf,hartebeest,0.1804,"[{""rank"": 1, ""label"": ""hartebeest"", ""confidence"": 0.1804}, {""rank"": 2, ""label"": ""Arabian camel"", ""confidence"": 0.1668}, {""rank"": 3, ""label"": ""bighorn"", ""confidence"": 0.143}, {""rank"": 4, ""label"": ""Weimaraner"", ""confidence"": 0.0609}, {""rank"": 5, ""label"": ""gazelle"", ""confidence"": 0.0456}]",False,forest
Places365_val_00016291.jpg,/Users/aidahamzic/PycharmProjects/PythonProject1/val_256/Places365_val_00016291.jpg,hotel-outdoor,steel arch bridge,0.2746,"[{""rank"": 1, ""label"": ""steel arch bridge"", ""confidence"": 0.2746}, {""rank"": 2, ""label"": ""viaduct"", ""confidence"": 0.1292}, {""rank"": 3, ""label"": ""patio"", ""confidence"": 0.0936}, {""rank"": 4, ""label"": ""lumbermill"", ""confidence"": 0.0893}, {""rank"": 5, ""label"": ""greenhouse"", ""confidence"": 0.0774}]",True,building
Places365_val_00016294.jpg,/Users/aidahamzic/PycharmProjects/PythonProject1/val_256/Places365_val_00016294.jpg,glacier,alp,0.6973,"[{""rank"": 1, ""label"": ""alp"", ""confidence"": 0.6973}, {""rank"": 2, ""label"": ""valley"", ""confidence"": 0.0985}, {""rank"": 3, ""label"": ""cliff"", ""confidence"": 0.0805}, {""rank"": 4, ""label"": ""volcano"", ""confidence"": 0.0244}, {""rank"": 5, ""label"": ""mountain tent"", ""confidence"": 0.0139}]",True,glacier
Places365_val_00016328.jpg,/Users/aidahamzic/PycharmProjects/PythonProject1/val_256/Places365_val_00016328.jpg,highway,container ship,0.2897,"[{""rank"": 1, ""label"": ""container ship"", ""confidence"": 0.2897}, {""rank"": 2, ""label"": ""submarine"", ""confidence"": 0.2396}, {""rank"": 3, ""label"": ""trailer truck"", ""confidence"": 0.0935}, {""rank"": 4, ""label"": ""wing"", ""confidence"": 0.0458}, {""rank"": 5, ""label"": ""breakwater"", ""confidence"": 0.0354}]",False,street
Places365_val_00016355.jpg,/Users/aidahamzic/PycharmProjects/PythonProject1/val_256/Places365_val_00016355.jpg,forest-broadleaf,great grey owl,0.4132,"[{""rank"": 1, ""label"": ""great grey owl"", ""confidence"": 0.4132}, {""rank"": 2, ""label"": ""kite"", ""confidence"": 0.1889}, {""rank"": 3, ""label"": ""robin"", ""confidence"": 0.1077}, {""rank"": 4, ""label"": ""bulbul"", ""confidence"": 0.0439}, {""rank"": 5, ""label"": ""partridge"", ""confidence"": 0.0253}]",False,forest
Places365_val_00016357.jpg,/Users/aidahamzic/PycharmProjects/PythonProject1/val_256/Places365_val_00016357.jpg,ocean,seashore,0.4763,"[{""rank"": 1, ""label"": ""seashore"", ""confidence"": 0.4763}, {""rank"": 2, ""label"": ""sandbar"", ""confidence"": 0.3713}, {""rank"": 3, ""label"": ""lakeside"", ""confidence"": 0.0564}, {""rank"": 4, ""label"": ""breakwater"", ""confidence"": 0.0243}, {""rank"": 5, ""label"": ""promontory"", ""confidence"": 0.0194}]",True,water
Places365_val_00016372.jpg,/Users/aidahamzic/PycharmProjects/PythonProject1/val_256/Places365_val_00016372.jpg,ocean,speedboat,0.0981,"[{""rank"": 1, ""label"": ""speedboat"", ""confidence"": 0.0981}, {""rank"": 2, ""label"": ""grey whale"", ""confidence"": 0.072}, {""rank"": 3, ""label"": ""breakwater"", ""confidence"": 0.0643}, {""rank"": 4, ""label"": ""seashore"", ""confidence"": 0.0583}, {""rank"": 5, ""label"": ""volcano"", ""confidence"": 0.057}]",True,water
Places365_val_00016444.jpg,/Users/aidahamzic/PycharmProjects/PythonProject1/val_256/Places365_val_00016444.jpg,ocean,yawl,0.8595,"[{""rank"": 1, ""label"": ""yawl"", ""confidence"": 0.8595}, {""rank"": 2, ""label"": ""schooner"", ""confidence"": 0.1239}, {""rank"": 3, ""label"": ""catamaran"", ""confidence"": 0.0091}, {""rank"": 4, ""label"": ""trimaran"", ""confidence"": 0.0068}, {""rank"": 5, ""label"": ""pirate"", ""confidence"": 0.0005}]",True,water
Places365_val_00016448.jpg,/Users/aidahamzic/PycharmProjects/PythonProject1/val_256/Places365_val_00016448.jpg,rainforest,three-toed sloth,0.0591,"[{""rank"": 1, ""label"": ""three-toed sloth"", ""confidence"": 0.0591}, {""rank"": 2, ""label"": ""walking stick"", ""confidence"": 0.0444}, {""rank"": 3, ""label"": ""chainlink fence"", ""confidence"": 0.0366}, {""rank"": 4, ""label"": ""orangutan"", ""confidence"": 0.0267}, {""rank"": 5, ""label"": ""spiny lobster"", ""confidence"": 0.0263}]",True,forest
Places365_val_00016461.jpg,/Users/aidahamzic/PycharmProjects/PythonProject1/val_256/Places365_val_00016461.jpg,highway,seashore,0.1875,"[{""rank"": 1, ""label"": ""seashore"", ""confidence"": 0.1875}, {""rank"": 2, ""label"": ""alp"", ""confidence"": 0.0853}, {""rank"": 3, ""label"": ""valley"", ""confidence"": 0.0705}, {""rank"": 4, ""label"": ""palace"", ""confidence"": 0.0508}, {""rank"": 5, ""label"": ""dome"", ""confidence"": 0.0405}]",False,street
Places365_val_00016470.jpg,/Users/aidahamzic/PycharmProjects/PythonProject1/val_256/Places365_val_00016470.jpg,downtown,lakeside,0.1599,"[{""rank"": 1, ""label"": ""lakeside"", ""confidence"": 0.1599}, {""rank"": 2, ""label"": ""seashore"", ""confidence"": 0.1403}, {""rank"": 3, ""label"": ""promontory"", ""confidence"": 0.128}, {""rank"": 4, ""label"": ""drilling platform"", ""confidence"": 0.0469}, {""rank"": 5, ""label"": ""volcano"", ""confidence"": 0.0366}]",False,building
Places365_val_00016473.jpg,/Users/aidahamzic/PycharmProjects/PythonProject1/val_256/Places365_val_00016473.jpg,alley,vault,0.3847,"[{""rank"": 1, ""label"": ""vault"", ""confidence"": 0.3847}, {""rank"": 2, ""label"": ""prison"", ""confidence"": 0.2733}, {""rank"": 3, ""label"": ""monastery"", ""confidence"": 0.0936}, {""rank"": 4, ""label"": ""church"", ""confidence"": 0.0881}, {""rank"": 5, ""label"": ""castle"", ""confidence"": 0.0289}]",False,street
Places365_val_00016581.jpg,/Users/aidahamzic/PycharmProjects/PythonProject1/val_256/Places365_val_00016581.jpg,glacier,Ibizan hound,0.1412,"[{""rank"": 1, ""label"": ""Ibizan hound"", ""confidence"": 0.1412}, {""rank"": 2, ""label"": ""vizsla"", ""confidence"": 0.1021}, {""rank"": 3, ""label"": ""Chesapeake Bay retriever"", ""confidence"": 0.0792}, {""rank"": 4, ""label"": ""kelpie"", ""confidence"": 0.063}, {""rank"": 5, ""label"": ""Weimaraner"", ""confidence"": 0.0576}]",False,glacier
Places365_val_00016599.jpg,/Users/aidahamzic/PycharmProjects/PythonProject1/val_256/Places365_val_00016599.jpg,hotel-outdoor,palace,0.3727,"[{""rank"": 1, ""label"": ""palace"", ""confidence"": 0.3727}, {""rank"": 2, ""label"": ""monastery"", ""confidence"": 0.2338}, {""rank"": 3, ""label"": ""cinema"", ""confidence"": 0.2232}, {""rank"": 4, ""label"": ""bell cote"", ""confidence"": 0.031}, {""rank"": 5, ""label"": ""library"", ""confidence"": 0.0296}]",True,building
Places365_val_00016602.jpg,/Users/aidahamzic/PycharmProjects/PythonProject1/val_256/Places365_val_00016602.jpg,street,sports car,0.5493,"[{""rank"": 1, ""label"": ""sports car"", ""confidence"": 0.5493}, {""rank"": 2, ""label"": ""convertible"", ""confidence"": 0.1487}, {""rank"": 3, ""label"": ""racer"", ""confidence"": 0.0649}, {""rank"": 4, ""label"": ""pickup"", ""confidence"": 0.0565}, {""rank"": 5, ""label"": ""car wheel"", ""confidence"": 0.0522}]",False,street
Places365_val_00016603.jpg,/Users/aidahamzic/PycharmProjects/PythonProject1/val_256/Places365_val_00016603.jpg,ocean,seashore,0.3044,"[{""rank"": 1, ""label"": ""seashore"", ""confidence"": 0.3044}, {""rank"": 2, ""label"": ""promontory"", ""confidence"": 0.2965}, {""rank"": 3, ""label"": ""cliff"", ""confidence"": 0.169}, {""rank"": 4, ""label"": ""beacon"", ""confidence"": 0.0924}, {""rank"": 5, ""label"": ""lakeside"", ""confidence"": 0.0484}]",True,water
Places365_val_00016605.jpg,/Users/aidahamzic/PycharmProjects/PythonProject1/val_256/Places365_val_00016605.jpg,highway,steel arch bridge,0.7821,"[{""rank"": 1, ""label"": ""steel arch bridge"", ""confidence"": 0.7821}, {""rank"": 2, ""label"": ""pier"", ""confidence"": 0.1386}, {""rank"": 3, ""label"": ""suspension bridge"", ""confidence"": 0.0552}, {""rank"": 4, ""label"": ""viaduct"", ""confidence"": 0.0162}, {""rank"": 5, ""label"": ""crane"", ""confidence"": 0.0016}]",False,street
Places365_val_00016611.jpg,/Users/aidahamzic/PycharmProjects/PythonProject1/val_256/Places365_val_00016611.jpg,downtown,airship,0.7346,"[{""rank"": 1, ""label"": ""airship"", ""confidence"": 0.7346}, {""rank"": 2, ""label"": ""liner"", ""confidence"": 0.0563}, {""rank"": 3, ""label"": ""radio telescope"", ""confidence"": 0.0228}, {""rank"": 4, ""label"": ""balloon"", ""confidence"": 0.0197}, {""rank"": 5, ""label"": ""coil"", ""confidence"": 0.0193}]",False,building
Places365_val_00016614.jpg,/Users/aidahamzic/PycharmProjects/PythonProject1/val_256/Places365_val_00016614.jpg,downtown,palace,0.7456,"[{""rank"": 1, ""label"": ""palace"", ""confidence"": 0.7456}, {""rank"": 2, ""label"": ""monastery"", ""confidence"": 0.09}, {""rank"": 3, ""label"": ""castle"", ""confidence"": 0.0517}, {""rank"": 4, ""label"": ""bell cote"", ""confidence"": 0.0317}, {""rank"": 5, ""label"": ""mosque"", ""confidence"": 0.0126}]",True,building
Places365_val_00016634.jpg,/Users/aidahamzic/PycharmProjects/PythonProject1/val_256/Places365_val_00016634.jpg,rainforest,spider monkey,0.0988,"[{""rank"": 1, ""label"": ""spider monkey"", ""confidence"": 0.0988}, {""rank"": 2, ""label"": ""howler monkey"", ""confidence"": 0.0956}, {""rank"": 3, ""label"": ""capuchin"", ""confidence"": 0.0554}, {""rank"": 4, ""label"": ""greenhouse"", ""confidence"": 0.0451}, {""rank"": 5, ""label"": ""squirrel monkey"", ""confidence"": 0.0379}]",True,forest
Places365_val_00016651.jpg,/Users/aidahamzic/PycharmProjects/PythonProject1/val_256/Places365_val_00016651.jpg,hotel-outdoor,cinema,0.8345,"[{""rank"": 1, ""label"": ""cinema"", ""confidence"": 0.8345}, {""rank"": 2, ""label"": ""streetcar"", ""confidence"": 0.0287}, {""rank"": 3, ""label"": ""palace"", ""confidence"": 0.0209}, {""rank"": 4, ""label"": ""amphibian"", ""confidence"": 0.0208}, {""rank"": 5, ""label"": ""library"", ""confidence"": 0.0152}]",True,building
Places365_val_00016692.jpg,/Users/aidahamzic/PycharmProjects/PythonProject1/val_256/Places365_val_00016692.jpg,ocean,lakeside,0.153,"[{""rank"": 1, ""label"": ""lakeside"", ""confidence"": 0.153}, {""rank"": 2, ""label"": ""seashore"", ""confidence"": 0.1114}, {""rank"": 3, ""label"": ""planetarium"", ""confidence"": 0.0867}, {""rank"": 4, ""label"": ""pier"", ""confidence"": 0.0646}, {""rank"": 5, ""label"": ""umbrella"", ""confidence"": 0.05}]",True,water
Places365_val_00016706.jpg,/Users/aidahamzic/PycharmProjects/PythonProject1/val_256/Places365_val_00016706.jpg,highway,trailer truck,0.2283,"[{""rank"": 1, ""label"": ""trailer truck"", ""confidence"": 0.2283}, {""rank"": 2, ""label"": ""tow truck"", ""confidence"": 0.1222}, {""rank"": 3, ""label"": ""traffic light"", ""confidence"": 0.069}, {""rank"": 4, ""label"": ""limousine"", ""confidence"": 0.0541}, {""rank"": 5, ""label"": ""car mirror"", ""confidence"": 0.0404}]",True,street
Places365_val_00016719.jpg,/Users/aidahamzic/PycharmProjects/PythonProject1/val_256/Places365_val_00016719.jpg,coast,gondola,0.8996,"[{""rank"": 1, ""label"": ""gondola"", ""confidence"": 0.8996}, {""rank"": 2, ""label"": ""lakeside"", ""confidence"": 0.0422}, {""rank"": 3, ""label"": ""canoe"", ""confidence"": 0.027}, {""rank"": 4, ""label"": ""boathouse"", ""confidence"": 0.0076}, {""rank"": 5, ""label"": ""schooner"", ""confidence"": 0.0057}]",True,water
Places365_val_00016725.jpg,/Users/aidahamzic/PycharmProjects/PythonProject1/val_256/Places365_val_00016725.jpg,forest-broadleaf,suspension bridge,0.0776,"[{""rank"": 1, ""label"": ""suspension bridge"", ""confidence"": 0.0776}, {""rank"": 2, ""label"": ""viaduct"", ""confidence"": 0.0628}, {""rank"": 3, ""label"": ""boathouse"", ""confidence"": 0.0596}, {""rank"": 4, ""label"": ""lakeside"", ""confidence"": 0.0401}, {""rank"": 5, ""label"": ""valley"", ""confidence"": 0.0395}]",True,forest
Places365_val_00016733.jpg,/Users/aidahamzic/PycharmProjects/PythonProject1/val_256/Places365_val_00016733.jpg,alley,solar dish,0.14,"[{""rank"": 1, ""label"": ""solar dish"", ""confidence"": 0.14}, {""rank"": 2, ""label"": ""moving van"", ""confidence"": 0.1338}, {""rank"": 3, ""label"": ""space shuttle"", ""confidence"": 0.0784}, {""rank"": 4, ""label"": ""trimaran"", ""confidence"": 0.0703}, {""rank"": 5, ""label"": ""garbage truck"", ""confidence"": 0.0431}]",False,street
Places365_val_00016734.jpg,/Users/aidahamzic/PycharmProjects/PythonProject1/val_256/Places365_val_00016734.jpg,coast,volcano,0.925,"[{""rank"": 1, ""label"": ""volcano"", ""confidence"": 0.925}, {""rank"": 2, ""label"": ""valley"", ""confidence"": 0.0149}, {""rank"": 3, ""label"": ""seashore"", ""confidence"": 0.0102}, {""rank"": 4, ""label"": ""geyser"", ""confidence"": 0.0082}, {""rank"": 5, ""label"": ""wing"", ""confidence"": 0.0076}]",True,water
Places365_val_00016748.jpg,/Users/aidahamzic/PycharmProjects/PythonProject1/val_256/Places365_val_00016748.jpg,hotel-outdoor,cinema,0.8986,"[{""rank"": 1, ""label"": ""cinema"", ""confidence"": 0.8986}, {""rank"": 2, ""label"": ""trailer truck"", ""confidence"": 0.0262}, {""rank"": 3, ""label"": ""planetarium"", ""confidence"": 0.0136}, {""rank"": 4, ""label"": ""moving van"", ""confidence"": 0.0128}, {""rank"": 5, ""label"": ""freight car"", ""confidence"": 0.0079}]",True,building
Places365_val_00016768.jpg,/Users/aidahamzic/PycharmProjects/PythonProject1/val_256/Places365_val_00016768.jpg,alley,streetcar,0.1948,"[{""rank"": 1, ""label"": ""streetcar"", ""confidence"": 0.1948}, {""rank"": 2, ""label"": ""library"", ""confidence"": 0.1902}, {""rank"": 3, ""label"": ""palace"", ""confidence"": 0.1591}, {""rank"": 4, ""label"": ""horse cart"", ""confidence"": 0.0992}, {""rank"": 5, ""label"": ""bookshop"", ""confidence"": 0.0386}]",True,street
Places365_val_00016773.jpg,/Users/aidahamzic/PycharmProjects/PythonProject1/val_256/Places365_val_00016773.jpg,mountain,alp,0.7902,"[{""rank"": 1, ""label"": ""alp"", ""confidence"": 0.7902}, {""rank"": 2, ""label"": ""ski"", ""confidence"": 0.1173}, {""rank"": 3, ""label"": ""valley"", ""confidence"": 0.0271}, {""rank"": 4, ""label"": ""snowmobile"", ""confidence"": 0.0228}, {""rank"": 5, ""label"": ""dogsled"", ""confidence"": 0.0153}]",True,mountain
Places365_val_00016789.jpg,/Users/aidahamzic/PycharmProjects/PythonProject1/val_256/Places365_val_00016789.jpg,coast,seashore,0.9538,"[{""rank"": 1, ""label"": ""seashore"", ""confidence"": 0.9538}, {""rank"": 2, ""label"": ""sandbar"", ""confidence"": 0.0245}, {""rank"": 3, ""label"": ""promontory"", ""confidence"": 0.013}, {""rank"": 4, ""label"": ""lakeside"", ""confidence"": 0.0068}, {""rank"": 5, ""label"": ""valley"", ""confidence"": 0.0003}]",True,water
Places365_val_00016852.jpg,/Users/aidahamzic/PycharmProjects/PythonProject1/val_256/Places365_val_00016852.jpg,alley,restaurant,0.259,"[{""rank"": 1, ""label"": ""restaurant"", ""confidence"": 0.259}, {""rank"": 2, ""label"": ""altar"", ""confidence"": 0.1534}, {""rank"": 3, ""label"": ""throne"", ""confidence"": 0.1194}, {""rank"": 4, ""label"": ""gondola"", ""confidence"": 0.0457}, {""rank"": 5, ""label"": ""patio"", ""confidence"": 0.0351}]",False,street
Places365_val_00016903.jpg,/Users/aidahamzic/PycharmProjects/PythonProject1/val_256/Places365_val_00016903.jpg,alley,comic book,0.2189,"[{""rank"": 1, ""label"": ""comic book"", ""confidence"": 0.2189}, {""rank"": 2, ""label"": ""confectionery"", ""confidence"": 0.0991}, {""rank"": 3, ""label"": ""bookshop"", ""confidence"": 0.0855}, {""rank"": 4, ""label"": ""greenhouse"", ""confidence"": 0.0584}, {""rank"": 5, ""label"": ""jigsaw puzzle"", ""confidence"": 0.0557}]",False,street
Places365_val_00016999.jpg,/Users/aidahamzic/PycharmProjects/PythonProject1/val_256/Places365_val_00016999.jpg,highway,snowplow,0.974,"[{""rank"": 1, ""label"": ""snowplow"", ""confidence"": 0.974}, {""rank"": 2, ""label"": ""snowmobile"", ""confidence"": 0.0076}, {""rank"": 3, ""label"": ""mountain tent"", ""confidence"": 0.0031}, {""rank"": 4, ""label"": ""trailer truck"", ""confidence"": 0.0024}, {""rank"": 5, ""label"": ""alp"", ""confidence"": 0.0024}]",False,street
Places365_val_00017020.jpg,/Users/aidahamzic/PycharmProjects/PythonProject1/val_256/Places365_val_00017020.jpg,tower,beacon,0.4071,"[{""rank"": 1, ""label"": ""beacon"", ""confidence"": 0.4071}, {""rank"": 2, ""label"": ""castle"", ""confidence"": 0.1038}, {""rank"": 3, ""label"": ""stupa"", ""confidence"": 0.0924}, {""rank"": 4, ""label"": ""liner"", ""confidence"": 0.0878}, {""rank"": 5, ""label"": ""mosque"", ""confidence"": 0.0644}]",True,building
Places365_val_00017022.jpg,/Users/aidahamzic/PycharmProjects/PythonProject1/val_256/Places365_val_00017022.jpg,house,minivan,0.3761,"[{""rank"": 1, ""label"": ""minivan"", ""confidence"": 0.3761}, {""rank"": 2, ""label"": ""minibus"", ""confidence"": 0.2026}, {""rank"": 3, ""label"": ""jeep"", ""confidence"": 0.0639}, {""rank"": 4, ""label"": ""pickup"", ""confidence"": 0.0378}, {""rank"": 5, ""label"": ""car mirror"", ""confidence"": 0.0369}]",False,building
Places365_val_00017111.jpg,/Users/aidahamzic/PycharmProjects/PythonProject1/val_256/Places365_val_00017111.jpg,highway,viaduct,0.1752,"[{""rank"": 1, ""label"": ""viaduct"", ""confidence"": 0.1752}, {""rank"": 2, ""label"": ""lumbermill"", ""confidence"": 0.1645}, {""rank"": 3, ""label"": ""dam"", ""confidence"": 0.0768}, {""rank"": 4, ""label"": ""freight car"", ""confidence"": 0.0591}, {""rank"": 5, ""label"": ""steel arch bridge"", ""confidence"": 0.0572}]",False,street
Places365_val_00017144.jpg,/Users/aidahamzic/PycharmProjects/PythonProject1/val_256/Places365_val_00017144.jpg,rainforest,worm fence,0.0924,"[{""rank"": 1, ""label"": ""worm fence"", ""confidence"": 0.0924}, {""rank"": 2, ""label"": ""mountain tent"", ""confidence"": 0.0764}, {""rank"": 3, ""label"": ""mountain bike"", ""confidence"": 0.0512}, {""rank"": 4, ""label"": ""stone wall"", ""confidence"": 0.0461}, {""rank"": 5, ""label"": ""megalith"", ""confidence"": 0.0265}]",False,forest
Places365_val_00017153.jpg,/Users/aidahamzic/PycharmProjects/PythonProject1/val_256/Places365_val_00017153.jpg,skyscraper,bell cote,0.335,"[{""rank"": 1, ""label"": ""bell cote"", ""confidence"": 0.335}, {""rank"": 2, ""label"": ""barn"", ""confidence"": 0.0939}, {""rank"": 3, ""label"": ""church"", ""confidence"": 0.0748}, {""rank"": 4, ""label"": ""obelisk"", ""confidence"": 0.0677}, {""rank"": 5, ""label"": ""castle"", ""confidence"": 0.0667}]",True,building
Places365_val_00017173.jpg,/Users/aidahamzic/PycharmProjects/PythonProject1/val_256/Places365_val_00017173.jpg,tower,castle,0.2283,"[{""rank"": 1, ""label"": ""castle"", ""confidence"": 0.2283}, {""rank"": 2, ""label"": ""suspension bridge"", ""confidence"": 0.221}, {""rank"": 3, ""label"": ""monastery"", ""confidence"": 0.1116}, {""rank"": 4, ""label"": ""palace"", ""confidence"": 0.0694}, {""rank"": 5, ""label"": ""lakeside"", ""confidence"": 0.0458}]",True,building
Places365_val_00017197.jpg,/Users/aidahamzic/PycharmProjects/PythonProject1/val_256/Places365_val_00017197.jpg,hotel-outdoor,freight car,0.1065,"[{""rank"": 1, ""label"": ""freight car"", ""confidence"": 0.1065}, {""rank"": 2, ""label"": ""library"", ""confidence"": 0.0928}, {""rank"": 3, ""label"": ""solar dish"", ""confidence"": 0.079}, {""rank"": 4, ""label"": ""binder"", ""confidence"": 0.0709}, {""rank"": 5, ""label"": ""container ship"", ""confidence"": 0.0645}]",True,building
Places365_val_00017217.jpg,/Users/aidahamzic/PycharmProjects/PythonProject1/val_256/Places365_val_00017217.jpg,tower,monastery,0.7448,"[{""rank"": 1, ""label"": ""monastery"", ""confidence"": 0.7448}, {""rank"": 2, ""label"": ""bell cote"", ""confidence"": 0.2405}, {""rank"": 3, ""label"": ""church"", ""confidence"": 0.0106}, {""rank"": 4, ""label"": ""castle"", ""confidence"": 0.0025}, {""rank"": 5, ""label"": ""triumphal arch"", ""confidence"": 0.0005}]",True,building
Places365_val_00017219.jpg,/Users/aidahamzic/PycharmProjects/PythonProject1/val_256/Places365_val_00017219.jpg,alley,guillotine,0.0772,"[{""rank"": 1, ""label"": ""guillotine"", ""confidence"": 0.0772}, {""rank"": 2, ""label"": ""moving van"", ""confidence"": 0.0723}, {""rank"": 3, ""label"": ""crate"", ""confidence"": 0.0404}, {""rank"": 4, ""label"": ""ashcan"", ""confidence"": 0.035}, {""rank"": 5, ""label"": ""prison"", ""confidence"": 0.0336}]",False,street
Places365_val_00017231.jpg,/Users/aidahamzic/PycharmProjects/PythonProject1/val_256/Places365_val_00017231.jpg,alley,vault,0.3318,"[{""rank"": 1, ""label"": ""vault"", ""confidence"": 0.3318}, {""rank"": 2, ""label"": ""monastery"", ""confidence"": 0.1461}, {""rank"": 3, ""label"": ""prison"", ""confidence"": 0.104}, {""rank"": 4, ""label"": ""bell cote"", ""confidence"": 0.0962}, {""rank"": 5, ""label"": ""lumbermill"", ""confidence"": 0.0496}]",False,street
Places365_val_00017243.jpg,/Users/aidahamzic/PycharmProjects/PythonProject1/val_256/Places365_val_00017243.jpg,rainforest,three-toed sloth,0.4886,"[{""rank"": 1, ""label"": ""three-toed sloth"", ""confidence"": 0.4886}, {""rank"": 2, ""label"": ""howler monkey"", ""confidence"": 0.1642}, {""rank"": 3, ""label"": ""indri"", ""confidence"": 0.1085}, {""rank"": 4, ""label"": ""proboscis monkey"", ""confidence"": 0.0673}, {""rank"": 5, ""label"": ""spider monkey"", ""confidence"": 0.0284}]",False,forest
Places365_val_00017246.jpg,/Users/aidahamzic/PycharmProjects/PythonProject1/val_256/Places365_val_00017246.jpg,rainforest,bubble,0.1187,"[{""rank"": 1, ""label"": ""bubble"", ""confidence"": 0.1187}, {""rank"": 2, ""label"": ""African chameleon"", ""confidence"": 0.1105}, {""rank"": 3, ""label"": ""broccoli"", ""confidence"": 0.1053}, {""rank"": 4, ""label"": ""pot"", ""confidence"": 0.0595}, {""rank"": 5, ""label"": ""restaurant"", ""confidence"": 0.0221}]",False,forest
Places365_val_00017271.jpg,/Users/aidahamzic/PycharmProjects/PythonProject1/val_256/Places365_val_00017271.jpg,street,streetcar,0.605,"[{""rank"": 1, ""label"": ""streetcar"", ""confidence"": 0.605}, {""rank"": 2, ""label"": ""prison"", ""confidence"": 0.0537}, {""rank"": 3, ""label"": ""passenger car"", ""confidence"": 0.0397}, {""rank"": 4, ""label"": ""bookshop"", ""confidence"": 0.012}, {""rank"": 5, ""label"": ""vault"", ""confidence"": 0.0108}]",True,street
Places365_val_00017277.jpg,/Users/aidahamzic/PycharmProjects/PythonProject1/val_256/Places365_val_00017277.jpg,ocean,lakeside,0.2291,"[{""rank"": 1, ""label"": ""lakeside"", ""confidence"": 0.2291}, {""rank"": 2, ""label"": ""redbone"", ""confidence"": 0.0465}, {""rank"": 3, ""label"": ""maze"", ""confidence"": 0.0341}, {""rank"": 4, ""label"": ""Rhodesian ridgeback"", ""confidence"": 0.0328}, {""rank"": 5, ""label"": ""Chesapeake Bay retriever"", ""confidence"": 0.028}]",True,water
Places365_val_00017297.jpg,/Users/aidahamzic/PycharmProjects/PythonProject1/val_256/Places365_val_00017297.jpg,street,unicycle,0.1714,"[{""rank"": 1, ""label"": ""unicycle"", ""confidence"": 0.1714}, {""rank"": 2, ""label"": ""trolleybus"", ""confidence"": 0.0694}, {""rank"": 3, ""label"": ""streetcar"", ""confidence"": 0.0567}, {""rank"": 4, ""label"": ""triumphal arch"", ""confidence"": 0.0498}, {""rank"": 5, ""label"": ""crutch"", ""confidence"": 0.0342}]",True,street
Places365_val_00017299.jpg,/Users/aidahamzic/PycharmProjects/PythonProject1/val_256/Places365_val_00017299.jpg,alley,Model T,0.2832,"[{""rank"": 1, ""label"": ""Model T"", ""confidence"": 0.2832}, {""rank"": 2, ""label"": ""throne"", ""confidence"": 0.0595}, {""rank"": 3, ""label"": ""forklift"", ""confidence"": 0.0461}, {""rank"": 4, ""label"": ""jinrikisha"", ""confidence"": 0.0272}, {""rank"": 5, ""label"": ""limousine"", ""confidence"": 0.0267}]",True,street
Places365_val_00017336.jpg,/Users/aidahamzic/PycharmProjects/PythonProject1/val_256/Places365_val_00017336.jpg,river,volcano,0.8851,"[{""rank"": 1, ""label"": ""volcano"", ""confidence"": 0.8851}, {""rank"": 2, ""label"": ""coral reef"", ""confidence"": 0.0686}, {""rank"": 3, ""label"": ""valley"", ""confidence"": 0.0055}, {""rank"": 4, ""label"": ""greenhouse"", ""confidence"": 0.0026}, {""rank"": 5, ""label"": ""lakeside"", ""confidence"": 0.0025}]",True,water
Places365_val_00017360.jpg,/Users/aidahamzic/PycharmProjects/PythonProject1/val_256/Places365_val_00017360.jpg,house,mobile home,0.6846,"[{""rank"": 1, ""label"": ""mobile home"", ""confidence"": 0.6846}, {""rank"": 2, ""label"": ""church"", ""confidence"": 0.1072}, {""rank"": 3, ""label"": ""flagpole"", ""confidence"": 0.0411}, {""rank"": 4, ""label"": ""beacon"", ""confidence"": 0.0271}, {""rank"": 5, ""label"": ""monastery"", ""confidence"": 0.0243}]",True,building
Places365_val_00017396.jpg,/Users/aidahamzic/PycharmProjects/PythonProject1/val_256/Places365_val_00017396.jpg,ocean,seashore,0.5648,"[{""rank"": 1, ""label"": ""seashore"", ""confidence"": 0.5648}, {""rank"": 2, ""label"": ""sandbar"", ""confidence"": 0.1723}, {""rank"": 3, ""label"": ""promontory"", ""confidence"": 0.1041}, {""rank"": 4, ""label"": ""coral reef"", ""confidence"": 0.0546}, {""rank"": 5, ""label"": ""lakeside"", ""confidence"": 0.0169}]",True,water
Places365_val_00017430.jpg,/Users/aidahamzic/PycharmProjects/PythonProject1/val_256/Places365_val_00017430.jpg,downtown,scoreboard,0.7618,"[{""rank"": 1, ""label"": ""scoreboard"", ""confidence"": 0.7618}, {""rank"": 2, ""label"": ""stage"", ""confidence"": 0.0179}, {""rank"": 3, ""label"": ""flagpole"", ""confidence"": 0.0104}, {""rank"": 4, ""label"": ""horizontal bar"", ""confidence"": 0.0073}, {""rank"": 5, ""label"": ""traffic light"", ""confidence"": 0.007}]",False,building
Places365_val_00017431.jpg,/Users/aidahamzic/PycharmProjects/PythonProject1/val_256/Places365_val_00017431.jpg,river,lakeside,0.7661,"[{""rank"": 1, ""label"": ""lakeside"", ""confidence"": 0.7661}, {""rank"": 2, ""label"": ""promontory"", ""confidence"": 0.0924}, {""rank"": 3, ""label"": ""seashore"", ""confidence"": 0.0451}, {""rank"": 4, ""label"": ""valley"", ""confidence"": 0.0371}, {""rank"": 5, ""label"": ""castle"", ""confidence"": 0.0159}]",True,water
Places365_val_00017458.jpg,/Users/aidahamzic/PycharmProjects/PythonProject1/val_256/Places365_val_00017458.jpg,glacier,catamaran,0.2552,"[{""rank"": 1, ""label"": ""catamaran"", ""confidence"": 0.2552}, {""rank"": 2, ""label"": ""trimaran"", ""confidence"": 0.1973}, {""rank"": 3, ""label"": ""speedboat"", ""confidence"": 0.1451}, {""rank"": 4, ""label"": ""lakeside"", ""confidence"": 0.1191}, {""rank"": 5, ""label"": ""boathouse"", ""confidence"": 0.0259}]",False,glacier
Places365_val_00017489.jpg,/Users/aidahamzic/PycharmProjects/PythonProject1/val_256/Places365_val_00017489.jpg,house,boathouse,0.6739,"[{""rank"": 1, ""label"": ""boathouse"", ""confidence"": 0.6739}, {""rank"": 2, ""label"": ""mobile home"", ""confidence"": 0.0852}, {""rank"": 3, ""label"": ""palace"", ""confidence"": 0.0404}, {""rank"": 4, ""label"": ""lakeside"", ""confidence"": 0.0237}, {""rank"": 5, ""label"": ""library"", ""confidence"": 0.0201}]",True,building
Places365_val_00017519.jpg,/Users/aidahamzic/PycharmProjects/PythonProject1/val_256/Places365_val_00017519.jpg,mountain,cliff,0.3132,"[{""rank"": 1, ""label"": ""cliff"", ""confidence"": 0.3132}, {""rank"": 2, ""label"": ""volcano"", ""confidence"": 0.2236}, {""rank"": 3, ""label"": ""promontory"", ""confidence"": 0.1461}, {""rank"": 4, ""label"": ""valley"", ""confidence"": 0.076}, {""rank"": 5, ""label"": ""castle"", ""confidence"": 0.0264}]",True,mountain
Places365_val_00017594.jpg,/Users/aidahamzic/PycharmProjects/PythonProject1/val_256/Places365_val_00017594.jpg,hotel-outdoor,monastery,0.57,"[{""rank"": 1, ""label"": ""monastery"", ""confidence"": 0.57}, {""rank"": 2, ""label"": ""patio"", ""confidence"": 0.1249}, {""rank"": 3, ""label"": ""mobile home"", ""confidence"": 0.081}, {""rank"": 4, ""label"": ""solar dish"", ""confidence"": 0.0382}, {""rank"": 5, ""label"": ""boathouse"", ""confidence"": 0.0342}]",True,building
Places365_val_00017620.jpg,/Users/aidahamzic/PycharmProjects/PythonProject1/val_256/Places365_val_00017620.jpg,tower,palace,0.349,"[{""rank"": 1, ""label"": ""palace"", ""confidence"": 0.349}, {""rank"": 2, ""label"": ""dome"", ""confidence"": 0.2849}, {""rank"": 3, ""label"": ""monastery"", ""confidence"": 0.1539}, {""rank"": 4, ""label"": ""stupa"", ""confidence"": 0.0751}, {""rank"": 5, ""label"": ""mosque"", ""confidence"": 0.0699}]",True,building
Places365_val_00017652.jpg,/Users/aidahamzic/PycharmProjects/PythonProject1/val_256/Places365_val_00017652.jpg,coast,promontory,0.3871,"[{""rank"": 1, ""label"": ""promontory"", ""confidence"": 0.3871}, {""rank"": 2, ""label"": ""seashore"", ""confidence"": 0.375}, {""rank"": 3, ""label"": ""cliff"", ""confidence"": 0.1196}, {""rank"": 4, ""label"": ""lakeside"", ""confidence"": 0.0287}, {""rank"": 5, ""label"": ""valley"", ""confidence"": 0.0224}]",True,water
Places365_val_00017687.jpg,/Users/aidahamzic/PycharmProjects/PythonProject1/val_256/Places365_val_00017687.jpg,hotel-outdoor,bell cote,0.4721,"[{""rank"": 1, ""label"": ""bell cote"", ""confidence"": 0.4721}, {""rank"": 2, ""label"": ""cinema"", ""confidence"": 0.1746}, {""rank"": 3, ""label"": ""palace"", ""confidence"": 0.0843}, {""rank"": 4, ""label"": ""cab"", ""confidence"": 0.0522}, {""rank"": 5, ""label"": ""streetcar"", ""confidence"": 0.0285}]",True,building
Places365_val_00017718.jpg,/Users/aidahamzic/PycharmProjects/PythonProject1/val_256/Places365_val_00017718.jpg,highway,viaduct,0.4103,"[{""rank"": 1, ""label"": ""viaduct"", ""confidence"": 0.4103}, {""rank"": 2, ""label"": ""valley"", ""confidence"": 0.2935}, {""rank"": 3, ""label"": ""dam"", ""confidence"": 0.0401}, {""rank"": 4, ""label"": ""rapeseed"", ""confidence"": 0.0281}, {""rank"": 5, ""label"": ""alp"", ""confidence"": 0.0234}]",False,street
Places365_val_00017724.jpg,/Users/aidahamzic/PycharmProjects/PythonProject1/val_256/Places365_val_00017724.jpg,coast,sunglass,0.4602,"[{""rank"": 1, ""label"": ""sunglass"", ""confidence"": 0.4602}, {""rank"": 2, ""label"": ""sunglasses"", ""confidence"": 0.1824}, {""rank"": 3, ""label"": ""bathing cap"", ""confidence"": 0.0707}, {""rank"": 4, ""label"": ""gar"", ""confidence"": 0.0428}, {""rank"": 5, ""label"": ""coho"", ""confidence"": 0.032}]",False,water
Places365_val_00017735.jpg,/Users/aidahamzic/PycharmProjects/PythonProject1/val_256/Places365_val_00017735.jpg,highway,worm fence,0.5835,"[{""rank"": 1, ""label"": ""worm fence"", ""confidence"": 0.5835}, {""rank"": 2, ""label"": ""horse cart"", ""confidence"": 0.0621}, {""rank"": 3, ""label"": ""cannon"", ""confidence"": 0.0529}, {""rank"": 4, ""label"": ""plow"", ""confidence"": 0.0432}, {""rank"": 5, ""label"": ""park bench"", ""confidence"": 0.0271}]",False,street
Places365_val_00017738.jpg,/Users/aidahamzic/PycharmProjects/PythonProject1/val_256/Places365_val_00017738.jpg,street,miniskirt,0.697,"[{""rank"": 1, ""label"": ""miniskirt"", ""confidence"": 0.697}, {""rank"": 2, ""label"": ""jinrikisha"", ""confidence"": 0.0512}, {""rank"": 3, ""label"": ""cowboy boot"", ""confidence"": 0.0376}, {""rank"": 4, ""label"": ""Loafer"", ""confidence"": 0.0357}, {""rank"": 5, ""label"": ""limousine"", ""confidence"": 0.0177}]",True,street
Places365_val_00017770.jpg,/Users/aidahamzic/PycharmProjects/PythonProject1/val_256/Places365_val_00017770.jpg,coast,knot,0.1036,"[{""rank"": 1, ""label"": ""knot"", ""confidence"": 0.1036}, {""rank"": 2, ""label"": ""dam"", ""confidence"": 0.0898}, {""rank"": 3, ""label"": ""alp"", ""confidence"": 0.0757}, {""rank"": 4, ""label"": ""solar dish"", ""confidence"": 0.0727}, {""rank"": 5, ""label"": ""swab"", ""confidence"": 0.0569}]",False,water
Places365_val_00017841.jpg,/Users/aidahamzic/PycharmProjects/PythonProject1/val_256/Places365_val_00017841.jpg,hotel-outdoor,seashore,0.1853,"[{""rank"": 1, ""label"": ""seashore"", ""confidence"": 0.1853}, {""rank"": 2, ""label"": ""sandbar"", ""confidence"": 0.1806}, {""rank"": 3, ""label"": ""lakeside"", ""confidence"": 0.1765}, {""rank"": 4, ""label"": ""liner"", ""confidence"": 0.0441}, {""rank"": 5, ""label"": ""speedboat"", ""confidence"": 0.0434}]",False,building
Places365_val_00017859.jpg,/Users/aidahamzic/PycharmProjects/PythonProject1/val_256/Places365_val_00017859.jpg,forest-broadleaf,park bench,0.2374,"[{""rank"": 1, ""label"": ""park bench"", ""confidence"": 0.2374}, {""rank"": 2, ""label"": ""worm fence"", ""confidence"": 0.1653}, {""rank"": 3, ""label"": ""lakeside"", ""confidence"": 0.106}, {""rank"": 4, ""label"": ""maze"", ""confidence"": 0.0607}, {""rank"": 5, ""label"": ""suspension bridge"", ""confidence"": 0.0384}]",False,forest
Places365_val_00017868.jpg,/Users/aidahamzic/PycharmProjects/PythonProject1/val_256/Places365_val_00017868.jpg,forest-broadleaf,cloak,0.1449,"[{""rank"": 1, ""label"": ""cloak"", ""confidence"": 0.1449}, {""rank"": 2, ""label"": ""worm fence"", ""confidence"": 0.113}, {""rank"": 3, ""label"": ""megalith"", ""confidence"": 0.043}, {""rank"": 4, ""label"": ""mountain bike"", ""confidence"": 0.0366}, {""rank"": 5, ""label"": ""barn"", ""confidence"": 0.0359}]",False,forest
Places365_val_00017896.jpg,/Users/aidahamzic/PycharmProjects/PythonProject1/val_256/Places365_val_00017896.jpg,house,worm fence,0.2172,"[{""rank"": 1, ""label"": ""worm fence"", ""confidence"": 0.2172}, {""rank"": 2, ""label"": ""boathouse"", ""confidence"": 0.2148}, {""rank"": 3, ""label"": ""mobile home"", ""confidence"": 0.1425}, {""rank"": 4, ""label"": ""solar dish"", ""confidence"": 0.0582}, {""rank"": 5, ""label"": ""lumbermill"", ""confidence"": 0.0374}]",True,building
Places365_val_00017910.jpg,/Users/aidahamzic/PycharmProjects/PythonProject1/val_256/Places365_val_00017910.jpg,rainforest,hen-of-the-woods,0.0805,"[{""rank"": 1, ""label"": ""hen-of-the-woods"", ""confidence"": 0.0805}, {""rank"": 2, ""label"": ""worm fence"", ""confidence"": 0.0767}, {""rank"": 3, ""label"": ""hartebeest"", ""confidence"": 0.073}, {""rank"": 4, ""label"": ""frilled lizard"", ""confidence"": 0.066}, {""rank"": 5, ""label"": ""lumbermill"", ""confidence"": 0.0597}]",False,forest
Places365_val_00017933.jpg,/Users/aidahamzic/PycharmProjects/PythonProject1/val_256/Places365_val_00017933.jpg,skyscraper,solar dish,0.078,"[{""rank"": 1, ""label"": ""solar dish"", ""confidence"": 0.078}, {""rank"": 2, ""label"": ""bannister"", ""confidence"": 0.0744}, {""rank"": 3, ""label"": ""wing"", ""confidence"": 0.0546}, {""rank"": 4, ""label"": ""rocking chair"", ""confidence"": 0.0392}, {""rank"": 5, ""label"": ""prison"", ""confidence"": 0.037}]",True,building
Places365_val_00017955.jpg,/Users/aidahamzic/PycharmProjects/PythonProject1/val_256/Places365_val_00017955.jpg,rainforest,orangutan,0.7195,"[{""rank"": 1, ""label"": ""orangutan"", ""confidence"": 0.7195}, {""rank"": 2, ""label"": ""titi"", ""confidence"": 0.1148}, {""rank"": 3, ""label"": ""langur"", ""confidence"": 0.0553}, {""rank"": 4, ""label"": ""howler monkey"", ""confidence"": 0.0298}, {""rank"": 5, ""label"": ""guenon"", ""confidence"": 0.0235}]",True,forest
Places365_val_00017962.jpg,/Users/aidahamzic/PycharmProjects/PythonProject1/val_256/Places365_val_00017962.jpg,rainforest,valley,0.244,"[{""rank"": 1, ""label"": ""valley"", ""confidence"": 0.244}, {""rank"": 2, ""label"": ""park bench"", ""confidence"": 0.0648}, {""rank"": 3, ""label"": ""lakeside"", ""confidence"": 0.0609}, {""rank"": 4, ""label"": ""fountain"", ""confidence"": 0.0448}, {""rank"": 5, ""label"": ""sunglasses"", ""confidence"": 0.0273}]",True,forest
Places365_val_00017984.jpg,/Users/aidahamzic/PycharmProjects/PythonProject1/val_256/Places365_val_00017984.jpg,street,parking meter,0.1467,"[{""rank"": 1, ""label"": ""parking meter"", ""confidence"": 0.1467}, {""rank"": 2, ""label"": ""traffic light"", ""confidence"": 0.0826}, {""rank"": 3, ""label"": ""umbrella"", ""confidence"": 0.0394}, {""rank"": 4, ""label"": ""streetcar"", ""confidence"": 0.0369}, {""rank"": 5, ""label"": ""sundial"", ""confidence"": 0.0349}]",True,street
Places365_val_00017993.jpg,/Users/aidahamzic/PycharmProjects/PythonProject1/val_256/Places365_val_00017993.jpg,house,boathouse,0.1292,"[{""rank"": 1, ""label"": ""boathouse"", ""confidence"": 0.1292}, {""rank"": 2, ""label"": ""prison"", ""confidence"": 0.0911}, {""rank"": 3, ""label"": ""mobile home"", ""confidence"": 0.0852}, {""rank"": 4, ""label"": ""worm fence"", ""confidence"": 0.076}, {""rank"": 5, ""label"": ""lakeside"", ""confidence"": 0.0343}]",True,building
Places365_val_00018014.jpg,/Users/aidahamzic/PycharmProjects/PythonProject1/val_256/Places365_val_00018014.jpg,tower,castle,0.4953,"[{""rank"": 1, ""label"": ""castle"", ""confidence"": 0.4953}, {""rank"": 2, ""label"": ""bell cote"", ""confidence"": 0.2548}, {""rank"": 3, ""label"": ""monastery"", ""confidence"": 0.1448}, {""rank"": 4, ""label"": ""palace"", ""confidence"": 0.0569}, {""rank"": 5, ""label"": ""church"", ""confidence"": 0.031}]",True,building
Places365_val_00018049.jpg,/Users/aidahamzic/PycharmProjects/PythonProject1/val_256/Places365_val_00018049.jpg,tower,dock,0.3051,"[{""rank"": 1, ""label"": ""dock"", ""confidence"": 0.3051}, {""rank"": 2, ""label"": ""aircraft carrier"", ""confidence"": 0.2491}, {""rank"": 3, ""label"": ""pier"", ""confidence"": 0.1232}, {""rank"": 4, ""label"": ""breakwater"", ""confidence"": 0.0507}, {""rank"": 5, ""label"": ""lakeside"", ""confidence"": 0.0391}]",False,building
Places365_val_00018056.jpg,/Users/aidahamzic/PycharmProjects/PythonProject1/val_256/Places365_val_00018056.jpg,tower,monastery,0.7261,"[{""rank"": 1, ""label"": ""monastery"", ""confidence"": 0.7261}, {""rank"": 2, ""label"": ""palace"", ""confidence"": 0.0834}, {""rank"": 3, ""label"": ""castle"", ""confidence"": 0.0466}, {""rank"": 4, ""label"": ""prison"", ""confidence"": 0.0432}, {""rank"": 5, ""label"": ""church"", ""confidence"": 0.0223}]",True,building
Places365_val_00018113.jpg,/Users/aidahamzic/PycharmProjects/PythonProject1/val_256/Places365_val_00018113.jpg,river,coho,0.4857,"[{""rank"": 1, ""label"": ""coho"", ""confidence"": 0.4857}, {""rank"": 2, ""label"": ""sturgeon"", ""confidence"": 0.1449}, {""rank"": 3, ""label"": ""hog"", ""confidence"": 0.0695}, {""rank"": 4, ""label"": ""hammerhead"", ""confidence"": 0.0555}, {""rank"": 5, ""label"": ""plastic bag"", ""confidence"": 0.0149}]",False,water
Places365_val_00018172.jpg,/Users/aidahamzic/PycharmProjects/PythonProject1/val_256/Places365_val_00018172.jpg,river,lakeside,0.2751,"[{""rank"": 1, ""label"": ""lakeside"", ""confidence"": 0.2751}, {""rank"": 2, ""label"": ""valley"", ""confidence"": 0.088}, {""rank"": 3, ""label"": ""sandbar"", ""confidence"": 0.0718}, {""rank"": 4, ""label"": ""African elephant"", ""confidence"": 0.0407}, {""rank"": 5, ""label"": ""tusker"", ""confidence"": 0.0292}]",True,water
Places365_val_00018183.jpg,/Users/aidahamzic/PycharmProjects/PythonProject1/val_256/Places365_val_00018183.jpg,tower,binoculars,0.3627,"[{""rank"": 1, ""label"": ""binoculars"", ""confidence"": 0.3627}, {""rank"": 2, ""label"": ""chime"", ""confidence"": 0.1968}, {""rank"": 3, ""label"": ""gong"", ""confidence"": 0.0839}, {""rank"": 4, ""label"": ""loudspeaker"", ""confidence"": 0.0567}, {""rank"": 5, ""label"": ""electric fan"", ""confidence"": 0.025}]",False,building
Places365_val_00018189.jpg,/Users/aidahamzic/PycharmProjects/PythonProject1/val_256/Places365_val_00018189.jpg,river,geyser,0.0872,"[{""rank"": 1, ""label"": ""geyser"", ""confidence"": 0.0872}, {""rank"": 2, ""label"": ""lakeside"", ""confidence"": 0.0679}, {""rank"": 3, ""label"": ""dam"", ""confidence"": 0.0506}, {""rank"": 4, ""label"": ""alp"", ""confidence"": 0.0416}, {""rank"": 5, ""label"": ""dogsled"", ""confidence"": 0.0367}]",True,water
Places365_val_00018210.jpg,/Users/aidahamzic/PycharmProjects/PythonProject1/val_256/Places365_val_00018210.jpg,tower,seashore,0.4209,"[{""rank"": 1, ""label"": ""seashore"", ""confidence"": 0.4209}, {""rank"": 2, ""label"": ""monitor"", ""confidence"": 0.093}, {""rank"": 3, ""label"": ""lakeside"", ""confidence"": 0.0756}, {""rank"": 4, ""label"": ""dock"", ""confidence"": 0.0609}, {""rank"": 5, ""label"": ""submarine"", ""confidence"": 0.0425}]",False,building
Places365_val_00018285.jpg,/Users/aidahamzic/PycharmProjects/PythonProject1/val_256/Places365_val_00018285.jpg,rainforest,lakeside,0.2635,"[{""rank"": 1, ""label"": ""lakeside"", ""confidence"": 0.2635}, {""rank"": 2, ""label"": ""valley"", ""confidence"": 0.1623}, {""rank"": 3, ""label"": ""mountain bike"", ""confidence"": 0.0656}, {""rank"": 4, ""label"": ""maze"", ""confidence"": 0.0526}, {""rank"": 5, ""label"": ""mountain tent"", ""confidence"": 0.0462}]",True,forest
Places365_val_00018299.jpg,/Users/aidahamzic/PycharmProjects/PythonProject1/val_256/Places365_val_00018299.jpg,skyscraper,drilling platform,0.4919,"[{""rank"": 1, ""label"": ""drilling platform"", ""confidence"": 0.4919}, {""rank"": 2, ""label"": ""space shuttle"", ""confidence"": 0.2838}, {""rank"": 3, ""label"": ""mosque"", ""confidence"": 0.0348}, {""rank"": 4, ""label"": ""candle"", ""confidence"": 0.0204}, {""rank"": 5, ""label"": ""stage"", ""confidence"": 0.0176}]",True,building
Places365_val_00018329.jpg,/Users/aidahamzic/PycharmProjects/PythonProject1/val_256/Places365_val_00018329.jpg,glacier,alp,0.4077,"[{""rank"": 1, ""label"": ""alp"", ""confidence"": 0.4077}, {""rank"": 2, ""label"": ""valley"", ""confidence"": 0.3468}, {""rank"": 3, ""label"": ""mountain tent"", ""confidence"": 0.0592}, {""rank"": 4, ""label"": ""volcano"", ""confidence"": 0.057}, {""rank"": 5, ""label"": ""lakeside"", ""confidence"": 0.0097}]",True,glacier
Places365_val_00018410.jpg,/Users/aidahamzic/PycharmProjects/PythonProject1/val_256/Places365_val_00018410.jpg,house,bell cote,0.1987,"[{""rank"": 1, ""label"": ""bell cote"", ""confidence"": 0.1987}, {""rank"": 2, ""label"": ""pier"", ""confidence"": 0.0819}, {""rank"": 3, ""label"": ""radio telescope"", ""confidence"": 0.0566}, {""rank"": 4, ""label"": ""bannister"", ""confidence"": 0.0522}, {""rank"": 5, ""label"": ""steel arch bridge"", ""confidence"": 0.0479}]",False,building
Places365_val_00018446.jpg,/Users/aidahamzic/PycharmProjects/PythonProject1/val_256/Places365_val_00018446.jpg,highway,freight car,0.1818,"[{""rank"": 1, ""label"": ""freight car"", ""confidence"": 0.1818}, {""rank"": 2, ""label"": ""passenger car"", ""confidence"": 0.1302}, {""rank"": 3, ""label"": ""barn"", ""confidence"": 0.1204}, {""rank"": 4, ""label"": ""steam locomotive"", ""confidence"": 0.0784}, {""rank"": 5, ""label"": ""electric locomotive"", ""confidence"": 0.0545}]",False,street
Places365_val_00018470.jpg,/Users/aidahamzic/PycharmProjects/PythonProject1/val_256/Places365_val_00018470.jpg,tower,radio telescope,0.4645,"[{""rank"": 1, ""label"": ""radio telescope"", ""confidence"": 0.4645}, {""rank"": 2, ""label"": ""water tower"", ""confidence"": 0.4317}, {""rank"": 3, ""label"": ""solar dish"", ""confidence"": 0.0539}, {""rank"": 4, ""label"": ""beacon"", ""confidence"": 0.0108}, {""rank"": 5, ""label"": ""airship"", ""confidence"": 0.0034}]",False,building
Places365_val_00018502.jpg,/Users/aidahamzic/PycharmProjects/PythonProject1/val_256/Places365_val_00018502.jpg,mountain,volcano,0.9923,"[{""rank"": 1, ""label"": ""volcano"", ""confidence"": 0.9923}, {""rank"": 2, ""label"": ""alp"", ""confidence"": 0.003}, {""rank"": 3, ""label"": ""valley"", ""confidence"": 0.0021}, {""rank"": 4, ""label"": ""geyser"", ""confidence"": 0.0016}, {""rank"": 5, ""label"": ""mountain tent"", ""confidence"": 0.0005}]",True,mountain
Places365_val_00018512.jpg,/Users/aidahamzic/PycharmProjects/PythonProject1/val_256/Places365_val_00018512.jpg,tower,monastery,0.6084,"[{""rank"": 1, ""label"": ""monastery"", ""confidence"": 0.6084}, {""rank"": 2, ""label"": ""church"", ""confidence"": 0.3795}, {""rank"": 3, ""label"": ""bell cote"", ""confidence"": 0.007}, {""rank"": 4, ""label"": ""castle"", ""confidence"": 0.0017}, {""rank"": 5, ""label"": ""dome"", ""confidence"": 0.0014}]",True,building
Places365_val_00018553.jpg,/Users/aidahamzic/PycharmProjects/PythonProject1/val_256/Places365_val_00018553.jpg,glacier,alp,0.5068,"[{""rank"": 1, ""label"": ""alp"", ""confidence"": 0.5068}, {""rank"": 2, ""label"": ""volcano"", ""confidence"": 0.2545}, {""rank"": 3, ""label"": ""valley"", ""confidence"": 0.1885}, {""rank"": 4, ""label"": ""mountain tent"", ""confidence"": 0.0077}, {""rank"": 5, ""label"": ""coral reef"", ""confidence"": 0.0053}]",True,glacier
Places365_val_00018621.jpg,/Users/aidahamzic/PycharmProjects/PythonProject1/val_256/Places365_val_00018621.jpg,skyscraper,carousel,0.3445,"[{""rank"": 1, ""label"": ""carousel"", ""confidence"": 0.3445}, {""rank"": 2, ""label"": ""tobacco shop"", ""confidence"": 0.096}, {""rank"": 3, ""label"": ""drilling platform"", ""confidence"": 0.0665}, {""rank"": 4, ""label"": ""stage"", ""confidence"": 0.0358}, {""rank"": 5, ""label"": ""slot"", ""confidence"": 0.0307}]",False,building
Places365_val_00018640.jpg,/Users/aidahamzic/PycharmProjects/PythonProject1/val_256/Places365_val_00018640.jpg,hotel-outdoor,cinema,0.3761,"[{""rank"": 1, ""label"": ""cinema"", ""confidence"": 0.3761}, {""rank"": 2, ""label"": ""streetcar"", ""confidence"": 0.0668}, {""rank"": 3, ""label"": ""slot"", ""confidence"": 0.0259}, {""rank"": 4, ""label"": ""restaurant"", ""confidence"": 0.0256}, {""rank"": 5, ""label"": ""bell cote"", ""confidence"": 0.0254}]",True,building
Places365_val_00018643.jpg,/Users/aidahamzic/PycharmProjects/PythonProject1/val_256/Places365_val_00018643.jpg,skyscraper,water tower,0.1572,"[{""rank"": 1, ""label"": ""water tower"", ""confidence"": 0.1572}, {""rank"": 2, ""label"": ""flagpole"", ""confidence"": 0.1323}, {""rank"": 3, ""label"": ""golf ball"", ""confidence"": 0.064}, {""rank"": 4, ""label"": ""planetarium"", ""confidence"": 0.0632}, {""rank"": 5, ""label"": ""prison"", ""confidence"": 0.0478}]",True,building
Places365_val_00018647.jpg,/Users/aidahamzic/PycharmProjects/PythonProject1/val_256/Places365_val_00018647.jpg,street,limousine,0.4433,"[{""rank"": 1, ""label"": ""limousine"", ""confidence"": 0.4433}, {""rank"": 2, ""label"": ""cab"", ""confidence"": 0.1737}, {""rank"": 3, ""label"": ""fire engine"", ""confidence"": 0.0717}, {""rank"": 4, ""label"": ""streetcar"", ""confidence"": 0.0505}, {""rank"": 5, ""label"": ""trolleybus"", ""confidence"": 0.0438}]",True,street
Places365_val_00018689.jpg,/Users/aidahamzic/PycharmProjects/PythonProject1/val_256/Places365_val_00018689.jpg,highway,volcano,0.6665,"[{""rank"": 1, ""label"": ""volcano"", ""confidence"": 0.6665}, {""rank"": 2, ""label"": ""cliff"", ""confidence"": 0.0833}, {""rank"": 3, ""label"": ""valley"", ""confidence"": 0.0527}, {""rank"": 4, ""label"": ""dam"", ""confidence"": 0.0248}, {""rank"": 5, ""label"": ""megalith"", ""confidence"": 0.021}]",False,street
Places365_val_00018717.jpg,/Users/aidahamzic/PycharmProjects/PythonProject1/val_256/Places365_val_00018717.jpg,rainforest,megalith,0.1991,"[{""rank"": 1, ""label"": ""megalith"", ""confidence"": 0.1991}, {""rank"": 2, ""label"": ""worm fence"", ""confidence"": 0.0581}, {""rank"": 3, ""label"": ""stone wall"", ""confidence"": 0.0482}, {""rank"": 4, ""label"": ""cloak"", ""confidence"": 0.0381}, {""rank"": 5, ""label"": ""hatchet"", ""confidence"": 0.0211}]",False,forest
Places365_val_00018733.jpg,/Users/aidahamzic/PycharmProjects/PythonProject1/val_256/Places365_val_00018733.jpg,highway,street sign,0.9139,"[{""rank"": 1, ""label"": ""street sign"", ""confidence"": 0.9139}, {""rank"": 2, ""label"": ""traffic light"", ""confidence"": 0.0375}, {""rank"": 3, ""label"": ""trailer truck"", ""confidence"": 0.0107}, {""rank"": 4, ""label"": ""scoreboard"", ""confidence"": 0.0093}, {""rank"": 5, ""label"": ""moving van"", ""confidence"": 0.0026}]",False,street
Places365_val_00018797.jpg,/Users/aidahamzic/PycharmProjects/PythonProject1/val_256/Places365_val_00018797.jpg,tower,church,0.338,"[{""rank"": 1, ""label"": ""church"", ""confidence"": 0.338}, {""rank"": 2, ""label"": ""beacon"", ""confidence"": 0.2497}, {""rank"": 3, ""label"": ""castle"", ""confidence"": 0.1783}, {""rank"": 4, ""label"": ""bell cote"", ""confidence"": 0.071}, {""rank"": 5, ""label"": ""monastery"", ""confidence"": 0.0592}]",True,building
Places365_val_00018824.jpg,/Users/aidahamzic/PycharmProjects/PythonProject1/val_256/Places365_val_00018824.jpg,hotel-outdoor,lakeside,0.099,"[{""rank"": 1, ""label"": ""lakeside"", ""confidence"": 0.099}, {""rank"": 2, ""label"": ""space shuttle"", ""confidence"": 0.0718}, {""rank"": 3, ""label"": ""trimaran"", ""confidence"": 0.0679}, {""rank"": 4, ""label"": ""dock"", ""confidence"": 0.0532}, {""rank"": 5, ""label"": ""boathouse"", ""confidence"": 0.0521}]",True,building
Places365_val_00018846.jpg,/Users/aidahamzic/PycharmProjects/PythonProject1/val_256/Places365_val_00018846.jpg,alley,cab,0.308,"[{""rank"": 1, ""label"": ""cab"", ""confidence"": 0.308}, {""rank"": 2, ""label"": ""steel arch bridge"", ""confidence"": 0.0797}, {""rank"": 3, ""label"": ""streetcar"", ""confidence"": 0.0628}, {""rank"": 4, ""label"": ""crane"", ""confidence"": 0.06}, {""rank"": 5, ""label"": ""bullet train"", ""confidence"": 0.049}]",True,street
Places365_val_00018865.jpg,/Users/aidahamzic/PycharmProjects/PythonProject1/val_256/Places365_val_00018865.jpg,downtown,jigsaw puzzle,0.2314,"[{""rank"": 1, ""label"": ""jigsaw puzzle"", ""confidence"": 0.2314}, {""rank"": 2, ""label"": ""dock"", ""confidence"": 0.1288}, {""rank"": 3, ""label"": ""alp"", ""confidence"": 0.1203}, {""rank"": 4, ""label"": ""seashore"", ""confidence"": 0.0628}, {""rank"": 5, ""label"": ""drilling platform"", ""confidence"": 0.0483}]",False,building
Places365_val_00018888.jpg,/Users/aidahamzic/PycharmProjects/PythonProject1/val_256/Places365_val_00018888.jpg,rainforest,valley,0.5071,"[{""rank"": 1, ""label"": ""valley"", ""confidence"": 0.5071}, {""rank"": 2, ""label"": ""alp"", ""confidence"": 0.2064}, {""rank"": 3, ""label"": ""lakeside"", ""confidence"": 0.0573}, {""rank"": 4, ""label"": ""cliff"", ""confidence"": 0.0325}, {""rank"": 5, ""label"": ""volcano"", ""confidence"": 0.02}]",True,forest
Places365_val_00018904.jpg,/Users/aidahamzic/PycharmProjects/PythonProject1/val_256/Places365_val_00018904.jpg,skyscraper,liner,0.3122,"[{""rank"": 1, ""label"": ""liner"", ""confidence"": 0.3122}, {""rank"": 2, ""label"": ""crane"", ""confidence"": 0.0869}, {""rank"": 3, ""label"": ""dock"", ""confidence"": 0.0447}, {""rank"": 4, ""label"": ""suspension bridge"", ""confidence"": 0.0408}, {""rank"": 5, ""label"": ""flagpole"", ""confidence"": 0.0399}]",False,building
Places365_val_00018942.jpg,/Users/aidahamzic/PycharmProjects/PythonProject1/val_256/Places365_val_00018942.jpg,street,pier,0.162,"[{""rank"": 1, ""label"": ""pier"", ""confidence"": 0.162}, {""rank"": 2, ""label"": ""drilling platform"", ""confidence"": 0.0891}, {""rank"": 3, ""label"": ""suspension bridge"", ""confidence"": 0.0675}, {""rank"": 4, ""label"": ""obelisk"", ""confidence"": 0.0542}, {""rank"": 5, ""label"": ""beer glass"", ""confidence"": 0.0341}]",False,street
Places365_val_00018952.jpg,/Users/aidahamzic/PycharmProjects/PythonProject1/val_256/Places365_val_00018952.jpg,street,fountain,0.1348,"[{""rank"": 1, ""label"": ""fountain"", ""confidence"": 0.1348}, {""rank"": 2, ""label"": ""pedestal"", ""confidence"": 0.1302}, {""rank"": 3, ""label"": ""Mexican hairless"", ""confidence"": 0.0534}, {""rank"": 4, ""label"": ""chime"", ""confidence"": 0.0226}, {""rank"": 5, ""label"": ""gorilla"", ""confidence"": 0.021}]",False,street
Places365_val_00018957.jpg,/Users/aidahamzic/PycharmProjects/PythonProject1/val_256/Places365_val_00018957.jpg,highway,mountain tent,0.2638,"[{""rank"": 1, ""label"": ""mountain tent"", ""confidence"": 0.2638}, {""rank"": 2, ""label"": ""yurt"", ""confidence"": 0.0947}, {""rank"": 3, ""label"": ""wing"", ""confidence"": 0.0744}, {""rank"": 4, ""label"": ""greenhouse"", ""confidence"": 0.0616}, {""rank"": 5, ""label"": ""snowplow"", ""confidence"": 0.0461}]",False,street
Places365_val_00018967.jpg,/Users/aidahamzic/PycharmProjects/PythonProject1/val_256/Places365_val_00018967.jpg,skyscraper,solar dish,0.5293,"[{""rank"": 1, ""label"": ""solar dish"", ""confidence"": 0.5293}, {""rank"": 2, ""label"": ""planetarium"", ""confidence"": 0.1531}, {""rank"": 3, ""label"": ""dome"", ""confidence"": 0.1293}, {""rank"": 4, ""label"": ""radio telescope"", ""confidence"": 0.0589}, {""rank"": 5, ""label"": ""greenhouse"", ""confidence"": 0.0283}]",True,building
Places365_val_00018985.jpg,/Users/aidahamzic/PycharmProjects/PythonProject1/val_256/Places365_val_00018985.jpg,house,mobile home,0.2637,"[{""rank"": 1, ""label"": ""mobile home"", ""confidence"": 0.2637}, {""rank"": 2, ""label"": ""picket fence"", ""confidence"": 0.1049}, {""rank"": 3, ""label"": ""church"", ""confidence"": 0.084}, {""rank"": 4, ""label"": ""boathouse"", ""confidence"": 0.0704}, {""rank"": 5, ""label"": ""flagpole"", ""confidence"": 0.0435}]",True,building
Places365_val_00019000.jpg,/Users/aidahamzic/PycharmProjects/PythonProject1/val_256/Places365_val_00019000.jpg,downtown,horse cart,0.2743,"[{""rank"": 1, ""label"": ""horse cart"", ""confidence"": 0.2743}, {""rank"": 2, ""label"": ""police van"", ""confidence"": 0.1628}, {""rank"": 3, ""label"": ""Irish wolfhound"", ""confidence"": 0.0917}, {""rank"": 4, ""label"": ""jinrikisha"", ""confidence"": 0.0862}, {""rank"": 5, ""label"": ""ambulance"", ""confidence"": 0.0296}]",False,building
Places365_val_00019058.jpg,/Users/aidahamzic/PycharmProjects/PythonProject1/val_256/Places365_val_00019058.jpg,downtown,tobacco shop,0.1241,"[{""rank"": 1, ""label"": ""tobacco shop"", ""confidence"": 0.1241}, {""rank"": 2, ""label"": ""grocery store"", ""confidence"": 0.0915}, {""rank"": 3, ""label"": ""stage"", ""confidence"": 0.0762}, {""rank"": 4, ""label"": ""confectionery"", ""confidence"": 0.0662}, {""rank"": 5, ""label"": ""toyshop"", ""confidence"": 0.0472}]",True,building
Places365_val_00019112.jpg,/Users/aidahamzic/PycharmProjects/PythonProject1/val_256/Places365_val_00019112.jpg,mountain,promontory,0.5921,"[{""rank"": 1, ""label"": ""promontory"", ""confidence"": 0.5921}, {""rank"": 2, ""label"": ""cliff"", ""confidence"": 0.3186}, {""rank"": 3, ""label"": ""valley"", ""confidence"": 0.03}, {""rank"": 4, ""label"": ""seashore"", ""confidence"": 0.0225}, {""rank"": 5, ""label"": ""alp"", ""confidence"": 0.0089}]",True,mountain
Places365_val_00019131.jpg,/Users/aidahamzic/PycharmProjects/PythonProject1/val_256/Places365_val_00019131.jpg,mountain,alp,0.2137,"[{""rank"": 1, ""label"": ""alp"", ""confidence"": 0.2137}, {""rank"": 2, ""label"": ""valley"", ""confidence"": 0.2134}, {""rank"": 3, ""label"": ""mountain tent"", ""confidence"": 0.081}, {""rank"": 4, ""label"": ""volcano"", ""confidence"": 0.0541}, {""rank"": 5, ""label"": ""promontory"", ""confidence"": 0.0259}]",True,mountain
Places365_val_00019133.jpg,/Users/aidahamzic/PycharmProjects/PythonProject1/val_256/Places365_val_00019133.jpg,street,unicycle,0.357,"[{""rank"": 1, ""label"": ""unicycle"", ""confidence"": 0.357}, {""rank"": 2, ""label"": ""knee pad"", ""confidence"": 0.0458}, {""rank"": 3, ""label"": ""torch"", ""confidence"": 0.0334}, {""rank"": 4, ""label"": ""miniskirt"", ""confidence"": 0.0265}, {""rank"": 5, ""label"": ""rugby ball"", ""confidence"": 0.0222}]",False,street
Places365_val_00019150.jpg,/Users/aidahamzic/PycharmProjects/PythonProject1/val_256/Places365_val_00019150.jpg,tower,water tower,0.8425,"[{""rank"": 1, ""label"": ""water tower"", ""confidence"": 0.8425}, {""rank"": 2, ""label"": ""radio telescope"", ""confidence"": 0.079}, {""rank"": 3, ""label"": ""beacon"", ""confidence"": 0.0543}, {""rank"": 4, ""label"": ""drilling platform"", ""confidence"": 0.0035}, {""rank"": 5, ""label"": ""balloon"", ""confidence"": 0.0034}]",False,building
Places365_val_00019157.jpg,/Users/aidahamzic/PycharmProjects/PythonProject1/val_256/Places365_val_00019157.jpg,mountain,volcano,0.3022,"[{""rank"": 1, ""label"": ""volcano"", ""confidence"": 0.3022}, {""rank"": 2, ""label"": ""alp"", ""confidence"": 0.249}, {""rank"": 3, ""label"": ""lakeside"", ""confidence"": 0.2342}, {""rank"": 4, ""label"": ""valley"", ""confidence"": 0.1608}, {""rank"": 5, ""label"": ""promontory"", ""confidence"": 0.0129}]",True,mountain
Places365_val_00019160.jpg,/Users/aidahamzic/PycharmProjects/PythonProject1/val_256/Places365_val_00019160.jpg,glacier,paddle,0.5192,"[{""rank"": 1, ""label"": ""paddle"", ""confidence"": 0.5192}, {""rank"": 2, ""label"": ""canoe"", ""confidence"": 0.4693}, {""rank"": 3, ""label"": ""yawl"", ""confidence"": 0.0043}, {""rank"": 4, ""label"": ""catamaran"", ""confidence"": 0.0014}, {""rank"": 5, ""label"": ""trimaran"", ""confidence"": 0.0012}]",False,glacier
Places365_val_00019168.jpg,/Users/aidahamzic/PycharmProjects/PythonProject1/val_256/Places365_val_00019168.jpg,alley,triumphal arch,0.1586,"[{""rank"": 1, ""label"": ""triumphal arch"", ""confidence"": 0.1586}, {""rank"": 2, ""label"": ""jinrikisha"", ""confidence"": 0.079}, {""rank"": 3, ""label"": ""bell cote"", ""confidence"": 0.0736}, {""rank"": 4, ""label"": ""palace"", ""confidence"": 0.0393}, {""rank"": 5, ""label"": ""accordion"", ""confidence"": 0.0341}]",True,street
Places365_val_00019174.jpg,/Users/aidahamzic/PycharmProjects/PythonProject1/val_256/Places365_val_00019174.jpg,house,minivan,0.0497,"[{""rank"": 1, ""label"": ""minivan"", ""confidence"": 0.0497}, {""rank"": 2, ""label"": ""cab"", ""confidence"": 0.0361}, {""rank"": 3, ""label"": ""trolleybus"", ""confidence"": 0.0263}, {""rank"": 4, ""label"": ""cinema"", ""confidence"": 0.0258}, {""rank"": 5, ""label"": ""beach wagon"", ""confidence"": 0.0242}]",True,building
Places365_val_00019291.jpg,/Users/aidahamzic/PycharmProjects/PythonProject1/val_256/Places365_val_00019291.jpg,alley,lumbermill,0.1827,"[{""rank"": 1, ""label"": ""lumbermill"", ""confidence"": 0.1827}, {""rank"": 2, ""label"": ""steam locomotive"", ""confidence"": 0.1315}, {""rank"": 3, ""label"": ""passenger car"", ""confidence"": 0.0701}, {""rank"": 4, ""label"": ""freight car"", ""confidence"": 0.0488}, {""rank"": 5, ""label"": ""streetcar"", ""confidence"": 0.0443}]",True,street
Places365_val_00019299.jpg,/Users/aidahamzic/PycharmProjects/PythonProject1/val_256/Places365_val_00019299.jpg,forest-broadleaf,worm fence,0.112,"[{""rank"": 1, ""label"": ""worm fence"", ""confidence"": 0.112}, {""rank"": 2, ""label"": ""maze"", ""confidence"": 0.0578}, {""rank"": 3, ""label"": ""viaduct"", ""confidence"": 0.0479}, {""rank"": 4, ""label"": ""valley"", ""confidence"": 0.0362}, {""rank"": 5, ""label"": ""lakeside"", ""confidence"": 0.029}]",True,forest
Places365_val_00019320.jpg,/Users/aidahamzic/PycharmProjects/PythonProject1/val_256/Places365_val_00019320.jpg,alley,basketball,0.0706,"[{""rank"": 1, ""label"": ""basketball"", ""confidence"": 0.0706}, {""rank"": 2, ""label"": ""planetarium"", ""confidence"": 0.0651}, {""rank"": 3, ""label"": ""prison"", ""confidence"": 0.0602}, {""rank"": 4, ""label"": ""lumbermill"", ""confidence"": 0.0436}, {""rank"": 5, ""label"": ""marimba"", ""confidence"": 0.0418}]",False,street
Places365_val_00019332.jpg,/Users/aidahamzic/PycharmProjects/PythonProject1/val_256/Places365_val_00019332.jpg,street,trolleybus,0.5952,"[{""rank"": 1, ""label"": ""trolleybus"", ""confidence"": 0.5952}, {""rank"": 2, ""label"": ""traffic light"", ""confidence"": 0.1307}, {""rank"": 3, ""label"": ""cab"", ""confidence"": 0.0473}, {""rank"": 4, ""label"": ""tow truck"", ""confidence"": 0.0448}, {""rank"": 5, ""label"": ""streetcar"", ""confidence"": 0.0313}]",True,street
Places365_val_00019349.jpg,/Users/aidahamzic/PycharmProjects/PythonProject1/val_256/Places365_val_00019349.jpg,house,mobile home,0.3628,"[{""rank"": 1, ""label"": ""mobile home"", ""confidence"": 0.3628}, {""rank"": 2, ""label"": ""boathouse"", ""confidence"": 0.222}, {""rank"": 3, ""label"": ""worm fence"", ""confidence"": 0.0604}, {""rank"": 4, ""label"": ""picket fence"", ""confidence"": 0.0546}, {""rank"": 5, ""label"": ""church"", ""confidence"": 0.0527}]",True,building
Places365_val_00019354.jpg,/Users/aidahamzic/PycharmProjects/PythonProject1/val_256/Places365_val_00019354.jpg,river,lakeside,0.892,"[{""rank"": 1, ""label"": ""lakeside"", ""confidence"": 0.892}, {""rank"": 2, ""label"": ""sandbar"", ""confidence"": 0.0274}, {""rank"": 3, ""label"": ""seashore"", ""confidence"": 0.024}, {""rank"": 4, ""label"": ""boathouse"", ""confidence"": 0.0191}, {""rank"": 5, ""label"": ""dam"", ""confidence"": 0.0101}]",True,water
Places365_val_00019402.jpg,/Users/aidahamzic/PycharmProjects/PythonProject1/val_256/Places365_val_00019402.jpg,downtown,flagpole,0.1692,"[{""rank"": 1, ""label"": ""flagpole"", ""confidence"": 0.1692}, {""rank"": 2, ""label"": ""obelisk"", ""confidence"": 0.1627}, {""rank"": 3, ""label"": ""guillotine"", ""confidence"": 0.064}, {""rank"": 4, ""label"": ""library"", ""confidence"": 0.0488}, {""rank"": 5, ""label"": ""monitor"", ""confidence"": 0.0357}]",True,building
Places365_val_00019412.jpg,/Users/aidahamzic/PycharmProjects/PythonProject1/val_256/Places365_val_00019412.jpg,mountain,volcano,0.153,"[{""rank"": 1, ""label"": ""volcano"", ""confidence"": 0.153}, {""rank"": 2, ""label"": ""alp"", ""confidence"": 0.0628}, {""rank"": 3, ""label"": ""valley"", ""confidence"": 0.06}, {""rank"": 4, ""label"": ""barn"", ""confidence"": 0.0522}, {""rank"": 5, ""label"": ""stone wall"", ""confidence"": 0.0504}]",True,mountain
Places365_val_00019416.jpg,/Users/aidahamzic/PycharmProjects/PythonProject1/val_256/Places365_val_00019416.jpg,mountain,mountain bike,0.3203,"[{""rank"": 1, ""label"": ""mountain bike"", ""confidence"": 0.3203}, {""rank"": 2, ""label"": ""alp"", ""confidence"": 0.1729}, {""rank"": 3, ""label"": ""volcano"", ""confidence"": 0.1369}, {""rank"": 4, ""label"": ""tripod"", ""confidence"": 0.0447}, {""rank"": 5, ""label"": ""valley"", ""confidence"": 0.031}]",True,mountain
Places365_val_00019453.jpg,/Users/aidahamzic/PycharmProjects/PythonProject1/val_256/Places365_val_00019453.jpg,street,streetcar,0.969,"[{""rank"": 1, ""label"": ""streetcar"", ""confidence"": 0.969}, {""rank"": 2, ""label"": ""cab"", ""confidence"": 0.0053}, {""rank"": 3, ""label"": ""trolleybus"", ""confidence"": 0.0051}, {""rank"": 4, ""label"": ""palace"", ""confidence"": 0.0039}, {""rank"": 5, ""label"": ""minibus"", ""confidence"": 0.0028}]",True,street
Places365_val_00019455.jpg,/Users/aidahamzic/PycharmProjects/PythonProject1/val_256/Places365_val_00019455.jpg,coast,Arabian camel,0.3438,"[{""rank"": 1, ""label"": ""Arabian camel"", ""confidence"": 0.3438}, {""rank"": 2, ""label"": ""seashore"", ""confidence"": 0.2789}, {""rank"": 3, ""label"": ""sea lion"", ""confidence"": 0.141}, {""rank"": 4, ""label"": ""sandbar"", ""confidence"": 0.0373}, {""rank"": 5, ""label"": ""ice bear"", ""confidence"": 0.0286}]",True,water
Places365_val_00019485.jpg,/Users/aidahamzic/PycharmProjects/PythonProject1/val_256/Places365_val_00019485.jpg,highway,suspension bridge,0.2553,"[{""rank"": 1, ""label"": ""suspension bridge"", ""confidence"": 0.2553}, {""rank"": 2, ""label"": ""car mirror"", ""confidence"": 0.188}, {""rank"": 3, ""label"": ""spotlight"", ""confidence"": 0.1099}, {""rank"": 4, ""label"": ""planetarium"", ""confidence"": 0.0767}, {""rank"": 5, ""label"": ""traffic light"", ""confidence"": 0.062}]",False,street
Places365_val_00019510.jpg,/Users/aidahamzic/PycharmProjects/PythonProject1/val_256/Places365_val_00019510.jpg,house,boathouse,0.4399,"[{""rank"": 1, ""label"": ""boathouse"", ""confidence"": 0.4399}, {""rank"": 2, ""label"": ""mobile home"", ""confidence"": 0.127}, {""rank"": 3, ""label"": ""picket fence"", ""confidence"": 0.0699}, {""rank"": 4, ""label"": ""patio"", ""confidence"": 0.0598}, {""rank"": 5, ""label"": ""worm fence"", ""confidence"": 0.04}]",True,building
Places365_val_00019543.jpg,/Users/aidahamzic/PycharmProjects/PythonProject1/val_256/Places365_val_00019543.jpg,hotel-outdoor,solar dish,0.7086,"[{""rank"": 1, ""label"": ""solar dish"", ""confidence"": 0.7086}, {""rank"": 2, ""label"": ""church"", ""confidence"": 0.104}, {""rank"": 3, ""label"": ""beacon"", ""confidence"": 0.0324}, {""rank"": 4, ""label"": ""bell cote"", ""confidence"": 0.0307}, {""rank"": 5, ""label"": ""flagpole"", ""confidence"": 0.0197}]",True,building
Places365_val_00019547.jpg,/Users/aidahamzic/PycharmProjects/PythonProject1/val_256/Places365_val_00019547.jpg,hotel-outdoor,palace,0.9649,"[{""rank"": 1, ""label"": ""palace"", ""confidence"": 0.9649}, {""rank"": 2, ""label"": ""monastery"", ""confidence"": 0.0098}, {""rank"": 3, ""label"": ""bell cote"", ""confidence"": 0.0082}, {""rank"": 4, ""label"": ""carousel"", ""confidence"": 0.0076}, {""rank"": 5, ""label"": ""church"", ""confidence"": 0.003}]",True,building
Places365_val_00019612.jpg,/Users/aidahamzic/PycharmProjects/PythonProject1/val_256/Places365_val_00019612.jpg,skyscraper,palace,0.281,"[{""rank"": 1, ""label"": ""palace"", ""confidence"": 0.281}, {""rank"": 2, ""label"": ""cab"", ""confidence"": 0.1512}, {""rank"": 3, ""label"": ""triumphal arch"", ""confidence"": 0.0954}, {""rank"": 4, ""label"": ""streetcar"", ""confidence"": 0.0513}, {""rank"": 5, ""label"": ""mosque"", ""confidence"": 0.0452}]",True,building
Places365_val_00019618.jpg,/Users/aidahamzic/PycharmProjects/PythonProject1/val_256/Places365_val_00019618.jpg,river,lakeside,0.883,"[{""rank"": 1, ""label"": ""lakeside"", ""confidence"": 0.883}, {""rank"": 2, ""label"": ""boathouse"", ""confidence"": 0.0392}, {""rank"": 3, ""label"": ""seashore"", ""confidence"": 0.0276}, {""rank"": 4, ""label"": ""valley"", ""confidence"": 0.0064}, {""rank"": 5, ""label"": ""beacon"", ""confidence"": 0.0043}]",True,water
Places365_val_00019640.jpg,/Users/aidahamzic/PycharmProjects/PythonProject1/val_256/Places365_val_00019640.jpg,forest-broadleaf,park bench,0.037,"[{""rank"": 1, ""label"": ""park bench"", ""confidence"": 0.037}, {""rank"": 2, ""label"": ""lakeside"", ""confidence"": 0.0364}, {""rank"": 3, ""label"": ""valley"", ""confidence"": 0.0305}, {""rank"": 4, ""label"": ""yurt"", ""confidence"": 0.0278}, {""rank"": 5, ""label"": ""mountain tent"", ""confidence"": 0.0242}]",True,forest
Places365_val_00019683.jpg,/Users/aidahamzic/PycharmProjects/PythonProject1/val_256/Places365_val_00019683.jpg,downtown,fountain,0.435,"[{""rank"": 1, ""label"": ""fountain"", ""confidence"": 0.435}, {""rank"": 2, ""label"": ""monitor"", ""confidence"": 0.0878}, {""rank"": 3, ""label"": ""pier"", ""confidence"": 0.0757}, {""rank"": 4, ""label"": ""traffic light"", ""confidence"": 0.0649}, {""rank"": 5, ""label"": ""stage"", ""confidence"": 0.0512}]",False,building
Places365_val_00019699.jpg,/Users/aidahamzic/PycharmProjects/PythonProject1/val_256/Places365_val_00019699.jpg,skyscraper,drilling platform,0.2974,"[{""rank"": 1, ""label"": ""drilling platform"", ""confidence"": 0.2974}, {""rank"": 2, ""label"": ""container ship"", ""confidence"": 0.0513}, {""rank"": 3, ""label"": ""dock"", ""confidence"": 0.0468}, {""rank"": 4, ""label"": ""space shuttle"", ""confidence"": 0.0464}, {""rank"": 5, ""label"": ""tobacco shop"", ""confidence"": 0.0419}]",False,building
Places365_val_00019717.jpg,/Users/aidahamzic/PycharmProjects/PythonProject1/val_256/Places365_val_00019717.jpg,ocean,seashore,0.5196,"[{""rank"": 1, ""label"": ""seashore"", ""confidence"": 0.5196}, {""rank"": 2, ""label"": ""sandbar"", ""confidence"": 0.0907}, {""rank"": 3, ""label"": ""promontory"", ""confidence"": 0.0503}, {""rank"": 4, ""label"": ""lakeside"", ""confidence"": 0.0437}, {""rank"": 5, ""label"": ""beacon"", ""confidence"": 0.0383}]",True,water
Places365_val_00019721.jpg,/Users/aidahamzic/PycharmProjects/PythonProject1/val_256/Places365_val_00019721.jpg,downtown,triumphal arch,0.1312,"[{""rank"": 1, ""label"": ""triumphal arch"", ""confidence"": 0.1312}, {""rank"": 2, ""label"": ""academic gown"", ""confidence"": 0.1267}, {""rank"": 3, ""label"": ""guillotine"", ""confidence"": 0.1043}, {""rank"": 4, ""label"": ""cloak"", ""confidence"": 0.0621}, {""rank"": 5, ""label"": ""bell cote"", ""confidence"": 0.0429}]",False,building
Places365_val_00019729.jpg,/Users/aidahamzic/PycharmProjects/PythonProject1/val_256/Places365_val_00019729.jpg,skyscraper,space shuttle,0.1705,"[{""rank"": 1, ""label"": ""space shuttle"", ""confidence"": 0.1705}, {""rank"": 2, ""label"": ""drilling platform"", ""confidence"": 0.1191}, {""rank"": 3, ""label"": ""pier"", ""confidence"": 0.1115}, {""rank"": 4, ""label"": ""fountain"", ""confidence"": 0.0991}, {""rank"": 5, ""label"": ""dock"", ""confidence"": 0.067}]",False,building
Places365_val_00019747.jpg,/Users/aidahamzic/PycharmProjects/PythonProject1/val_256/Places365_val_00019747.jpg,mountain,cliff,0.1397,"[{""rank"": 1, ""label"": ""cliff"", ""confidence"": 0.1397}, {""rank"": 2, ""label"": ""canoe"", ""confidence"": 0.1074}, {""rank"": 3, ""label"": ""mountain tent"", ""confidence"": 0.1069}, {""rank"": 4, ""label"": ""minivan"", ""confidence"": 0.069}, {""rank"": 5, ""label"": ""valley"", ""confidence"": 0.0592}]",True,mountain
Places365_val_00019756.jpg,/Users/aidahamzic/PycharmProjects/PythonProject1/val_256/Places365_val_00019756.jpg,tower,bell cote,0.2674,"[{""rank"": 1, ""label"": ""bell cote"", ""confidence"": 0.2674}, {""rank"": 2, ""label"": ""container ship"", ""confidence"": 0.0748}, {""rank"": 3, ""label"": ""palace"", ""confidence"": 0.0622}, {""rank"": 4, ""label"": ""crane"", ""confidence"": 0.0537}, {""rank"": 5, ""label"": ""mosque"", ""confidence"": 0.0438}]",True,building
Places365_val_00019785.jpg,/Users/aidahamzic/PycharmProjects/PythonProject1/val_256/Places365_val_00019785.jpg,skyscraper,bell cote,0.165,"[{""rank"": 1, ""label"": ""bell cote"", ""confidence"": 0.165}, {""rank"": 2, ""label"": ""dock"", ""confidence"": 0.0916}, {""rank"": 3, ""label"": ""lakeside"", ""confidence"": 0.0849}, {""rank"": 4, ""label"": ""gondola"", ""confidence"": 0.068}, {""rank"": 5, ""label"": ""drilling platform"", ""confidence"": 0.0502}]",False,building
Places365_val_00019821.jpg,/Users/aidahamzic/PycharmProjects/PythonProject1/val_256/Places365_val_00019821.jpg,highway,trolleybus,0.3978,"[{""rank"": 1, ""label"": ""trolleybus"", ""confidence"": 0.3978}, {""rank"": 2, ""label"": ""minivan"", ""confidence"": 0.068}, {""rank"": 3, ""label"": ""traffic light"", ""confidence"": 0.0624}, {""rank"": 4, ""label"": ""trailer truck"", ""confidence"": 0.0574}, {""rank"": 5, ""label"": ""car mirror"", ""confidence"": 0.0494}]",True,street
Places365_val_00019839.jpg,/Users/aidahamzic/PycharmProjects/PythonProject1/val_256/Places365_val_00019839.jpg,downtown,steel arch bridge,0.2027,"[{""rank"": 1, ""label"": ""steel arch bridge"", ""confidence"": 0.2027}, {""rank"": 2, ""label"": ""pier"", ""confidence"": 0.1744}, {""rank"": 3, ""label"": ""suspension bridge"", ""confidence"": 0.113}, {""rank"": 4, ""label"": ""dome"", ""confidence"": 0.0669}, {""rank"": 5, ""label"": ""crane"", ""confidence"": 0.0587}]",True,building
Places365_val_00019851.jpg,/Users/aidahamzic/PycharmProjects/PythonProject1/val_256/Places365_val_00019851.jpg,tower,radio telescope,0.7741,"[{""rank"": 1, ""label"": ""radio telescope"", ""confidence"": 0.7741}, {""rank"": 2, ""label"": ""suspension bridge"", ""confidence"": 0.0838}, {""rank"": 3, ""label"": ""crane"", ""confidence"": 0.0568}, {""rank"": 4, ""label"": ""pier"", ""confidence"": 0.0247}, {""rank"": 5, ""label"": ""steel arch bridge"", ""confidence"": 0.0157}]",False,building
Places365_val_00019892.jpg,/Users/aidahamzic/PycharmProjects/PythonProject1/val_256/Places365_val_00019892.jpg,alley,tobacco shop,0.1005,"[{""rank"": 1, ""label"": ""tobacco shop"", ""confidence"": 0.1005}, {""rank"": 2, ""label"": ""streetcar"", ""confidence"": 0.0735}, {""rank"": 3, ""label"": ""maypole"", ""confidence"": 0.0414}, {""rank"": 4, ""label"": ""jinrikisha"", ""confidence"": 0.0409}, {""rank"": 5, ""label"": ""street sign"", ""confidence"": 0.0402}]",True,street
Places365_val_00019973.jpg,/Users/aidahamzic/PycharmProjects/PythonProject1/val_256/Places365_val_00019973.jpg,highway,flagpole,0.1345,"[{""rank"": 1, ""label"": ""flagpole"", ""confidence"": 0.1345}, {""rank"": 2, ""label"": ""pole"", ""confidence"": 0.1345}, {""rank"": 3, ""label"": ""traffic light"", ""confidence"": 0.0641}, {""rank"": 4, ""label"": ""trailer truck"", ""confidence"": 0.0488}, {""rank"": 5, ""label"": ""suspension bridge"", ""confidence"": 0.0466}]",False,street
Places365_val_00019984.jpg,/Users/aidahamzic/PycharmProjects/PythonProject1/val_256/Places365_val_00019984.jpg,coast,seashore,0.5423,"[{""rank"": 1, ""label"": ""seashore"", ""confidence"": 0.5423}, {""rank"": 2, ""label"": ""promontory"", ""confidence"": 0.3358}, {""rank"": 3, ""label"": ""sandbar"", ""confidence"": 0.0622}, {""rank"": 4, ""label"": ""cliff"", ""confidence"": 0.0123}, {""rank"": 5, ""label"": ""wreck"", ""confidence"": 0.0099}]",True,water
Places365_val_00019988.jpg,/Users/aidahamzic/PycharmProjects/PythonProject1/val_256/Places365_val_00019988.jpg,river,lakeside,0.4369,"[{""rank"": 1, ""label"": ""lakeside"", ""confidence"": 0.4369}, {""rank"": 2, ""label"": ""patio"", ""confidence"": 0.2031}, {""rank"": 3, ""label"": ""steel arch bridge"", ""confidence"": 0.1036}, {""rank"": 4, ""label"": ""pier"", ""confidence"": 0.0826}, {""rank"": 5, ""label"": ""seashore"", ""confidence"": 0.0504}]",True,water
Places365_val_00019998.jpg,/Users/aidahamzic/PycharmProjects/PythonProject1/val_256/Places365_val_00019998.jpg,coast,promontory,0.3464,"[{""rank"": 1, ""label"": ""promontory"", ""confidence"": 0.3464}, {""rank"": 2, ""label"": ""cliff"", ""confidence"": 0.2365}, {""rank"": 3, ""label"": ""seashore"", ""confidence"": 0.1598}, {""rank"": 4, ""label"": ""valley"", ""confidence"": 0.1509}, {""rank"": 5, ""label"": ""wreck"", ""confidence"": 0.0325}]",True,water
Places365_val_00020020.jpg,/Users/aidahamzic/PycharmProjects/PythonProject1/val_256/Places365_val_00020020.jpg,coast,seashore,0.4883,"[{""rank"": 1, ""label"": ""seashore"", ""confidence"": 0.4883}, {""rank"": 2, ""label"": ""sandbar"", ""confidence"": 0.4531}, {""rank"": 3, ""label"": ""lakeside"", ""confidence"": 0.0447}, {""rank"": 4, ""label"": ""breakwater"", ""confidence"": 0.0036}, {""rank"": 5, ""label"": ""promontory"", ""confidence"": 0.0029}]",True,water
Places365_val_00020036.jpg,/Users/aidahamzic/PycharmProjects/PythonProject1/val_256/Places365_val_00020036.jpg,forest-broadleaf,valley,0.1955,"[{""rank"": 1, ""label"": ""valley"", ""confidence"": 0.1955}, {""rank"": 2, ""label"": ""worm fence"", ""confidence"": 0.0931}, {""rank"": 3, ""label"": ""maze"", ""confidence"": 0.0871}, {""rank"": 4, ""label"": ""mountain tent"", ""confidence"": 0.0666}, {""rank"": 5, ""label"": ""lakeside"", ""confidence"": 0.065}]",True,forest
Places365_val_00020038.jpg,/Users/aidahamzic/PycharmProjects/PythonProject1/val_256/Places365_val_00020038.jpg,forest-broadleaf,hartebeest,0.3238,"[{""rank"": 1, ""label"": ""hartebeest"", ""confidence"": 0.3238}, {""rank"": 2, ""label"": ""impala"", ""confidence"": 0.141}, {""rank"": 3, ""label"": ""gazelle"", ""confidence"": 0.083}, {""rank"": 4, ""label"": ""zebra"", ""confidence"": 0.0549}, {""rank"": 5, ""label"": ""warthog"", ""confidence"": 0.0394}]",False,forest
Places365_val_00020044.jpg,/Users/aidahamzic/PycharmProjects/PythonProject1/val_256/Places365_val_00020044.jpg,downtown,seashore,0.1199,"[{""rank"": 1, ""label"": ""seashore"", ""confidence"": 0.1199}, {""rank"": 2, ""label"": ""palace"", ""confidence"": 0.1135}, {""rank"": 3, ""label"": ""airship"", ""confidence"": 0.0904}, {""rank"": 4, ""label"": ""jigsaw puzzle"", ""confidence"": 0.076}, {""rank"": 5, ""label"": ""dock"", ""confidence"": 0.0514}]",True,building
Places365_val_00020116.jpg,/Users/aidahamzic/PycharmProjects/PythonProject1/val_256/Places365_val_00020116.jpg,coast,seashore,0.6934,"[{""rank"": 1, ""label"": ""seashore"", ""confidence"": 0.6934}, {""rank"": 2, ""label"": ""sandbar"", ""confidence"": 0.1739}, {""rank"": 3, ""label"": ""promontory"", ""confidence"": 0.101}, {""rank"": 4, ""label"": ""cliff"", ""confidence"": 0.0116}, {""rank"": 5, ""label"": ""lakeside"", ""confidence"": 0.0045}]",True,water
Places365_val_00020120.jpg,/Users/aidahamzic/PycharmProjects/PythonProject1/val_256/Places365_val_00020120.jpg,street,moving van,0.2535,"[{""rank"": 1, ""label"": ""moving van"", ""confidence"": 0.2535}, {""rank"": 2, ""label"": ""trolleybus"", ""confidence"": 0.1599}, {""rank"": 3, ""label"": ""minibus"", ""confidence"": 0.1232}, {""rank"": 4, ""label"": ""streetcar"", ""confidence"": 0.0916}, {""rank"": 5, ""label"": ""passenger car"", ""confidence"": 0.0653}]",True,street
Places365_val_00020159.jpg,/Users/aidahamzic/PycharmProjects/PythonProject1/val_256/Places365_val_00020159.jpg,downtown,tobacco shop,0.4934,"[{""rank"": 1, ""label"": ""tobacco shop"", ""confidence"": 0.4934}, {""rank"": 2, ""label"": ""toyshop"", ""confidence"": 0.0915}, {""rank"": 3, ""label"": ""slot"", ""confidence"": 0.036}, {""rank"": 4, ""label"": ""grocery store"", ""confidence"": 0.0337}, {""rank"": 5, ""label"": ""container ship"", ""confidence"": 0.021}]",True,building
Places365_val_00020189.jpg,/Users/aidahamzic/PycharmProjects/PythonProject1/val_256/Places365_val_00020189.jpg,hotel-outdoor,cinema,0.4405,"[{""rank"": 1, ""label"": ""cinema"", ""confidence"": 0.4405}, {""rank"": 2, ""label"": ""totem pole"", ""confidence"": 0.1793}, {""rank"": 3, ""label"": ""flagpole"", ""confidence"": 0.0338}, {""rank"": 4, ""label"": ""pole"", ""confidence"": 0.0307}, {""rank"": 5, ""label"": ""tobacco shop"", ""confidence"": 0.0266}]",True,building
Places365_val_00020220.jpg,/Users/aidahamzic/PycharmProjects/PythonProject1/val_256/Places365_val_00020220.jpg,street,jinrikisha,0.1183,"[{""rank"": 1, ""label"": ""jinrikisha"", ""confidence"": 0.1183}, {""rank"": 2, ""label"": ""streetcar"", ""confidence"": 0.0942}, {""rank"": 3, ""label"": ""unicycle"", ""confidence"": 0.0495}, {""rank"": 4, ""label"": ""obelisk"", ""confidence"": 0.0453}, {""rank"": 5, ""label"": ""triumphal arch"", ""confidence"": 0.0421}]",True,street
Places365_val_00020231.jpg,/Users/aidahamzic/PycharmProjects/PythonProject1/val_256/Places365_val_00020231.jpg,rainforest,valley,0.3567,"[{""rank"": 1, ""label"": ""valley"", ""confidence"": 0.3567}, {""rank"": 2, ""label"": ""cliff"", ""confidence"": 0.0433}, {""rank"": 3, ""label"": ""cliff dwelling"", ""confidence"": 0.0413}, {""rank"": 4, ""label"": ""stone wall"", ""confidence"": 0.0404}, {""rank"": 5, ""label"": ""lakeside"", ""confidence"": 0.0289}]",True,forest
Places365_val_00020250.jpg,/Users/aidahamzic/PycharmProjects/PythonProject1/val_256/Places365_val_00020250.jpg,skyscraper,palace,0.0957,"[{""rank"": 1, ""label"": ""palace"", ""confidence"": 0.0957}, {""rank"": 2, ""label"": ""fountain"", ""confidence"": 0.0666}, {""rank"": 3, ""label"": ""park bench"", ""confidence"": 0.0578}, {""rank"": 4, ""label"": ""castle"", ""confidence"": 0.0402}, {""rank"": 5, ""label"": ""church"", ""confidence"": 0.0379}]",True,building
Places365_val_00020253.jpg,/Users/aidahamzic/PycharmProjects/PythonProject1/val_256/Places365_val_00020253.jpg,skyscraper,lakeside,0.1805,"[{""rank"": 1, ""label"": ""lakeside"", ""confidence"": 0.1805}, {""rank"": 2, ""label"": ""worm fence"", ""confidence"": 0.1394}, {""rank"": 3, ""label"": ""patio"", ""confidence"": 0.0612}, {""rank"": 4, ""label"": ""steel arch bridge"", ""confidence"": 0.0568}, {""rank"": 5, ""label"": ""picket fence"", ""confidence"": 0.0392}]",True,building
Places365_val_00020261.jpg,/Users/aidahamzic/PycharmProjects/PythonProject1/val_256/Places365_val_00020261.jpg,tower,drilling platform,0.8609,"[{""rank"": 1, ""label"": ""drilling platform"", ""confidence"": 0.8609}, {""rank"": 2, ""label"": ""pier"", ""confidence"": 0.0932}, {""rank"": 3, ""label"": ""steel arch bridge"", ""confidence"": 0.0186}, {""rank"": 4, ""label"": ""crane"", ""confidence"": 0.0148}, {""rank"": 5, ""label"": ""container ship"", ""confidence"": 0.0043}]",False,building
Places365_val_00020326.jpg,/Users/aidahamzic/PycharmProjects/PythonProject1/val_256/Places365_val_00020326.jpg,coast,seashore,0.3072,"[{""rank"": 1, ""label"": ""seashore"", ""confidence"": 0.3072}, {""rank"": 2, ""label"": ""promontory"", ""confidence"": 0.2964}, {""rank"": 3, ""label"": ""breakwater"", ""confidence"": 0.0681}, {""rank"": 4, ""label"": ""sandbar"", ""confidence"": 0.0486}, {""rank"": 5, ""label"": ""lakeside"", ""confidence"": 0.0482}]",True,water
Places365_val_00020380.jpg,/Users/aidahamzic/PycharmProjects/PythonProject1/val_256/Places365_val_00020380.jpg,tower,unicycle,0.2254,"[{""rank"": 1, ""label"": ""unicycle"", ""confidence"": 0.2254}, {""rank"": 2, ""label"": ""gondola"", ""confidence"": 0.1182}, {""rank"": 3, ""label"": ""sarong"", ""confidence"": 0.0818}, {""rank"": 4, ""label"": ""volleyball"", ""confidence"": 0.0624}, {""rank"": 5, ""label"": ""bikini"", ""confidence"": 0.04}]",False,building
Places365_val_00020427.jpg,/Users/aidahamzic/PycharmProjects/PythonProject1/val_256/Places365_val_00020427.jpg,downtown,bell cote,0.2364,"[{""rank"": 1, ""label"": ""bell cote"", ""confidence"": 0.2364}, {""rank"": 2, ""label"": ""lakeside"", ""confidence"": 0.1509}, {""rank"": 3, ""label"": ""obelisk"", ""confidence"": 0.084}, {""rank"": 4, ""label"": ""palace"", ""confidence"": 0.0715}, {""rank"": 5, ""label"": ""triumphal arch"", ""confidence"": 0.0367}]",True,building
Places365_val_00020465.jpg,/Users/aidahamzic/PycharmProjects/PythonProject1/val_256/Places365_val_00020465.jpg,house,mobile home,0.8379,"[{""rank"": 1, ""label"": ""mobile home"", ""confidence"": 0.8379}, {""rank"": 2, ""label"": ""patio"", ""confidence"": 0.0664}, {""rank"": 3, ""label"": ""solar dish"", ""confidence"": 0.042}, {""rank"": 4, ""label"": ""sliding door"", ""confidence"": 0.0112}, {""rank"": 5, ""label"": ""recreational vehicle"", ""confidence"": 0.0071}]",True,building
Places365_val_00020509.jpg,/Users/aidahamzic/PycharmProjects/PythonProject1/val_256/Places365_val_00020509.jpg,highway,file,0.6933,"[{""rank"": 1, ""label"": ""file"", ""confidence"": 0.6933}, {""rank"": 2, ""label"": ""analog clock"", ""confidence"": 0.028}, {""rank"": 3, ""label"": ""wall clock"", ""confidence"": 0.0258}, {""rank"": 4, ""label"": ""measuring cup"", ""confidence"": 0.0197}, {""rank"": 5, ""label"": ""beaker"", ""confidence"": 0.0135}]",False,street
Places365_val_00020580.jpg,/Users/aidahamzic/PycharmProjects/PythonProject1/val_256/Places365_val_00020580.jpg,tower,bell cote,0.542,"[{""rank"": 1, ""label"": ""bell cote"", ""confidence"": 0.542}, {""rank"": 2, ""label"": ""monastery"", ""confidence"": 0.1246}, {""rank"": 3, ""label"": ""castle"", ""confidence"": 0.0649}, {""rank"": 4, ""label"": ""church"", ""confidence"": 0.0431}, {""rank"": 5, ""label"": ""palace"", ""confidence"": 0.0406}]",True,building
Places365_val_00020598.jpg,/Users/aidahamzic/PycharmProjects/PythonProject1/val_256/Places365_val_00020598.jpg,hotel-outdoor,palace,0.3332,"[{""rank"": 1, ""label"": ""palace"", ""confidence"": 0.3332}, {""rank"": 2, ""label"": ""library"", ""confidence"": 0.3032}, {""rank"": 3, ""label"": ""cinema"", ""confidence"": 0.1129}, {""rank"": 4, ""label"": ""prison"", ""confidence"": 0.0931}, {""rank"": 5, ""label"": ""streetcar"", ""confidence"": 0.0275}]",True,building
Places365_val_00020618.jpg,/Users/aidahamzic/PycharmProjects/PythonProject1/val_256/Places365_val_00020618.jpg,rainforest,suspension bridge,0.9987,"[{""rank"": 1, ""label"": ""suspension bridge"", ""confidence"": 0.9987}, {""rank"": 2, ""label"": ""boathouse"", ""confidence"": 0.0004}, {""rank"": 3, ""label"": ""valley"", ""confidence"": 0.0003}, {""rank"": 4, ""label"": ""worm fence"", ""confidence"": 0.0001}, {""rank"": 5, ""label"": ""pier"", ""confidence"": 0.0001}]",True,forest
Places365_val_00020628.jpg,/Users/aidahamzic/PycharmProjects/PythonProject1/val_256/Places365_val_00020628.jpg,hotel-outdoor,planetarium,0.3006,"[{""rank"": 1, ""label"": ""planetarium"", ""confidence"": 0.3006}, {""rank"": 2, ""label"": ""church"", ""confidence"": 0.1931}, {""rank"": 3, ""label"": ""mosque"", ""confidence"": 0.128}, {""rank"": 4, ""label"": ""lakeside"", ""confidence"": 0.0888}, {""rank"": 5, ""label"": ""dome"", ""confidence"": 0.0819}]",True,building
Places365_val_00020656.jpg,/Users/aidahamzic/PycharmProjects/PythonProject1/val_256/Places365_val_00020656.jpg,forest-broadleaf,valley,0.4724,"[{""rank"": 1, ""label"": ""valley"", ""confidence"": 0.4724}, {""rank"": 2, ""label"": ""maze"", ""confidence"": 0.1052}, {""rank"": 3, ""label"": ""broccoli"", ""confidence"": 0.102}, {""rank"": 4, ""label"": ""lakeside"", ""confidence"": 0.0766}, {""rank"": 5, ""label"": ""buckeye"", ""confidence"": 0.0362}]",True,forest
Places365_val_00020736.jpg,/Users/aidahamzic/PycharmProjects/PythonProject1/val_256/Places365_val_00020736.jpg,street,jinrikisha,0.2027,"[{""rank"": 1, ""label"": ""jinrikisha"", ""confidence"": 0.2027}, {""rank"": 2, ""label"": ""streetcar"", ""confidence"": 0.1908}, {""rank"": 3, ""label"": ""crutch"", ""confidence"": 0.1071}, {""rank"": 4, ""label"": ""unicycle"", ""confidence"": 0.0454}, {""rank"": 5, ""label"": ""cinema"", ""confidence"": 0.0218}]",True,street
Places365_val_00020754.jpg,/Users/aidahamzic/PycharmProjects/PythonProject1/val_256/Places365_val_00020754.jpg,river,lakeside,0.6565,"[{""rank"": 1, ""label"": ""lakeside"", ""confidence"": 0.6565}, {""rank"": 2, ""label"": ""boathouse"", ""confidence"": 0.1236}, {""rank"": 3, ""label"": ""worm fence"", ""confidence"": 0.1087}, {""rank"": 4, ""label"": ""park bench"", ""confidence"": 0.0154}, {""rank"": 5, ""label"": ""viaduct"", ""confidence"": 0.0088}]",True,water
Places365_val_00020761.jpg,/Users/aidahamzic/PycharmProjects/PythonProject1/val_256/Places365_val_00020761.jpg,house,mobile home,0.9303,"[{""rank"": 1, ""label"": ""mobile home"", ""confidence"": 0.9303}, {""rank"": 2, ""label"": ""recreational vehicle"", ""confidence"": 0.0314}, {""rank"": 3, ""label"": ""boathouse"", ""confidence"": 0.0162}, {""rank"": 4, ""label"": ""lakeside"", ""confidence"": 0.0031}, {""rank"": 5, ""label"": ""church"", ""confidence"": 0.0029}]",True,building
Places365_val_00020780.jpg,/Users/aidahamzic/PycharmProjects/PythonProject1/val_256/Places365_val_00020780.jpg,hotel-outdoor,streetcar,0.4944,"[{""rank"": 1, ""label"": ""streetcar"", ""confidence"": 0.4944}, {""rank"": 2, ""label"": ""cab"", ""confidence"": 0.0881}, {""rank"": 3, ""label"": ""trolleybus"", ""confidence"": 0.0766}, {""rank"": 4, ""label"": ""cinema"", ""confidence"": 0.0674}, {""rank"": 5, ""label"": ""traffic light"", ""confidence"": 0.0611}]",True,building
Places365_val_00020806.jpg,/Users/aidahamzic/PycharmProjects/PythonProject1/val_256/Places365_val_00020806.jpg,street,limousine,0.6506,"[{""rank"": 1, ""label"": ""limousine"", ""confidence"": 0.6506}, {""rank"": 2, ""label"": ""minivan"", ""confidence"": 0.0857}, {""rank"": 3, ""label"": ""cab"", ""confidence"": 0.0687}, {""rank"": 4, ""label"": ""Loafer"", ""confidence"": 0.0221}, {""rank"": 5, ""label"": ""parking meter"", ""confidence"": 0.0212}]",True,street
Places365_val_00020808.jpg,/Users/aidahamzic/PycharmProjects/PythonProject1/val_256/Places365_val_00020808.jpg,tower,palace,0.3747,"[{""rank"": 1, ""label"": ""palace"", ""confidence"": 0.3747}, {""rank"": 2, ""label"": ""mosque"", ""confidence"": 0.1144}, {""rank"": 3, ""label"": ""monastery"", ""confidence"": 0.1036}, {""rank"": 4, ""label"": ""water tower"", ""confidence"": 0.0893}, {""rank"": 5, ""label"": ""castle"", ""confidence"": 0.0618}]",True,building
Places365_val_00020848.jpg,/Users/aidahamzic/PycharmProjects/PythonProject1/val_256/Places365_val_00020848.jpg,coast,seashore,0.6293,"[{""rank"": 1, ""label"": ""seashore"", ""confidence"": 0.6293}, {""rank"": 2, ""label"": ""promontory"", ""confidence"": 0.1708}, {""rank"": 3, ""label"": ""sandbar"", ""confidence"": 0.0587}, {""rank"": 4, ""label"": ""lakeside"", ""confidence"": 0.0278}, {""rank"": 5, ""label"": ""cliff"", ""confidence"": 0.0254}]",True,water
Places365_val_00020883.jpg,/Users/aidahamzic/PycharmProjects/PythonProject1/val_256/Places365_val_00020883.jpg,hotel-outdoor,street sign,0.2857,"[{""rank"": 1, ""label"": ""street sign"", ""confidence"": 0.2857}, {""rank"": 2, ""label"": ""cinema"", ""confidence"": 0.263}, {""rank"": 3, ""label"": ""barbershop"", ""confidence"": 0.1373}, {""rank"": 4, ""label"": ""scoreboard"", ""confidence"": 0.0749}, {""rank"": 5, ""label"": ""tobacco shop"", ""confidence"": 0.046}]",True,building
Places365_val_00020923.jpg,/Users/aidahamzic/PycharmProjects/PythonProject1/val_256/Places365_val_00020923.jpg,ocean,castle,0.3929,"[{""rank"": 1, ""label"": ""castle"", ""confidence"": 0.3929}, {""rank"": 2, ""label"": ""cliff"", ""confidence"": 0.1865}, {""rank"": 3, ""label"": ""monastery"", ""confidence"": 0.1795}, {""rank"": 4, ""label"": ""promontory"", ""confidence"": 0.1164}, {""rank"": 5, ""label"": ""beacon"", ""confidence"": 0.0434}]",True,water
Places365_val_00020928.jpg,/Users/aidahamzic/PycharmProjects/PythonProject1/val_256/Places365_val_00020928.jpg,skyscraper,liner,0.2283,"[{""rank"": 1, ""label"": ""liner"", ""confidence"": 0.2283}, {""rank"": 2, ""label"": ""scoreboard"", ""confidence"": 0.1363}, {""rank"": 3, ""label"": ""container ship"", ""confidence"": 0.0513}, {""rank"": 4, ""label"": ""notebook"", ""confidence"": 0.0448}, {""rank"": 5, ""label"": ""bell cote"", ""confidence"": 0.0288}]",False,building
Places365_val_00020933.jpg,/Users/aidahamzic/PycharmProjects/PythonProject1/val_256/Places365_val_00020933.jpg,street,jinrikisha,0.6838,"[{""rank"": 1, ""label"": ""jinrikisha"", ""confidence"": 0.6838}, {""rank"": 2, ""label"": ""bicycle-built-for-two"", ""confidence"": 0.1017}, {""rank"": 3, ""label"": ""tricycle"", ""confidence"": 0.0718}, {""rank"": 4, ""label"": ""unicycle"", ""confidence"": 0.0434}, {""rank"": 5, ""label"": ""stretcher"", ""confidence"": 0.0091}]",True,street
Places365_val_00020972.jpg,/Users/aidahamzic/PycharmProjects/PythonProject1/val_256/Places365_val_00020972.jpg,highway,go-kart,0.1602,"[{""rank"": 1, ""label"": ""go-kart"", ""confidence"": 0.1602}, {""rank"": 2, ""label"": ""unicycle"", ""confidence"": 0.1479}, {""rank"": 3, ""label"": ""lawn mower"", ""confidence"": 0.09}, {""rank"": 4, ""label"": ""crash helmet"", ""confidence"": 0.0376}, {""rank"": 5, ""label"": ""moped"", ""confidence"": 0.0324}]",False,street
Places365_val_00020983.jpg,/Users/aidahamzic/PycharmProjects/PythonProject1/val_256/Places365_val_00020983.jpg,alley,church,0.1055,"[{""rank"": 1, ""label"": ""church"", ""confidence"": 0.1055}, {""rank"": 2, ""label"": ""traffic light"", ""confidence"": 0.0908}, {""rank"": 3, ""label"": ""cab"", ""confidence"": 0.079}, {""rank"": 4, ""label"": ""streetcar"", ""confidence"": 0.0591}, {""rank"": 5, ""label"": ""monastery"", ""confidence"": 0.0492}]",True,street
Places365_val_00021017.jpg,/Users/aidahamzic/PycharmProjects/PythonProject1/val_256/Places365_val_00021017.jpg,mountain,lakeside,0.6358,"[{""rank"": 1, ""label"": ""lakeside"", ""confidence"": 0.6358}, {""rank"": 2, ""label"": ""seashore"", ""confidence"": 0.1063}, {""rank"": 3, ""label"": ""promontory"", ""confidence"": 0.0899}, {""rank"": 4, ""label"": ""sandbar"", ""confidence"": 0.0445}, {""rank"": 5, ""label"": ""valley"", ""confidence"": 0.0241}]",True,mountain
Places365_val_00021053.jpg,/Users/aidahamzic/PycharmProjects/PythonProject1/val_256/Places365_val_00021053.jpg,forest-broadleaf,hen-of-the-woods,0.8894,"[{""rank"": 1, ""label"": ""hen-of-the-woods"", ""confidence"": 0.8894}, {""rank"": 2, ""label"": ""coral fungus"", ""confidence"": 0.0325}, {""rank"": 3, ""label"": ""flatworm"", ""confidence"": 0.0261}, {""rank"": 4, ""label"": ""coral reef"", ""confidence"": 0.0123}, {""rank"": 5, ""label"": ""earthstar"", ""confidence"": 0.0077}]",False,forest
Places365_val_00021062.jpg,/Users/aidahamzic/PycharmProjects/PythonProject1/val_256/Places365_val_00021062.jpg,street,streetcar,0.9553,"[{""rank"": 1, ""label"": ""streetcar"", ""confidence"": 0.9553}, {""rank"": 2, ""label"": ""trolleybus"", ""confidence"": 0.0152}, {""rank"": 3, ""label"": ""bookshop"", ""confidence"": 0.0038}, {""rank"": 4, ""label"": ""tobacco shop"", ""confidence"": 0.0036}, {""rank"": 5, ""label"": ""street sign"", ""confidence"": 0.0031}]",True,street
Places365_val_00021089.jpg,/Users/aidahamzic/PycharmProjects/PythonProject1/val_256/Places365_val_00021089.jpg,house,car mirror,0.761,"[{""rank"": 1, ""label"": ""car mirror"", ""confidence"": 0.761}, {""rank"": 2, ""label"": ""television"", ""confidence"": 0.0621}, {""rank"": 3, ""label"": ""monitor"", ""confidence"": 0.0312}, {""rank"": 4, ""label"": ""screen"", ""confidence"": 0.0219}, {""rank"": 5, ""label"": ""lakeside"", ""confidence"": 0.0142}]",False,building
Places365_val_00021107.jpg,/Users/aidahamzic/PycharmProjects/PythonProject1/val_256/Places365_val_00021107.jpg,coast,sandbar,0.7879,"[{""rank"": 1, ""label"": ""sandbar"", ""confidence"": 0.7879}, {""rank"": 2, ""label"": ""seashore"", ""confidence"": 0.2083}, {""rank"": 3, ""label"": ""promontory"", ""confidence"": 0.001}, {""rank"": 4, ""label"": ""lakeside"", ""confidence"": 0.0006}, {""rank"": 5, ""label"": ""wreck"", ""confidence"": 0.0003}]",True,water
Places365_val_00021111.jpg,/Users/aidahamzic/PycharmProjects/PythonProject1/val_256/Places365_val_00021111.jpg,skyscraper,liner,0.2099,"[{""rank"": 1, ""label"": ""liner"", ""confidence"": 0.2099}, {""rank"": 2, ""label"": ""castle"", ""confidence"": 0.1236}, {""rank"": 3, ""label"": ""drilling platform"", ""confidence"": 0.1055}, {""rank"": 4, ""label"": ""lakeside"", ""confidence"": 0.0954}, {""rank"": 5, ""label"": ""suspension bridge"", ""confidence"": 0.0829}]",True,building
Places365_val_00021145.jpg,/Users/aidahamzic/PycharmProjects/PythonProject1/val_256/Places365_val_00021145.jpg,glacier,alp,0.833,"[{""rank"": 1, ""label"": ""alp"", ""confidence"": 0.833}, {""rank"": 2, ""label"": ""valley"", ""confidence"": 0.1441}, {""rank"": 3, ""label"": ""ski"", ""confidence"": 0.0043}, {""rank"": 4, ""label"": ""volcano"", ""confidence"": 0.0037}, {""rank"": 5, ""label"": ""mountain tent"", ""confidence"": 0.0027}]",True,glacier
Places365_val_00021157.jpg,/Users/aidahamzic/PycharmProjects/PythonProject1/val_256/Places365_val_00021157.jpg,street,palace,0.1605,"[{""rank"": 1, ""label"": ""palace"", ""confidence"": 0.1605}, {""rank"": 2, ""label"": ""streetcar"", ""confidence"": 0.1476}, {""rank"": 3, ""label"": ""monastery"", ""confidence"": 0.137}, {""rank"": 4, ""label"": ""bell cote"", ""confidence"": 0.096}, {""rank"": 5, ""label"": ""church"", ""confidence"": 0.044}]",True,street
Places365_val_00021227.jpg,/Users/aidahamzic/PycharmProjects/PythonProject1/val_256/Places365_val_00021227.jpg,rainforest,lakeside,0.7838,"[{""rank"": 1, ""label"": ""lakeside"", ""confidence"": 0.7838}, {""rank"": 2, ""label"": ""seashore"", ""confidence"": 0.0468}, {""rank"": 3, ""label"": ""promontory"", ""confidence"": 0.025}, {""rank"": 4, ""label"": ""sandbar"", ""confidence"": 0.0234}, {""rank"": 5, ""label"": ""steel arch bridge"", ""confidence"": 0.0182}]",False,forest
Places365_val_00021231.jpg,/Users/aidahamzic/PycharmProjects/PythonProject1/val_256/Places365_val_00021231.jpg,skyscraper,garbage truck,0.3451,"[{""rank"": 1, ""label"": ""garbage truck"", ""confidence"": 0.3451}, {""rank"": 2, ""label"": ""trailer truck"", ""confidence"": 0.2019}, {""rank"": 3, ""label"": ""scoreboard"", ""confidence"": 0.182}, {""rank"": 4, ""label"": ""moving van"", ""confidence"": 0.0377}, {""rank"": 5, ""label"": ""tow truck"", ""confidence"": 0.0307}]",False,building
Places365_val_00021258.jpg,/Users/aidahamzic/PycharmProjects/PythonProject1/val_256/Places365_val_00021258.jpg,ocean,cliff,0.6184,"[{""rank"": 1, ""label"": ""cliff"", ""confidence"": 0.6184}, {""rank"": 2, ""label"": ""promontory"", ""confidence"": 0.1832}, {""rank"": 3, ""label"": ""seashore"", ""confidence"": 0.0601}, {""rank"": 4, ""label"": ""wreck"", ""confidence"": 0.0269}, {""rank"": 5, ""label"": ""swimming trunks"", ""confidence"": 0.0206}]",True,water
Places365_val_00021296.jpg,/Users/aidahamzic/PycharmProjects/PythonProject1/val_256/Places365_val_00021296.jpg,mountain,alp,0.8284,"[{""rank"": 1, ""label"": ""alp"", ""confidence"": 0.8284}, {""rank"": 2, ""label"": ""valley"", ""confidence"": 0.1181}, {""rank"": 3, ""label"": ""cliff"", ""confidence"": 0.0227}, {""rank"": 4, ""label"": ""mountain tent"", ""confidence"": 0.0168}, {""rank"": 5, ""label"": ""volcano"", ""confidence"": 0.0039}]",True,mountain
Places365_val_00021312.jpg,/Users/aidahamzic/PycharmProjects/PythonProject1/val_256/Places365_val_00021312.jpg,glacier,alp,0.7397,"[{""rank"": 1, ""label"": ""alp"", ""confidence"": 0.7397}, {""rank"": 2, ""label"": ""valley"", ""confidence"": 0.2214}, {""rank"": 3, ""label"": ""cliff"", ""confidence"": 0.0179}, {""rank"": 4, ""label"": ""mountain tent"", ""confidence"": 0.0037}, {""rank"": 5, ""label"": ""promontory"", ""confidence"": 0.0021}]",True,glacier
Places365_val_00021331.jpg,/Users/aidahamzic/PycharmProjects/PythonProject1/val_256/Places365_val_00021331.jpg,ocean,dock,0.3071,"[{""rank"": 1, ""label"": ""dock"", ""confidence"": 0.3071}, {""rank"": 2, ""label"": ""lakeside"", ""confidence"": 0.2251}, {""rank"": 3, ""label"": ""seashore"", ""confidence"": 0.087}, {""rank"": 4, ""label"": ""pier"", ""confidence"": 0.0674}, {""rank"": 5, ""label"": ""aircraft carrier"", ""confidence"": 0.0645}]",True,water
Places365_val_00021369.jpg,/Users/aidahamzic/PycharmProjects/PythonProject1/val_256/Places365_val_00021369.jpg,downtown,cinema,0.2363,"[{""rank"": 1, ""label"": ""cinema"", ""confidence"": 0.2363}, {""rank"": 2, ""label"": ""bell cote"", ""confidence"": 0.1057}, {""rank"": 3, ""label"": ""pier"", ""confidence"": 0.0614}, {""rank"": 4, ""label"": ""limousine"", ""confidence"": 0.0529}, {""rank"": 5, ""label"": ""cab"", ""confidence"": 0.0468}]",True,building
Places365_val_00021373.jpg,/Users/aidahamzic/PycharmProjects/PythonProject1/val_256/Places365_val_00021373.jpg,skyscraper,church,0.1678,"[{""rank"": 1, ""label"": ""church"", ""confidence"": 0.1678}, {""rank"": 2, ""label"": ""greenhouse"", ""confidence"": 0.1502}, {""rank"": 3, ""label"": ""vault"", ""confidence"": 0.1244}, {""rank"": 4, ""label"": ""dome"", ""confidence"": 0.1164}, {""rank"": 5, ""label"": ""umbrella"", ""confidence"": 0.0705}]",True,building
Places365_val_00021383.jpg,/Users/aidahamzic/PycharmProjects/PythonProject1/val_256/Places365_val_00021383.jpg,glacier,king penguin,0.998,"[{""rank"": 1, ""label"": ""king penguin"", ""confidence"": 0.998}, {""rank"": 2, ""label"": ""albatross"", ""confidence"": 0.0002}, {""rank"": 3, ""label"": ""goose"", ""confidence"": 0.0002}, {""rank"": 4, ""label"": ""killer whale"", ""confidence"": 0.0001}, {""rank"": 5, ""label"": ""llama"", ""confidence"": 0.0001}]",False,glacier
Places365_val_00021395.jpg,/Users/aidahamzic/PycharmProjects/PythonProject1/val_256/Places365_val_00021395.jpg,river,pier,0.6034,"[{""rank"": 1, ""label"": ""pier"", ""confidence"": 0.6034}, {""rank"": 2, ""label"": ""dock"", ""confidence"": 0.0916}, {""rank"": 3, ""label"": ""dam"", ""confidence"": 0.0611}, {""rank"": 4, ""label"": ""steel arch bridge"", ""confidence"": 0.0538}, {""rank"": 5, ""label"": ""breakwater"", ""confidence"": 0.0337}]",True,water
Places365_val_00021404.jpg,/Users/aidahamzic/PycharmProjects/PythonProject1/val_256/Places365_val_00021404.jpg,street,swing,0.079,"[{""rank"": 1, ""label"": ""swing"", ""confidence"": 0.079}, {""rank"": 2, ""label"": ""ice lolly"", ""confidence"": 0.0404}, {""rank"": 3, ""label"": ""sunglasses"", ""confidence"": 0.0369}, {""rank"": 4, ""label"": ""neck brace"", ""confidence"": 0.0342}, {""rank"": 5, ""label"": ""sunglass"", ""confidence"": 0.0311}]",False,street
Places365_val_00021426.jpg,/Users/aidahamzic/PycharmProjects/PythonProject1/val_256/Places365_val_00021426.jpg,mountain,promontory,0.5143,"[{""rank"": 1, ""label"": ""promontory"", ""confidence"": 0.5143}, {""rank"": 2, ""label"": ""cliff"", ""confidence"": 0.3718}, {""rank"": 3, ""label"": ""seashore"", ""confidence"": 0.0641}, {""rank"": 4, ""label"": ""beacon"", ""confidence"": 0.0221}, {""rank"": 5, ""label"": ""castle"", ""confidence"": 0.0039}]",True,mountain
Places365_val_00021428.jpg,/Users/aidahamzic/PycharmProjects/PythonProject1/val_256/Places365_val_00021428.jpg,tower,monastery,0.6789,"[{""rank"": 1, ""label"": ""monastery"", ""confidence"": 0.6789}, {""rank"": 2, ""label"": ""obelisk"", ""confidence"": 0.0913}, {""rank"": 3, ""label"": ""bell cote"", ""confidence"": 0.0715}, {""rank"": 4, ""label"": ""church"", ""confidence"": 0.039}, {""rank"": 5, ""label"": ""palace"", ""confidence"": 0.0244}]",True,building
Places365_val_00021454.jpg,/Users/aidahamzic/PycharmProjects/PythonProject1/val_256/Places365_val_00021454.jpg,downtown,palace,0.3362,"[{""rank"": 1, ""label"": ""palace"", ""confidence"": 0.3362}, {""rank"": 2, ""label"": ""castle"", ""confidence"": 0.1354}, {""rank"": 3, ""label"": ""lakeside"", ""confidence"": 0.0737}, {""rank"": 4, ""label"": ""seashore"", ""confidence"": 0.0597}, {""rank"": 5, ""label"": ""suspension bridge"", ""confidence"": 0.0262}]",True,building
Places365_val_00021477.jpg,/Users/aidahamzic/PycharmProjects/PythonProject1/val_256/Places365_val_00021477.jpg,glacier,alp,0.4901,"[{""rank"": 1, ""label"": ""alp"", ""confidence"": 0.4901}, {""rank"": 2, ""label"": ""valley"", ""confidence"": 0.4338}, {""rank"": 3, ""label"": ""cliff"", ""confidence"": 0.0227}, {""rank"": 4, ""label"": ""promontory"", ""confidence"": 0.0099}, {""rank"": 5, ""label"": ""mountain tent"", ""confidence"": 0.0073}]",True,glacier
Places365_val_00021531.jpg,/Users/aidahamzic/PycharmProjects/PythonProject1/val_256/Places365_val_00021531.jpg,hotel-outdoor,speedboat,0.2147,"[{""rank"": 1, ""label"": ""speedboat"", ""confidence"": 0.2147}, {""rank"": 2, ""label"": ""boathouse"", ""confidence"": 0.1641}, {""rank"": 3, ""label"": ""trimaran"", ""confidence"": 0.1265}, {""rank"": 4, ""label"": ""seashore"", ""confidence"": 0.0793}, {""rank"": 5, ""label"": ""flagpole"", ""confidence"": 0.0567}]",True,building
Places365_val_00021543.jpg,/Users/aidahamzic/PycharmProjects/PythonProject1/val_256/Places365_val_00021543.jpg,rainforest,capuchin,0.0504,"[{""rank"": 1, ""label"": ""capuchin"", ""confidence"": 0.0504}, {""rank"": 2, ""label"": ""indri"", ""confidence"": 0.0443}, {""rank"": 3, ""label"": ""yellow lady's slipper"", ""confidence"": 0.041}, {""rank"": 4, ""label"": ""jackfruit"", ""confidence"": 0.0312}, {""rank"": 5, ""label"": ""birdhouse"", ""confidence"": 0.0295}]",True,forest
Places365_val_00021571.jpg,/Users/aidahamzic/PycharmProjects/PythonProject1/val_256/Places365_val_00021571.jpg,rainforest,valley,0.1496,"[{""rank"": 1, ""label"": ""valley"", ""confidence"": 0.1496}, {""rank"": 2, ""label"": ""alp"", ""confidence"": 0.0837}, {""rank"": 3, ""label"": ""mountain tent"", ""confidence"": 0.0768}, {""rank"": 4, ""label"": ""lakeside"", ""confidence"": 0.0567}, {""rank"": 5, ""label"": ""viaduct"", ""confidence"": 0.0497}]",True,forest
Places365_val_00021577.jpg,/Users/aidahamzic/PycharmProjects/PythonProject1/val_256/Places365_val_00021577.jpg,river,valley,0.3673,"[{""rank"": 1, ""label"": ""valley"", ""confidence"": 0.3673}, {""rank"": 2, ""label"": ""seashore"", ""confidence"": 0.1379}, {""rank"": 3, ""label"": ""lakeside"", ""confidence"": 0.1042}, {""rank"": 4, ""label"": ""promontory"", ""confidence"": 0.072}, {""rank"": 5, ""label"": ""dam"", ""confidence"": 0.0424}]",True,water
Places365_val_00021585.jpg,/Users/aidahamzic/PycharmProjects/PythonProject1/val_256/Places365_val_00021585.jpg,rainforest,valley,0.4854,"[{""rank"": 1, ""label"": ""valley"", ""confidence"": 0.4854}, {""rank"": 2, ""label"": ""lakeside"", ""confidence"": 0.0901}, {""rank"": 3, ""label"": ""suspension bridge"", ""confidence"": 0.0503}, {""rank"": 4, ""label"": ""seashore"", ""confidence"": 0.0258}, {""rank"": 5, ""label"": ""dam"", ""confidence"": 0.0224}]",True,forest
Places365_val_00021595.jpg,/Users/aidahamzic/PycharmProjects/PythonProject1/val_256/Places365_val_00021595.jpg,downtown,car mirror,0.1463,"[{""rank"": 1, ""label"": ""car mirror"", ""confidence"": 0.1463}, {""rank"": 2, ""label"": ""seat belt"", ""confidence"": 0.1379}, {""rank"": 3, ""label"": ""minivan"", ""confidence"": 0.0603}, {""rank"": 4, ""label"": ""tow truck"", ""confidence"": 0.0268}, {""rank"": 5, ""label"": ""binoculars"", ""confidence"": 0.0254}]",False,building
Places365_val_00021681.jpg,/Users/aidahamzic/PycharmProjects/PythonProject1/val_256/Places365_val_00021681.jpg,coast,seashore,0.6069,"[{""rank"": 1, ""label"": ""seashore"", ""confidence"": 0.6069}, {""rank"": 2, ""label"": ""lakeside"", ""confidence"": 0.1928}, {""rank"": 3, ""label"": ""sandbar"", ""confidence"": 0.0428}, {""rank"": 4, ""label"": ""mobile home"", ""confidence"": 0.0247}, {""rank"": 5, ""label"": ""golfcart"", ""confidence"": 0.0061}]",True,water
Places365_val_00021698.jpg,/Users/aidahamzic/PycharmProjects/PythonProject1/val_256/Places365_val_00021698.jpg,river,lakeside,0.1333,"[{""rank"": 1, ""label"": ""lakeside"", ""confidence"": 0.1333}, {""rank"": 2, ""label"": ""pier"", ""confidence"": 0.0973}, {""rank"": 3, ""label"": ""container ship"", ""confidence"": 0.0908}, {""rank"": 4, ""label"": ""breakwater"", ""confidence"": 0.0753}, {""rank"": 5, ""label"": ""dock"", ""confidence"": 0.0732}]",True,water
Places365_val_00021705.jpg,/Users/aidahamzic/PycharmProjects/PythonProject1/val_256/Places365_val_00021705.jpg,house,mobile home,0.9429,"[{""rank"": 1, ""label"": ""mobile home"", ""confidence"": 0.9429}, {""rank"": 2, ""label"": ""boathouse"", ""confidence"": 0.0206}, {""rank"": 3, ""label"": ""barn"", ""confidence"": 0.0077}, {""rank"": 4, ""label"": ""recreational vehicle"", ""confidence"": 0.0057}, {""rank"": 5, ""label"": ""alp"", ""confidence"": 0.0056}]",True,building
Places365_val_00021722.jpg,/Users/aidahamzic/PycharmProjects/PythonProject1/val_256/Places365_val_00021722.jpg,coast,yawl,0.3519,"[{""rank"": 1, ""label"": ""yawl"", ""confidence"": 0.3519}, {""rank"": 2, ""label"": ""schooner"", ""confidence"": 0.2526}, {""rank"": 3, ""label"": ""catamaran"", ""confidence"": 0.1757}, {""rank"": 4, ""label"": ""trimaran"", ""confidence"": 0.0712}, {""rank"": 5, ""label"": ""pirate"", ""confidence"": 0.0567}]",True,water
Places365_val_00021729.jpg,/Users/aidahamzic/PycharmProjects/PythonProject1/val_256/Places365_val_00021729.jpg,downtown,drilling platform,0.2576,"[{""rank"": 1, ""label"": ""drilling platform"", ""confidence"": 0.2576}, {""rank"": 2, ""label"": ""dock"", ""confidence"": 0.226}, {""rank"": 3, ""label"": ""pier"", ""confidence"": 0.1166}, {""rank"": 4, ""label"": ""liner"", ""confidence"": 0.074}, {""rank"": 5, ""label"": ""lakeside"", ""confidence"": 0.067}]",False,building
Places365_val_00021747.jpg,/Users/aidahamzic/PycharmProjects/PythonProject1/val_256/Places365_val_00021747.jpg,tower,church,0.5962,"[{""rank"": 1, ""label"": ""church"", ""confidence"": 0.5962}, {""rank"": 2, ""label"": ""monastery"", ""confidence"": 0.1242}, {""rank"": 3, ""label"": ""bell cote"", ""confidence"": 0.103}, {""rank"": 4, ""label"": ""castle"", ""confidence"": 0.0542}, {""rank"": 5, ""label"": ""barn"", ""confidence"": 0.0256}]",True,building
Places365_val_00021776.jpg,/Users/aidahamzic/PycharmProjects/PythonProject1/val_256/Places365_val_00021776.jpg,forest-broadleaf,volcano,0.3662,"[{""rank"": 1, ""label"": ""volcano"", ""confidence"": 0.3662}, {""rank"": 2, ""label"": ""valley"", ""confidence"": 0.1592}, {""rank"": 3, ""label"": ""alp"", ""confidence"": 0.1585}, {""rank"": 4, ""label"": ""mountain tent"", ""confidence"": 0.0534}, {""rank"": 5, ""label"": ""mountain bike"", ""confidence"": 0.0216}]",True,forest
Places365_val_00021777.jpg,/Users/aidahamzic/PycharmProjects/PythonProject1/val_256/Places365_val_00021777.jpg,downtown,steel arch bridge,0.3076,"[{""rank"": 1, ""label"": ""steel arch bridge"", ""confidence"": 0.3076}, {""rank"": 2, ""label"": ""solar dish"", ""confidence"": 0.2381}, {""rank"": 3, ""label"": ""scoreboard"", ""confidence"": 0.0908}, {""rank"": 4, ""label"": ""planetarium"", ""confidence"": 0.0678}, {""rank"": 5, ""label"": ""airship"", ""confidence"": 0.0344}]",True,building
Places365_val_00021788.jpg,/Users/aidahamzic/PycharmProjects/PythonProject1/val_256/Places365_val_00021788.jpg,forest-broadleaf,barn,0.2712,"[{""rank"": 1, ""label"": ""barn"", ""confidence"": 0.2712}, {""rank"": 2, ""label"": ""church"", ""confidence"": 0.2088}, {""rank"": 3, ""label"": ""castle"", ""confidence"": 0.0446}, {""rank"": 4, ""label"": ""park bench"", ""confidence"": 0.0394}, {""rank"": 5, ""label"": ""viaduct"", ""confidence"": 0.0391}]",False,forest
Places365_val_00021791.jpg,/Users/aidahamzic/PycharmProjects/PythonProject1/val_256/Places365_val_00021791.jpg,alley,prison,0.389,"[{""rank"": 1, ""label"": ""prison"", ""confidence"": 0.389}, {""rank"": 2, ""label"": ""jinrikisha"", ""confidence"": 0.1276}, {""rank"": 3, ""label"": ""streetcar"", ""confidence"": 0.0554}, {""rank"": 4, ""label"": ""bullet train"", ""confidence"": 0.035}, {""rank"": 5, ""label"": ""passenger car"", ""confidence"": 0.0256}]",True,street
Places365_val_00021820.jpg,/Users/aidahamzic/PycharmProjects/PythonProject1/val_256/Places365_val_00021820.jpg,mountain,alp,0.344,"[{""rank"": 1, ""label"": ""alp"", ""confidence"": 0.344}, {""rank"": 2, ""label"": ""cliff"", ""confidence"": 0.2756}, {""rank"": 3, ""label"": ""valley"", ""confidence"": 0.2057}, {""rank"": 4, ""label"": ""cliff dwelling"", ""confidence"": 0.039}, {""rank"": 5, ""label"": ""promontory"", ""confidence"": 0.029}]",True,mountain
Places365_val_00021831.jpg,/Users/aidahamzic/PycharmProjects/PythonProject1/val_256/Places365_val_00021831.jpg,river,lakeside,0.3746,"[{""rank"": 1, ""label"": ""lakeside"", ""confidence"": 0.3746}, {""rank"": 2, ""label"": ""sandbar"", ""confidence"": 0.1168}, {""rank"": 3, ""label"": ""valley"", ""confidence"": 0.0709}, {""rank"": 4, ""label"": ""canoe"", ""confidence"": 0.0486}, {""rank"": 5, ""label"": ""water buffalo"", ""confidence"": 0.0352}]",True,water
Places365_val_00021840.jpg,/Users/aidahamzic/PycharmProjects/PythonProject1/val_256/Places365_val_00021840.jpg,hotel-outdoor,tobacco shop,0.6299,"[{""rank"": 1, ""label"": ""tobacco shop"", ""confidence"": 0.6299}, {""rank"": 2, ""label"": ""scoreboard"", ""confidence"": 0.0395}, {""rank"": 3, ""label"": ""shoe shop"", ""confidence"": 0.0387}, {""rank"": 4, ""label"": ""vending machine"", ""confidence"": 0.0319}, {""rank"": 5, ""label"": ""abacus"", ""confidence"": 0.0254}]",False,building
Places365_val_00021887.jpg,/Users/aidahamzic/PycharmProjects/PythonProject1/val_256/Places365_val_00021887.jpg,highway,black and gold garden spider,0.2222,"[{""rank"": 1, ""label"": ""black and gold garden spider"", ""confidence"": 0.2222}, {""rank"": 2, ""label"": ""garden spider"", ""confidence"": 0.133}, {""rank"": 3, ""label"": ""spider web"", ""confidence"": 0.0965}, {""rank"": 4, ""label"": ""barn spider"", ""confidence"": 0.0789}, {""rank"": 5, ""label"": ""black widow"", ""confidence"": 0.02}]",False,street
Places365_val_00021889.jpg,/Users/aidahamzic/PycharmProjects/PythonProject1/val_256/Places365_val_00021889.jpg,ocean,television,0.1453,"[{""rank"": 1, ""label"": ""television"", ""confidence"": 0.1453}, {""rank"": 2, ""label"": ""monitor"", ""confidence"": 0.1225}, {""rank"": 3, ""label"": ""entertainment center"", ""confidence"": 0.1096}, {""rank"": 4, ""label"": ""home theater"", ""confidence"": 0.1077}, {""rank"": 5, ""label"": ""window screen"", ""confidence"": 0.1044}]",False,water
Places365_val_00021905.jpg,/Users/aidahamzic/PycharmProjects/PythonProject1/val_256/Places365_val_00021905.jpg,ocean,sea lion,0.9683,"[{""rank"": 1, ""label"": ""sea lion"", ""confidence"": 0.9683}, {""rank"": 2, ""label"": ""otter"", ""confidence"": 0.0243}, {""rank"": 3, ""label"": ""leatherback turtle"", ""confidence"": 0.0019}, {""rank"": 4, ""label"": ""mink"", ""confidence"": 0.0009}, {""rank"": 5, ""label"": ""ice bear"", ""confidence"": 0.0007}]",False,water
Places365_val_00021924.jpg,/Users/aidahamzic/PycharmProjects/PythonProject1/val_256/Places365_val_00021924.jpg,alley,streetcar,0.6868,"[{""rank"": 1, ""label"": ""streetcar"", ""confidence"": 0.6868}, {""rank"": 2, ""label"": ""passenger car"", ""confidence"": 0.0484}, {""rank"": 3, ""label"": ""bubble"", ""confidence"": 0.038}, {""rank"": 4, ""label"": ""umbrella"", ""confidence"": 0.0205}, {""rank"": 5, ""label"": ""traffic light"", ""confidence"": 0.0191}]",True,street
Places365_val_00021970.jpg,/Users/aidahamzic/PycharmProjects/PythonProject1/val_256/Places365_val_00021970.jpg,glacier,volcano,0.7451,"[{""rank"": 1, ""label"": ""volcano"", ""confidence"": 0.7451}, {""rank"": 2, ""label"": ""alp"", ""confidence"": 0.1981}, {""rank"": 3, ""label"": ""valley"", ""confidence"": 0.0198}, {""rank"": 4, ""label"": ""cliff"", ""confidence"": 0.0086}, {""rank"": 5, ""label"": ""promontory"", ""confidence"": 0.0064}]",True,glacier
Places365_val_00021985.jpg,/Users/aidahamzic/PycharmProjects/PythonProject1/val_256/Places365_val_00021985.jpg,rainforest,hen,0.0764,"[{""rank"": 1, ""label"": ""hen"", ""confidence"": 0.0764}, {""rank"": 2, ""label"": ""partridge"", ""confidence"": 0.0651}, {""rank"": 3, ""label"": ""cock"", ""confidence"": 0.0369}, {""rank"": 4, ""label"": ""Irish setter"", ""confidence"": 0.0349}, {""rank"": 5, ""label"": ""vizsla"", ""confidence"": 0.0338}]",False,forest
Places365_val_00022067.jpg,/Users/aidahamzic/PycharmProjects/PythonProject1/val_256/Places365_val_00022067.jpg,coast,seashore,0.2218,"[{""rank"": 1, ""label"": ""seashore"", ""confidence"": 0.2218}, {""rank"": 2, ""label"": ""hammerhead"", ""confidence"": 0.1114}, {""rank"": 3, ""label"": ""tiger shark"", ""confidence"": 0.102}, {""rank"": 4, ""label"": ""great white shark"", ""confidence"": 0.0992}, {""rank"": 5, ""label"": ""killer whale"", ""confidence"": 0.0639}]",True,water
Places365_val_00022111.jpg,/Users/aidahamzic/PycharmProjects/PythonProject1/val_256/Places365_val_00022111.jpg,alley,gondola,0.6089,"[{""rank"": 1, ""label"": ""gondola"", ""confidence"": 0.6089}, {""rank"": 2, ""label"": ""streetcar"", ""confidence"": 0.2643}, {""rank"": 3, ""label"": ""jinrikisha"", ""confidence"": 0.0249}, {""rank"": 4, ""label"": ""bookshop"", ""confidence"": 0.0098}, {""rank"": 5, ""label"": ""guillotine"", ""confidence"": 0.0086}]",True,street
Places365_val_00022117.jpg,/Users/aidahamzic/PycharmProjects/PythonProject1/val_256/Places365_val_00022117.jpg,tower,water tower,0.9994,"[{""rank"": 1, ""label"": ""water tower"", ""confidence"": 0.9994}, {""rank"": 2, ""label"": ""beacon"", ""confidence"": 0.0003}, {""rank"": 3, ""label"": ""drilling platform"", ""confidence"": 0.0001}, {""rank"": 4, ""label"": ""barrel"", ""confidence"": 0.0}, {""rank"": 5, ""label"": ""radio telescope"", ""confidence"": 0.0}]",False,building
Places365_val_00022123.jpg,/Users/aidahamzic/PycharmProjects/PythonProject1/val_256/Places365_val_00022123.jpg,alley,tobacco shop,0.0832,"[{""rank"": 1, ""label"": ""tobacco shop"", ""confidence"": 0.0832}, {""rank"": 2, ""label"": ""monastery"", ""confidence"": 0.0426}, {""rank"": 3, ""label"": ""guillotine"", ""confidence"": 0.0383}, {""rank"": 4, ""label"": ""wardrobe"", ""confidence"": 0.0379}, {""rank"": 5, ""label"": ""sliding door"", ""confidence"": 0.0333}]",False,street
Places365_val_00022172.jpg,/Users/aidahamzic/PycharmProjects/PythonProject1/val_256/Places365_val_00022172.jpg,rainforest,valley,0.5906,"[{""rank"": 1, ""label"": ""valley"", ""confidence"": 0.5906}, {""rank"": 2, ""label"": ""lakeside"", ""confidence"": 0.049}, {""rank"": 3, ""label"": ""viaduct"", ""confidence"": 0.0475}, {""rank"": 4, ""label"": ""stone wall"", ""confidence"": 0.034}, {""rank"": 5, ""label"": ""alp"", ""confidence"": 0.0319}]",True,forest
Places365_val_00022199.jpg,/Users/aidahamzic/PycharmProjects/PythonProject1/val_256/Places365_val_00022199.jpg,river,valley,0.6198,"[{""rank"": 1, ""label"": ""valley"", ""confidence"": 0.6198}, {""rank"": 2, ""label"": ""lakeside"", ""confidence"": 0.2766}, {""rank"": 3, ""label"": ""promontory"", ""confidence"": 0.0191}, {""rank"": 4, ""label"": ""cliff"", ""confidence"": 0.0169}, {""rank"": 5, ""label"": ""alp"", ""confidence"": 0.0127}]",True,water
Places365_val_00022213.jpg,/Users/aidahamzic/PycharmProjects/PythonProject1/val_256/Places365_val_00022213.jpg,coast,lakeside,0.3628,"[{""rank"": 1, ""label"": ""lakeside"", ""confidence"": 0.3628}, {""rank"": 2, ""label"": ""dam"", ""confidence"": 0.2852}, {""rank"": 3, ""label"": ""valley"", ""confidence"": 0.1387}, {""rank"": 4, ""label"": ""seashore"", ""confidence"": 0.0847}, {""rank"": 5, ""label"": ""promontory"", ""confidence"": 0.0436}]",True,water
Places365_val_00022215.jpg,/Users/aidahamzic/PycharmProjects/PythonProject1/val_256/Places365_val_00022215.jpg,glacier,alp,0.643,"[{""rank"": 1, ""label"": ""alp"", ""confidence"": 0.643}, {""rank"": 2, ""label"": ""mountain tent"", ""confidence"": 0.0716}, {""rank"": 3, ""label"": ""valley"", ""confidence"": 0.0532}, {""rank"": 4, ""label"": ""ski"", ""confidence"": 0.0386}, {""rank"": 5, ""label"": ""snowmobile"", ""confidence"": 0.0318}]",True,glacier
Places365_val_00022257.jpg,/Users/aidahamzic/PycharmProjects/PythonProject1/val_256/Places365_val_00022257.jpg,alley,prison,0.4242,"[{""rank"": 1, ""label"": ""prison"", ""confidence"": 0.4242}, {""rank"": 2, ""label"": ""monastery"", ""confidence"": 0.1772}, {""rank"": 3, ""label"": ""gondola"", ""confidence"": 0.1537}, {""rank"": 4, ""label"": ""palace"", ""confidence"": 0.058}, {""rank"": 5, ""label"": ""streetcar"", ""confidence"": 0.0368}]",True,street
Places365_val_00022258.jpg,/Users/aidahamzic/PycharmProjects/PythonProject1/val_256/Places365_val_00022258.jpg,hotel-outdoor,palace,0.9405,"[{""rank"": 1, ""label"": ""palace"", ""confidence"": 0.9405}, {""rank"": 2, ""label"": ""dome"", ""confidence"": 0.0257}, {""rank"": 3, ""label"": ""monastery"", ""confidence"": 0.0104}, {""rank"": 4, ""label"": ""bell cote"", ""confidence"": 0.0058}, {""rank"": 5, ""label"": ""castle"", ""confidence"": 0.0058}]",True,building
Places365_val_00022268.jpg,/Users/aidahamzic/PycharmProjects/PythonProject1/val_256/Places365_val_00022268.jpg,hotel-outdoor,palace,0.3801,"[{""rank"": 1, ""label"": ""palace"", ""confidence"": 0.3801}, {""rank"": 2, ""label"": ""carousel"", ""confidence"": 0.1276}, {""rank"": 3, ""label"": ""mosque"", ""confidence"": 0.1134}, {""rank"": 4, ""label"": ""dome"", ""confidence"": 0.0629}, {""rank"": 5, ""label"": ""monastery"", ""confidence"": 0.0439}]",True,building
Places365_val_00022308.jpg,/Users/aidahamzic/PycharmProjects/PythonProject1/val_256/Places365_val_00022308.jpg,house,cinema,0.0774,"[{""rank"": 1, ""label"": ""cinema"", ""confidence"": 0.0774}, {""rank"": 2, ""label"": ""palace"", ""confidence"": 0.0633}, {""rank"": 3, ""label"": ""flagpole"", ""confidence"": 0.0535}, {""rank"": 4, ""label"": ""prison"", ""confidence"": 0.0525}, {""rank"": 5, ""label"": ""traffic light"", ""confidence"": 0.0438}]",True,building
Places365_val_00022340.jpg,/Users/aidahamzic/PycharmProjects/PythonProject1/val_256/Places365_val_00022340.jpg,highway,trailer truck,0.2182,"[{""rank"": 1, ""label"": ""trailer truck"", ""confidence"": 0.2182}, {""rank"": 2, ""label"": ""garbage truck"", ""confidence"": 0.1119}, {""rank"": 3, ""label"": ""traffic light"", ""confidence"": 0.0789}, {""rank"": 4, ""label"": ""street sign"", ""confidence"": 0.0568}, {""rank"": 5, ""label"": ""minivan"", ""confidence"": 0.0524}]",False,street
Places365_val_00022344.jpg,/Users/aidahamzic/PycharmProjects/PythonProject1/val_256/Places365_val_00022344.jpg,alley,mobile home,0.5299,"[{""rank"": 1, ""label"": ""mobile home"", ""confidence"": 0.5299}, {""rank"": 2, ""label"": ""electric locomotive"", ""confidence"": 0.0974}, {""rank"": 3, ""label"": ""trolleybus"", ""confidence"": 0.0768}, {""rank"": 4, ""label"": ""streetcar"", ""confidence"": 0.0725}, {""rank"": 5, ""label"": ""greenhouse"", ""confidence"": 0.0263}]",True,street
Places365_val_00022362.jpg,/Users/aidahamzic/PycharmProjects/PythonProject1/val_256/Places365_val_00022362.jpg,river,pier,0.9247,"[{""rank"": 1, ""label"": ""pier"", ""confidence"": 0.9247}, {""rank"": 2, ""label"": ""suspension bridge"", ""confidence"": 0.0191}, {""rank"": 3, ""label"": ""steel arch bridge"", ""confidence"": 0.012}, {""rank"": 4, ""label"": ""promontory"", ""confidence"": 0.0097}, {""rank"": 5, ""label"": ""breakwater"", ""confidence"": 0.0057}]",True,water
Places365_val_00022375.jpg,/Users/aidahamzic/PycharmProjects/PythonProject1/val_256/Places365_val_00022375.jpg,highway,go-kart,0.0513,"[{""rank"": 1, ""label"": ""go-kart"", ""confidence"": 0.0513}, {""rank"": 2, ""label"": ""worm fence"", ""confidence"": 0.0399}, {""rank"": 3, ""label"": ""mobile home"", ""confidence"": 0.039}, {""rank"": 4, ""label"": ""racer"", ""confidence"": 0.0377}, {""rank"": 5, ""label"": ""limousine"", ""confidence"": 0.0368}]",True,street
Places365_val_00022420.jpg,/Users/aidahamzic/PycharmProjects/PythonProject1/val_256/Places365_val_00022420.jpg,river,lakeside,0.6123,"[{""rank"": 1, ""label"": ""lakeside"", ""confidence"": 0.6123}, {""rank"": 2, ""label"": ""seashore"", ""confidence"": 0.1079}, {""rank"": 3, ""label"": ""valley"", ""confidence"": 0.0555}, {""rank"": 4, ""label"": ""alp"", ""confidence"": 0.0356}, {""rank"": 5, ""label"": ""geyser"", ""confidence"": 0.0333}]",True,water
Places365_val_00022421.jpg,/Users/aidahamzic/PycharmProjects/PythonProject1/val_256/Places365_val_00022421.jpg,house,castle,0.4904,"[{""rank"": 1, ""label"": ""castle"", ""confidence"": 0.4904}, {""rank"": 2, ""label"": ""church"", ""confidence"": 0.2832}, {""rank"": 3, ""label"": ""barn"", ""confidence"": 0.0245}, {""rank"": 4, ""label"": ""beacon"", ""confidence"": 0.0228}, {""rank"": 5, ""label"": ""megalith"", ""confidence"": 0.0221}]",True,building
Places365_val_00022422.jpg,/Users/aidahamzic/PycharmProjects/PythonProject1/val_256/Places365_val_00022422.jpg,street,palace,0.1679,"[{""rank"": 1, ""label"": ""palace"", ""confidence"": 0.1679}, {""rank"": 2, ""label"": ""obelisk"", ""confidence"": 0.0919}, {""rank"": 3, ""label"": ""triumphal arch"", ""confidence"": 0.0873}, {""rank"": 4, ""label"": ""bell cote"", ""confidence"": 0.0827}, {""rank"": 5, ""label"": ""streetcar"", ""confidence"": 0.0796}]",True,street
Places365_val_00022425.jpg,/Users/aidahamzic/PycharmProjects/PythonProject1/val_256/Places365_val_00022425.jpg,ocean,lakeside,0.9541,"[{""rank"": 1, ""label"": ""lakeside"", ""confidence"": 0.9541}, {""rank"": 2, ""label"": ""valley"", ""confidence"": 0.0168}, {""rank"": 3, ""label"": ""boathouse"", ""confidence"": 0.0088}, {""rank"": 4, ""label"": ""volcano"", ""confidence"": 0.0038}, {""rank"": 5, ""label"": ""canoe"", ""confidence"": 0.0037}]",True,water
Places365_val_00022448.jpg,/Users/aidahamzic/PycharmProjects/PythonProject1/val_256/Places365_val_00022448.jpg,glacier,alp,0.508,"[{""rank"": 1, ""label"": ""alp"", ""confidence"": 0.508}, {""rank"": 2, ""label"": ""cliff"", ""confidence"": 0.1627}, {""rank"": 3, ""label"": ""valley"", ""confidence"": 0.1128}, {""rank"": 4, ""label"": ""mountain tent"", ""confidence"": 0.0391}, {""rank"": 5, ""label"": ""ski"", ""confidence"": 0.0232}]",True,glacier
Places365_val_00022481.jpg,/Users/aidahamzic/PycharmProjects/PythonProject1/val_256/Places365_val_00022481.jpg,glacier,alp,0.4919,"[{""rank"": 1, ""label"": ""alp"", ""confidence"": 0.4919}, {""rank"": 2, ""label"": ""mountain tent"", ""confidence"": 0.4147}, {""rank"": 3, ""label"": ""valley"", ""confidence"": 0.0494}, {""rank"": 4, ""label"": ""sleeping bag"", ""confidence"": 0.0073}, {""rank"": 5, ""label"": ""cliff"", ""confidence"": 0.005}]",True,glacier
Places365_val_00022487.jpg,/Users/aidahamzic/PycharmProjects/PythonProject1/val_256/Places365_val_00022487.jpg,glacier,alp,0.8119,"[{""rank"": 1, ""label"": ""alp"", ""confidence"": 0.8119}, {""rank"": 2, ""label"": ""valley"", ""confidence"": 0.1443}, {""rank"": 3, ""label"": ""cliff"", ""confidence"": 0.018}, {""rank"": 4, ""label"": ""castle"", ""confidence"": 0.0057}, {""rank"": 5, ""label"": ""lakeside"", ""confidence"": 0.0029}]",True,glacier
Places365_val_00022530.jpg,/Users/aidahamzic/PycharmProjects/PythonProject1/val_256/Places365_val_00022530.jpg,highway,car mirror,0.1193,"[{""rank"": 1, ""label"": ""car mirror"", ""confidence"": 0.1193}, {""rank"": 2, ""label"": ""mountain tent"", ""confidence"": 0.0713}, {""rank"": 3, ""label"": ""canoe"", ""confidence"": 0.0698}, {""rank"": 4, ""label"": ""spotlight"", ""confidence"": 0.0401}, {""rank"": 5, ""label"": ""fountain"", ""confidence"": 0.0388}]",False,street
Places365_val_00022554.jpg,/Users/aidahamzic/PycharmProjects/PythonProject1/val_256/Places365_val_00022554.jpg,mountain,valley,0.5078,"[{""rank"": 1, ""label"": ""valley"", ""confidence"": 0.5078}, {""rank"": 2, ""label"": ""alp"", ""confidence"": 0.1968}, {""rank"": 3, ""label"": ""lakeside"", ""confidence"": 0.0391}, {""rank"": 4, ""label"": ""worm fence"", ""confidence"": 0.039}, {""rank"": 5, ""label"": ""stone wall"", ""confidence"": 0.0193}]",True,mountain
Places365_val_00022594.jpg,/Users/aidahamzic/PycharmProjects/PythonProject1/val_256/Places365_val_00022594.jpg,hotel-outdoor,lakeside,0.5281,"[{""rank"": 1, ""label"": ""lakeside"", ""confidence"": 0.5281}, {""rank"": 2, ""label"": ""seashore"", ""confidence"": 0.143}, {""rank"": 3, ""label"": ""promontory"", ""confidence"": 0.0944}, {""rank"": 4, ""label"": ""breakwater"", ""confidence"": 0.0515}, {""rank"": 5, ""label"": ""speedboat"", ""confidence"": 0.0242}]",False,building
Places365_val_00022640.jpg,/Users/aidahamzic/PycharmProjects/PythonProject1/val_256/Places365_val_00022640.jpg,ocean,cliff,0.4631,"[{""rank"": 1, ""label"": ""cliff"", ""confidence"": 0.4631}, {""rank"": 2, ""label"": ""dam"", ""confidence"": 0.1454}, {""rank"": 3, ""label"": ""promontory"", ""confidence"": 0.1112}, {""rank"": 4, ""label"": ""beacon"", ""confidence"": 0.103}, {""rank"": 5, ""label"": ""breakwater"", ""confidence"": 0.0801}]",True,water
Places365_val_00022652.jpg,/Users/aidahamzic/PycharmProjects/PythonProject1/val_256/Places365_val_00022652.jpg,river,paddle,0.6458,"[{""rank"": 1, ""label"": ""paddle"", ""confidence"": 0.6458}, {""rank"": 2, ""label"": ""canoe"", ""confidence"": 0.3362}, {""rank"": 3, ""label"": ""amphibian"", ""confidence"": 0.0029}, {""rank"": 4, ""label"": ""sandbar"", ""confidence"": 0.0027}, {""rank"": 5, ""label"": ""speedboat"", ""confidence"": 0.0024}]",True,water
Places365_val_00022654.jpg,/Users/aidahamzic/PycharmProjects/PythonProject1/val_256/Places365_val_00022654.jpg,tower,beacon,0.9907,"[{""rank"": 1, ""label"": ""beacon"", ""confidence"": 0.9907}, {""rank"": 2, ""label"": ""fireboat"", ""confidence"": 0.0069}, {""rank"": 3, ""label"": ""liner"", ""confidence"": 0.001}, {""rank"": 4, ""label"": ""lifeboat"", ""confidence"": 0.0005}, {""rank"": 5, ""label"": ""breakwater"", ""confidence"": 0.0003}]",False,building
Places365_val_00022655.jpg,/Users/aidahamzic/PycharmProjects/PythonProject1/val_256/Places365_val_00022655.jpg,forest-broadleaf,viaduct,0.153,"[{""rank"": 1, ""label"": ""viaduct"", ""confidence"": 0.153}, {""rank"": 2, ""label"": ""monastery"", ""confidence"": 0.1127}, {""rank"": 3, ""label"": ""castle"", ""confidence"": 0.1104}, {""rank"": 4, ""label"": ""worm fence"", ""confidence"": 0.0936}, {""rank"": 5, ""label"": ""prison"", ""confidence"": 0.0648}]",False,forest
Places365_val_00022767.jpg,/Users/aidahamzic/PycharmProjects/PythonProject1/val_256/Places365_val_00022767.jpg,skyscraper,container ship,0.067,"[{""rank"": 1, ""label"": ""container ship"", ""confidence"": 0.067}, {""rank"": 2, ""label"": ""dock"", ""confidence"": 0.0635}, {""rank"": 3, ""label"": ""drilling platform"", ""confidence"": 0.0599}, {""rank"": 4, ""label"": ""crane"", ""confidence"": 0.0559}, {""rank"": 5, ""label"": ""liner"", ""confidence"": 0.0558}]",False,building
Places365_val_00022802.jpg,/Users/aidahamzic/PycharmProjects/PythonProject1/val_256/Places365_val_00022802.jpg,tower,cliff,0.1435,"[{""rank"": 1, ""label"": ""cliff"", ""confidence"": 0.1435}, {""rank"": 2, ""label"": ""stupa"", ""confidence"": 0.0873}, {""rank"": 3, ""label"": ""dogsled"", ""confidence"": 0.0787}, {""rank"": 4, ""label"": ""mosque"", ""confidence"": 0.0723}, {""rank"": 5, ""label"": ""fountain"", ""confidence"": 0.0647}]",True,building
Places365_val_00022814.jpg,/Users/aidahamzic/PycharmProjects/PythonProject1/val_256/Places365_val_00022814.jpg,skyscraper,drilling platform,0.7221,"[{""rank"": 1, ""label"": ""drilling platform"", ""confidence"": 0.7221}, {""rank"": 2, ""label"": ""space shuttle"", ""confidence"": 0.02}, {""rank"": 3, ""label"": ""pier"", ""confidence"": 0.0178}, {""rank"": 4, ""label"": ""candle"", ""confidence"": 0.0148}, {""rank"": 5, ""label"": ""container ship"", ""confidence"": 0.0103}]",False,building
Places365_val_00022838.jpg,/Users/aidahamzic/PycharmProjects/PythonProject1/val_256/Places365_val_00022838.jpg,house,palace,0.1755,"[{""rank"": 1, ""label"": ""palace"", ""confidence"": 0.1755}, {""rank"": 2, ""label"": ""monastery"", ""confidence"": 0.1242}, {""rank"": 3, ""label"": ""picket fence"", ""confidence"": 0.079}, {""rank"": 4, ""label"": ""church"", ""confidence"": 0.0661}, {""rank"": 5, ""label"": ""castle"", ""confidence"": 0.0544}]",True,building
Places365_val_00022889.jpg,/Users/aidahamzic/PycharmProjects/PythonProject1/val_256/Places365_val_00022889.jpg,glacier,valley,0.9154,"[{""rank"": 1, ""label"": ""valley"", ""confidence"": 0.9154}, {""rank"": 2, ""label"": ""alp"", ""confidence"": 0.037}, {""rank"": 3, ""label"": ""cliff"", ""confidence"": 0.0111}, {""rank"": 4, ""label"": ""promontory"", ""confidence"": 0.0075}, {""rank"": 5, ""label"": ""volcano"", ""confidence"": 0.0074}]",True,glacier
Places365_val_00022946.jpg,/Users/aidahamzic/PycharmProjects/PythonProject1/val_256/Places365_val_00022946.jpg,glacier,snowmobile,0.5835,"[{""rank"": 1, ""label"": ""snowmobile"", ""confidence"": 0.5835}, {""rank"": 2, ""label"": ""ski"", ""confidence"": 0.2538}, {""rank"": 3, ""label"": ""alp"", ""confidence"": 0.1396}, {""rank"": 4, ""label"": ""bobsled"", ""confidence"": 0.0151}, {""rank"": 5, ""label"": ""ski mask"", ""confidence"": 0.0034}]",True,glacier
Places365_val_00022993.jpg,/Users/aidahamzic/PycharmProjects/PythonProject1/val_256/Places365_val_00022993.jpg,skyscraper,library,0.499,"[{""rank"": 1, ""label"": ""library"", ""confidence"": 0.499}, {""rank"": 2, ""label"": ""container ship"", ""confidence"": 0.0827}, {""rank"": 3, ""label"": ""crane"", ""confidence"": 0.0702}, {""rank"": 4, ""label"": ""prison"", ""confidence"": 0.0627}, {""rank"": 5, ""label"": ""dome"", ""confidence"": 0.0352}]",True,building
Places365_val_00023016.jpg,/Users/aidahamzic/PycharmProjects/PythonProject1/val_256/Places365_val_00023016.jpg,highway,wing,0.8038,"[{""rank"": 1, ""label"": ""wing"", ""confidence"": 0.8038}, {""rank"": 2, ""label"": ""sundial"", ""confidence"": 0.0283}, {""rank"": 3, ""label"": ""projectile"", ""confidence"": 0.0177}, {""rank"": 4, ""label"": ""missile"", ""confidence"": 0.0167}, {""rank"": 5, ""label"": ""trailer truck"", ""confidence"": 0.0144}]",False,street
Places365_val_00023060.jpg,/Users/aidahamzic/PycharmProjects/PythonProject1/val_256/Places365_val_00023060.jpg,river,plastic bag,0.1842,"[{""rank"": 1, ""label"": ""plastic bag"", ""confidence"": 0.1842}, {""rank"": 2, ""label"": ""airship"", ""confidence"": 0.0465}, {""rank"": 3, ""label"": ""volcano"", ""confidence"": 0.0337}, {""rank"": 4, ""label"": ""caldron"", ""confidence"": 0.0323}, {""rank"": 5, ""label"": ""bathtub"", ""confidence"": 0.0226}]",False,water
Places365_val_00023136.jpg,/Users/aidahamzic/PycharmProjects/PythonProject1/val_256/Places365_val_00023136.jpg,coast,seashore,0.8865,"[{""rank"": 1, ""label"": ""seashore"", ""confidence"": 0.8865}, {""rank"": 2, ""label"": ""sandbar"", ""confidence"": 0.0581}, {""rank"": 3, ""label"": ""promontory"", ""confidence"": 0.0434}, {""rank"": 4, ""label"": ""cliff"", ""confidence"": 0.0072}, {""rank"": 5, ""label"": ""lakeside"", ""confidence"": 0.0018}]",True,water
Places365_val_00023172.jpg,/Users/aidahamzic/PycharmProjects/PythonProject1/val_256/Places365_val_00023172.jpg,highway,street sign,0.9101,"[{""rank"": 1, ""label"": ""street sign"", ""confidence"": 0.9101}, {""rank"": 2, ""label"": ""scoreboard"", ""confidence"": 0.0374}, {""rank"": 3, ""label"": ""traffic light"", ""confidence"": 0.0182}, {""rank"": 4, ""label"": ""trailer truck"", ""confidence"": 0.0036}, {""rank"": 5, ""label"": ""moving van"", ""confidence"": 0.0031}]",False,street
Places365_val_00023194.jpg,/Users/aidahamzic/PycharmProjects/PythonProject1/val_256/Places365_val_00023194.jpg,alley,tobacco shop,0.3685,"[{""rank"": 1, ""label"": ""tobacco shop"", ""confidence"": 0.3685}, {""rank"": 2, ""label"": ""confectionery"", ""confidence"": 0.1326}, {""rank"": 3, ""label"": ""toyshop"", ""confidence"": 0.1175}, {""rank"": 4, ""label"": ""shoe shop"", ""confidence"": 0.0882}, {""rank"": 5, ""label"": ""grocery store"", ""confidence"": 0.0806}]",False,street
Places365_val_00023207.jpg,/Users/aidahamzic/PycharmProjects/PythonProject1/val_256/Places365_val_00023207.jpg,forest-broadleaf,valley,0.248,"[{""rank"": 1, ""label"": ""valley"", ""confidence"": 0.248}, {""rank"": 2, ""label"": ""cliff"", ""confidence"": 0.1179}, {""rank"": 3, ""label"": ""stone wall"", ""confidence"": 0.0807}, {""rank"": 4, ""label"": ""alp"", ""confidence"": 0.0549}, {""rank"": 5, ""label"": ""marmot"", ""confidence"": 0.0439}]",True,forest
Places365_val_00023221.jpg,/Users/aidahamzic/PycharmProjects/PythonProject1/val_256/Places365_val_00023221.jpg,rainforest,yellow lady's slipper,0.2732,"[{""rank"": 1, ""label"": ""yellow lady's slipper"", ""confidence"": 0.2732}, {""rank"": 2, ""label"": ""sulphur butterfly"", ""confidence"": 0.1987}, {""rank"": 3, ""label"": ""daisy"", ""confidence"": 0.167}, {""rank"": 4, ""label"": ""rapeseed"", ""confidence"": 0.1018}, {""rank"": 5, ""label"": ""lycaenid"", ""confidence"": 0.0713}]",False,forest
Places365_val_00023247.jpg,/Users/aidahamzic/PycharmProjects/PythonProject1/val_256/Places365_val_00023247.jpg,alley,prison,0.1464,"[{""rank"": 1, ""label"": ""prison"", ""confidence"": 0.1464}, {""rank"": 2, ""label"": ""patio"", ""confidence"": 0.1443}, {""rank"": 3, ""label"": ""bannister"", ""confidence"": 0.1325}, {""rank"": 4, ""label"": ""boathouse"", ""confidence"": 0.1256}, {""rank"": 5, ""label"": ""mobile home"", ""confidence"": 0.113}]",False,street
Places365_val_00023276.jpg,/Users/aidahamzic/PycharmProjects/PythonProject1/val_256/Places365_val_00023276.jpg,alley,crate,0.1662,"[{""rank"": 1, ""label"": ""crate"", ""confidence"": 0.1662}, {""rank"": 2, ""label"": ""sliding door"", ""confidence"": 0.1252}, {""rank"": 3, ""label"": ""pier"", ""confidence"": 0.1066}, {""rank"": 4, ""label"": ""prison"", ""confidence"": 0.0767}, {""rank"": 5, ""label"": ""boathouse"", ""confidence"": 0.0609}]",False,street
Places365_val_00023290.jpg,/Users/aidahamzic/PycharmProjects/PythonProject1/val_256/Places365_val_00023290.jpg,skyscraper,dome,0.5048,"[{""rank"": 1, ""label"": ""dome"", ""confidence"": 0.5048}, {""rank"": 2, ""label"": ""palace"", ""confidence"": 0.2932}, {""rank"": 3, ""label"": ""monastery"", ""confidence"": 0.0677}, {""rank"": 4, ""label"": ""mosque"", ""confidence"": 0.0556}, {""rank"": 5, ""label"": ""castle"", ""confidence"": 0.0136}]",True,building
Places365_val_00023317.jpg,/Users/aidahamzic/PycharmProjects/PythonProject1/val_256/Places365_val_00023317.jpg,street,military uniform,0.154,"[{""rank"": 1, ""label"": ""military uniform"", ""confidence"": 0.154}, {""rank"": 2, ""label"": ""trench coat"", ""confidence"": 0.1048}, {""rank"": 3, ""label"": ""crutch"", ""confidence"": 0.0928}, {""rank"": 4, ""label"": ""bearskin"", ""confidence"": 0.0774}, {""rank"": 5, ""label"": ""jean"", ""confidence"": 0.0635}]",False,street
Places365_val_00023322.jpg,/Users/aidahamzic/PycharmProjects/PythonProject1/val_256/Places365_val_00023322.jpg,tower,cliff,0.4365,"[{""rank"": 1, ""label"": ""cliff"", ""confidence"": 0.4365}, {""rank"": 2, ""label"": ""castle"", ""confidence"": 0.1911}, {""rank"": 3, ""label"": ""monastery"", ""confidence"": 0.1255}, {""rank"": 4, ""label"": ""promontory"", ""confidence"": 0.1006}, {""rank"": 5, ""label"": ""alp"", ""confidence"": 0.0382}]",True,building
Places365_val_00023346.jpg,/Users/aidahamzic/PycharmProjects/PythonProject1/val_256/Places365_val_00023346.jpg,coast,lakeside,0.3284,"[{""rank"": 1, ""label"": ""lakeside"", ""confidence"": 0.3284}, {""rank"": 2, ""label"": ""valley"", ""confidence"": 0.2196}, {""rank"": 3, ""label"": ""seashore"", ""confidence"": 0.1568}, {""rank"": 4, ""label"": ""promontory"", ""confidence"": 0.0799}, {""rank"": 5, ""label"": ""cliff"", ""confidence"": 0.0473}]",True,water
Places365_val_00023367.jpg,/Users/aidahamzic/PycharmProjects/PythonProject1/val_256/Places365_val_00023367.jpg,street,motor scooter,0.081,"[{""rank"": 1, ""label"": ""motor scooter"", ""confidence"": 0.081}, {""rank"": 2, ""label"": ""streetcar"", ""confidence"": 0.062}, {""rank"": 3, ""label"": ""totem pole"", ""confidence"": 0.045}, {""rank"": 4, ""label"": ""bobsled"", ""confidence"": 0.0418}, {""rank"": 5, ""label"": ""unicycle"", ""confidence"": 0.0303}]",True,street
Places365_val_00023380.jpg,/Users/aidahamzic/PycharmProjects/PythonProject1/val_256/Places365_val_00023380.jpg,ocean,seashore,0.5016,"[{""rank"": 1, ""label"": ""seashore"", ""confidence"": 0.5016}, {""rank"": 2, ""label"": ""borzoi"", ""confidence"": 0.3149}, {""rank"": 3, ""label"": ""sandbar"", ""confidence"": 0.0468}, {""rank"": 4, ""label"": ""promontory"", ""confidence"": 0.0457}, {""rank"": 5, ""label"": ""whippet"", ""confidence"": 0.0308}]",True,water
Places365_val_00023383.jpg,/Users/aidahamzic/PycharmProjects/PythonProject1/val_256/Places365_val_00023383.jpg,tower,beacon,0.5751,"[{""rank"": 1, ""label"": ""beacon"", ""confidence"": 0.5751}, {""rank"": 2, ""label"": ""monastery"", ""confidence"": 0.2038}, {""rank"": 3, ""label"": ""bell cote"", ""confidence"": 0.0645}, {""rank"": 4, ""label"": ""mosque"", ""confidence"": 0.0434}, {""rank"": 5, ""label"": ""castle"", ""confidence"": 0.0347}]",True,building
Places365_val_00023469.jpg,/Users/aidahamzic/PycharmProjects/PythonProject1/val_256/Places365_val_00023469.jpg,downtown,steel arch bridge,0.1402,"[{""rank"": 1, ""label"": ""steel arch bridge"", ""confidence"": 0.1402}, {""rank"": 2, ""label"": ""cinema"", ""confidence"": 0.112}, {""rank"": 3, ""label"": ""pier"", ""confidence"": 0.0922}, {""rank"": 4, ""label"": ""bell cote"", ""confidence"": 0.0853}, {""rank"": 5, ""label"": ""prison"", ""confidence"": 0.0617}]",True,building
Places365_val_00023484.jpg,/Users/aidahamzic/PycharmProjects/PythonProject1/val_256/Places365_val_00023484.jpg,alley,prison,0.4236,"[{""rank"": 1, ""label"": ""prison"", ""confidence"": 0.4236}, {""rank"": 2, ""label"": ""vault"", ""confidence"": 0.0825}, {""rank"": 3, ""label"": ""church"", ""confidence"": 0.0508}, {""rank"": 4, ""label"": ""triumphal arch"", ""confidence"": 0.0455}, {""rank"": 5, ""label"": ""chainlink fence"", ""confidence"": 0.0416}]",False,street
Places365_val_00023520.jpg,/Users/aidahamzic/PycharmProjects/PythonProject1/val_256/Places365_val_00023520.jpg,rainforest,seashore,0.2021,"[{""rank"": 1, ""label"": ""seashore"", ""confidence"": 0.2021}, {""rank"": 2, ""label"": ""lakeside"", ""confidence"": 0.0502}, {""rank"": 3, ""label"": ""vulture"", ""confidence"": 0.0322}, {""rank"": 4, ""label"": ""oxcart"", ""confidence"": 0.0251}, {""rank"": 5, ""label"": ""sulphur-crested cockatoo"", ""confidence"": 0.0224}]",False,forest
Places365_val_00023535.jpg,/Users/aidahamzic/PycharmProjects/PythonProject1/val_256/Places365_val_00023535.jpg,highway,ski,0.1615,"[{""rank"": 1, ""label"": ""ski"", ""confidence"": 0.1615}, {""rank"": 2, ""label"": ""pole"", ""confidence"": 0.0712}, {""rank"": 3, ""label"": ""broom"", ""confidence"": 0.0487}, {""rank"": 4, ""label"": ""rule"", ""confidence"": 0.0426}, {""rank"": 5, ""label"": ""snowplow"", ""confidence"": 0.0366}]",False,street
Places365_val_00023577.jpg,/Users/aidahamzic/PycharmProjects/PythonProject1/val_256/Places365_val_00023577.jpg,street,streetcar,0.1785,"[{""rank"": 1, ""label"": ""streetcar"", ""confidence"": 0.1785}, {""rank"": 2, ""label"": ""cab"", ""confidence"": 0.0599}, {""rank"": 3, ""label"": ""tobacco shop"", ""confidence"": 0.0511}, {""rank"": 4, ""label"": ""cinema"", ""confidence"": 0.0479}, {""rank"": 5, ""label"": ""police van"", ""confidence"": 0.0443}]",True,street
Places365_val_00023581.jpg,/Users/aidahamzic/PycharmProjects/PythonProject1/val_256/Places365_val_00023581.jpg,mountain,alp,0.482,"[{""rank"": 1, ""label"": ""alp"", ""confidence"": 0.482}, {""rank"": 2, ""label"": ""valley"", ""confidence"": 0.3521}, {""rank"": 3, ""label"": ""cliff"", ""confidence"": 0.0481}, {""rank"": 4, ""label"": ""promontory"", ""confidence"": 0.0304}, {""rank"": 5, ""label"": ""mountain tent"", ""confidence"": 0.0278}]",True,mountain
Places365_val_00023593.jpg,/Users/aidahamzic/PycharmProjects/PythonProject1/val_256/Places365_val_00023593.jpg,rainforest,volcano,0.2613,"[{""rank"": 1, ""label"": ""volcano"", ""confidence"": 0.2613}, {""rank"": 2, ""label"": ""valley"", ""confidence"": 0.1487}, {""rank"": 3, ""label"": ""cliff"", ""confidence"": 0.1209}, {""rank"": 4, ""label"": ""promontory"", ""confidence"": 0.1143}, {""rank"": 5, ""label"": ""breakwater"", ""confidence"": 0.0752}]",True,forest
Places365_val_00023604.jpg,/Users/aidahamzic/PycharmProjects/PythonProject1/val_256/Places365_val_00023604.jpg,alley,cinema,0.34,"[{""rank"": 1, ""label"": ""cinema"", ""confidence"": 0.34}, {""rank"": 2, ""label"": ""restaurant"", ""confidence"": 0.1496}, {""rank"": 3, ""label"": ""theater curtain"", ""confidence"": 0.0837}, {""rank"": 4, ""label"": ""throne"", ""confidence"": 0.0508}, {""rank"": 5, ""label"": ""poncho"", ""confidence"": 0.0452}]",False,street
Places365_val_00023674.jpg,/Users/aidahamzic/PycharmProjects/PythonProject1/val_256/Places365_val_00023674.jpg,street,airship,0.2727,"[{""rank"": 1, ""label"": ""airship"", ""confidence"": 0.2727}, {""rank"": 2, ""label"": ""palace"", ""confidence"": 0.0754}, {""rank"": 3, ""label"": ""web site"", ""confidence"": 0.0612}, {""rank"": 4, ""label"": ""seashore"", ""confidence"": 0.0507}, {""rank"": 5, ""label"": ""streetcar"", ""confidence"": 0.0447}]",True,street
Places365_val_00023705.jpg,/Users/aidahamzic/PycharmProjects/PythonProject1/val_256/Places365_val_00023705.jpg,street,unicycle,0.1889,"[{""rank"": 1, ""label"": ""unicycle"", ""confidence"": 0.1889}, {""rank"": 2, ""label"": ""motor scooter"", ""confidence"": 0.1577}, {""rank"": 3, ""label"": ""moped"", ""confidence"": 0.134}, {""rank"": 4, ""label"": ""jinrikisha"", ""confidence"": 0.0825}, {""rank"": 5, ""label"": ""crash helmet"", ""confidence"": 0.0329}]",True,street
Places365_val_00023718.jpg,/Users/aidahamzic/PycharmProjects/PythonProject1/val_256/Places365_val_00023718.jpg,tower,bell cote,0.5782,"[{""rank"": 1, ""label"": ""bell cote"", ""confidence"": 0.5782}, {""rank"": 2, ""label"": ""monastery"", ""confidence"": 0.2861}, {""rank"": 3, ""label"": ""church"", ""confidence"": 0.046}, {""rank"": 4, ""label"": ""castle"", ""confidence"": 0.0344}, {""rank"": 5, ""label"": ""palace"", ""confidence"": 0.023}]",True,building
Places365_val_00023828.jpg,/Users/aidahamzic/PycharmProjects/PythonProject1/val_256/Places365_val_00023828.jpg,hotel-outdoor,limousine,0.252,"[{""rank"": 1, ""label"": ""limousine"", ""confidence"": 0.252}, {""rank"": 2, ""label"": ""sports car"", ""confidence"": 0.0787}, {""rank"": 3, ""label"": ""minivan"", ""confidence"": 0.0734}, {""rank"": 4, ""label"": ""convertible"", ""confidence"": 0.0458}, {""rank"": 5, ""label"": ""racer"", ""confidence"": 0.0423}]",False,building
Places365_val_00023837.jpg,/Users/aidahamzic/PycharmProjects/PythonProject1/val_256/Places365_val_00023837.jpg,rainforest,valley,0.368,"[{""rank"": 1, ""label"": ""valley"", ""confidence"": 0.368}, {""rank"": 2, ""label"": ""colobus"", ""confidence"": 0.2106}, {""rank"": 3, ""label"": ""cliff"", ""confidence"": 0.0795}, {""rank"": 4, ""label"": ""dam"", ""confidence"": 0.0444}, {""rank"": 5, ""label"": ""fountain"", ""confidence"": 0.0341}]",True,forest
Places365_val_00023839.jpg,/Users/aidahamzic/PycharmProjects/PythonProject1/val_256/Places365_val_00023839.jpg,river,seashore,0.3363,"[{""rank"": 1, ""label"": ""seashore"", ""confidence"": 0.3363}, {""rank"": 2, ""label"": ""sandbar"", ""confidence"": 0.2823}, {""rank"": 3, ""label"": ""geyser"", ""confidence"": 0.1349}, {""rank"": 4, ""label"": ""lakeside"", ""confidence"": 0.1314}, {""rank"": 5, ""label"": ""valley"", ""confidence"": 0.0447}]",True,water
Places365_val_00023869.jpg,/Users/aidahamzic/PycharmProjects/PythonProject1/val_256/Places365_val_00023869.jpg,alley,vault,0.3752,"[{""rank"": 1, ""label"": ""vault"", ""confidence"": 0.3752}, {""rank"": 2, ""label"": ""viaduct"", ""confidence"": 0.3323}, {""rank"": 3, ""label"": ""monastery"", ""confidence"": 0.0777}, {""rank"": 4, ""label"": ""steel arch bridge"", ""confidence"": 0.0675}, {""rank"": 5, ""label"": ""pier"", ""confidence"": 0.0338}]",False,street
Places365_val_00023946.jpg,/Users/aidahamzic/PycharmProjects/PythonProject1/val_256/Places365_val_00023946.jpg,forest-broadleaf,valley,0.6712,"[{""rank"": 1, ""label"": ""valley"", ""confidence"": 0.6712}, {""rank"": 2, ""label"": ""alp"", ""confidence"": 0.0628}, {""rank"": 3, ""label"": ""cliff"", ""confidence"": 0.0483}, {""rank"": 4, ""label"": ""promontory"", ""confidence"": 0.0344}, {""rank"": 5, ""label"": ""lakeside"", ""confidence"": 0.0278}]",True,forest
Places365_val_00024011.jpg,/Users/aidahamzic/PycharmProjects/PythonProject1/val_256/Places365_val_00024011.jpg,rainforest,volcano,0.1476,"[{""rank"": 1, ""label"": ""volcano"", ""confidence"": 0.1476}, {""rank"": 2, ""label"": ""lakeside"", ""confidence"": 0.1124}, {""rank"": 3, ""label"": ""seashore"", ""confidence"": 0.0781}, {""rank"": 4, ""label"": ""valley"", ""confidence"": 0.0365}, {""rank"": 5, ""label"": ""beacon"", ""confidence"": 0.0304}]",True,forest
Places365_val_00024156.jpg,/Users/aidahamzic/PycharmProjects/PythonProject1/val_256/Places365_val_00024156.jpg,alley,prison,0.2869,"[{""rank"": 1, ""label"": ""prison"", ""confidence"": 0.2869}, {""rank"": 2, ""label"": ""traffic light"", ""confidence"": 0.0923}, {""rank"": 3, ""label"": ""barn"", ""confidence"": 0.0606}, {""rank"": 4, ""label"": ""guillotine"", ""confidence"": 0.0499}, {""rank"": 5, ""label"": ""street sign"", ""confidence"": 0.0385}]",False,street
Places365_val_00024158.jpg,/Users/aidahamzic/PycharmProjects/PythonProject1/val_256/Places365_val_00024158.jpg,alley,tricycle,0.3893,"[{""rank"": 1, ""label"": ""tricycle"", ""confidence"": 0.3893}, {""rank"": 2, ""label"": ""mountain bike"", ""confidence"": 0.3072}, {""rank"": 3, ""label"": ""moped"", ""confidence"": 0.1658}, {""rank"": 4, ""label"": ""bicycle-built-for-two"", ""confidence"": 0.0523}, {""rank"": 5, ""label"": ""unicycle"", ""confidence"": 0.04}]",False,street
Places365_val_00024188.jpg,/Users/aidahamzic/PycharmProjects/PythonProject1/val_256/Places365_val_00024188.jpg,tower,bell cote,0.2484,"[{""rank"": 1, ""label"": ""bell cote"", ""confidence"": 0.2484}, {""rank"": 2, ""label"": ""triumphal arch"", ""confidence"": 0.1555}, {""rank"": 3, ""label"": ""monastery"", ""confidence"": 0.0856}, {""rank"": 4, ""label"": ""church"", ""confidence"": 0.0615}, {""rank"": 5, ""label"": ""palace"", ""confidence"": 0.052}]",True,building
Places365_val_00024196.jpg,/Users/aidahamzic/PycharmProjects/PythonProject1/val_256/Places365_val_00024196.jpg,ocean,pier,0.2445,"[{""rank"": 1, ""label"": ""pier"", ""confidence"": 0.2445}, {""rank"": 2, ""label"": ""liner"", ""confidence"": 0.1049}, {""rank"": 3, ""label"": ""dock"", ""confidence"": 0.098}, {""rank"": 4, ""label"": ""breakwater"", ""confidence"": 0.0572}, {""rank"": 5, ""label"": ""fountain"", ""confidence"": 0.0545}]",True,water
Places365_val_00024215.jpg,/Users/aidahamzic/PycharmProjects/PythonProject1/val_256/Places365_val_00024215.jpg,river,seashore,0.2383,"[{""rank"": 1, ""label"": ""seashore"", ""confidence"": 0.2383}, {""rank"": 2, ""label"": ""wreck"", ""confidence"": 0.1102}, {""rank"": 3, ""label"": ""lakeside"", ""confidence"": 0.074}, {""rank"": 4, ""label"": ""pier"", ""confidence"": 0.031}, {""rank"": 5, ""label"": ""promontory"", ""confidence"": 0.0306}]",True,water
Places365_val_00024242.jpg,/Users/aidahamzic/PycharmProjects/PythonProject1/val_256/Places365_val_00024242.jpg,mountain,alp,0.4114,"[{""rank"": 1, ""label"": ""alp"", ""confidence"": 0.4114}, {""rank"": 2, ""label"": ""mountain bike"", ""confidence"": 0.2493}, {""rank"": 3, ""label"": ""unicycle"", ""confidence"": 0.118}, {""rank"": 4, ""label"": ""volcano"", ""confidence"": 0.069}, {""rank"": 5, ""label"": ""valley"", ""confidence"": 0.0482}]",True,mountain
Places365_val_00024326.jpg,/Users/aidahamzic/PycharmProjects/PythonProject1/val_256/Places365_val_00024326.jpg,tower,water tower,0.2508,"[{""rank"": 1, ""label"": ""water tower"", ""confidence"": 0.2508}, {""rank"": 2, ""label"": ""obelisk"", ""confidence"": 0.1731}, {""rank"": 3, ""label"": ""pole"", ""confidence"": 0.085}, {""rank"": 4, ""label"": ""flagpole"", ""confidence"": 0.0458}, {""rank"": 5, ""label"": ""totem pole"", ""confidence"": 0.0426}]",True,building
Places365_val_00024352.jpg,/Users/aidahamzic/PycharmProjects/PythonProject1/val_256/Places365_val_00024352.jpg,rainforest,viaduct,0.174,"[{""rank"": 1, ""label"": ""viaduct"", ""confidence"": 0.174}, {""rank"": 2, ""label"": ""lakeside"", ""confidence"": 0.0913}, {""rank"": 3, ""label"": ""megalith"", ""confidence"": 0.0328}, {""rank"": 4, ""label"": ""park bench"", ""confidence"": 0.0326}, {""rank"": 5, ""label"": ""boathouse"", ""confidence"": 0.0309}]",False,forest
Places365_val_00024371.jpg,/Users/aidahamzic/PycharmProjects/PythonProject1/val_256/Places365_val_00024371.jpg,glacier,alp,0.4641,"[{""rank"": 1, ""label"": ""alp"", ""confidence"": 0.4641}, {""rank"": 2, ""label"": ""valley"", ""confidence"": 0.1568}, {""rank"": 3, ""label"": ""ibex"", ""confidence"": 0.0611}, {""rank"": 4, ""label"": ""promontory"", ""confidence"": 0.0563}, {""rank"": 5, ""label"": ""cliff"", ""confidence"": 0.045}]",True,glacier
Places365_val_00024377.jpg,/Users/aidahamzic/PycharmProjects/PythonProject1/val_256/Places365_val_00024377.jpg,alley,bicycle-built-for-two,0.222,"[{""rank"": 1, ""label"": ""bicycle-built-for-two"", ""confidence"": 0.222}, {""rank"": 2, ""label"": ""jinrikisha"", ""confidence"": 0.1191}, {""rank"": 3, ""label"": ""mountain bike"", ""confidence"": 0.0497}, {""rank"": 4, ""label"": ""unicycle"", ""confidence"": 0.0369}, {""rank"": 5, ""label"": ""moped"", ""confidence"": 0.0301}]",True,street
Places365_val_00024449.jpg,/Users/aidahamzic/PycharmProjects/PythonProject1/val_256/Places365_val_00024449.jpg,mountain,alp,0.3639,"[{""rank"": 1, ""label"": ""alp"", ""confidence"": 0.3639}, {""rank"": 2, ""label"": ""valley"", ""confidence"": 0.3349}, {""rank"": 3, ""label"": ""mountain tent"", ""confidence"": 0.0671}, {""rank"": 4, ""label"": ""cliff"", ""confidence"": 0.0504}, {""rank"": 5, ""label"": ""promontory"", ""confidence"": 0.0301}]",True,mountain
Places365_val_00024534.jpg,/Users/aidahamzic/PycharmProjects/PythonProject1/val_256/Places365_val_00024534.jpg,alley,lumbermill,0.4561,"[{""rank"": 1, ""label"": ""lumbermill"", ""confidence"": 0.4561}, {""rank"": 2, ""label"": ""vault"", ""confidence"": 0.0849}, {""rank"": 3, ""label"": ""prison"", ""confidence"": 0.0556}, {""rank"": 4, ""label"": ""pier"", ""confidence"": 0.0528}, {""rank"": 5, ""label"": ""crane"", ""confidence"": 0.0341}]",False,street
Places365_val_00024562.jpg,/Users/aidahamzic/PycharmProjects/PythonProject1/val_256/Places365_val_00024562.jpg,ocean,beacon,0.0777,"[{""rank"": 1, ""label"": ""beacon"", ""confidence"": 0.0777}, {""rank"": 2, ""label"": ""geyser"", ""confidence"": 0.065}, {""rank"": 3, ""label"": ""lakeside"", ""confidence"": 0.0416}, {""rank"": 4, ""label"": ""barn"", ""confidence"": 0.0404}, {""rank"": 5, ""label"": ""yurt"", ""confidence"": 0.0321}]",True,water
Places365_val_00024604.jpg,/Users/aidahamzic/PycharmProjects/PythonProject1/val_256/Places365_val_00024604.jpg,highway,viaduct,0.2258,"[{""rank"": 1, ""label"": ""viaduct"", ""confidence"": 0.2258}, {""rank"": 2, ""label"": ""valley"", ""confidence"": 0.1217}, {""rank"": 3, ""label"": ""car mirror"", ""confidence"": 0.0897}, {""rank"": 4, ""label"": ""trailer truck"", ""confidence"": 0.0865}, {""rank"": 5, ""label"": ""suspension bridge"", ""confidence"": 0.0573}]",False,street
Places365_val_00024624.jpg,/Users/aidahamzic/PycharmProjects/PythonProject1/val_256/Places365_val_00024624.jpg,rainforest,lawn mower,0.5565,"[{""rank"": 1, ""label"": ""lawn mower"", ""confidence"": 0.5565}, {""rank"": 2, ""label"": ""croquet ball"", ""confidence"": 0.0474}, {""rank"": 3, ""label"": ""barrow"", ""confidence"": 0.036}, {""rank"": 4, ""label"": ""tricycle"", ""confidence"": 0.0228}, {""rank"": 5, ""label"": ""academic gown"", ""confidence"": 0.0209}]",False,forest
Places365_val_00024665.jpg,/Users/aidahamzic/PycharmProjects/PythonProject1/val_256/Places365_val_00024665.jpg,highway,mountain tent,0.1253,"[{""rank"": 1, ""label"": ""mountain tent"", ""confidence"": 0.1253}, {""rank"": 2, ""label"": ""dam"", ""confidence"": 0.1125}, {""rank"": 3, ""label"": ""alp"", ""confidence"": 0.0954}, {""rank"": 4, ""label"": ""freight car"", ""confidence"": 0.0947}, {""rank"": 5, ""label"": ""valley"", ""confidence"": 0.0865}]",False,street
Places365_val_00024667.jpg,/Users/aidahamzic/PycharmProjects/PythonProject1/val_256/Places365_val_00024667.jpg,alley,prison,0.8419,"[{""rank"": 1, ""label"": ""prison"", ""confidence"": 0.8419}, {""rank"": 2, ""label"": ""chainlink fence"", ""confidence"": 0.0246}, {""rank"": 3, ""label"": ""forklift"", ""confidence"": 0.0145}, {""rank"": 4, ""label"": ""shopping cart"", ""confidence"": 0.0133}, {""rank"": 5, ""label"": ""steam locomotive"", ""confidence"": 0.0091}]",False,street
Places365_val_00024671.jpg,/Users/aidahamzic/PycharmProjects/PythonProject1/val_256/Places365_val_00024671.jpg,house,mobile home,0.3171,"[{""rank"": 1, ""label"": ""mobile home"", ""confidence"": 0.3171}, {""rank"": 2, ""label"": ""picket fence"", ""confidence"": 0.2651}, {""rank"": 3, ""label"": ""worm fence"", ""confidence"": 0.1107}, {""rank"": 4, ""label"": ""boathouse"", ""confidence"": 0.0721}, {""rank"": 5, ""label"": ""church"", ""confidence"": 0.0272}]",True,building
Places365_val_00024680.jpg,/Users/aidahamzic/PycharmProjects/PythonProject1/val_256/Places365_val_00024680.jpg,hotel-outdoor,monastery,0.2371,"[{""rank"": 1, ""label"": ""monastery"", ""confidence"": 0.2371}, {""rank"": 2, ""label"": ""mobile home"", ""confidence"": 0.1688}, {""rank"": 3, ""label"": ""palace"", ""confidence"": 0.1262}, {""rank"": 4, ""label"": ""bell cote"", ""confidence"": 0.0756}, {""rank"": 5, ""label"": ""moving van"", ""confidence"": 0.0452}]",True,building
Places365_val_00024688.jpg,/Users/aidahamzic/PycharmProjects/PythonProject1/val_256/Places365_val_00024688.jpg,mountain,worm fence,0.2185,"[{""rank"": 1, ""label"": ""worm fence"", ""confidence"": 0.2185}, {""rank"": 2, ""label"": ""valley"", ""confidence"": 0.2076}, {""rank"": 3, ""label"": ""lakeside"", ""confidence"": 0.0844}, {""rank"": 4, ""label"": ""maze"", ""confidence"": 0.0362}, {""rank"": 5, ""label"": ""alp"", ""confidence"": 0.0358}]",True,mountain
Places365_val_00024689.jpg,/Users/aidahamzic/PycharmProjects/PythonProject1/val_256/Places365_val_00024689.jpg,downtown,palace,0.2028,"[{""rank"": 1, ""label"": ""palace"", ""confidence"": 0.2028}, {""rank"": 2, ""label"": ""streetcar"", ""confidence"": 0.1236}, {""rank"": 3, ""label"": ""bell cote"", ""confidence"": 0.0694}, {""rank"": 4, ""label"": ""cab"", ""confidence"": 0.0591}, {""rank"": 5, ""label"": ""limousine"", ""confidence"": 0.0543}]",True,building
Places365_val_00024694.jpg,/Users/aidahamzic/PycharmProjects/PythonProject1/val_256/Places365_val_00024694.jpg,alley,lumbermill,0.4692,"[{""rank"": 1, ""label"": ""lumbermill"", ""confidence"": 0.4692}, {""rank"": 2, ""label"": ""tank"", ""confidence"": 0.1153}, {""rank"": 3, ""label"": ""mobile home"", ""confidence"": 0.0974}, {""rank"": 4, ""label"": ""thresher"", ""confidence"": 0.0645}, {""rank"": 5, ""label"": ""half track"", ""confidence"": 0.0388}]",False,street
Places365_val_00024698.jpg,/Users/aidahamzic/PycharmProjects/PythonProject1/val_256/Places365_val_00024698.jpg,river,paddlewheel,0.3107,"[{""rank"": 1, ""label"": ""paddlewheel"", ""confidence"": 0.3107}, {""rank"": 2, ""label"": ""dock"", ""confidence"": 0.2562}, {""rank"": 3, ""label"": ""pier"", ""confidence"": 0.1479}, {""rank"": 4, ""label"": ""liner"", ""confidence"": 0.0816}, {""rank"": 5, ""label"": ""steel arch bridge"", ""confidence"": 0.0692}]",True,water
Places365_val_00024700.jpg,/Users/aidahamzic/PycharmProjects/PythonProject1/val_256/Places365_val_00024700.jpg,glacier,alp,0.5014,"[{""rank"": 1, ""label"": ""alp"", ""confidence"": 0.5014}, {""rank"": 2, ""label"": ""valley"", ""confidence"": 0.1239}, {""rank"": 3, ""label"": ""ski"", ""confidence"": 0.0449}, {""rank"": 4, ""label"": ""volcano"", ""confidence"": 0.0223}, {""rank"": 5, ""label"": ""Samoyed"", ""confidence"": 0.0212}]",True,glacier
Places365_val_00024714.jpg,/Users/aidahamzic/PycharmProjects/PythonProject1/val_256/Places365_val_00024714.jpg,downtown,seashore,0.1718,"[{""rank"": 1, ""label"": ""seashore"", ""confidence"": 0.1718}, {""rank"": 2, ""label"": ""lakeside"", ""confidence"": 0.1425}, {""rank"": 3, ""label"": ""aircraft carrier"", ""confidence"": 0.0948}, {""rank"": 4, ""label"": ""promontory"", ""confidence"": 0.0713}, {""rank"": 5, ""label"": ""airship"", ""confidence"": 0.069}]",False,building
Places365_val_00024716.jpg,/Users/aidahamzic/PycharmProjects/PythonProject1/val_256/Places365_val_00024716.jpg,coast,seashore,0.2082,"[{""rank"": 1, ""label"": ""seashore"", ""confidence"": 0.2082}, {""rank"": 2, ""label"": ""promontory"", ""confidence"": 0.1978}, {""rank"": 3, ""label"": ""lakeside"", ""confidence"": 0.0942}, {""rank"": 4, ""label"": ""drilling platform"", ""confidence"": 0.0572}, {""rank"": 5, ""label"": ""sandbar"", ""confidence"": 0.0516}]",True,water
Places365_val_00024797.jpg,/Users/aidahamzic/PycharmProjects/PythonProject1/val_256/Places365_val_00024797.jpg,ocean,catamaran,0.6657,"[{""rank"": 1, ""label"": ""catamaran"", ""confidence"": 0.6657}, {""rank"": 2, ""label"": ""trimaran"", ""confidence"": 0.1867}, {""rank"": 3, ""label"": ""yawl"", ""confidence"": 0.1317}, {""rank"": 4, ""label"": ""schooner"", ""confidence"": 0.0155}, {""rank"": 5, ""label"": ""pirate"", ""confidence"": 0.0001}]",True,water
Places365_val_00024814.jpg,/Users/aidahamzic/PycharmProjects/PythonProject1/val_256/Places365_val_00024814.jpg,alley,passenger car,0.735,"[{""rank"": 1, ""label"": ""passenger car"", ""confidence"": 0.735}, {""rank"": 2, ""label"": ""electric locomotive"", ""confidence"": 0.1298}, {""rank"": 3, ""label"": ""streetcar"", ""confidence"": 0.0597}, {""rank"": 4, ""label"": ""freight car"", ""confidence"": 0.0303}, {""rank"": 5, ""label"": ""bullet train"", ""confidence"": 0.0297}]",True,street
Places365_val_00024851.jpg,/Users/aidahamzic/PycharmProjects/PythonProject1/val_256/Places365_val_00024851.jpg,house,boathouse,0.1269,"[{""rank"": 1, ""label"": ""boathouse"", ""confidence"": 0.1269}, {""rank"": 2, ""label"": ""bell cote"", ""confidence"": 0.1228}, {""rank"": 3, ""label"": ""monastery"", ""confidence"": 0.1136}, {""rank"": 4, ""label"": ""thatch"", ""confidence"": 0.1037}, {""rank"": 5, ""label"": ""alp"", ""confidence"": 0.1001}]",True,building
Places365_val_00024862.jpg,/Users/aidahamzic/PycharmProjects/PythonProject1/val_256/Places365_val_00024862.jpg,highway,pier,0.7507,"[{""rank"": 1, ""label"": ""pier"", ""confidence"": 0.7507}, {""rank"": 2, ""label"": ""steel arch bridge"", ""confidence"": 0.0796}, {""rank"": 3, ""label"": ""viaduct"", ""confidence"": 0.0291}, {""rank"": 4, ""label"": ""dam"", ""confidence"": 0.0284}, {""rank"": 5, ""label"": ""suspension bridge"", ""confidence"": 0.0279}]",False,street
Places365_val_00024871.jpg,/Users/aidahamzic/PycharmProjects/PythonProject1/val_256/Places365_val_00024871.jpg,coast,seashore,0.1641,"[{""rank"": 1, ""label"": ""seashore"", ""confidence"": 0.1641}, {""rank"": 2, ""label"": ""promontory"", ""confidence"": 0.164}, {""rank"": 3, ""label"": ""lakeside"", ""confidence"": 0.1063}, {""rank"": 4, ""label"": ""breakwater"", ""confidence"": 0.0737}, {""rank"": 5, ""label"": ""schooner"", ""confidence"": 0.0611}]",True,water
Places365_val_00024906.jpg,/Users/aidahamzic/PycharmProjects/PythonProject1/val_256/Places365_val_00024906.jpg,glacier,alp,0.7947,"[{""rank"": 1, ""label"": ""alp"", ""confidence"": 0.7947}, {""rank"": 2, ""label"": ""valley"", ""confidence"": 0.146}, {""rank"": 3, ""label"": ""ski"", ""confidence"": 0.0094}, {""rank"": 4, ""label"": ""cliff"", ""confidence"": 0.0092}, {""rank"": 5, ""label"": ""mountain tent"", ""confidence"": 0.0077}]",True,glacier
Places365_val_00024974.jpg,/Users/aidahamzic/PycharmProjects/PythonProject1/val_256/Places365_val_00024974.jpg,highway,mountain tent,0.1562,"[{""rank"": 1, ""label"": ""mountain tent"", ""confidence"": 0.1562}, {""rank"": 2, ""label"": ""alp"", ""confidence"": 0.1144}, {""rank"": 3, ""label"": ""lakeside"", ""confidence"": 0.0839}, {""rank"": 4, ""label"": ""valley"", ""confidence"": 0.0767}, {""rank"": 5, ""label"": ""volcano"", ""confidence"": 0.0331}]",False,street
Places365_val_00024983.jpg,/Users/aidahamzic/PycharmProjects/PythonProject1/val_256/Places365_val_00024983.jpg,alley,snowplow,0.1477,"[{""rank"": 1, ""label"": ""snowplow"", ""confidence"": 0.1477}, {""rank"": 2, ""label"": ""jack-o'-lantern"", ""confidence"": 0.0755}, {""rank"": 3, ""label"": ""picket fence"", ""confidence"": 0.0663}, {""rank"": 4, ""label"": ""traffic light"", ""confidence"": 0.0576}, {""rank"": 5, ""label"": ""car mirror"", ""confidence"": 0.0278}]",False,street
Places365_val_00024990.jpg,/Users/aidahamzic/PycharmProjects/PythonProject1/val_256/Places365_val_00024990.jpg,ocean,seashore,0.3019,"[{""rank"": 1, ""label"": ""seashore"", ""confidence"": 0.3019}, {""rank"": 2, ""label"": ""promontory"", ""confidence"": 0.1692}, {""rank"": 3, ""label"": ""grey whale"", ""confidence"": 0.0877}, {""rank"": 4, ""label"": ""beacon"", ""confidence"": 0.0866}, {""rank"": 5, ""label"": ""cliff"", ""confidence"": 0.0631}]",True,water
Places365_val_00025001.jpg,/Users/aidahamzic/PycharmProjects/PythonProject1/val_256/Places365_val_00025001.jpg,downtown,container ship,0.123,"[{""rank"": 1, ""label"": ""container ship"", ""confidence"": 0.123}, {""rank"": 2, ""label"": ""solar dish"", ""confidence"": 0.0695}, {""rank"": 3, ""label"": ""crane"", ""confidence"": 0.069}, {""rank"": 4, ""label"": ""scoreboard"", ""confidence"": 0.0553}, {""rank"": 5, ""label"": ""freight car"", ""confidence"": 0.0438}]",False,building
Places365_val_00025059.jpg,/Users/aidahamzic/PycharmProjects/PythonProject1/val_256/Places365_val_00025059.jpg,skyscraper,palace,0.4473,"[{""rank"": 1, ""label"": ""palace"", ""confidence"": 0.4473}, {""rank"": 2, ""label"": ""bell cote"", ""confidence"": 0.1425}, {""rank"": 3, ""label"": ""lakeside"", ""confidence"": 0.0641}, {""rank"": 4, ""label"": ""gondola"", ""confidence"": 0.0476}, {""rank"": 5, ""label"": ""castle"", ""confidence"": 0.0315}]",True,building
Places365_val_00025074.jpg,/Users/aidahamzic/PycharmProjects/PythonProject1/val_256/Places365_val_00025074.jpg,river,steel arch bridge,0.9946,"[{""rank"": 1, ""label"": ""steel arch bridge"", ""confidence"": 0.9946}, {""rank"": 2, ""label"": ""pier"", ""confidence"": 0.0042}, {""rank"": 3, ""label"": ""suspension bridge"", ""confidence"": 0.0011}, {""rank"": 4, ""label"": ""promontory"", ""confidence"": 0.0001}, {""rank"": 5, ""label"": ""viaduct"", ""confidence"": 0.0}]",False,water
Places365_val_00025183.jpg,/Users/aidahamzic/PycharmProjects/PythonProject1/val_256/Places365_val_00025183.jpg,forest-broadleaf,dogsled,0.336,"[{""rank"": 1, ""label"": ""dogsled"", ""confidence"": 0.336}, {""rank"": 2, ""label"": ""Labrador retriever"", ""confidence"": 0.0428}, {""rank"": 3, ""label"": ""Irish wolfhound"", ""confidence"": 0.0405}, {""rank"": 4, ""label"": ""bison"", ""confidence"": 0.0353}, {""rank"": 5, ""label"": ""bluetick"", ""confidence"": 0.0289}]",True,forest
Places365_val_00025194.jpg,/Users/aidahamzic/PycharmProjects/PythonProject1/val_256/Places365_val_00025194.jpg,skyscraper,limousine,0.1636,"[{""rank"": 1, ""label"": ""limousine"", ""confidence"": 0.1636}, {""rank"": 2, ""label"": ""mobile home"", ""confidence"": 0.0626}, {""rank"": 3, ""label"": ""beacon"", ""confidence"": 0.0619}, {""rank"": 4, ""label"": ""planetarium"", ""confidence"": 0.0483}, {""rank"": 5, ""label"": ""bell cote"", ""confidence"": 0.0483}]",True,building
Places365_val_00025233.jpg,/Users/aidahamzic/PycharmProjects/PythonProject1/val_256/Places365_val_00025233.jpg,forest-broadleaf,valley,0.1193,"[{""rank"": 1, ""label"": ""valley"", ""confidence"": 0.1193}, {""rank"": 2, ""label"": ""oxcart"", ""confidence"": 0.1157}, {""rank"": 3, ""label"": ""ox"", ""confidence"": 0.1083}, {""rank"": 4, ""label"": ""alp"", ""confidence"": 0.0654}, {""rank"": 5, ""label"": ""thresher"", ""confidence"": 0.0622}]",True,forest
Places365_val_00025241.jpg,/Users/aidahamzic/PycharmProjects/PythonProject1/val_256/Places365_val_00025241.jpg,highway,beacon,0.1354,"[{""rank"": 1, ""label"": ""beacon"", ""confidence"": 0.1354}, {""rank"": 2, ""label"": ""lakeside"", ""confidence"": 0.0965}, {""rank"": 3, ""label"": ""spotlight"", ""confidence"": 0.0876}, {""rank"": 4, ""label"": ""obelisk"", ""confidence"": 0.0612}, {""rank"": 5, ""label"": ""wing"", ""confidence"": 0.0398}]",False,street
Places365_val_00025251.jpg,/Users/aidahamzic/PycharmProjects/PythonProject1/val_256/Places365_val_00025251.jpg,downtown,library,0.0799,"[{""rank"": 1, ""label"": ""library"", ""confidence"": 0.0799}, {""rank"": 2, ""label"": ""handkerchief"", ""confidence"": 0.0746}, {""rank"": 3, ""label"": ""envelope"", ""confidence"": 0.0595}, {""rank"": 4, ""label"": ""crossword puzzle"", ""confidence"": 0.057}, {""rank"": 5, ""label"": ""bullet train"", ""confidence"": 0.0505}]",True,building
Places365_val_00025280.jpg,/Users/aidahamzic/PycharmProjects/PythonProject1/val_256/Places365_val_00025280.jpg,street,streetcar,0.1273,"[{""rank"": 1, ""label"": ""streetcar"", ""confidence"": 0.1273}, {""rank"": 2, ""label"": ""garbage truck"", ""confidence"": 0.1136}, {""rank"": 3, ""label"": ""grocery store"", ""confidence"": 0.091}, {""rank"": 4, ""label"": ""tobacco shop"", ""confidence"": 0.042}, {""rank"": 5, ""label"": ""toyshop"", ""confidence"": 0.0354}]",True,street
Places365_val_00025307.jpg,/Users/aidahamzic/PycharmProjects/PythonProject1/val_256/Places365_val_00025307.jpg,hotel-outdoor,gas pump,0.2248,"[{""rank"": 1, ""label"": ""gas pump"", ""confidence"": 0.2248}, {""rank"": 2, ""label"": ""mobile home"", ""confidence"": 0.2007}, {""rank"": 3, ""label"": ""library"", ""confidence"": 0.1016}, {""rank"": 4, ""label"": ""cinema"", ""confidence"": 0.0386}, {""rank"": 5, ""label"": ""moving van"", ""confidence"": 0.0275}]",True,building
Places365_val_00025326.jpg,/Users/aidahamzic/PycharmProjects/PythonProject1/val_256/Places365_val_00025326.jpg,tower,library,0.2641,"[{""rank"": 1, ""label"": ""library"", ""confidence"": 0.2641}, {""rank"": 2, ""label"": ""steel arch bridge"", ""confidence"": 0.1143}, {""rank"": 3, ""label"": ""cinema"", ""confidence"": 0.078}, {""rank"": 4, ""label"": ""dome"", ""confidence"": 0.063}, {""rank"": 5, ""label"": ""bookcase"", ""confidence"": 0.0504}]",True,building
Places365_val_00025327.jpg,/Users/aidahamzic/PycharmProjects/PythonProject1/val_256/Places365_val_00025327.jpg,street,unicycle,0.424,"[{""rank"": 1, ""label"": ""unicycle"", ""confidence"": 0.424}, {""rank"": 2, ""label"": ""jinrikisha"", ""confidence"": 0.2088}, {""rank"": 3, ""label"": ""bicycle-built-for-two"", ""confidence"": 0.166}, {""rank"": 4, ""label"": ""crutch"", ""confidence"": 0.0349}, {""rank"": 5, ""label"": ""moped"", ""confidence"": 0.0339}]",True,street
Places365_val_00025336.jpg,/Users/aidahamzic/PycharmProjects/PythonProject1/val_256/Places365_val_00025336.jpg,downtown,seashore,0.2522,"[{""rank"": 1, ""label"": ""seashore"", ""confidence"": 0.2522}, {""rank"": 2, ""label"": ""lakeside"", ""confidence"": 0.1973}, {""rank"": 3, ""label"": ""promontory"", ""confidence"": 0.1467}, {""rank"": 4, ""label"": ""palace"", ""confidence"": 0.0344}, {""rank"": 5, ""label"": ""castle"", ""confidence"": 0.0283}]",True,building
Places365_val_00025344.jpg,/Users/aidahamzic/PycharmProjects/PythonProject1/val_256/Places365_val_00025344.jpg,house,patio,0.244,"[{""rank"": 1, ""label"": ""patio"", ""confidence"": 0.244}, {""rank"": 2, ""label"": ""rain barrel"", ""confidence"": 0.1434}, {""rank"": 3, ""label"": ""mobile home"", ""confidence"": 0.0845}, {""rank"": 4, ""label"": ""boathouse"", ""confidence"": 0.0324}, {""rank"": 5, ""label"": ""flagpole"", ""confidence"": 0.0197}]",True,building
Places365_val_00025352.jpg,/Users/aidahamzic/PycharmProjects/PythonProject1/val_256/Places365_val_00025352.jpg,rainforest,great grey owl,0.6586,"[{""rank"": 1, ""label"": ""great grey owl"", ""confidence"": 0.6586}, {""rank"": 2, ""label"": ""ruffed grouse"", ""confidence"": 0.0904}, {""rank"": 3, ""label"": ""kite"", ""confidence"": 0.0892}, {""rank"": 4, ""label"": ""quail"", ""confidence"": 0.0535}, {""rank"": 5, ""label"": ""prairie chicken"", ""confidence"": 0.0294}]",False,forest
Places365_val_00025363.jpg,/Users/aidahamzic/PycharmProjects/PythonProject1/val_256/Places365_val_00025363.jpg,forest-broadleaf,cowboy boot,0.0433,"[{""rank"": 1, ""label"": ""cowboy boot"", ""confidence"": 0.0433}, {""rank"": 2, ""label"": ""warthog"", ""confidence"": 0.0327}, {""rank"": 3, ""label"": ""wallaby"", ""confidence"": 0.0239}, {""rank"": 4, ""label"": ""Norwegian elkhound"", ""confidence"": 0.0223}, {""rank"": 5, ""label"": ""groenendael"", ""confidence"": 0.0167}]",False,forest
Places365_val_00025384.jpg,/Users/aidahamzic/PycharmProjects/PythonProject1/val_256/Places365_val_00025384.jpg,mountain,cliff,0.5876,"[{""rank"": 1, ""label"": ""cliff"", ""confidence"": 0.5876}, {""rank"": 2, ""label"": ""valley"", ""confidence"": 0.153}, {""rank"": 3, ""label"": ""cliff dwelling"", ""confidence"": 0.0765}, {""rank"": 4, ""label"": ""dam"", ""confidence"": 0.0555}, {""rank"": 5, ""label"": ""wreck"", ""confidence"": 0.023}]",True,mountain
Places365_val_00025395.jpg,/Users/aidahamzic/PycharmProjects/PythonProject1/val_256/Places365_val_00025395.jpg,glacier,alp,0.6526,"[{""rank"": 1, ""label"": ""alp"", ""confidence"": 0.6526}, {""rank"": 2, ""label"": ""valley"", ""confidence"": 0.1656}, {""rank"": 3, ""label"": ""cliff"", ""confidence"": 0.053}, {""rank"": 4, ""label"": ""mountain tent"", ""confidence"": 0.0172}, {""rank"": 5, ""label"": ""promontory"", ""confidence"": 0.0157}]",True,glacier
Places365_val_00025418.jpg,/Users/aidahamzic/PycharmProjects/PythonProject1/val_256/Places365_val_00025418.jpg,alley,punching bag,0.2816,"[{""rank"": 1, ""label"": ""punching bag"", ""confidence"": 0.2816}, {""rank"": 2, ""label"": ""sliding door"", ""confidence"": 0.0486}, {""rank"": 3, ""label"": ""guillotine"", ""confidence"": 0.046}, {""rank"": 4, ""label"": ""prison"", ""confidence"": 0.0419}, {""rank"": 5, ""label"": ""crate"", ""confidence"": 0.0286}]",False,street
Places365_val_00025419.jpg,/Users/aidahamzic/PycharmProjects/PythonProject1/val_256/Places365_val_00025419.jpg,coast,trailer truck,0.2036,"[{""rank"": 1, ""label"": ""trailer truck"", ""confidence"": 0.2036}, {""rank"": 2, ""label"": ""recreational vehicle"", ""confidence"": 0.0875}, {""rank"": 3, ""label"": ""mobile home"", ""confidence"": 0.0844}, {""rank"": 4, ""label"": ""garbage truck"", ""confidence"": 0.0709}, {""rank"": 5, ""label"": ""lakeside"", ""confidence"": 0.031}]",True,water
Places365_val_00025437.jpg,/Users/aidahamzic/PycharmProjects/PythonProject1/val_256/Places365_val_00025437.jpg,skyscraper,pier,0.2035,"[{""rank"": 1, ""label"": ""pier"", ""confidence"": 0.2035}, {""rank"": 2, ""label"": ""forklift"", ""confidence"": 0.1225}, {""rank"": 3, ""label"": ""monitor"", ""confidence"": 0.0711}, {""rank"": 4, ""label"": ""trailer truck"", ""confidence"": 0.057}, {""rank"": 5, ""label"": ""guillotine"", ""confidence"": 0.0537}]",False,building
Places365_val_00025442.jpg,/Users/aidahamzic/PycharmProjects/PythonProject1/val_256/Places365_val_00025442.jpg,skyscraper,pier,0.3339,"[{""rank"": 1, ""label"": ""pier"", ""confidence"": 0.3339}, {""rank"": 2, ""label"": ""bell cote"", ""confidence"": 0.0806}, {""rank"": 3, ""label"": ""lakeside"", ""confidence"": 0.0681}, {""rank"": 4, ""label"": ""suspension bridge"", ""confidence"": 0.058}, {""rank"": 5, ""label"": ""steel arch bridge"", ""confidence"": 0.0563}]",False,building
Places365_val_00025446.jpg,/Users/aidahamzic/PycharmProjects/PythonProject1/val_256/Places365_val_00025446.jpg,alley,tile roof,0.2319,"[{""rank"": 1, ""label"": ""tile roof"", ""confidence"": 0.2319}, {""rank"": 2, ""label"": ""barn"", ""confidence"": 0.1222}, {""rank"": 3, ""label"": ""lumbermill"", ""confidence"": 0.1119}, {""rank"": 4, ""label"": ""patio"", ""confidence"": 0.0554}, {""rank"": 5, ""label"": ""thatch"", ""confidence"": 0.0513}]",False,street
Places365_val_00025507.jpg,/Users/aidahamzic/PycharmProjects/PythonProject1/val_256/Places365_val_00025507.jpg,skyscraper,liner,0.1097,"[{""rank"": 1, ""label"": ""liner"", ""confidence"": 0.1097}, {""rank"": 2, ""label"": ""scoreboard"", ""confidence"": 0.0733}, {""rank"": 3, ""label"": ""tape player"", ""confidence"": 0.0482}, {""rank"": 4, ""label"": ""dock"", ""confidence"": 0.0471}, {""rank"": 5, ""label"": ""drilling platform"", ""confidence"": 0.0468}]",False,building
Places365_val_00025526.jpg,/Users/aidahamzic/PycharmProjects/PythonProject1/val_256/Places365_val_00025526.jpg,hotel-outdoor,patio,0.138,"[{""rank"": 1, ""label"": ""patio"", ""confidence"": 0.138}, {""rank"": 2, ""label"": ""mobile home"", ""confidence"": 0.1179}, {""rank"": 3, ""label"": ""picket fence"", ""confidence"": 0.0894}, {""rank"": 4, ""label"": ""pot"", ""confidence"": 0.0739}, {""rank"": 5, ""label"": ""lakeside"", ""confidence"": 0.067}]",True,building
Places365_val_00025577.jpg,/Users/aidahamzic/PycharmProjects/PythonProject1/val_256/Places365_val_00025577.jpg,alley,prison,0.2622,"[{""rank"": 1, ""label"": ""prison"", ""confidence"": 0.2622}, {""rank"": 2, ""label"": ""streetcar"", ""confidence"": 0.251}, {""rank"": 3, ""label"": ""passenger car"", ""confidence"": 0.2435}, {""rank"": 4, ""label"": ""bullet train"", ""confidence"": 0.0708}, {""rank"": 5, ""label"": ""umbrella"", ""confidence"": 0.0424}]",True,street
Places365_val_00025580.jpg,/Users/aidahamzic/PycharmProjects/PythonProject1/val_256/Places365_val_00025580.jpg,river,lakeside,0.7473,"[{""rank"": 1, ""label"": ""lakeside"", ""confidence"": 0.7473}, {""rank"": 2, ""label"": ""boathouse"", ""confidence"": 0.1105}, {""rank"": 3, ""label"": ""sandbar"", ""confidence"": 0.0321}, {""rank"": 4, ""label"": ""dam"", ""confidence"": 0.0311}, {""rank"": 5, ""label"": ""valley"", ""confidence"": 0.0244}]",True,water
Places365_val_00025601.jpg,/Users/aidahamzic/PycharmProjects/PythonProject1/val_256/Places365_val_00025601.jpg,street,cab,0.3337,"[{""rank"": 1, ""label"": ""cab"", ""confidence"": 0.3337}, {""rank"": 2, ""label"": ""streetcar"", ""confidence"": 0.1867}, {""rank"": 3, ""label"": ""gondola"", ""confidence"": 0.1259}, {""rank"": 4, ""label"": ""police van"", ""confidence"": 0.0843}, {""rank"": 5, ""label"": ""limousine"", ""confidence"": 0.0464}]",True,street
Places365_val_00025631.jpg,/Users/aidahamzic/PycharmProjects/PythonProject1/val_256/Places365_val_00025631.jpg,ocean,seashore,0.4699,"[{""rank"": 1, ""label"": ""seashore"", ""confidence"": 0.4699}, {""rank"": 2, ""label"": ""sandbar"", ""confidence"": 0.3332}, {""rank"": 3, ""label"": ""promontory"", ""confidence"": 0.0409}, {""rank"": 4, ""label"": ""swimming trunks"", ""confidence"": 0.0323}, {""rank"": 5, ""label"": ""wreck"", ""confidence"": 0.0145}]",True,water
Places365_val_00025635.jpg,/Users/aidahamzic/PycharmProjects/PythonProject1/val_256/Places365_val_00025635.jpg,street,gondola,0.4485,"[{""rank"": 1, ""label"": ""gondola"", ""confidence"": 0.4485}, {""rank"": 2, ""label"": ""boathouse"", ""confidence"": 0.1907}, {""rank"": 3, ""label"": ""lifeboat"", ""confidence"": 0.0464}, {""rank"": 4, ""label"": ""horse cart"", ""confidence"": 0.0291}, {""rank"": 5, ""label"": ""dock"", ""confidence"": 0.0181}]",False,street
Places365_val_00025641.jpg,/Users/aidahamzic/PycharmProjects/PythonProject1/val_256/Places365_val_00025641.jpg,glacier,alp,0.5914,"[{""rank"": 1, ""label"": ""alp"", ""confidence"": 0.5914}, {""rank"": 2, ""label"": ""valley"", ""confidence"": 0.3608}, {""rank"": 3, ""label"": ""cliff"", ""confidence"": 0.0158}, {""rank"": 4, ""label"": ""mountain tent"", ""confidence"": 0.0134}, {""rank"": 5, ""label"": ""ibex"", ""confidence"": 0.0043}]",True,glacier
Places365_val_00025675.jpg,/Users/aidahamzic/PycharmProjects/PythonProject1/val_256/Places365_val_00025675.jpg,ocean,jellyfish,0.9943,"[{""rank"": 1, ""label"": ""jellyfish"", ""confidence"": 0.9943}, {""rank"": 2, ""label"": ""scuba diver"", ""confidence"": 0.0016}, {""rank"": 3, ""label"": ""spotlight"", ""confidence"": 0.0004}, {""rank"": 4, ""label"": ""coral reef"", ""confidence"": 0.0003}, {""rank"": 5, ""label"": ""electric ray"", ""confidence"": 0.0003}]",False,water
Places365_val_00025739.jpg,/Users/aidahamzic/PycharmProjects/PythonProject1/val_256/Places365_val_00025739.jpg,forest-broadleaf,greenhouse,0.0563,"[{""rank"": 1, ""label"": ""greenhouse"", ""confidence"": 0.0563}, {""rank"": 2, ""label"": ""picket fence"", ""confidence"": 0.0488}, {""rank"": 3, ""label"": ""broccoli"", ""confidence"": 0.0375}, {""rank"": 4, ""label"": ""rapeseed"", ""confidence"": 0.0171}, {""rank"": 5, ""label"": ""mobile home"", ""confidence"": 0.0154}]",False,forest
Places365_val_00025753.jpg,/Users/aidahamzic/PycharmProjects/PythonProject1/val_256/Places365_val_00025753.jpg,forest-broadleaf,paintbrush,0.2201,"[{""rank"": 1, ""label"": ""paintbrush"", ""confidence"": 0.2201}, {""rank"": 2, ""label"": ""broom"", ""confidence"": 0.1722}, {""rank"": 3, ""label"": ""swab"", ""confidence"": 0.1414}, {""rank"": 4, ""label"": ""quill"", ""confidence"": 0.0803}, {""rank"": 5, ""label"": ""theater curtain"", ""confidence"": 0.0527}]",False,forest
Places365_val_00025761.jpg,/Users/aidahamzic/PycharmProjects/PythonProject1/val_256/Places365_val_00025761.jpg,skyscraper,mosque,0.1749,"[{""rank"": 1, ""label"": ""mosque"", ""confidence"": 0.1749}, {""rank"": 2, ""label"": ""suspension bridge"", ""confidence"": 0.0535}, {""rank"": 3, ""label"": ""dome"", ""confidence"": 0.0437}, {""rank"": 4, ""label"": ""bannister"", ""confidence"": 0.0415}, {""rank"": 5, ""label"": ""torch"", ""confidence"": 0.0395}]",True,building
Places365_val_00025772.jpg,/Users/aidahamzic/PycharmProjects/PythonProject1/val_256/Places365_val_00025772.jpg,ocean,lakeside,0.5417,"[{""rank"": 1, ""label"": ""lakeside"", ""confidence"": 0.5417}, {""rank"": 2, ""label"": ""seashore"", ""confidence"": 0.0869}, {""rank"": 3, ""label"": ""castle"", ""confidence"": 0.0398}, {""rank"": 4, ""label"": ""liner"", ""confidence"": 0.0284}, {""rank"": 5, ""label"": ""space shuttle"", ""confidence"": 0.0249}]",True,water
Places365_val_00025816.jpg,/Users/aidahamzic/PycharmProjects/PythonProject1/val_256/Places365_val_00025816.jpg,rainforest,valley,0.2138,"[{""rank"": 1, ""label"": ""valley"", ""confidence"": 0.2138}, {""rank"": 2, ""label"": ""cliff"", ""confidence"": 0.0658}, {""rank"": 3, ""label"": ""mountain bike"", ""confidence"": 0.0521}, {""rank"": 4, ""label"": ""stone wall"", ""confidence"": 0.0355}, {""rank"": 5, ""label"": ""thatch"", ""confidence"": 0.0279}]",True,forest
Places365_val_00025817.jpg,/Users/aidahamzic/PycharmProjects/PythonProject1/val_256/Places365_val_00025817.jpg,skyscraper,pedestal,0.2518,"[{""rank"": 1, ""label"": ""pedestal"", ""confidence"": 0.2518}, {""rank"": 2, ""label"": ""bell cote"", ""confidence"": 0.1244}, {""rank"": 3, ""label"": ""mosque"", ""confidence"": 0.1001}, {""rank"": 4, ""label"": ""palace"", ""confidence"": 0.0677}, {""rank"": 5, ""label"": ""flagpole"", ""confidence"": 0.0494}]",True,building
Places365_val_00025857.jpg,/Users/aidahamzic/PycharmProjects/PythonProject1/val_256/Places365_val_00025857.jpg,mountain,volcano,0.5769,"[{""rank"": 1, ""label"": ""volcano"", ""confidence"": 0.5769}, {""rank"": 2, ""label"": ""geyser"", ""confidence"": 0.1457}, {""rank"": 3, ""label"": ""valley"", ""confidence"": 0.0712}, {""rank"": 4, ""label"": ""alp"", ""confidence"": 0.0532}, {""rank"": 5, ""label"": ""promontory"", ""confidence"": 0.0258}]",True,mountain
Places365_val_00025861.jpg,/Users/aidahamzic/PycharmProjects/PythonProject1/val_256/Places365_val_00025861.jpg,mountain,valley,0.3201,"[{""rank"": 1, ""label"": ""valley"", ""confidence"": 0.3201}, {""rank"": 2, ""label"": ""mountain bike"", ""confidence"": 0.1307}, {""rank"": 3, ""label"": ""cliff"", ""confidence"": 0.1041}, {""rank"": 4, ""label"": ""seashore"", ""confidence"": 0.0744}, {""rank"": 5, ""label"": ""alp"", ""confidence"": 0.0497}]",True,mountain
Places365_val_00025900.jpg,/Users/aidahamzic/PycharmProjects/PythonProject1/val_256/Places365_val_00025900.jpg,mountain,alp,0.7673,"[{""rank"": 1, ""label"": ""alp"", ""confidence"": 0.7673}, {""rank"": 2, ""label"": ""valley"", ""confidence"": 0.0725}, {""rank"": 3, ""label"": ""cliff"", ""confidence"": 0.0541}, {""rank"": 4, ""label"": ""promontory"", ""confidence"": 0.0345}, {""rank"": 5, ""label"": ""mountain tent"", ""confidence"": 0.0115}]",True,mountain
Places365_val_00025910.jpg,/Users/aidahamzic/PycharmProjects/PythonProject1/val_256/Places365_val_00025910.jpg,coast,seashore,0.5937,"[{""rank"": 1, ""label"": ""seashore"", ""confidence"": 0.5937}, {""rank"": 2, ""label"": ""sandbar"", ""confidence"": 0.1791}, {""rank"": 3, ""label"": ""lakeside"", ""confidence"": 0.0962}, {""rank"": 4, ""label"": ""promontory"", ""confidence"": 0.0376}, {""rank"": 5, ""label"": ""valley"", ""confidence"": 0.0315}]",True,water
Places365_val_00025918.jpg,/Users/aidahamzic/PycharmProjects/PythonProject1/val_256/Places365_val_00025918.jpg,alley,comic book,0.2061,"[{""rank"": 1, ""label"": ""comic book"", ""confidence"": 0.2061}, {""rank"": 2, ""label"": ""oxcart"", ""confidence"": 0.0728}, {""rank"": 3, ""label"": ""jigsaw puzzle"", ""confidence"": 0.0611}, {""rank"": 4, ""label"": ""quilt"", ""confidence"": 0.0609}, {""rank"": 5, ""label"": ""vending machine"", ""confidence"": 0.0483}]",False,street
Places365_val_00025925.jpg,/Users/aidahamzic/PycharmProjects/PythonProject1/val_256/Places365_val_00025925.jpg,mountain,cliff,0.3108,"[{""rank"": 1, ""label"": ""cliff"", ""confidence"": 0.3108}, {""rank"": 2, ""label"": ""alp"", ""confidence"": 0.2655}, {""rank"": 3, ""label"": ""valley"", ""confidence"": 0.1973}, {""rank"": 4, ""label"": ""promontory"", ""confidence"": 0.0762}, {""rank"": 5, ""label"": ""geyser"", ""confidence"": 0.0437}]",True,mountain
Places365_val_00025965.jpg,/Users/aidahamzic/PycharmProjects/PythonProject1/val_256/Places365_val_00025965.jpg,skyscraper,palace,0.2098,"[{""rank"": 1, ""label"": ""palace"", ""confidence"": 0.2098}, {""rank"": 2, ""label"": ""castle"", ""confidence"": 0.1167}, {""rank"": 3, ""label"": ""bell cote"", ""confidence"": 0.0485}, {""rank"": 4, ""label"": ""container ship"", ""confidence"": 0.0479}, {""rank"": 5, ""label"": ""lakeside"", ""confidence"": 0.0351}]",True,building
Places365_val_00025970.jpg,/Users/aidahamzic/PycharmProjects/PythonProject1/val_256/Places365_val_00025970.jpg,house,streetcar,0.23,"[{""rank"": 1, ""label"": ""streetcar"", ""confidence"": 0.23}, {""rank"": 2, ""label"": ""mobile home"", ""confidence"": 0.1967}, {""rank"": 3, ""label"": ""snowplow"", ""confidence"": 0.0645}, {""rank"": 4, ""label"": ""passenger car"", ""confidence"": 0.0623}, {""rank"": 5, ""label"": ""gas pump"", ""confidence"": 0.0366}]",False,building
Places365_val_00025973.jpg,/Users/aidahamzic/PycharmProjects/PythonProject1/val_256/Places365_val_00025973.jpg,hotel-outdoor,cinema,0.152,"[{""rank"": 1, ""label"": ""cinema"", ""confidence"": 0.152}, {""rank"": 2, ""label"": ""bell cote"", ""confidence"": 0.1437}, {""rank"": 3, ""label"": ""boathouse"", ""confidence"": 0.0804}, {""rank"": 4, ""label"": ""flagpole"", ""confidence"": 0.0629}, {""rank"": 5, ""label"": ""mobile home"", ""confidence"": 0.0585}]",True,building
Places365_val_00026036.jpg,/Users/aidahamzic/PycharmProjects/PythonProject1/val_256/Places365_val_00026036.jpg,forest-broadleaf,dam,0.6367,"[{""rank"": 1, ""label"": ""dam"", ""confidence"": 0.6367}, {""rank"": 2, ""label"": ""valley"", ""confidence"": 0.1646}, {""rank"": 3, ""label"": ""lakeside"", ""confidence"": 0.1126}, {""rank"": 4, ""label"": ""canoe"", ""confidence"": 0.0211}, {""rank"": 5, ""label"": ""geyser"", ""confidence"": 0.0116}]",True,forest
Places365_val_00026061.jpg,/Users/aidahamzic/PycharmProjects/PythonProject1/val_256/Places365_val_00026061.jpg,forest-broadleaf,maze,0.3137,"[{""rank"": 1, ""label"": ""maze"", ""confidence"": 0.3137}, {""rank"": 2, ""label"": ""viaduct"", ""confidence"": 0.3033}, {""rank"": 3, ""label"": ""valley"", ""confidence"": 0.0614}, {""rank"": 4, ""label"": ""castle"", ""confidence"": 0.0531}, {""rank"": 5, ""label"": ""stone wall"", ""confidence"": 0.026}]",True,forest
Places365_val_00026079.jpg,/Users/aidahamzic/PycharmProjects/PythonProject1/val_256/Places365_val_00026079.jpg,skyscraper,obelisk,0.0988,"[{""rank"": 1, ""label"": ""obelisk"", ""confidence"": 0.0988}, {""rank"": 2, ""label"": ""pole"", ""confidence"": 0.0669}, {""rank"": 3, ""label"": ""cinema"", ""confidence"": 0.0624}, {""rank"": 4, ""label"": ""flagpole"", ""confidence"": 0.0511}, {""rank"": 5, ""label"": ""street sign"", ""confidence"": 0.0436}]",True,building
Places365_val_00026103.jpg,/Users/aidahamzic/PycharmProjects/PythonProject1/val_256/Places365_val_00026103.jpg,downtown,boathouse,0.2191,"[{""rank"": 1, ""label"": ""boathouse"", ""confidence"": 0.2191}, {""rank"": 2, ""label"": ""pier"", ""confidence"": 0.0717}, {""rank"": 3, ""label"": ""dock"", ""confidence"": 0.0601}, {""rank"": 4, ""label"": ""palace"", ""confidence"": 0.0395}, {""rank"": 5, ""label"": ""lakeside"", ""confidence"": 0.0311}]",True,building
Places365_val_00026117.jpg,/Users/aidahamzic/PycharmProjects/PythonProject1/val_256/Places365_val_00026117.jpg,hotel-outdoor,palace,0.2152,"[{""rank"": 1, ""label"": ""palace"", ""confidence"": 0.2152}, {""rank"": 2, ""label"": ""steel arch bridge"", ""confidence"": 0.0734}, {""rank"": 3, ""label"": ""crane"", ""confidence"": 0.0598}, {""rank"": 4, ""label"": ""pier"", ""confidence"": 0.0583}, {""rank"": 5, ""label"": ""dam"", ""confidence"": 0.0429}]",True,building
Places365_val_00026125.jpg,/Users/aidahamzic/PycharmProjects/PythonProject1/val_256/Places365_val_00026125.jpg,forest-broadleaf,stone wall,0.2093,"[{""rank"": 1, ""label"": ""stone wall"", ""confidence"": 0.2093}, {""rank"": 2, ""label"": ""megalith"", ""confidence"": 0.1814}, {""rank"": 3, ""label"": ""cliff"", ""confidence"": 0.1035}, {""rank"": 4, ""label"": ""lakeside"", ""confidence"": 0.0274}, {""rank"": 5, ""label"": ""alp"", ""confidence"": 0.021}]",True,forest
Places365_val_00026134.jpg,/Users/aidahamzic/PycharmProjects/PythonProject1/val_256/Places365_val_00026134.jpg,glacier,alp,0.5098,"[{""rank"": 1, ""label"": ""alp"", ""confidence"": 0.5098}, {""rank"": 2, ""label"": ""valley"", ""confidence"": 0.1376}, {""rank"": 3, ""label"": ""mountain tent"", ""confidence"": 0.126}, {""rank"": 4, ""label"": ""volcano"", ""confidence"": 0.0642}, {""rank"": 5, ""label"": ""cliff"", ""confidence"": 0.0199}]",True,glacier
Places365_val_00026137.jpg,/Users/aidahamzic/PycharmProjects/PythonProject1/val_256/Places365_val_00026137.jpg,rainforest,Komodo dragon,0.096,"[{""rank"": 1, ""label"": ""Komodo dragon"", ""confidence"": 0.096}, {""rank"": 2, ""label"": ""tusker"", ""confidence"": 0.0724}, {""rank"": 3, ""label"": ""mongoose"", ""confidence"": 0.0481}, {""rank"": 4, ""label"": ""green mamba"", ""confidence"": 0.0464}, {""rank"": 5, ""label"": ""Indian elephant"", ""confidence"": 0.0317}]",False,forest
Places365_val_00026140.jpg,/Users/aidahamzic/PycharmProjects/PythonProject1/val_256/Places365_val_00026140.jpg,skyscraper,beacon,0.5185,"[{""rank"": 1, ""label"": ""beacon"", ""confidence"": 0.5185}, {""rank"": 2, ""label"": ""bell cote"", ""confidence"": 0.1231}, {""rank"": 3, ""label"": ""liner"", ""confidence"": 0.0787}, {""rank"": 4, ""label"": ""dome"", ""confidence"": 0.0546}, {""rank"": 5, ""label"": ""breakwater"", ""confidence"": 0.03}]",True,building
Places365_val_00026150.jpg,/Users/aidahamzic/PycharmProjects/PythonProject1/val_256/Places365_val_00026150.jpg,house,thatch,0.1269,"[{""rank"": 1, ""label"": ""thatch"", ""confidence"": 0.1269}, {""rank"": 2, ""label"": ""bell cote"", ""confidence"": 0.126}, {""rank"": 3, ""label"": ""monastery"", ""confidence"": 0.0883}, {""rank"": 4, ""label"": ""palace"", ""confidence"": 0.0849}, {""rank"": 5, ""label"": ""beacon"", ""confidence"": 0.0792}]",True,building
Places365_val_00026225.jpg,/Users/aidahamzic/PycharmProjects/PythonProject1/val_256/Places365_val_00026225.jpg,alley,moving van,0.2549,"[{""rank"": 1, ""label"": ""moving van"", ""confidence"": 0.2549}, {""rank"": 2, ""label"": ""mobile home"", ""confidence"": 0.2317}, {""rank"": 3, ""label"": ""prison"", ""confidence"": 0.1302}, {""rank"": 4, ""label"": ""forklift"", ""confidence"": 0.1104}, {""rank"": 5, ""label"": ""barbell"", ""confidence"": 0.0326}]",False,street
Places365_val_00026239.jpg,/Users/aidahamzic/PycharmProjects/PythonProject1/val_256/Places365_val_00026239.jpg,river,schooner,0.8073,"[{""rank"": 1, ""label"": ""schooner"", ""confidence"": 0.8073}, {""rank"": 2, ""label"": ""pirate"", ""confidence"": 0.1644}, {""rank"": 3, ""label"": ""yawl"", ""confidence"": 0.028}, {""rank"": 4, ""label"": ""trimaran"", ""confidence"": 0.0002}, {""rank"": 5, ""label"": ""dock"", ""confidence"": 0.0}]",True,water
Places365_val_00026313.jpg,/Users/aidahamzic/PycharmProjects/PythonProject1/val_256/Places365_val_00026313.jpg,house,tile roof,0.2423,"[{""rank"": 1, ""label"": ""tile roof"", ""confidence"": 0.2423}, {""rank"": 2, ""label"": ""monastery"", ""confidence"": 0.2066}, {""rank"": 3, ""label"": ""patio"", ""confidence"": 0.1042}, {""rank"": 4, ""label"": ""church"", ""confidence"": 0.0894}, {""rank"": 5, ""label"": ""prison"", ""confidence"": 0.0496}]",True,building
Places365_val_00026332.jpg,/Users/aidahamzic/PycharmProjects/PythonProject1/val_256/Places365_val_00026332.jpg,skyscraper,palace,0.6236,"[{""rank"": 1, ""label"": ""palace"", ""confidence"": 0.6236}, {""rank"": 2, ""label"": ""library"", ""confidence"": 0.1378}, {""rank"": 3, ""label"": ""cinema"", ""confidence"": 0.064}, {""rank"": 4, ""label"": ""obelisk"", ""confidence"": 0.0215}, {""rank"": 5, ""label"": ""triumphal arch"", ""confidence"": 0.0192}]",True,building
Places365_val_00026348.jpg,/Users/aidahamzic/PycharmProjects/PythonProject1/val_256/Places365_val_00026348.jpg,alley,prison,0.2928,"[{""rank"": 1, ""label"": ""prison"", ""confidence"": 0.2928}, {""rank"": 2, ""label"": ""vault"", ""confidence"": 0.1095}, {""rank"": 3, ""label"": ""suspension bridge"", ""confidence"": 0.0943}, {""rank"": 4, ""label"": ""pier"", ""confidence"": 0.0833}, {""rank"": 5, ""label"": ""bell cote"", ""confidence"": 0.0428}]",False,street
Places365_val_00026350.jpg,/Users/aidahamzic/PycharmProjects/PythonProject1/val_256/Places365_val_00026350.jpg,downtown,obelisk,0.1074,"[{""rank"": 1, ""label"": ""obelisk"", ""confidence"": 0.1074}, {""rank"": 2, ""label"": ""patio"", ""confidence"": 0.1053}, {""rank"": 3, ""label"": ""airliner"", ""confidence"": 0.083}, {""rank"": 4, ""label"": ""pier"", ""confidence"": 0.0505}, {""rank"": 5, ""label"": ""planetarium"", ""confidence"": 0.048}]",True,building
Places365_val_00026366.jpg,/Users/aidahamzic/PycharmProjects/PythonProject1/val_256/Places365_val_00026366.jpg,street,gondola,0.2949,"[{""rank"": 1, ""label"": ""gondola"", ""confidence"": 0.2949}, {""rank"": 2, ""label"": ""schooner"", ""confidence"": 0.0524}, {""rank"": 3, ""label"": ""pirate"", ""confidence"": 0.0431}, {""rank"": 4, ""label"": ""boathouse"", ""confidence"": 0.0341}, {""rank"": 5, ""label"": ""sarong"", ""confidence"": 0.0336}]",False,street
Places365_val_00026421.jpg,/Users/aidahamzic/PycharmProjects/PythonProject1/val_256/Places365_val_00026421.jpg,ocean,sandbar,0.3693,"[{""rank"": 1, ""label"": ""sandbar"", ""confidence"": 0.3693}, {""rank"": 2, ""label"": ""parallel bars"", ""confidence"": 0.1344}, {""rank"": 3, ""label"": ""seashore"", ""confidence"": 0.0837}, {""rank"": 4, ""label"": ""balance beam"", ""confidence"": 0.0567}, {""rank"": 5, ""label"": ""swimming trunks"", ""confidence"": 0.0534}]",True,water
Places365_val_00026440.jpg,/Users/aidahamzic/PycharmProjects/PythonProject1/val_256/Places365_val_00026440.jpg,ocean,seashore,0.6169,"[{""rank"": 1, ""label"": ""seashore"", ""confidence"": 0.6169}, {""rank"": 2, ""label"": ""promontory"", ""confidence"": 0.1164}, {""rank"": 3, ""label"": ""sandbar"", ""confidence"": 0.0717}, {""rank"": 4, ""label"": ""volcano"", ""confidence"": 0.0233}, {""rank"": 5, ""label"": ""wreck"", ""confidence"": 0.0225}]",True,water
Places365_val_00026454.jpg,/Users/aidahamzic/PycharmProjects/PythonProject1/val_256/Places365_val_00026454.jpg,ocean,scuba diver,0.3275,"[{""rank"": 1, ""label"": ""scuba diver"", ""confidence"": 0.3275}, {""rank"": 2, ""label"": ""wreck"", ""confidence"": 0.2698}, {""rank"": 3, ""label"": ""coral reef"", ""confidence"": 0.0678}, {""rank"": 4, ""label"": ""electric ray"", ""confidence"": 0.0627}, {""rank"": 5, ""label"": ""dugong"", ""confidence"": 0.0545}]",True,water
Places365_val_00026458.jpg,/Users/aidahamzic/PycharmProjects/PythonProject1/val_256/Places365_val_00026458.jpg,rainforest,stone wall,0.1118,"[{""rank"": 1, ""label"": ""stone wall"", ""confidence"": 0.1118}, {""rank"": 2, ""label"": ""valley"", ""confidence"": 0.0988}, {""rank"": 3, ""label"": ""greenhouse"", ""confidence"": 0.0447}, {""rank"": 4, ""label"": ""cliff"", ""confidence"": 0.0402}, {""rank"": 5, ""label"": ""patio"", ""confidence"": 0.0323}]",True,forest
Places365_val_00026507.jpg,/Users/aidahamzic/PycharmProjects/PythonProject1/val_256/Places365_val_00026507.jpg,tower,triumphal arch,0.3136,"[{""rank"": 1, ""label"": ""triumphal arch"", ""confidence"": 0.3136}, {""rank"": 2, ""label"": ""palace"", ""confidence"": 0.2236}, {""rank"": 3, ""label"": ""harp"", ""confidence"": 0.0853}, {""rank"": 4, ""label"": ""church"", ""confidence"": 0.0808}, {""rank"": 5, ""label"": ""suspension bridge"", ""confidence"": 0.0565}]",True,building
Places365_val_00026513.jpg,/Users/aidahamzic/PycharmProjects/PythonProject1/val_256/Places365_val_00026513.jpg,glacier,alp,0.6065,"[{""rank"": 1, ""label"": ""alp"", ""confidence"": 0.6065}, {""rank"": 2, ""label"": ""ski"", ""confidence"": 0.0712}, {""rank"": 3, ""label"": ""shovel"", ""confidence"": 0.0267}, {""rank"": 4, ""label"": ""solar dish"", ""confidence"": 0.0259}, {""rank"": 5, ""label"": ""volcano"", ""confidence"": 0.0196}]",True,glacier
Places365_val_00026526.jpg,/Users/aidahamzic/PycharmProjects/PythonProject1/val_256/Places365_val_00026526.jpg,coast,greenhouse,0.1673,"[{""rank"": 1, ""label"": ""greenhouse"", ""confidence"": 0.1673}, {""rank"": 2, ""label"": ""lakeside"", ""confidence"": 0.1345}, {""rank"": 3, ""label"": ""fountain"", ""confidence"": 0.0917}, {""rank"": 4, ""label"": ""pier"", ""confidence"": 0.0849}, {""rank"": 5, ""label"": ""suspension bridge"", ""confidence"": 0.0838}]",True,water
Places365_val_00026541.jpg,/Users/aidahamzic/PycharmProjects/PythonProject1/val_256/Places365_val_00026541.jpg,highway,trailer truck,0.3495,"[{""rank"": 1, ""label"": ""trailer truck"", ""confidence"": 0.3495}, {""rank"": 2, ""label"": ""car mirror"", ""confidence"": 0.2691}, {""rank"": 3, ""label"": ""go-kart"", ""confidence"": 0.0287}, {""rank"": 4, ""label"": ""traffic light"", ""confidence"": 0.0226}, {""rank"": 5, ""label"": ""freight car"", ""confidence"": 0.0144}]",False,street
Places365_val_00026546.jpg,/Users/aidahamzic/PycharmProjects/PythonProject1/val_256/Places365_val_00026546.jpg,coast,beacon,0.946,"[{""rank"": 1, ""label"": ""beacon"", ""confidence"": 0.946}, {""rank"": 2, ""label"": ""breakwater"", ""confidence"": 0.0498}, {""rank"": 3, ""label"": ""promontory"", ""confidence"": 0.0036}, {""rank"": 4, ""label"": ""cliff"", ""confidence"": 0.0002}, {""rank"": 5, ""label"": ""lakeside"", ""confidence"": 0.0001}]",True,water
Places365_val_00026560.jpg,/Users/aidahamzic/PycharmProjects/PythonProject1/val_256/Places365_val_00026560.jpg,forest-broadleaf,valley,0.0743,"[{""rank"": 1, ""label"": ""valley"", ""confidence"": 0.0743}, {""rank"": 2, ""label"": ""geyser"", ""confidence"": 0.0493}, {""rank"": 3, ""label"": ""lakeside"", ""confidence"": 0.0429}, {""rank"": 4, ""label"": ""maze"", ""confidence"": 0.0377}, {""rank"": 5, ""label"": ""viaduct"", ""confidence"": 0.0338}]",True,forest
Places365_val_00026566.jpg,/Users/aidahamzic/PycharmProjects/PythonProject1/val_256/Places365_val_00026566.jpg,mountain,promontory,0.311,"[{""rank"": 1, ""label"": ""promontory"", ""confidence"": 0.311}, {""rank"": 2, ""label"": ""valley"", ""confidence"": 0.2384}, {""rank"": 3, ""label"": ""cliff"", ""confidence"": 0.1827}, {""rank"": 4, ""label"": ""alp"", ""confidence"": 0.0958}, {""rank"": 5, ""label"": ""seashore"", ""confidence"": 0.0291}]",True,mountain
Places365_val_00026608.jpg,/Users/aidahamzic/PycharmProjects/PythonProject1/val_256/Places365_val_00026608.jpg,hotel-outdoor,cab,0.3085,"[{""rank"": 1, ""label"": ""cab"", ""confidence"": 0.3085}, {""rank"": 2, ""label"": ""school bus"", ""confidence"": 0.1182}, {""rank"": 3, ""label"": ""streetcar"", ""confidence"": 0.0905}, {""rank"": 4, ""label"": ""traffic light"", ""confidence"": 0.0583}, {""rank"": 5, ""label"": ""crane"", ""confidence"": 0.0556}]",False,building
Places365_val_00026624.jpg,/Users/aidahamzic/PycharmProjects/PythonProject1/val_256/Places365_val_00026624.jpg,street,stone wall,0.1566,"[{""rank"": 1, ""label"": ""stone wall"", ""confidence"": 0.1566}, {""rank"": 2, ""label"": ""maze"", ""confidence"": 0.1553}, {""rank"": 3, ""label"": ""tile roof"", ""confidence"": 0.1347}, {""rank"": 4, ""label"": ""breakwater"", ""confidence"": 0.0557}, {""rank"": 5, ""label"": ""vault"", ""confidence"": 0.038}]",False,street
Places365_val_00026640.jpg,/Users/aidahamzic/PycharmProjects/PythonProject1/val_256/Places365_val_00026640.jpg,coast,seashore,0.1454,"[{""rank"": 1, ""label"": ""seashore"", ""confidence"": 0.1454}, {""rank"": 2, ""label"": ""container ship"", ""confidence"": 0.1135}, {""rank"": 3, ""label"": ""pier"", ""confidence"": 0.1121}, {""rank"": 4, ""label"": ""lakeside"", ""confidence"": 0.0925}, {""rank"": 5, ""label"": ""liner"", ""confidence"": 0.0861}]",True,water
Places365_val_00026643.jpg,/Users/aidahamzic/PycharmProjects/PythonProject1/val_256/Places365_val_00026643.jpg,tower,castle,0.5936,"[{""rank"": 1, ""label"": ""castle"", ""confidence"": 0.5936}, {""rank"": 2, ""label"": ""monastery"", ""confidence"": 0.3059}, {""rank"": 3, ""label"": ""church"", ""confidence"": 0.0616}, {""rank"": 4, ""label"": ""bell cote"", ""confidence"": 0.018}, {""rank"": 5, ""label"": ""palace"", ""confidence"": 0.0151}]",True,building
Places365_val_00026654.jpg,/Users/aidahamzic/PycharmProjects/PythonProject1/val_256/Places365_val_00026654.jpg,mountain,cliff,0.5628,"[{""rank"": 1, ""label"": ""cliff"", ""confidence"": 0.5628}, {""rank"": 2, ""label"": ""volcano"", ""confidence"": 0.1622}, {""rank"": 3, ""label"": ""cliff dwelling"", ""confidence"": 0.1357}, {""rank"": 4, ""label"": ""alp"", ""confidence"": 0.0319}, {""rank"": 5, ""label"": ""geyser"", ""confidence"": 0.0113}]",True,mountain
Places365_val_00026669.jpg,/Users/aidahamzic/PycharmProjects/PythonProject1/val_256/Places365_val_00026669.jpg,tower,obelisk,0.8474,"[{""rank"": 1, ""label"": ""obelisk"", ""confidence"": 0.8474}, {""rank"": 2, ""label"": ""picket fence"", ""confidence"": 0.0156}, {""rank"": 3, ""label"": ""pier"", ""confidence"": 0.0134}, {""rank"": 4, ""label"": ""church"", ""confidence"": 0.013}, {""rank"": 5, ""label"": ""pole"", ""confidence"": 0.0116}]",True,building
Places365_val_00026682.jpg,/Users/aidahamzic/PycharmProjects/PythonProject1/val_256/Places365_val_00026682.jpg,mountain,alp,0.2207,"[{""rank"": 1, ""label"": ""alp"", ""confidence"": 0.2207}, {""rank"": 2, ""label"": ""valley"", ""confidence"": 0.1826}, {""rank"": 3, ""label"": ""volcano"", ""confidence"": 0.0651}, {""rank"": 4, ""label"": ""maze"", ""confidence"": 0.0635}, {""rank"": 5, ""label"": ""EntleBucher"", ""confidence"": 0.0426}]",True,mountain
Places365_val_00026699.jpg,/Users/aidahamzic/PycharmProjects/PythonProject1/val_256/Places365_val_00026699.jpg,mountain,alp,0.2143,"[{""rank"": 1, ""label"": ""alp"", ""confidence"": 0.2143}, {""rank"": 2, ""label"": ""valley"", ""confidence"": 0.1562}, {""rank"": 3, ""label"": ""volcano"", ""confidence"": 0.0826}, {""rank"": 4, ""label"": ""cliff"", ""confidence"": 0.066}, {""rank"": 5, ""label"": ""promontory"", ""confidence"": 0.0604}]",True,mountain
Places365_val_00026752.jpg,/Users/aidahamzic/PycharmProjects/PythonProject1/val_256/Places365_val_00026752.jpg,ocean,pier,0.4868,"[{""rank"": 1, ""label"": ""pier"", ""confidence"": 0.4868}, {""rank"": 2, ""label"": ""lakeside"", ""confidence"": 0.0903}, {""rank"": 3, ""label"": ""breakwater"", ""confidence"": 0.0825}, {""rank"": 4, ""label"": ""bannister"", ""confidence"": 0.0458}, {""rank"": 5, ""label"": ""dining table"", ""confidence"": 0.0395}]",True,water
Places365_val_00026771.jpg,/Users/aidahamzic/PycharmProjects/PythonProject1/val_256/Places365_val_00026771.jpg,glacier,alp,0.9648,"[{""rank"": 1, ""label"": ""alp"", ""confidence"": 0.9648}, {""rank"": 2, ""label"": ""ski"", ""confidence"": 0.0339}, {""rank"": 3, ""label"": ""mountain tent"", ""confidence"": 0.0006}, {""rank"": 4, ""label"": ""dogsled"", ""confidence"": 0.0004}, {""rank"": 5, ""label"": ""valley"", ""confidence"": 0.0002}]",True,glacier
Places365_val_00026774.jpg,/Users/aidahamzic/PycharmProjects/PythonProject1/val_256/Places365_val_00026774.jpg,coast,promontory,0.5199,"[{""rank"": 1, ""label"": ""promontory"", ""confidence"": 0.5199}, {""rank"": 2, ""label"": ""seashore"", ""confidence"": 0.3}, {""rank"": 3, ""label"": ""lakeside"", ""confidence"": 0.0307}, {""rank"": 4, ""label"": ""cliff"", ""confidence"": 0.0295}, {""rank"": 5, ""label"": ""breakwater"", ""confidence"": 0.0289}]",True,water
Places365_val_00026791.jpg,/Users/aidahamzic/PycharmProjects/PythonProject1/val_256/Places365_val_00026791.jpg,downtown,tow truck,0.2087,"[{""rank"": 1, ""label"": ""tow truck"", ""confidence"": 0.2087}, {""rank"": 2, ""label"": ""racer"", ""confidence"": 0.166}, {""rank"": 3, ""label"": ""cab"", ""confidence"": 0.1459}, {""rank"": 4, ""label"": ""minibus"", ""confidence"": 0.0821}, {""rank"": 5, ""label"": ""minivan"", ""confidence"": 0.0447}]",False,building
Places365_val_00026811.jpg,/Users/aidahamzic/PycharmProjects/PythonProject1/val_256/Places365_val_00026811.jpg,hotel-outdoor,patio,0.196,"[{""rank"": 1, ""label"": ""patio"", ""confidence"": 0.196}, {""rank"": 2, ""label"": ""monastery"", ""confidence"": 0.1463}, {""rank"": 3, ""label"": ""bell cote"", ""confidence"": 0.0975}, {""rank"": 4, ""label"": ""palace"", ""confidence"": 0.0639}, {""rank"": 5, ""label"": ""bannister"", ""confidence"": 0.0528}]",True,building
Places365_val_00026812.jpg,/Users/aidahamzic/PycharmProjects/PythonProject1/val_256/Places365_val_00026812.jpg,mountain,alp,0.5376,"[{""rank"": 1, ""label"": ""alp"", ""confidence"": 0.5376}, {""rank"": 2, ""label"": ""flagpole"", ""confidence"": 0.1107}, {""rank"": 3, ""label"": ""valley"", ""confidence"": 0.0656}, {""rank"": 4, ""label"": ""cliff"", ""confidence"": 0.0326}, {""rank"": 5, ""label"": ""pole"", ""confidence"": 0.0232}]",True,mountain
Places365_val_00026838.jpg,/Users/aidahamzic/PycharmProjects/PythonProject1/val_256/Places365_val_00026838.jpg,tower,crane,0.1153,"[{""rank"": 1, ""label"": ""crane"", ""confidence"": 0.1153}, {""rank"": 2, ""label"": ""beacon"", ""confidence"": 0.1074}, {""rank"": 3, ""label"": ""pedestal"", ""confidence"": 0.0939}, {""rank"": 4, ""label"": ""fountain"", ""confidence"": 0.0929}, {""rank"": 5, ""label"": ""suspension bridge"", ""confidence"": 0.0916}]",False,building
Places365_val_00026850.jpg,/Users/aidahamzic/PycharmProjects/PythonProject1/val_256/Places365_val_00026850.jpg,forest-broadleaf,worm fence,0.4095,"[{""rank"": 1, ""label"": ""worm fence"", ""confidence"": 0.4095}, {""rank"": 2, ""label"": ""lakeside"", ""confidence"": 0.0262}, {""rank"": 3, ""label"": ""American egret"", ""confidence"": 0.0231}, {""rank"": 4, ""label"": ""mountain bike"", ""confidence"": 0.0181}, {""rank"": 5, ""label"": ""park bench"", ""confidence"": 0.0173}]",False,forest
Places365_val_00026857.jpg,/Users/aidahamzic/PycharmProjects/PythonProject1/val_256/Places365_val_00026857.jpg,river,valley,0.4544,"[{""rank"": 1, ""label"": ""valley"", ""confidence"": 0.4544}, {""rank"": 2, ""label"": ""seashore"", ""confidence"": 0.1446}, {""rank"": 3, ""label"": ""promontory"", ""confidence"": 0.1388}, {""rank"": 4, ""label"": ""lakeside"", ""confidence"": 0.0927}, {""rank"": 5, ""label"": ""cliff"", ""confidence"": 0.0793}]",True,water
Places365_val_00026870.jpg,/Users/aidahamzic/PycharmProjects/PythonProject1/val_256/Places365_val_00026870.jpg,mountain,alp,0.3897,"[{""rank"": 1, ""label"": ""alp"", ""confidence"": 0.3897}, {""rank"": 2, ""label"": ""mountain tent"", ""confidence"": 0.21}, {""rank"": 3, ""label"": ""valley"", ""confidence"": 0.1914}, {""rank"": 4, ""label"": ""volcano"", ""confidence"": 0.0497}, {""rank"": 5, ""label"": ""cliff"", ""confidence"": 0.0283}]",True,mountain
Places365_val_00026876.jpg,/Users/aidahamzic/PycharmProjects/PythonProject1/val_256/Places365_val_00026876.jpg,hotel-outdoor,cinema,0.3402,"[{""rank"": 1, ""label"": ""cinema"", ""confidence"": 0.3402}, {""rank"": 2, ""label"": ""scoreboard"", ""confidence"": 0.1261}, {""rank"": 3, ""label"": ""carousel"", ""confidence"": 0.1172}, {""rank"": 4, ""label"": ""restaurant"", ""confidence"": 0.0793}, {""rank"": 5, ""label"": ""analog clock"", ""confidence"": 0.027}]",True,building
Places365_val_00026881.jpg,/Users/aidahamzic/PycharmProjects/PythonProject1/val_256/Places365_val_00026881.jpg,forest-broadleaf,mountain bike,0.1197,"[{""rank"": 1, ""label"": ""mountain bike"", ""confidence"": 0.1197}, {""rank"": 2, ""label"": ""worm fence"", ""confidence"": 0.0798}, {""rank"": 3, ""label"": ""stone wall"", ""confidence"": 0.063}, {""rank"": 4, ""label"": ""mountain tent"", ""confidence"": 0.0582}, {""rank"": 5, ""label"": ""lakeside"", ""confidence"": 0.0462}]",False,forest
Places365_val_00026891.jpg,/Users/aidahamzic/PycharmProjects/PythonProject1/val_256/Places365_val_00026891.jpg,skyscraper,bell cote,0.1003,"[{""rank"": 1, ""label"": ""bell cote"", ""confidence"": 0.1003}, {""rank"": 2, ""label"": ""flagpole"", ""confidence"": 0.0816}, {""rank"": 3, ""label"": ""limousine"", ""confidence"": 0.06}, {""rank"": 4, ""label"": ""cab"", ""confidence"": 0.0502}, {""rank"": 5, ""label"": ""cinema"", ""confidence"": 0.0399}]",True,building
Places365_val_00026899.jpg,/Users/aidahamzic/PycharmProjects/PythonProject1/val_256/Places365_val_00026899.jpg,downtown,bell cote,0.1717,"[{""rank"": 1, ""label"": ""bell cote"", ""confidence"": 0.1717}, {""rank"": 2, ""label"": ""mosque"", ""confidence"": 0.0715}, {""rank"": 3, ""label"": ""castle"", ""confidence"": 0.0438}, {""rank"": 4, ""label"": ""palace"", ""confidence"": 0.04}, {""rank"": 5, ""label"": ""crane"", ""confidence"": 0.0392}]",True,building
Places365_val_00026912.jpg,/Users/aidahamzic/PycharmProjects/PythonProject1/val_256/Places365_val_00026912.jpg,forest-broadleaf,worm fence,0.2441,"[{""rank"": 1, ""label"": ""worm fence"", ""confidence"": 0.2441}, {""rank"": 2, ""label"": ""maze"", ""confidence"": 0.0994}, {""rank"": 3, ""label"": ""park bench"", ""confidence"": 0.0452}, {""rank"": 4, ""label"": ""stone wall"", ""confidence"": 0.0399}, {""rank"": 5, ""label"": ""barn"", ""confidence"": 0.0354}]",False,forest
Places365_val_00026947.jpg,/Users/aidahamzic/PycharmProjects/PythonProject1/val_256/Places365_val_00026947.jpg,alley,prison,0.4868,"[{""rank"": 1, ""label"": ""prison"", ""confidence"": 0.4868}, {""rank"": 2, ""label"": ""passenger car"", ""confidence"": 0.095}, {""rank"": 3, ""label"": ""streetcar"", ""confidence"": 0.0618}, {""rank"": 4, ""label"": ""pier"", ""confidence"": 0.0481}, {""rank"": 5, ""label"": ""dam"", ""confidence"": 0.033}]",True,street
Places365_val_00026961.jpg,/Users/aidahamzic/PycharmProjects/PythonProject1/val_256/Places365_val_00026961.jpg,downtown,cinema,0.6601,"[{""rank"": 1, ""label"": ""cinema"", ""confidence"": 0.6601}, {""rank"": 2, ""label"": ""bell cote"", ""confidence"": 0.0631}, {""rank"": 3, ""label"": ""flagpole"", ""confidence"": 0.0559}, {""rank"": 4, ""label"": ""moving van"", ""confidence"": 0.0396}, {""rank"": 5, ""label"": ""scoreboard"", ""confidence"": 0.0275}]",True,building
Places365_val_00027007.jpg,/Users/aidahamzic/PycharmProjects/PythonProject1/val_256/Places365_val_00027007.jpg,river,lakeside,0.6809,"[{""rank"": 1, ""label"": ""lakeside"", ""confidence"": 0.6809}, {""rank"": 2, ""label"": ""valley"", ""confidence"": 0.2166}, {""rank"": 3, ""label"": ""boathouse"", ""confidence"": 0.0362}, {""rank"": 4, ""label"": ""canoe"", ""confidence"": 0.02}, {""rank"": 5, ""label"": ""sandbar"", ""confidence"": 0.0094}]",True,water
Places365_val_00027093.jpg,/Users/aidahamzic/PycharmProjects/PythonProject1/val_256/Places365_val_00027093.jpg,river,boathouse,0.3168,"[{""rank"": 1, ""label"": ""boathouse"", ""confidence"": 0.3168}, {""rank"": 2, ""label"": ""mobile home"", ""confidence"": 0.2103}, {""rank"": 3, ""label"": ""lumbermill"", ""confidence"": 0.0702}, {""rank"": 4, ""label"": ""monastery"", ""confidence"": 0.0386}, {""rank"": 5, ""label"": ""dam"", ""confidence"": 0.022}]",True,water
Places365_val_00027098.jpg,/Users/aidahamzic/PycharmProjects/PythonProject1/val_256/Places365_val_00027098.jpg,tower,bell cote,0.9219,"[{""rank"": 1, ""label"": ""bell cote"", ""confidence"": 0.9219}, {""rank"": 2, ""label"": ""beacon"", ""confidence"": 0.022}, {""rank"": 3, ""label"": ""church"", ""confidence"": 0.0201}, {""rank"": 4, ""label"": ""monastery"", ""confidence"": 0.0183}, {""rank"": 5, ""label"": ""analog clock"", ""confidence"": 0.0035}]",True,building
Places365_val_00027143.jpg,/Users/aidahamzic/PycharmProjects/PythonProject1/val_256/Places365_val_00027143.jpg,hotel-outdoor,library,0.2908,"[{""rank"": 1, ""label"": ""library"", ""confidence"": 0.2908}, {""rank"": 2, ""label"": ""cinema"", ""confidence"": 0.2319}, {""rank"": 3, ""label"": ""tobacco shop"", ""confidence"": 0.0737}, {""rank"": 4, ""label"": ""traffic light"", ""confidence"": 0.0595}, {""rank"": 5, ""label"": ""bookshop"", ""confidence"": 0.0576}]",True,building
Places365_val_00027144.jpg,/Users/aidahamzic/PycharmProjects/PythonProject1/val_256/Places365_val_00027144.jpg,street,jeep,0.2181,"[{""rank"": 1, ""label"": ""jeep"", ""confidence"": 0.2181}, {""rank"": 2, ""label"": ""Model T"", ""confidence"": 0.1336}, {""rank"": 3, ""label"": ""pickup"", ""confidence"": 0.1165}, {""rank"": 4, ""label"": ""convertible"", ""confidence"": 0.1055}, {""rank"": 5, ""label"": ""cab"", ""confidence"": 0.0597}]",True,street
Places365_val_00027163.jpg,/Users/aidahamzic/PycharmProjects/PythonProject1/val_256/Places365_val_00027163.jpg,skyscraper,pier,0.0765,"[{""rank"": 1, ""label"": ""pier"", ""confidence"": 0.0765}, {""rank"": 2, ""label"": ""dock"", ""confidence"": 0.063}, {""rank"": 3, ""label"": ""breakwater"", ""confidence"": 0.0608}, {""rank"": 4, ""label"": ""seashore"", ""confidence"": 0.0471}, {""rank"": 5, ""label"": ""beacon"", ""confidence"": 0.0319}]",False,building
Places365_val_00027185.jpg,/Users/aidahamzic/PycharmProjects/PythonProject1/val_256/Places365_val_00027185.jpg,glacier,promontory,0.5034,"[{""rank"": 1, ""label"": ""promontory"", ""confidence"": 0.5034}, {""rank"": 2, ""label"": ""cliff"", ""confidence"": 0.1506}, {""rank"": 3, ""label"": ""alp"", ""confidence"": 0.0673}, {""rank"": 4, ""label"": ""valley"", ""confidence"": 0.0659}, {""rank"": 5, ""label"": ""seashore"", ""confidence"": 0.0593}]",True,glacier
Places365_val_00027213.jpg,/Users/aidahamzic/PycharmProjects/PythonProject1/val_256/Places365_val_00027213.jpg,forest-broadleaf,radio telescope,0.1799,"[{""rank"": 1, ""label"": ""radio telescope"", ""confidence"": 0.1799}, {""rank"": 2, ""label"": ""hay"", ""confidence"": 0.0814}, {""rank"": 3, ""label"": ""worm fence"", ""confidence"": 0.0809}, {""rank"": 4, ""label"": ""barn"", ""confidence"": 0.0807}, {""rank"": 5, ""label"": ""yurt"", ""confidence"": 0.0496}]",False,forest
Places365_val_00027282.jpg,/Users/aidahamzic/PycharmProjects/PythonProject1/val_256/Places365_val_00027282.jpg,coast,seashore,0.1526,"[{""rank"": 1, ""label"": ""seashore"", ""confidence"": 0.1526}, {""rank"": 2, ""label"": ""sandbar"", ""confidence"": 0.1327}, {""rank"": 3, ""label"": ""swimming trunks"", ""confidence"": 0.0611}, {""rank"": 4, ""label"": ""oxcart"", ""confidence"": 0.0565}, {""rank"": 5, ""label"": ""sarong"", ""confidence"": 0.0421}]",True,water
Places365_val_00027300.jpg,/Users/aidahamzic/PycharmProjects/PythonProject1/val_256/Places365_val_00027300.jpg,forest-broadleaf,hartebeest,0.8912,"[{""rank"": 1, ""label"": ""hartebeest"", ""confidence"": 0.8912}, {""rank"": 2, ""label"": ""impala"", ""confidence"": 0.0829}, {""rank"": 3, ""label"": ""gazelle"", ""confidence"": 0.0199}, {""rank"": 4, ""label"": ""ox"", ""confidence"": 0.0009}, {""rank"": 5, ""label"": ""orangutan"", ""confidence"": 0.0009}]",True,forest
Places365_val_00027320.jpg,/Users/aidahamzic/PycharmProjects/PythonProject1/val_256/Places365_val_00027320.jpg,glacier,valley,0.4626,"[{""rank"": 1, ""label"": ""valley"", ""confidence"": 0.4626}, {""rank"": 2, ""label"": ""alp"", ""confidence"": 0.2444}, {""rank"": 3, ""label"": ""volcano"", ""confidence"": 0.1031}, {""rank"": 4, ""label"": ""lakeside"", ""confidence"": 0.0736}, {""rank"": 5, ""label"": ""promontory"", ""confidence"": 0.0434}]",True,glacier
Places365_val_00027332.jpg,/Users/aidahamzic/PycharmProjects/PythonProject1/val_256/Places365_val_00027332.jpg,tower,tripod,0.9623,"[{""rank"": 1, ""label"": ""tripod"", ""confidence"": 0.9623}, {""rank"": 2, ""label"": ""water tower"", ""confidence"": 0.0123}, {""rank"": 3, ""label"": ""radio telescope"", ""confidence"": 0.0118}, {""rank"": 4, ""label"": ""beacon"", ""confidence"": 0.0093}, {""rank"": 5, ""label"": ""binoculars"", ""confidence"": 0.0007}]",False,building
Places365_val_00027339.jpg,/Users/aidahamzic/PycharmProjects/PythonProject1/val_256/Places365_val_00027339.jpg,forest-broadleaf,ear,0.597,"[{""rank"": 1, ""label"": ""ear"", ""confidence"": 0.597}, {""rank"": 2, ""label"": ""corn"", ""confidence"": 0.1873}, {""rank"": 3, ""label"": ""bell pepper"", ""confidence"": 0.0919}, {""rank"": 4, ""label"": ""custard apple"", ""confidence"": 0.0267}, {""rank"": 5, ""label"": ""pot"", ""confidence"": 0.0089}]",False,forest
Places365_val_00027355.jpg,/Users/aidahamzic/PycharmProjects/PythonProject1/val_256/Places365_val_00027355.jpg,house,thatch,0.1945,"[{""rank"": 1, ""label"": ""thatch"", ""confidence"": 0.1945}, {""rank"": 2, ""label"": ""solar dish"", ""confidence"": 0.1629}, {""rank"": 3, ""label"": ""bell cote"", ""confidence"": 0.0906}, {""rank"": 4, ""label"": ""mobile home"", ""confidence"": 0.086}, {""rank"": 5, ""label"": ""crane"", ""confidence"": 0.0578}]",False,building
Places365_val_00027381.jpg,/Users/aidahamzic/PycharmProjects/PythonProject1/val_256/Places365_val_00027381.jpg,glacier,alp,0.8452,"[{""rank"": 1, ""label"": ""alp"", ""confidence"": 0.8452}, {""rank"": 2, ""label"": ""valley"", ""confidence"": 0.0471}, {""rank"": 3, ""label"": ""mountain bike"", ""confidence"": 0.0336}, {""rank"": 4, ""label"": ""cliff"", ""confidence"": 0.0251}, {""rank"": 5, ""label"": ""unicycle"", ""confidence"": 0.0054}]",True,glacier
Places365_val_00027386.jpg,/Users/aidahamzic/PycharmProjects/PythonProject1/val_256/Places365_val_00027386.jpg,mountain,valley,0.2519,"[{""rank"": 1, ""label"": ""valley"", ""confidence"": 0.2519}, {""rank"": 2, ""label"": ""cliff"", ""confidence"": 0.1523}, {""rank"": 3, ""label"": ""suspension bridge"", ""confidence"": 0.0448}, {""rank"": 4, ""label"": ""cicada"", ""confidence"": 0.0404}, {""rank"": 5, ""label"": ""rock crab"", ""confidence"": 0.0312}]",True,mountain
Places365_val_00027527.jpg,/Users/aidahamzic/PycharmProjects/PythonProject1/val_256/Places365_val_00027527.jpg,downtown,castle,0.3289,"[{""rank"": 1, ""label"": ""castle"", ""confidence"": 0.3289}, {""rank"": 2, ""label"": ""palace"", ""confidence"": 0.1806}, {""rank"": 3, ""label"": ""monastery"", ""confidence"": 0.0619}, {""rank"": 4, ""label"": ""lakeside"", ""confidence"": 0.0465}, {""rank"": 5, ""label"": ""worm fence"", ""confidence"": 0.0332}]",True,building
Places365_val_00027532.jpg,/Users/aidahamzic/PycharmProjects/PythonProject1/val_256/Places365_val_00027532.jpg,hotel-outdoor,cab,0.1564,"[{""rank"": 1, ""label"": ""cab"", ""confidence"": 0.1564}, {""rank"": 2, ""label"": ""traffic light"", ""confidence"": 0.098}, {""rank"": 3, ""label"": ""cinema"", ""confidence"": 0.0719}, {""rank"": 4, ""label"": ""pier"", ""confidence"": 0.0348}, {""rank"": 5, ""label"": ""spotlight"", ""confidence"": 0.0331}]",True,building
Places365_val_00027554.jpg,/Users/aidahamzic/PycharmProjects/PythonProject1/val_256/Places365_val_00027554.jpg,skyscraper,liner,0.6544,"[{""rank"": 1, ""label"": ""liner"", ""confidence"": 0.6544}, {""rank"": 2, ""label"": ""dock"", ""confidence"": 0.1076}, {""rank"": 3, ""label"": ""container ship"", ""confidence"": 0.0362}, {""rank"": 4, ""label"": ""seashore"", ""confidence"": 0.0224}, {""rank"": 5, ""label"": ""alp"", ""confidence"": 0.013}]",False,building
Places365_val_00027563.jpg,/Users/aidahamzic/PycharmProjects/PythonProject1/val_256/Places365_val_00027563.jpg,tower,beacon,0.9843,"[{""rank"": 1, ""label"": ""beacon"", ""confidence"": 0.9843}, {""rank"": 2, ""label"": ""water tower"", ""confidence"": 0.0044}, {""rank"": 3, ""label"": ""pole"", ""confidence"": 0.0015}, {""rank"": 4, ""label"": ""breakwater"", ""confidence"": 0.0013}, {""rank"": 5, ""label"": ""mailbox"", ""confidence"": 0.0012}]",False,building
Places365_val_00027587.jpg,/Users/aidahamzic/PycharmProjects/PythonProject1/val_256/Places365_val_00027587.jpg,forest-broadleaf,mountain tent,0.1397,"[{""rank"": 1, ""label"": ""mountain tent"", ""confidence"": 0.1397}, {""rank"": 2, ""label"": ""park bench"", ""confidence"": 0.0765}, {""rank"": 3, ""label"": ""suspension bridge"", ""confidence"": 0.0452}, {""rank"": 4, ""label"": ""lakeside"", ""confidence"": 0.0433}, {""rank"": 5, ""label"": ""maypole"", ""confidence"": 0.0302}]",False,forest
Places365_val_00027609.jpg,/Users/aidahamzic/PycharmProjects/PythonProject1/val_256/Places365_val_00027609.jpg,river,pier,0.3306,"[{""rank"": 1, ""label"": ""pier"", ""confidence"": 0.3306}, {""rank"": 2, ""label"": ""steel arch bridge"", ""confidence"": 0.1607}, {""rank"": 3, ""label"": ""patio"", ""confidence"": 0.0453}, {""rank"": 4, ""label"": ""cannon"", ""confidence"": 0.0439}, {""rank"": 5, ""label"": ""turnstile"", ""confidence"": 0.0294}]",False,water
Places365_val_00027622.jpg,/Users/aidahamzic/PycharmProjects/PythonProject1/val_256/Places365_val_00027622.jpg,house,mobile home,0.2157,"[{""rank"": 1, ""label"": ""mobile home"", ""confidence"": 0.2157}, {""rank"": 2, ""label"": ""boathouse"", ""confidence"": 0.1446}, {""rank"": 3, ""label"": ""patio"", ""confidence"": 0.1407}, {""rank"": 4, ""label"": ""church"", ""confidence"": 0.0342}, {""rank"": 5, ""label"": ""window screen"", ""confidence"": 0.0334}]",True,building
Places365_val_00027625.jpg,/Users/aidahamzic/PycharmProjects/PythonProject1/val_256/Places365_val_00027625.jpg,house,monastery,0.2866,"[{""rank"": 1, ""label"": ""monastery"", ""confidence"": 0.2866}, {""rank"": 2, ""label"": ""thatch"", ""confidence"": 0.1764}, {""rank"": 3, ""label"": ""bell cote"", ""confidence"": 0.1198}, {""rank"": 4, ""label"": ""prison"", ""confidence"": 0.077}, {""rank"": 5, ""label"": ""tile roof"", ""confidence"": 0.0391}]",True,building
Places365_val_00027627.jpg,/Users/aidahamzic/PycharmProjects/PythonProject1/val_256/Places365_val_00027627.jpg,highway,hay,0.1805,"[{""rank"": 1, ""label"": ""hay"", ""confidence"": 0.1805}, {""rank"": 2, ""label"": ""megalith"", ""confidence"": 0.1037}, {""rank"": 3, ""label"": ""planetarium"", ""confidence"": 0.0566}, {""rank"": 4, ""label"": ""worm fence"", ""confidence"": 0.0547}, {""rank"": 5, ""label"": ""thatch"", ""confidence"": 0.0484}]",False,street
Places365_val_00027671.jpg,/Users/aidahamzic/PycharmProjects/PythonProject1/val_256/Places365_val_00027671.jpg,rainforest,worm fence,0.1239,"[{""rank"": 1, ""label"": ""worm fence"", ""confidence"": 0.1239}, {""rank"": 2, ""label"": ""lakeside"", ""confidence"": 0.0744}, {""rank"": 3, ""label"": ""maypole"", ""confidence"": 0.0494}, {""rank"": 4, ""label"": ""flagpole"", ""confidence"": 0.0449}, {""rank"": 5, ""label"": ""pole"", ""confidence"": 0.0317}]",False,forest
Places365_val_00027700.jpg,/Users/aidahamzic/PycharmProjects/PythonProject1/val_256/Places365_val_00027700.jpg,rainforest,geyser,0.6374,"[{""rank"": 1, ""label"": ""geyser"", ""confidence"": 0.6374}, {""rank"": 2, ""label"": ""fountain"", ""confidence"": 0.1491}, {""rank"": 3, ""label"": ""valley"", ""confidence"": 0.1428}, {""rank"": 4, ""label"": ""volcano"", ""confidence"": 0.0211}, {""rank"": 5, ""label"": ""lakeside"", ""confidence"": 0.0087}]",True,forest
Places365_val_00027706.jpg,/Users/aidahamzic/PycharmProjects/PythonProject1/val_256/Places365_val_00027706.jpg,downtown,submarine,0.6111,"[{""rank"": 1, ""label"": ""submarine"", ""confidence"": 0.6111}, {""rank"": 2, ""label"": ""planetarium"", ""confidence"": 0.0391}, {""rank"": 3, ""label"": ""sundial"", ""confidence"": 0.0347}, {""rank"": 4, ""label"": ""dam"", ""confidence"": 0.0323}, {""rank"": 5, ""label"": ""breakwater"", ""confidence"": 0.0307}]",True,building
Places365_val_00027725.jpg,/Users/aidahamzic/PycharmProjects/PythonProject1/val_256/Places365_val_00027725.jpg,tower,crane,0.5052,"[{""rank"": 1, ""label"": ""crane"", ""confidence"": 0.5052}, {""rank"": 2, ""label"": ""drilling platform"", ""confidence"": 0.2726}, {""rank"": 3, ""label"": ""solar dish"", ""confidence"": 0.0444}, {""rank"": 4, ""label"": ""radio telescope"", ""confidence"": 0.0381}, {""rank"": 5, ""label"": ""steel arch bridge"", ""confidence"": 0.0219}]",False,building
Places365_val_00027754.jpg,/Users/aidahamzic/PycharmProjects/PythonProject1/val_256/Places365_val_00027754.jpg,tower,suspension bridge,0.2184,"[{""rank"": 1, ""label"": ""suspension bridge"", ""confidence"": 0.2184}, {""rank"": 2, ""label"": ""pier"", ""confidence"": 0.1009}, {""rank"": 3, ""label"": ""palace"", ""confidence"": 0.0776}, {""rank"": 4, ""label"": ""steel arch bridge"", ""confidence"": 0.0483}, {""rank"": 5, ""label"": ""castle"", ""confidence"": 0.0444}]",True,building
Places365_val_00027801.jpg,/Users/aidahamzic/PycharmProjects/PythonProject1/val_256/Places365_val_00027801.jpg,tower,water tower,0.2205,"[{""rank"": 1, ""label"": ""water tower"", ""confidence"": 0.2205}, {""rank"": 2, ""label"": ""spotlight"", ""confidence"": 0.1215}, {""rank"": 3, ""label"": ""street sign"", ""confidence"": 0.0642}, {""rank"": 4, ""label"": ""lampshade"", ""confidence"": 0.06}, {""rank"": 5, ""label"": ""mosque"", ""confidence"": 0.0472}]",True,building
Places365_val_00027804.jpg,/Users/aidahamzic/PycharmProjects/PythonProject1/val_256/Places365_val_00027804.jpg,hotel-outdoor,cinema,0.9122,"[{""rank"": 1, ""label"": ""cinema"", ""confidence"": 0.9122}, {""rank"": 2, ""label"": ""bell cote"", ""confidence"": 0.0285}, {""rank"": 3, ""label"": ""library"", ""confidence"": 0.0195}, {""rank"": 4, ""label"": ""cab"", ""confidence"": 0.0044}, {""rank"": 5, ""label"": ""obelisk"", ""confidence"": 0.0038}]",True,building
Places365_val_00027843.jpg,/Users/aidahamzic/PycharmProjects/PythonProject1/val_256/Places365_val_00027843.jpg,hotel-outdoor,maypole,0.1131,"[{""rank"": 1, ""label"": ""maypole"", ""confidence"": 0.1131}, {""rank"": 2, ""label"": ""radio telescope"", ""confidence"": 0.0866}, {""rank"": 3, ""label"": ""suspension bridge"", ""confidence"": 0.0862}, {""rank"": 4, ""label"": ""groom"", ""confidence"": 0.0573}, {""rank"": 5, ""label"": ""alp"", ""confidence"": 0.0459}]",False,building
Places365_val_00027890.jpg,/Users/aidahamzic/PycharmProjects/PythonProject1/val_256/Places365_val_00027890.jpg,coast,promontory,0.5399,"[{""rank"": 1, ""label"": ""promontory"", ""confidence"": 0.5399}, {""rank"": 2, ""label"": ""beacon"", ""confidence"": 0.2173}, {""rank"": 3, ""label"": ""cliff"", ""confidence"": 0.1184}, {""rank"": 4, ""label"": ""breakwater"", ""confidence"": 0.0537}, {""rank"": 5, ""label"": ""seashore"", ""confidence"": 0.0429}]",True,water
Places365_val_00027905.jpg,/Users/aidahamzic/PycharmProjects/PythonProject1/val_256/Places365_val_00027905.jpg,river,valley,0.897,"[{""rank"": 1, ""label"": ""valley"", ""confidence"": 0.897}, {""rank"": 2, ""label"": ""volcano"", ""confidence"": 0.0546}, {""rank"": 3, ""label"": ""lakeside"", ""confidence"": 0.0107}, {""rank"": 4, ""label"": ""cliff"", ""confidence"": 0.0064}, {""rank"": 5, ""label"": ""alp"", ""confidence"": 0.0052}]",True,water
Places365_val_00027913.jpg,/Users/aidahamzic/PycharmProjects/PythonProject1/val_256/Places365_val_00027913.jpg,glacier,alp,0.4463,"[{""rank"": 1, ""label"": ""alp"", ""confidence"": 0.4463}, {""rank"": 2, ""label"": ""mountain bike"", ""confidence"": 0.1712}, {""rank"": 3, ""label"": ""tripod"", ""confidence"": 0.0733}, {""rank"": 4, ""label"": ""ski"", ""confidence"": 0.048}, {""rank"": 5, ""label"": ""volcano"", ""confidence"": 0.0455}]",True,glacier
Places365_val_00027923.jpg,/Users/aidahamzic/PycharmProjects/PythonProject1/val_256/Places365_val_00027923.jpg,downtown,limousine,0.1285,"[{""rank"": 1, ""label"": ""limousine"", ""confidence"": 0.1285}, {""rank"": 2, ""label"": ""streetcar"", ""confidence"": 0.0913}, {""rank"": 3, ""label"": ""amphibian"", ""confidence"": 0.0766}, {""rank"": 4, ""label"": ""dock"", ""confidence"": 0.0705}, {""rank"": 5, ""label"": ""trailer truck"", ""confidence"": 0.0661}]",False,building
Places365_val_00027943.jpg,/Users/aidahamzic/PycharmProjects/PythonProject1/val_256/Places365_val_00027943.jpg,alley,bannister,0.1495,"[{""rank"": 1, ""label"": ""bannister"", ""confidence"": 0.1495}, {""rank"": 2, ""label"": ""bell cote"", ""confidence"": 0.106}, {""rank"": 3, ""label"": ""vault"", ""confidence"": 0.1021}, {""rank"": 4, ""label"": ""suspension bridge"", ""confidence"": 0.0914}, {""rank"": 5, ""label"": ""prison"", ""confidence"": 0.0743}]",False,street
Places365_val_00027978.jpg,/Users/aidahamzic/PycharmProjects/PythonProject1/val_256/Places365_val_00027978.jpg,mountain,valley,0.8363,"[{""rank"": 1, ""label"": ""valley"", ""confidence"": 0.8363}, {""rank"": 2, ""label"": ""alp"", ""confidence"": 0.0619}, {""rank"": 3, ""label"": ""cliff"", ""confidence"": 0.0419}, {""rank"": 4, ""label"": ""promontory"", ""confidence"": 0.0145}, {""rank"": 5, ""label"": ""lakeside"", ""confidence"": 0.009}]",True,mountain
Places365_val_00028040.jpg,/Users/aidahamzic/PycharmProjects/PythonProject1/val_256/Places365_val_00028040.jpg,glacier,ski,0.1362,"[{""rank"": 1, ""label"": ""ski"", ""confidence"": 0.1362}, {""rank"": 2, ""label"": ""snowmobile"", ""confidence"": 0.1173}, {""rank"": 3, ""label"": ""flat-coated retriever"", ""confidence"": 0.0574}, {""rank"": 4, ""label"": ""standard poodle"", ""confidence"": 0.0514}, {""rank"": 5, ""label"": ""dogsled"", ""confidence"": 0.0344}]",True,glacier
Places365_val_00028113.jpg,/Users/aidahamzic/PycharmProjects/PythonProject1/val_256/Places365_val_00028113.jpg,alley,rocking chair,0.7511,"[{""rank"": 1, ""label"": ""rocking chair"", ""confidence"": 0.7511}, {""rank"": 2, ""label"": ""harp"", ""confidence"": 0.0688}, {""rank"": 3, ""label"": ""barber chair"", ""confidence"": 0.0329}, {""rank"": 4, ""label"": ""folding chair"", ""confidence"": 0.0263}, {""rank"": 5, ""label"": ""patio"", ""confidence"": 0.0215}]",False,street
Places365_val_00028118.jpg,/Users/aidahamzic/PycharmProjects/PythonProject1/val_256/Places365_val_00028118.jpg,coast,lakeside,0.2935,"[{""rank"": 1, ""label"": ""lakeside"", ""confidence"": 0.2935}, {""rank"": 2, ""label"": ""seashore"", ""confidence"": 0.1905}, {""rank"": 3, ""label"": ""sandbar"", ""confidence"": 0.0959}, {""rank"": 4, ""label"": ""dock"", ""confidence"": 0.0699}, {""rank"": 5, ""label"": ""wreck"", ""confidence"": 0.0518}]",True,water
Places365_val_00028119.jpg,/Users/aidahamzic/PycharmProjects/PythonProject1/val_256/Places365_val_00028119.jpg,glacier,alp,0.9679,"[{""rank"": 1, ""label"": ""alp"", ""confidence"": 0.9679}, {""rank"": 2, ""label"": ""valley"", ""confidence"": 0.024}, {""rank"": 3, ""label"": ""monastery"", ""confidence"": 0.0041}, {""rank"": 4, ""label"": ""mountain tent"", ""confidence"": 0.0012}, {""rank"": 5, ""label"": ""castle"", ""confidence"": 0.0007}]",True,glacier
Places365_val_00028122.jpg,/Users/aidahamzic/PycharmProjects/PythonProject1/val_256/Places365_val_00028122.jpg,alley,gondola,0.1244,"[{""rank"": 1, ""label"": ""gondola"", ""confidence"": 0.1244}, {""rank"": 2, ""label"": ""monastery"", ""confidence"": 0.1117}, {""rank"": 3, ""label"": ""viaduct"", ""confidence"": 0.102}, {""rank"": 4, ""label"": ""castle"", ""confidence"": 0.0734}, {""rank"": 5, ""label"": ""vault"", ""confidence"": 0.0642}]",False,street
Places365_val_00028132.jpg,/Users/aidahamzic/PycharmProjects/PythonProject1/val_256/Places365_val_00028132.jpg,downtown,obelisk,0.3829,"[{""rank"": 1, ""label"": ""obelisk"", ""confidence"": 0.3829}, {""rank"": 2, ""label"": ""palace"", ""confidence"": 0.3232}, {""rank"": 3, ""label"": ""bell cote"", ""confidence"": 0.0957}, {""rank"": 4, ""label"": ""church"", ""confidence"": 0.0479}, {""rank"": 5, ""label"": ""triumphal arch"", ""confidence"": 0.0419}]",True,building
Places365_val_00028133.jpg,/Users/aidahamzic/PycharmProjects/PythonProject1/val_256/Places365_val_00028133.jpg,hotel-outdoor,palace,0.5801,"[{""rank"": 1, ""label"": ""palace"", ""confidence"": 0.5801}, {""rank"": 2, ""label"": ""stupa"", ""confidence"": 0.09}, {""rank"": 3, ""label"": ""planetarium"", ""confidence"": 0.0781}, {""rank"": 4, ""label"": ""mosque"", ""confidence"": 0.0519}, {""rank"": 5, ""label"": ""fountain"", ""confidence"": 0.0366}]",True,building
Places365_val_00028135.jpg,/Users/aidahamzic/PycharmProjects/PythonProject1/val_256/Places365_val_00028135.jpg,downtown,lakeside,0.7544,"[{""rank"": 1, ""label"": ""lakeside"", ""confidence"": 0.7544}, {""rank"": 2, ""label"": ""sandbar"", ""confidence"": 0.0968}, {""rank"": 3, ""label"": ""boathouse"", ""confidence"": 0.0379}, {""rank"": 4, ""label"": ""seashore"", ""confidence"": 0.0355}, {""rank"": 5, ""label"": ""planetarium"", ""confidence"": 0.0182}]",True,building
Places365_val_00028154.jpg,/Users/aidahamzic/PycharmProjects/PythonProject1/val_256/Places365_val_00028154.jpg,forest-broadleaf,valley,0.1699,"[{""rank"": 1, ""label"": ""valley"", ""confidence"": 0.1699}, {""rank"": 2, ""label"": ""suspension bridge"", ""confidence"": 0.0819}, {""rank"": 3, ""label"": ""swing"", ""confidence"": 0.0347}, {""rank"": 4, ""label"": ""American black bear"", ""confidence"": 0.0305}, {""rank"": 5, ""label"": ""cliff"", ""confidence"": 0.0282}]",True,forest
Places365_val_00028156.jpg,/Users/aidahamzic/PycharmProjects/PythonProject1/val_256/Places365_val_00028156.jpg,skyscraper,solar dish,0.9294,"[{""rank"": 1, ""label"": ""solar dish"", ""confidence"": 0.9294}, {""rank"": 2, ""label"": ""tile roof"", ""confidence"": 0.034}, {""rank"": 3, ""label"": ""coil"", ""confidence"": 0.0099}, {""rank"": 4, ""label"": ""dome"", ""confidence"": 0.0031}, {""rank"": 5, ""label"": ""bannister"", ""confidence"": 0.0027}]",True,building
Places365_val_00028160.jpg,/Users/aidahamzic/PycharmProjects/PythonProject1/val_256/Places365_val_00028160.jpg,river,castle,0.2647,"[{""rank"": 1, ""label"": ""castle"", ""confidence"": 0.2647}, {""rank"": 2, ""label"": ""palace"", ""confidence"": 0.2422}, {""rank"": 3, ""label"": ""lakeside"", ""confidence"": 0.156}, {""rank"": 4, ""label"": ""boathouse"", ""confidence"": 0.0565}, {""rank"": 5, ""label"": ""gondola"", ""confidence"": 0.0335}]",True,water
Places365_val_00028181.jpg,/Users/aidahamzic/PycharmProjects/PythonProject1/val_256/Places365_val_00028181.jpg,river,lakeside,0.3672,"[{""rank"": 1, ""label"": ""lakeside"", ""confidence"": 0.3672}, {""rank"": 2, ""label"": ""sweatshirt"", ""confidence"": 0.0644}, {""rank"": 3, ""label"": ""breakwater"", ""confidence"": 0.0588}, {""rank"": 4, ""label"": ""abaya"", ""confidence"": 0.044}, {""rank"": 5, ""label"": ""jersey"", ""confidence"": 0.0426}]",True,water
Places365_val_00028225.jpg,/Users/aidahamzic/PycharmProjects/PythonProject1/val_256/Places365_val_00028225.jpg,river,valley,0.5788,"[{""rank"": 1, ""label"": ""valley"", ""confidence"": 0.5788}, {""rank"": 2, ""label"": ""cliff"", ""confidence"": 0.1981}, {""rank"": 3, ""label"": ""alp"", ""confidence"": 0.0795}, {""rank"": 4, ""label"": ""promontory"", ""confidence"": 0.0437}, {""rank"": 5, ""label"": ""megalith"", ""confidence"": 0.0227}]",False,water
Places365_val_00028253.jpg,/Users/aidahamzic/PycharmProjects/PythonProject1/val_256/Places365_val_00028253.jpg,skyscraper,fireboat,0.1649,"[{""rank"": 1, ""label"": ""fireboat"", ""confidence"": 0.1649}, {""rank"": 2, ""label"": ""pier"", ""confidence"": 0.1592}, {""rank"": 3, ""label"": ""solar dish"", ""confidence"": 0.1225}, {""rank"": 4, ""label"": ""drilling platform"", ""confidence"": 0.0582}, {""rank"": 5, ""label"": ""airship"", ""confidence"": 0.0458}]",False,building
Places365_val_00028256.jpg,/Users/aidahamzic/PycharmProjects/PythonProject1/val_256/Places365_val_00028256.jpg,tower,crane,0.6806,"[{""rank"": 1, ""label"": ""crane"", ""confidence"": 0.6806}, {""rank"": 2, ""label"": ""solar dish"", ""confidence"": 0.0354}, {""rank"": 3, ""label"": ""drilling platform"", ""confidence"": 0.0343}, {""rank"": 4, ""label"": ""horizontal bar"", ""confidence"": 0.0325}, {""rank"": 5, ""label"": ""pole"", ""confidence"": 0.0317}]",False,building
Places365_val_00028345.jpg,/Users/aidahamzic/PycharmProjects/PythonProject1/val_256/Places365_val_00028345.jpg,rainforest,valley,0.1698,"[{""rank"": 1, ""label"": ""valley"", ""confidence"": 0.1698}, {""rank"": 2, ""label"": ""cliff"", ""confidence"": 0.0516}, {""rank"": 3, ""label"": ""thatch"", ""confidence"": 0.0503}, {""rank"": 4, ""label"": ""worm fence"", ""confidence"": 0.0442}, {""rank"": 5, ""label"": ""lakeside"", ""confidence"": 0.036}]",True,forest
Places365_val_00028378.jpg,/Users/aidahamzic/PycharmProjects/PythonProject1/val_256/Places365_val_00028378.jpg,ocean,hoopskirt,0.2336,"[{""rank"": 1, ""label"": ""hoopskirt"", ""confidence"": 0.2336}, {""rank"": 2, ""label"": ""sarong"", ""confidence"": 0.1623}, {""rank"": 3, ""label"": ""gown"", ""confidence"": 0.1553}, {""rank"": 4, ""label"": ""volcano"", ""confidence"": 0.1132}, {""rank"": 5, ""label"": ""cliff"", ""confidence"": 0.044}]",False,water
Places365_val_00028386.jpg,/Users/aidahamzic/PycharmProjects/PythonProject1/val_256/Places365_val_00028386.jpg,coast,catamaran,0.1397,"[{""rank"": 1, ""label"": ""catamaran"", ""confidence"": 0.1397}, {""rank"": 2, ""label"": ""yawl"", ""confidence"": 0.1133}, {""rank"": 3, ""label"": ""seashore"", ""confidence"": 0.062}, {""rank"": 4, ""label"": ""trimaran"", ""confidence"": 0.0498}, {""rank"": 5, ""label"": ""pole"", ""confidence"": 0.039}]",True,water
Places365_val_00028392.jpg,/Users/aidahamzic/PycharmProjects/PythonProject1/val_256/Places365_val_00028392.jpg,downtown,palace,0.2486,"[{""rank"": 1, ""label"": ""palace"", ""confidence"": 0.2486}, {""rank"": 2, ""label"": ""streetcar"", ""confidence"": 0.1435}, {""rank"": 3, ""label"": ""church"", ""confidence"": 0.0782}, {""rank"": 4, ""label"": ""traffic light"", ""confidence"": 0.0604}, {""rank"": 5, ""label"": ""castle"", ""confidence"": 0.0485}]",True,building
Places365_val_00028401.jpg,/Users/aidahamzic/PycharmProjects/PythonProject1/val_256/Places365_val_00028401.jpg,house,monastery,0.8321,"[{""rank"": 1, ""label"": ""monastery"", ""confidence"": 0.8321}, {""rank"": 2, ""label"": ""castle"", ""confidence"": 0.0351}, {""rank"": 3, ""label"": ""palace"", ""confidence"": 0.0244}, {""rank"": 4, ""label"": ""mobile home"", ""confidence"": 0.0134}, {""rank"": 5, ""label"": ""triumphal arch"", ""confidence"": 0.0096}]",True,building
Places365_val_00028403.jpg,/Users/aidahamzic/PycharmProjects/PythonProject1/val_256/Places365_val_00028403.jpg,ocean,killer whale,0.9546,"[{""rank"": 1, ""label"": ""killer whale"", ""confidence"": 0.9546}, {""rank"": 2, ""label"": ""great white shark"", ""confidence"": 0.0288}, {""rank"": 3, ""label"": ""grey whale"", ""confidence"": 0.01}, {""rank"": 4, ""label"": ""gar"", ""confidence"": 0.0049}, {""rank"": 5, ""label"": ""tiger shark"", ""confidence"": 0.001}]",False,water
Places365_val_00028410.jpg,/Users/aidahamzic/PycharmProjects/PythonProject1/val_256/Places365_val_00028410.jpg,hotel-outdoor,cinema,0.8845,"[{""rank"": 1, ""label"": ""cinema"", ""confidence"": 0.8845}, {""rank"": 2, ""label"": ""bell cote"", ""confidence"": 0.0242}, {""rank"": 3, ""label"": ""restaurant"", ""confidence"": 0.0168}, {""rank"": 4, ""label"": ""planetarium"", ""confidence"": 0.0104}, {""rank"": 5, ""label"": ""carousel"", ""confidence"": 0.0049}]",True,building
Places365_val_00028414.jpg,/Users/aidahamzic/PycharmProjects/PythonProject1/val_256/Places365_val_00028414.jpg,highway,volcano,0.3097,"[{""rank"": 1, ""label"": ""volcano"", ""confidence"": 0.3097}, {""rank"": 2, ""label"": ""valley"", ""confidence"": 0.2242}, {""rank"": 3, ""label"": ""dam"", ""confidence"": 0.0631}, {""rank"": 4, ""label"": ""cliff"", ""confidence"": 0.0546}, {""rank"": 5, ""label"": ""alp"", ""confidence"": 0.0422}]",False,street
Places365_val_00028442.jpg,/Users/aidahamzic/PycharmProjects/PythonProject1/val_256/Places365_val_00028442.jpg,alley,prison,0.8501,"[{""rank"": 1, ""label"": ""prison"", ""confidence"": 0.8501}, {""rank"": 2, ""label"": ""vault"", ""confidence"": 0.0476}, {""rank"": 3, ""label"": ""steel arch bridge"", ""confidence"": 0.028}, {""rank"": 4, ""label"": ""dam"", ""confidence"": 0.0143}, {""rank"": 5, ""label"": ""bannister"", ""confidence"": 0.011}]",False,street
Places365_val_00028476.jpg,/Users/aidahamzic/PycharmProjects/PythonProject1/val_256/Places365_val_00028476.jpg,forest-broadleaf,mountain bike,0.0538,"[{""rank"": 1, ""label"": ""mountain bike"", ""confidence"": 0.0538}, {""rank"": 2, ""label"": ""maze"", ""confidence"": 0.0491}, {""rank"": 3, ""label"": ""stone wall"", ""confidence"": 0.0486}, {""rank"": 4, ""label"": ""valley"", ""confidence"": 0.0369}, {""rank"": 5, ""label"": ""lakeside"", ""confidence"": 0.0368}]",True,forest
Places365_val_00028486.jpg,/Users/aidahamzic/PycharmProjects/PythonProject1/val_256/Places365_val_00028486.jpg,coast,paddle,0.1329,"[{""rank"": 1, ""label"": ""paddle"", ""confidence"": 0.1329}, {""rank"": 2, ""label"": ""swimming trunks"", ""confidence"": 0.096}, {""rank"": 3, ""label"": ""bathing cap"", ""confidence"": 0.0914}, {""rank"": 4, ""label"": ""bikini"", ""confidence"": 0.0838}, {""rank"": 5, ""label"": ""snorkel"", ""confidence"": 0.0586}]",True,water
Places365_val_00028513.jpg,/Users/aidahamzic/PycharmProjects/PythonProject1/val_256/Places365_val_00028513.jpg,alley,pier,0.2142,"[{""rank"": 1, ""label"": ""pier"", ""confidence"": 0.2142}, {""rank"": 2, ""label"": ""guillotine"", ""confidence"": 0.1678}, {""rank"": 3, ""label"": ""steel arch bridge"", ""confidence"": 0.1661}, {""rank"": 4, ""label"": ""suspension bridge"", ""confidence"": 0.0327}, {""rank"": 5, ""label"": ""viaduct"", ""confidence"": 0.0305}]",False,street
Places365_val_00028523.jpg,/Users/aidahamzic/PycharmProjects/PythonProject1/val_256/Places365_val_00028523.jpg,ocean,seashore,0.6099,"[{""rank"": 1, ""label"": ""seashore"", ""confidence"": 0.6099}, {""rank"": 2, ""label"": ""sandbar"", ""confidence"": 0.1289}, {""rank"": 3, ""label"": ""lakeside"", ""confidence"": 0.0797}, {""rank"": 4, ""label"": ""promontory"", ""confidence"": 0.0684}, {""rank"": 5, ""label"": ""beacon"", ""confidence"": 0.0116}]",True,water
Places365_val_00028557.jpg,/Users/aidahamzic/PycharmProjects/PythonProject1/val_256/Places365_val_00028557.jpg,ocean,promontory,0.7774,"[{""rank"": 1, ""label"": ""promontory"", ""confidence"": 0.7774}, {""rank"": 2, ""label"": ""cliff"", ""confidence"": 0.0857}, {""rank"": 3, ""label"": ""seashore"", ""confidence"": 0.0248}, {""rank"": 4, ""label"": ""valley"", ""confidence"": 0.0234}, {""rank"": 5, ""label"": ""beacon"", ""confidence"": 0.0185}]",True,water
Places365_val_00028560.jpg,/Users/aidahamzic/PycharmProjects/PythonProject1/val_256/Places365_val_00028560.jpg,river,dam,0.2372,"[{""rank"": 1, ""label"": ""dam"", ""confidence"": 0.2372}, {""rank"": 2, ""label"": ""fountain"", ""confidence"": 0.1488}, {""rank"": 3, ""label"": ""church"", ""confidence"": 0.072}, {""rank"": 4, ""label"": ""monastery"", ""confidence"": 0.0399}, {""rank"": 5, ""label"": ""castle"", ""confidence"": 0.0385}]",False,water
Places365_val_00028562.jpg,/Users/aidahamzic/PycharmProjects/PythonProject1/val_256/Places365_val_00028562.jpg,rainforest,spider web,0.2371,"[{""rank"": 1, ""label"": ""spider web"", ""confidence"": 0.2371}, {""rank"": 2, ""label"": ""valley"", ""confidence"": 0.0721}, {""rank"": 3, ""label"": ""colobus"", ""confidence"": 0.0665}, {""rank"": 4, ""label"": ""fountain"", ""confidence"": 0.0618}, {""rank"": 5, ""label"": ""cliff"", ""confidence"": 0.0474}]",True,forest
Places365_val_00028597.jpg,/Users/aidahamzic/PycharmProjects/PythonProject1/val_256/Places365_val_00028597.jpg,river,valley,0.4415,"[{""rank"": 1, ""label"": ""valley"", ""confidence"": 0.4415}, {""rank"": 2, ""label"": ""lakeside"", ""confidence"": 0.1739}, {""rank"": 3, ""label"": ""promontory"", ""confidence"": 0.1114}, {""rank"": 4, ""label"": ""cliff"", ""confidence"": 0.0483}, {""rank"": 5, ""label"": ""boathouse"", ""confidence"": 0.0299}]",True,water
Places365_val_00028630.jpg,/Users/aidahamzic/PycharmProjects/PythonProject1/val_256/Places365_val_00028630.jpg,house,monastery,0.6958,"[{""rank"": 1, ""label"": ""monastery"", ""confidence"": 0.6958}, {""rank"": 2, ""label"": ""bell cote"", ""confidence"": 0.1196}, {""rank"": 3, ""label"": ""church"", ""confidence"": 0.0802}, {""rank"": 4, ""label"": ""mosque"", ""confidence"": 0.0195}, {""rank"": 5, ""label"": ""palace"", ""confidence"": 0.016}]",True,building
Places365_val_00028641.jpg,/Users/aidahamzic/PycharmProjects/PythonProject1/val_256/Places365_val_00028641.jpg,house,lakeside,0.1137,"[{""rank"": 1, ""label"": ""lakeside"", ""confidence"": 0.1137}, {""rank"": 2, ""label"": ""mobile home"", ""confidence"": 0.0615}, {""rank"": 3, ""label"": ""boathouse"", ""confidence"": 0.0614}, {""rank"": 4, ""label"": ""bell cote"", ""confidence"": 0.0438}, {""rank"": 5, ""label"": ""solar dish"", ""confidence"": 0.0385}]",True,building
Places365_val_00028668.jpg,/Users/aidahamzic/PycharmProjects/PythonProject1/val_256/Places365_val_00028668.jpg,forest-broadleaf,sarong,0.6059,"[{""rank"": 1, ""label"": ""sarong"", ""confidence"": 0.6059}, {""rank"": 2, ""label"": ""overskirt"", ""confidence"": 0.2412}, {""rank"": 3, ""label"": ""gown"", ""confidence"": 0.0589}, {""rank"": 4, ""label"": ""cloak"", ""confidence"": 0.0357}, {""rank"": 5, ""label"": ""hoopskirt"", ""confidence"": 0.0191}]",False,forest
Places365_val_00028696.jpg,/Users/aidahamzic/PycharmProjects/PythonProject1/val_256/Places365_val_00028696.jpg,alley,fire screen,0.431,"[{""rank"": 1, ""label"": ""fire screen"", ""confidence"": 0.431}, {""rank"": 2, ""label"": ""stove"", ""confidence"": 0.2716}, {""rank"": 3, ""label"": ""sliding door"", ""confidence"": 0.1043}, {""rank"": 4, ""label"": ""turnstile"", ""confidence"": 0.0366}, {""rank"": 5, ""label"": ""shoji"", ""confidence"": 0.0299}]",False,street
Places365_val_00028719.jpg,/Users/aidahamzic/PycharmProjects/PythonProject1/val_256/Places365_val_00028719.jpg,skyscraper,castle,0.555,"[{""rank"": 1, ""label"": ""castle"", ""confidence"": 0.555}, {""rank"": 2, ""label"": ""palace"", ""confidence"": 0.0321}, {""rank"": 3, ""label"": ""megalith"", ""confidence"": 0.0301}, {""rank"": 4, ""label"": ""suspension bridge"", ""confidence"": 0.0245}, {""rank"": 5, ""label"": ""obelisk"", ""confidence"": 0.0218}]",True,building
Places365_val_00028747.jpg,/Users/aidahamzic/PycharmProjects/PythonProject1/val_256/Places365_val_00028747.jpg,glacier,snowmobile,0.8895,"[{""rank"": 1, ""label"": ""snowmobile"", ""confidence"": 0.8895}, {""rank"": 2, ""label"": ""ski"", ""confidence"": 0.0844}, {""rank"": 3, ""label"": ""bobsled"", ""confidence"": 0.0185}, {""rank"": 4, ""label"": ""alp"", ""confidence"": 0.0057}, {""rank"": 5, ""label"": ""dogsled"", ""confidence"": 0.0009}]",True,glacier
Places365_val_00028751.jpg,/Users/aidahamzic/PycharmProjects/PythonProject1/val_256/Places365_val_00028751.jpg,glacier,alp,0.7569,"[{""rank"": 1, ""label"": ""alp"", ""confidence"": 0.7569}, {""rank"": 2, ""label"": ""valley"", ""confidence"": 0.1711}, {""rank"": 3, ""label"": ""cliff"", ""confidence"": 0.0214}, {""rank"": 4, ""label"": ""volcano"", ""confidence"": 0.0099}, {""rank"": 5, ""label"": ""mountain tent"", ""confidence"": 0.0081}]",True,glacier
Places365_val_00028791.jpg,/Users/aidahamzic/PycharmProjects/PythonProject1/val_256/Places365_val_00028791.jpg,street,streetcar,0.3986,"[{""rank"": 1, ""label"": ""streetcar"", ""confidence"": 0.3986}, {""rank"": 2, ""label"": ""traffic light"", ""confidence"": 0.073}, {""rank"": 3, ""label"": ""triumphal arch"", ""confidence"": 0.0495}, {""rank"": 4, ""label"": ""cab"", ""confidence"": 0.0473}, {""rank"": 5, ""label"": ""unicycle"", ""confidence"": 0.0382}]",True,street
Places365_val_00028826.jpg,/Users/aidahamzic/PycharmProjects/PythonProject1/val_256/Places365_val_00028826.jpg,downtown,airship,0.1146,"[{""rank"": 1, ""label"": ""airship"", ""confidence"": 0.1146}, {""rank"": 2, ""label"": ""dome"", ""confidence"": 0.1004}, {""rank"": 3, ""label"": ""bullet train"", ""confidence"": 0.081}, {""rank"": 4, ""label"": ""triumphal arch"", ""confidence"": 0.0376}, {""rank"": 5, ""label"": ""fountain"", ""confidence"": 0.0273}]",True,building
Places365_val_00028858.jpg,/Users/aidahamzic/PycharmProjects/PythonProject1/val_256/Places365_val_00028858.jpg,rainforest,valley,0.5392,"[{""rank"": 1, ""label"": ""valley"", ""confidence"": 0.5392}, {""rank"": 2, ""label"": ""alp"", ""confidence"": 0.0875}, {""rank"": 3, ""label"": ""viaduct"", ""confidence"": 0.0652}, {""rank"": 4, ""label"": ""volcano"", ""confidence"": 0.057}, {""rank"": 5, ""label"": ""dam"", ""confidence"": 0.0439}]",True,forest
Places365_val_00028899.jpg,/Users/aidahamzic/PycharmProjects/PythonProject1/val_256/Places365_val_00028899.jpg,coast,valley,0.3099,"[{""rank"": 1, ""label"": ""valley"", ""confidence"": 0.3099}, {""rank"": 2, ""label"": ""promontory"", ""confidence"": 0.2456}, {""rank"": 3, ""label"": ""cliff"", ""confidence"": 0.1593}, {""rank"": 4, ""label"": ""lakeside"", ""confidence"": 0.0838}, {""rank"": 5, ""label"": ""seashore"", ""confidence"": 0.0773}]",True,water
Places365_val_00028957.jpg,/Users/aidahamzic/PycharmProjects/PythonProject1/val_256/Places365_val_00028957.jpg,tower,castle,0.4485,"[{""rank"": 1, ""label"": ""castle"", ""confidence"": 0.4485}, {""rank"": 2, ""label"": ""submarine"", ""confidence"": 0.2073}, {""rank"": 3, ""label"": ""cannon"", ""confidence"": 0.0608}, {""rank"": 4, ""label"": ""dam"", ""confidence"": 0.0604}, {""rank"": 5, ""label"": ""suspension bridge"", ""confidence"": 0.032}]",True,building
Places365_val_00028961.jpg,/Users/aidahamzic/PycharmProjects/PythonProject1/val_256/Places365_val_00028961.jpg,coast,lakeside,0.266,"[{""rank"": 1, ""label"": ""lakeside"", ""confidence"": 0.266}, {""rank"": 2, ""label"": ""dam"", ""confidence"": 0.08}, {""rank"": 3, ""label"": ""promontory"", ""confidence"": 0.0595}, {""rank"": 4, ""label"": ""rapeseed"", ""confidence"": 0.0475}, {""rank"": 5, ""label"": ""valley"", ""confidence"": 0.0316}]",True,water
Places365_val_00028996.jpg,/Users/aidahamzic/PycharmProjects/PythonProject1/val_256/Places365_val_00028996.jpg,rainforest,volcano,0.4534,"[{""rank"": 1, ""label"": ""volcano"", ""confidence"": 0.4534}, {""rank"": 2, ""label"": ""valley"", ""confidence"": 0.3671}, {""rank"": 3, ""label"": ""alp"", ""confidence"": 0.0398}, {""rank"": 4, ""label"": ""cliff"", ""confidence"": 0.0298}, {""rank"": 5, ""label"": ""lakeside"", ""confidence"": 0.0269}]",True,forest
Places365_val_00029066.jpg,/Users/aidahamzic/PycharmProjects/PythonProject1/val_256/Places365_val_00029066.jpg,hotel-outdoor,cinema,0.5245,"[{""rank"": 1, ""label"": ""cinema"", ""confidence"": 0.5245}, {""rank"": 2, ""label"": ""traffic light"", ""confidence"": 0.0621}, {""rank"": 3, ""label"": ""limousine"", ""confidence"": 0.041}, {""rank"": 4, ""label"": ""flagpole"", ""confidence"": 0.0287}, {""rank"": 5, ""label"": ""planetarium"", ""confidence"": 0.0226}]",True,building
Places365_val_00029068.jpg,/Users/aidahamzic/PycharmProjects/PythonProject1/val_256/Places365_val_00029068.jpg,street,streetcar,0.6173,"[{""rank"": 1, ""label"": ""streetcar"", ""confidence"": 0.6173}, {""rank"": 2, ""label"": ""passenger car"", ""confidence"": 0.1134}, {""rank"": 3, ""label"": ""trolleybus"", ""confidence"": 0.0609}, {""rank"": 4, ""label"": ""fire engine"", ""confidence"": 0.0232}, {""rank"": 5, ""label"": ""garbage truck"", ""confidence"": 0.0216}]",True,street
Places365_val_00029084.jpg,/Users/aidahamzic/PycharmProjects/PythonProject1/val_256/Places365_val_00029084.jpg,mountain,valley,0.1549,"[{""rank"": 1, ""label"": ""valley"", ""confidence"": 0.1549}, {""rank"": 2, ""label"": ""cliff"", ""confidence"": 0.1153}, {""rank"": 3, ""label"": ""seashore"", ""confidence"": 0.1056}, {""rank"": 4, ""label"": ""promontory"", ""confidence"": 0.0986}, {""rank"": 5, ""label"": ""alp"", ""confidence"": 0.0698}]",True,mountain
Places365_val_00029137.jpg,/Users/aidahamzic/PycharmProjects/PythonProject1/val_256/Places365_val_00029137.jpg,glacier,amphibian,0.4452,"[{""rank"": 1, ""label"": ""amphibian"", ""confidence"": 0.4452}, {""rank"": 2, ""label"": ""seashore"", ""confidence"": 0.1305}, {""rank"": 3, ""label"": ""breakwater"", ""confidence"": 0.0848}, {""rank"": 4, ""label"": ""wreck"", ""confidence"": 0.0485}, {""rank"": 5, ""label"": ""sandbar"", ""confidence"": 0.0376}]",False,glacier
Places365_val_00029152.jpg,/Users/aidahamzic/PycharmProjects/PythonProject1/val_256/Places365_val_00029152.jpg,skyscraper,solar dish,0.4938,"[{""rank"": 1, ""label"": ""solar dish"", ""confidence"": 0.4938}, {""rank"": 2, ""label"": ""planetarium"", ""confidence"": 0.1066}, {""rank"": 3, ""label"": ""seashore"", ""confidence"": 0.0285}, {""rank"": 4, ""label"": ""beacon"", ""confidence"": 0.0266}, {""rank"": 5, ""label"": ""catamaran"", ""confidence"": 0.026}]",True,building
Places365_val_00029175.jpg,/Users/aidahamzic/PycharmProjects/PythonProject1/val_256/Places365_val_00029175.jpg,hotel-outdoor,mosque,0.5233,"[{""rank"": 1, ""label"": ""mosque"", ""confidence"": 0.5233}, {""rank"": 2, ""label"": ""palace"", ""confidence"": 0.2337}, {""rank"": 3, ""label"": ""bell cote"", ""confidence"": 0.0567}, {""rank"": 4, ""label"": ""dome"", ""confidence"": 0.0323}, {""rank"": 5, ""label"": ""fountain"", ""confidence"": 0.0306}]",True,building
Places365_val_00029193.jpg,/Users/aidahamzic/PycharmProjects/PythonProject1/val_256/Places365_val_00029193.jpg,skyscraper,radiator,0.1616,"[{""rank"": 1, ""label"": ""radiator"", ""confidence"": 0.1616}, {""rank"": 2, ""label"": ""turnstile"", ""confidence"": 0.1589}, {""rank"": 3, ""label"": ""prison"", ""confidence"": 0.0776}, {""rank"": 4, ""label"": ""space heater"", ""confidence"": 0.076}, {""rank"": 5, ""label"": ""fire screen"", ""confidence"": 0.0503}]",True,building
Places365_val_00029239.jpg,/Users/aidahamzic/PycharmProjects/PythonProject1/val_256/Places365_val_00029239.jpg,forest-broadleaf,worm fence,0.1547,"[{""rank"": 1, ""label"": ""worm fence"", ""confidence"": 0.1547}, {""rank"": 2, ""label"": ""geyser"", ""confidence"": 0.1127}, {""rank"": 3, ""label"": ""valley"", ""confidence"": 0.0908}, {""rank"": 4, ""label"": ""volcano"", ""confidence"": 0.0521}, {""rank"": 5, ""label"": ""alp"", ""confidence"": 0.0432}]",True,forest
Places365_val_00029284.jpg,/Users/aidahamzic/PycharmProjects/PythonProject1/val_256/Places365_val_00029284.jpg,highway,tow truck,0.3318,"[{""rank"": 1, ""label"": ""tow truck"", ""confidence"": 0.3318}, {""rank"": 2, ""label"": ""half track"", ""confidence"": 0.1777}, {""rank"": 3, ""label"": ""golfcart"", ""confidence"": 0.0694}, {""rank"": 4, ""label"": ""car wheel"", ""confidence"": 0.0675}, {""rank"": 5, ""label"": ""go-kart"", ""confidence"": 0.0512}]",False,street
Places365_val_00029344.jpg,/Users/aidahamzic/PycharmProjects/PythonProject1/val_256/Places365_val_00029344.jpg,forest-broadleaf,mountain tent,0.3555,"[{""rank"": 1, ""label"": ""mountain tent"", ""confidence"": 0.3555}, {""rank"": 2, ""label"": ""oxcart"", ""confidence"": 0.2208}, {""rank"": 3, ""label"": ""maypole"", ""confidence"": 0.1053}, {""rank"": 4, ""label"": ""lumbermill"", ""confidence"": 0.0599}, {""rank"": 5, ""label"": ""swing"", ""confidence"": 0.0454}]",False,forest
Places365_val_00029357.jpg,/Users/aidahamzic/PycharmProjects/PythonProject1/val_256/Places365_val_00029357.jpg,ocean,grey whale,0.24,"[{""rank"": 1, ""label"": ""grey whale"", ""confidence"": 0.24}, {""rank"": 2, ""label"": ""killer whale"", ""confidence"": 0.2276}, {""rank"": 3, ""label"": ""seashore"", ""confidence"": 0.141}, {""rank"": 4, ""label"": ""promontory"", ""confidence"": 0.0831}, {""rank"": 5, ""label"": ""albatross"", ""confidence"": 0.0593}]",True,water
Places365_val_00029368.jpg,/Users/aidahamzic/PycharmProjects/PythonProject1/val_256/Places365_val_00029368.jpg,street,limousine,0.1593,"[{""rank"": 1, ""label"": ""limousine"", ""confidence"": 0.1593}, {""rank"": 2, ""label"": ""moving van"", ""confidence"": 0.0627}, {""rank"": 3, ""label"": ""traffic light"", ""confidence"": 0.0509}, {""rank"": 4, ""label"": ""garbage truck"", ""confidence"": 0.0507}, {""rank"": 5, ""label"": ""street sign"", ""confidence"": 0.0491}]",True,street
Places365_val_00029392.jpg,/Users/aidahamzic/PycharmProjects/PythonProject1/val_256/Places365_val_00029392.jpg,tower,tile roof,0.3027,"[{""rank"": 1, ""label"": ""tile roof"", ""confidence"": 0.3027}, {""rank"": 2, ""label"": ""monastery"", ""confidence"": 0.2138}, {""rank"": 3, ""label"": ""solar dish"", ""confidence"": 0.1025}, {""rank"": 4, ""label"": ""dome"", ""confidence"": 0.0582}, {""rank"": 5, ""label"": ""bell cote"", ""confidence"": 0.0524}]",True,building
Places365_val_00029425.jpg,/Users/aidahamzic/PycharmProjects/PythonProject1/val_256/Places365_val_00029425.jpg,hotel-outdoor,cinema,0.8729,"[{""rank"": 1, ""label"": ""cinema"", ""confidence"": 0.8729}, {""rank"": 2, ""label"": ""restaurant"", ""confidence"": 0.0569}, {""rank"": 3, ""label"": ""tobacco shop"", ""confidence"": 0.0307}, {""rank"": 4, ""label"": ""bakery"", ""confidence"": 0.0094}, {""rank"": 5, ""label"": ""bookshop"", ""confidence"": 0.0046}]",True,building
Places365_val_00029450.jpg,/Users/aidahamzic/PycharmProjects/PythonProject1/val_256/Places365_val_00029450.jpg,glacier,alp,0.2994,"[{""rank"": 1, ""label"": ""alp"", ""confidence"": 0.2994}, {""rank"": 2, ""label"": ""volcano"", ""confidence"": 0.1643}, {""rank"": 3, ""label"": ""bison"", ""confidence"": 0.0456}, {""rank"": 4, ""label"": ""ibex"", ""confidence"": 0.0447}, {""rank"": 5, ""label"": ""Newfoundland"", ""confidence"": 0.0447}]",True,glacier
Places365_val_00029473.jpg,/Users/aidahamzic/PycharmProjects/PythonProject1/val_256/Places365_val_00029473.jpg,downtown,bell cote,0.1364,"[{""rank"": 1, ""label"": ""bell cote"", ""confidence"": 0.1364}, {""rank"": 2, ""label"": ""boathouse"", ""confidence"": 0.1106}, {""rank"": 3, ""label"": ""flagpole"", ""confidence"": 0.0767}, {""rank"": 4, ""label"": ""palace"", ""confidence"": 0.0556}, {""rank"": 5, ""label"": ""church"", ""confidence"": 0.0444}]",True,building
Places365_val_00029489.jpg,/Users/aidahamzic/PycharmProjects/PythonProject1/val_256/Places365_val_00029489.jpg,house,minivan,0.1653,"[{""rank"": 1, ""label"": ""minivan"", ""confidence"": 0.1653}, {""rank"": 2, ""label"": ""limousine"", ""confidence"": 0.1383}, {""rank"": 3, ""label"": ""tow truck"", ""confidence"": 0.0826}, {""rank"": 4, ""label"": ""mobile home"", ""confidence"": 0.0782}, {""rank"": 5, ""label"": ""pickup"", ""confidence"": 0.0716}]",False,building
Places365_val_00029508.jpg,/Users/aidahamzic/PycharmProjects/PythonProject1/val_256/Places365_val_00029508.jpg,forest-broadleaf,impala,0.0946,"[{""rank"": 1, ""label"": ""impala"", ""confidence"": 0.0946}, {""rank"": 2, ""label"": ""lakeside"", ""confidence"": 0.0555}, {""rank"": 3, ""label"": ""gazelle"", ""confidence"": 0.0445}, {""rank"": 4, ""label"": ""hartebeest"", ""confidence"": 0.0287}, {""rank"": 5, ""label"": ""spider monkey"", ""confidence"": 0.0227}]",False,forest
Places365_val_00029514.jpg,/Users/aidahamzic/PycharmProjects/PythonProject1/val_256/Places365_val_00029514.jpg,river,dam,0.8921,"[{""rank"": 1, ""label"": ""dam"", ""confidence"": 0.8921}, {""rank"": 2, ""label"": ""pier"", ""confidence"": 0.016}, {""rank"": 3, ""label"": ""monitor"", ""confidence"": 0.0155}, {""rank"": 4, ""label"": ""steel arch bridge"", ""confidence"": 0.0056}, {""rank"": 5, ""label"": ""dishwasher"", ""confidence"": 0.0047}]",False,water
Places365_val_00029518.jpg,/Users/aidahamzic/PycharmProjects/PythonProject1/val_256/Places365_val_00029518.jpg,highway,dam,0.2691,"[{""rank"": 1, ""label"": ""dam"", ""confidence"": 0.2691}, {""rank"": 2, ""label"": ""garbage truck"", ""confidence"": 0.2316}, {""rank"": 3, ""label"": ""mountain tent"", ""confidence"": 0.0757}, {""rank"": 4, ""label"": ""schooner"", ""confidence"": 0.0695}, {""rank"": 5, ""label"": ""freight car"", ""confidence"": 0.0311}]",False,street
Places365_val_00029652.jpg,/Users/aidahamzic/PycharmProjects/PythonProject1/val_256/Places365_val_00029652.jpg,mountain,suspension bridge,0.3673,"[{""rank"": 1, ""label"": ""suspension bridge"", ""confidence"": 0.3673}, {""rank"": 2, ""label"": ""cliff"", ""confidence"": 0.1548}, {""rank"": 3, ""label"": ""valley"", ""confidence"": 0.1447}, {""rank"": 4, ""label"": ""pole"", ""confidence"": 0.026}, {""rank"": 5, ""label"": ""sundial"", ""confidence"": 0.0163}]",True,mountain
Places365_val_00029664.jpg,/Users/aidahamzic/PycharmProjects/PythonProject1/val_256/Places365_val_00029664.jpg,downtown,crutch,0.0719,"[{""rank"": 1, ""label"": ""crutch"", ""confidence"": 0.0719}, {""rank"": 2, ""label"": ""triumphal arch"", ""confidence"": 0.062}, {""rank"": 3, ""label"": ""jean"", ""confidence"": 0.0463}, {""rank"": 4, ""label"": ""flagpole"", ""confidence"": 0.0269}, {""rank"": 5, ""label"": ""sweatshirt"", ""confidence"": 0.0251}]",False,building
Places365_val_00029682.jpg,/Users/aidahamzic/PycharmProjects/PythonProject1/val_256/Places365_val_00029682.jpg,mountain,alp,0.7155,"[{""rank"": 1, ""label"": ""alp"", ""confidence"": 0.7155}, {""rank"": 2, ""label"": ""cliff"", ""confidence"": 0.1282}, {""rank"": 3, ""label"": ""geyser"", ""confidence"": 0.0234}, {""rank"": 4, ""label"": ""ski"", ""confidence"": 0.013}, {""rank"": 5, ""label"": ""castle"", ""confidence"": 0.011}]",True,mountain
Places365_val_00029722.jpg,/Users/aidahamzic/PycharmProjects/PythonProject1/val_256/Places365_val_00029722.jpg,rainforest,black stork,0.456,"[{""rank"": 1, ""label"": ""black stork"", ""confidence"": 0.456}, {""rank"": 2, ""label"": ""white stork"", ""confidence"": 0.1264}, {""rank"": 3, ""label"": ""spoonbill"", ""confidence"": 0.1128}, {""rank"": 4, ""label"": ""little blue heron"", ""confidence"": 0.0804}, {""rank"": 5, ""label"": ""kite"", ""confidence"": 0.0529}]",False,forest
Places365_val_00029779.jpg,/Users/aidahamzic/PycharmProjects/PythonProject1/val_256/Places365_val_00029779.jpg,rainforest,suspension bridge,0.9075,"[{""rank"": 1, ""label"": ""suspension bridge"", ""confidence"": 0.9075}, {""rank"": 2, ""label"": ""swing"", ""confidence"": 0.011}, {""rank"": 3, ""label"": ""cliff"", ""confidence"": 0.0089}, {""rank"": 4, ""label"": ""valley"", ""confidence"": 0.0076}, {""rank"": 5, ""label"": ""bow"", ""confidence"": 0.0069}]",True,forest
Places365_val_00029822.jpg,/Users/aidahamzic/PycharmProjects/PythonProject1/val_256/Places365_val_00029822.jpg,rainforest,sliding door,0.2313,"[{""rank"": 1, ""label"": ""sliding door"", ""confidence"": 0.2313}, {""rank"": 2, ""label"": ""window screen"", ""confidence"": 0.0578}, {""rank"": 3, ""label"": ""wardrobe"", ""confidence"": 0.0479}, {""rank"": 4, ""label"": ""suspension bridge"", ""confidence"": 0.0417}, {""rank"": 5, ""label"": ""shoji"", ""confidence"": 0.0334}]",False,forest
Places365_val_00029824.jpg,/Users/aidahamzic/PycharmProjects/PythonProject1/val_256/Places365_val_00029824.jpg,downtown,planetarium,0.1672,"[{""rank"": 1, ""label"": ""planetarium"", ""confidence"": 0.1672}, {""rank"": 2, ""label"": ""obelisk"", ""confidence"": 0.1202}, {""rank"": 3, ""label"": ""steel arch bridge"", ""confidence"": 0.0787}, {""rank"": 4, ""label"": ""sundial"", ""confidence"": 0.0739}, {""rank"": 5, ""label"": ""fountain"", ""confidence"": 0.0412}]",True,building
Places365_val_00029838.jpg,/Users/aidahamzic/PycharmProjects/PythonProject1/val_256/Places365_val_00029838.jpg,coast,sandbar,0.1656,"[{""rank"": 1, ""label"": ""sandbar"", ""confidence"": 0.1656}, {""rank"": 2, ""label"": ""gar"", ""confidence"": 0.1317}, {""rank"": 3, ""label"": ""lakeside"", ""confidence"": 0.0919}, {""rank"": 4, ""label"": ""geyser"", ""confidence"": 0.0849}, {""rank"": 5, ""label"": ""seashore"", ""confidence"": 0.0598}]",True,water
Places365_val_00029950.jpg,/Users/aidahamzic/PycharmProjects/PythonProject1/val_256/Places365_val_00029950.jpg,alley,greenhouse,0.4576,"[{""rank"": 1, ""label"": ""greenhouse"", ""confidence"": 0.4576}, {""rank"": 2, ""label"": ""prison"", ""confidence"": 0.2473}, {""rank"": 3, ""label"": ""library"", ""confidence"": 0.0497}, {""rank"": 4, ""label"": ""palace"", ""confidence"": 0.0414}, {""rank"": 5, ""label"": ""streetcar"", ""confidence"": 0.0373}]",True,street
Places365_val_00029962.jpg,/Users/aidahamzic/PycharmProjects/PythonProject1/val_256/Places365_val_00029962.jpg,forest-broadleaf,valley,0.1863,"[{""rank"": 1, ""label"": ""valley"", ""confidence"": 0.1863}, {""rank"": 2, ""label"": ""lakeside"", ""confidence"": 0.1295}, {""rank"": 3, ""label"": ""mountain tent"", ""confidence"": 0.0646}, {""rank"": 4, ""label"": ""boathouse"", ""confidence"": 0.0531}, {""rank"": 5, ""label"": ""suspension bridge"", ""confidence"": 0.0249}]",True,forest
Places365_val_00029966.jpg,/Users/aidahamzic/PycharmProjects/PythonProject1/val_256/Places365_val_00029966.jpg,rainforest,suspension bridge,0.7983,"[{""rank"": 1, ""label"": ""suspension bridge"", ""confidence"": 0.7983}, {""rank"": 2, ""label"": ""steel arch bridge"", ""confidence"": 0.0814}, {""rank"": 3, ""label"": ""pier"", ""confidence"": 0.0251}, {""rank"": 4, ""label"": ""viaduct"", ""confidence"": 0.0134}, {""rank"": 5, ""label"": ""crane"", ""confidence"": 0.0108}]",False,forest
Places365_val_00030023.jpg,/Users/aidahamzic/PycharmProjects/PythonProject1/val_256/Places365_val_00030023.jpg,coast,lakeside,0.1926,"[{""rank"": 1, ""label"": ""lakeside"", ""confidence"": 0.1926}, {""rank"": 2, ""label"": ""bell cote"", ""confidence"": 0.0948}, {""rank"": 3, ""label"": ""maze"", ""confidence"": 0.0728}, {""rank"": 4, ""label"": ""patio"", ""confidence"": 0.0629}, {""rank"": 5, ""label"": ""palace"", ""confidence"": 0.06}]",True,water
Places365_val_00030110.jpg,/Users/aidahamzic/PycharmProjects/PythonProject1/val_256/Places365_val_00030110.jpg,highway,maillot tank suit,0.2495,"[{""rank"": 1, ""label"": ""maillot tank suit"", ""confidence"": 0.2495}, {""rank"": 2, ""label"": ""park bench"", ""confidence"": 0.1308}, {""rank"": 3, ""label"": ""lakeside"", ""confidence"": 0.0656}, {""rank"": 4, ""label"": ""bicycle-built-for-two"", ""confidence"": 0.044}, {""rank"": 5, ""label"": ""maillot"", ""confidence"": 0.0319}]",False,street
Places365_val_00030114.jpg,/Users/aidahamzic/PycharmProjects/PythonProject1/val_256/Places365_val_00030114.jpg,highway,mountain tent,0.1697,"[{""rank"": 1, ""label"": ""mountain tent"", ""confidence"": 0.1697}, {""rank"": 2, ""label"": ""umbrella"", ""confidence"": 0.0559}, {""rank"": 3, ""label"": ""racer"", ""confidence"": 0.0553}, {""rank"": 4, ""label"": ""garbage truck"", ""confidence"": 0.0402}, {""rank"": 5, ""label"": ""bobsled"", ""confidence"": 0.0337}]",False,street
Places365_val_00030163.jpg,/Users/aidahamzic/PycharmProjects/PythonProject1/val_256/Places365_val_00030163.jpg,skyscraper,boathouse,0.1412,"[{""rank"": 1, ""label"": ""boathouse"", ""confidence"": 0.1412}, {""rank"": 2, ""label"": ""lakeside"", ""confidence"": 0.0973}, {""rank"": 3, ""label"": ""fireboat"", ""confidence"": 0.0402}, {""rank"": 4, ""label"": ""mobile home"", ""confidence"": 0.0278}, {""rank"": 5, ""label"": ""paddlewheel"", ""confidence"": 0.0241}]",True,building
Places365_val_00030170.jpg,/Users/aidahamzic/PycharmProjects/PythonProject1/val_256/Places365_val_00030170.jpg,glacier,seashore,0.392,"[{""rank"": 1, ""label"": ""seashore"", ""confidence"": 0.392}, {""rank"": 2, ""label"": ""lakeside"", ""confidence"": 0.1287}, {""rank"": 3, ""label"": ""television"", ""confidence"": 0.0634}, {""rank"": 4, ""label"": ""valley"", ""confidence"": 0.0575}, {""rank"": 5, ""label"": ""promontory"", ""confidence"": 0.0532}]",True,glacier
Places365_val_00030184.jpg,/Users/aidahamzic/PycharmProjects/PythonProject1/val_256/Places365_val_00030184.jpg,river,alp,0.5206,"[{""rank"": 1, ""label"": ""alp"", ""confidence"": 0.5206}, {""rank"": 2, ""label"": ""valley"", ""confidence"": 0.304}, {""rank"": 3, ""label"": ""cliff"", ""confidence"": 0.045}, {""rank"": 4, ""label"": ""lakeside"", ""confidence"": 0.0407}, {""rank"": 5, ""label"": ""promontory"", ""confidence"": 0.0327}]",True,water
Places365_val_00030188.jpg,/Users/aidahamzic/PycharmProjects/PythonProject1/val_256/Places365_val_00030188.jpg,tower,palace,0.819,"[{""rank"": 1, ""label"": ""palace"", ""confidence"": 0.819}, {""rank"": 2, ""label"": ""bell cote"", ""confidence"": 0.0637}, {""rank"": 3, ""label"": ""suspension bridge"", ""confidence"": 0.027}, {""rank"": 4, ""label"": ""pier"", ""confidence"": 0.0123}, {""rank"": 5, ""label"": ""mosque"", ""confidence"": 0.0102}]",True,building
Places365_val_00030194.jpg,/Users/aidahamzic/PycharmProjects/PythonProject1/val_256/Places365_val_00030194.jpg,downtown,cinema,0.2207,"[{""rank"": 1, ""label"": ""cinema"", ""confidence"": 0.2207}, {""rank"": 2, ""label"": ""palace"", ""confidence"": 0.2023}, {""rank"": 3, ""label"": ""bell cote"", ""confidence"": 0.0942}, {""rank"": 4, ""label"": ""fountain"", ""confidence"": 0.0732}, {""rank"": 5, ""label"": ""planetarium"", ""confidence"": 0.0636}]",True,building
Places365_val_00030197.jpg,/Users/aidahamzic/PycharmProjects/PythonProject1/val_256/Places365_val_00030197.jpg,rainforest,valley,0.1442,"[{""rank"": 1, ""label"": ""valley"", ""confidence"": 0.1442}, {""rank"": 2, ""label"": ""cliff"", ""confidence"": 0.1349}, {""rank"": 3, ""label"": ""mountain tent"", ""confidence"": 0.0977}, {""rank"": 4, ""label"": ""suspension bridge"", ""confidence"": 0.087}, {""rank"": 5, ""label"": ""canoe"", ""confidence"": 0.0587}]",True,forest
Places365_val_00030203.jpg,/Users/aidahamzic/PycharmProjects/PythonProject1/val_256/Places365_val_00030203.jpg,skyscraper,solar dish,0.3053,"[{""rank"": 1, ""label"": ""solar dish"", ""confidence"": 0.3053}, {""rank"": 2, ""label"": ""flagpole"", ""confidence"": 0.119}, {""rank"": 3, ""label"": ""church"", ""confidence"": 0.0911}, {""rank"": 4, ""label"": ""street sign"", ""confidence"": 0.0808}, {""rank"": 5, ""label"": ""barn"", ""confidence"": 0.0554}]",True,building
Places365_val_00030213.jpg,/Users/aidahamzic/PycharmProjects/PythonProject1/val_256/Places365_val_00030213.jpg,coast,dock,0.3087,"[{""rank"": 1, ""label"": ""dock"", ""confidence"": 0.3087}, {""rank"": 2, ""label"": ""lakeside"", ""confidence"": 0.2113}, {""rank"": 3, ""label"": ""pier"", ""confidence"": 0.0954}, {""rank"": 4, ""label"": ""seashore"", ""confidence"": 0.0933}, {""rank"": 5, ""label"": ""boathouse"", ""confidence"": 0.0659}]",True,water
Places365_val_00030227.jpg,/Users/aidahamzic/PycharmProjects/PythonProject1/val_256/Places365_val_00030227.jpg,glacier,alp,0.2441,"[{""rank"": 1, ""label"": ""alp"", ""confidence"": 0.2441}, {""rank"": 2, ""label"": ""valley"", ""confidence"": 0.1155}, {""rank"": 3, ""label"": ""bison"", ""confidence"": 0.0508}, {""rank"": 4, ""label"": ""cliff"", ""confidence"": 0.0401}, {""rank"": 5, ""label"": ""komondor"", ""confidence"": 0.0377}]",True,glacier
Places365_val_00030282.jpg,/Users/aidahamzic/PycharmProjects/PythonProject1/val_256/Places365_val_00030282.jpg,highway,sandbar,0.1722,"[{""rank"": 1, ""label"": ""sandbar"", ""confidence"": 0.1722}, {""rank"": 2, ""label"": ""flagpole"", ""confidence"": 0.1273}, {""rank"": 3, ""label"": ""seashore"", ""confidence"": 0.1145}, {""rank"": 4, ""label"": ""lakeside"", ""confidence"": 0.1089}, {""rank"": 5, ""label"": ""pole"", ""confidence"": 0.084}]",False,street
Places365_val_00030297.jpg,/Users/aidahamzic/PycharmProjects/PythonProject1/val_256/Places365_val_00030297.jpg,glacier,alp,0.5544,"[{""rank"": 1, ""label"": ""alp"", ""confidence"": 0.5544}, {""rank"": 2, ""label"": ""valley"", ""confidence"": 0.1527}, {""rank"": 3, ""label"": ""snowmobile"", ""confidence"": 0.0323}, {""rank"": 4, ""label"": ""ski"", ""confidence"": 0.0263}, {""rank"": 5, ""label"": ""volcano"", ""confidence"": 0.0245}]",True,glacier
Places365_val_00030333.jpg,/Users/aidahamzic/PycharmProjects/PythonProject1/val_256/Places365_val_00030333.jpg,hotel-outdoor,liner,0.617,"[{""rank"": 1, ""label"": ""liner"", ""confidence"": 0.617}, {""rank"": 2, ""label"": ""radiator"", ""confidence"": 0.0776}, {""rank"": 3, ""label"": ""dock"", ""confidence"": 0.0272}, {""rank"": 4, ""label"": ""picket fence"", ""confidence"": 0.0221}, {""rank"": 5, ""label"": ""pier"", ""confidence"": 0.0219}]",False,building
Places365_val_00030354.jpg,/Users/aidahamzic/PycharmProjects/PythonProject1/val_256/Places365_val_00030354.jpg,ocean,valley,0.174,"[{""rank"": 1, ""label"": ""valley"", ""confidence"": 0.174}, {""rank"": 2, ""label"": ""canoe"", ""confidence"": 0.1683}, {""rank"": 3, ""label"": ""lakeside"", ""confidence"": 0.1612}, {""rank"": 4, ""label"": ""paddle"", ""confidence"": 0.0575}, {""rank"": 5, ""label"": ""mountain bike"", ""confidence"": 0.0303}]",True,water
Places365_val_00030402.jpg,/Users/aidahamzic/PycharmProjects/PythonProject1/val_256/Places365_val_00030402.jpg,house,mobile home,0.4244,"[{""rank"": 1, ""label"": ""mobile home"", ""confidence"": 0.4244}, {""rank"": 2, ""label"": ""monastery"", ""confidence"": 0.1769}, {""rank"": 3, ""label"": ""palace"", ""confidence"": 0.0684}, {""rank"": 4, ""label"": ""alp"", ""confidence"": 0.0664}, {""rank"": 5, ""label"": ""lakeside"", ""confidence"": 0.0588}]",True,building
Places365_val_00030406.jpg,/Users/aidahamzic/PycharmProjects/PythonProject1/val_256/Places365_val_00030406.jpg,alley,patio,0.1605,"[{""rank"": 1, ""label"": ""patio"", ""confidence"": 0.1605}, {""rank"": 2, ""label"": ""vault"", ""confidence"": 0.0612}, {""rank"": 3, ""label"": ""church"", ""confidence"": 0.0611}, {""rank"": 4, ""label"": ""park bench"", ""confidence"": 0.0555}, {""rank"": 5, ""label"": ""prison"", ""confidence"": 0.0515}]",False,street
Places365_val_00030412.jpg,/Users/aidahamzic/PycharmProjects/PythonProject1/val_256/Places365_val_00030412.jpg,glacier,valley,0.7598,"[{""rank"": 1, ""label"": ""valley"", ""confidence"": 0.7598}, {""rank"": 2, ""label"": ""alp"", ""confidence"": 0.147}, {""rank"": 3, ""label"": ""cliff"", ""confidence"": 0.0328}, {""rank"": 4, ""label"": ""ibex"", ""confidence"": 0.0079}, {""rank"": 5, ""label"": ""marmot"", ""confidence"": 0.0068}]",True,glacier
Places365_val_00030436.jpg,/Users/aidahamzic/PycharmProjects/PythonProject1/val_256/Places365_val_00030436.jpg,downtown,dam,0.3611,"[{""rank"": 1, ""label"": ""dam"", ""confidence"": 0.3611}, {""rank"": 2, ""label"": ""lumbermill"", ""confidence"": 0.1478}, {""rank"": 3, ""label"": ""wreck"", ""confidence"": 0.1236}, {""rank"": 4, ""label"": ""pier"", ""confidence"": 0.0538}, {""rank"": 5, ""label"": ""worm fence"", ""confidence"": 0.0375}]",False,building
Places365_val_00030443.jpg,/Users/aidahamzic/PycharmProjects/PythonProject1/val_256/Places365_val_00030443.jpg,downtown,planetarium,0.2587,"[{""rank"": 1, ""label"": ""planetarium"", ""confidence"": 0.2587}, {""rank"": 2, ""label"": ""liner"", ""confidence"": 0.2069}, {""rank"": 3, ""label"": ""solar dish"", ""confidence"": 0.1546}, {""rank"": 4, ""label"": ""airship"", ""confidence"": 0.0798}, {""rank"": 5, ""label"": ""dome"", ""confidence"": 0.0298}]",True,building
Places365_val_00030445.jpg,/Users/aidahamzic/PycharmProjects/PythonProject1/val_256/Places365_val_00030445.jpg,house,beacon,0.2295,"[{""rank"": 1, ""label"": ""beacon"", ""confidence"": 0.2295}, {""rank"": 2, ""label"": ""church"", ""confidence"": 0.1843}, {""rank"": 3, ""label"": ""thatch"", ""confidence"": 0.1401}, {""rank"": 4, ""label"": ""bell cote"", ""confidence"": 0.0949}, {""rank"": 5, ""label"": ""picket fence"", ""confidence"": 0.0512}]",True,building
Places365_val_00030447.jpg,/Users/aidahamzic/PycharmProjects/PythonProject1/val_256/Places365_val_00030447.jpg,skyscraper,drilling platform,0.3784,"[{""rank"": 1, ""label"": ""drilling platform"", ""confidence"": 0.3784}, {""rank"": 2, ""label"": ""airship"", ""confidence"": 0.3053}, {""rank"": 3, ""label"": ""steel arch bridge"", ""confidence"": 0.066}, {""rank"": 4, ""label"": ""crane"", ""confidence"": 0.0533}, {""rank"": 5, ""label"": ""pier"", ""confidence"": 0.0525}]",False,building
Places365_val_00030512.jpg,/Users/aidahamzic/PycharmProjects/PythonProject1/val_256/Places365_val_00030512.jpg,river,sandbar,0.4947,"[{""rank"": 1, ""label"": ""sandbar"", ""confidence"": 0.4947}, {""rank"": 2, ""label"": ""lakeside"", ""confidence"": 0.2567}, {""rank"": 3, ""label"": ""water buffalo"", ""confidence"": 0.0415}, {""rank"": 4, ""label"": ""hippopotamus"", ""confidence"": 0.0277}, {""rank"": 5, ""label"": ""Indian elephant"", ""confidence"": 0.0169}]",True,water
Places365_val_00030526.jpg,/Users/aidahamzic/PycharmProjects/PythonProject1/val_256/Places365_val_00030526.jpg,downtown,obelisk,0.1193,"[{""rank"": 1, ""label"": ""obelisk"", ""confidence"": 0.1193}, {""rank"": 2, ""label"": ""bell cote"", ""confidence"": 0.1149}, {""rank"": 3, ""label"": ""flagpole"", ""confidence"": 0.0765}, {""rank"": 4, ""label"": ""mosque"", ""confidence"": 0.0657}, {""rank"": 5, ""label"": ""triumphal arch"", ""confidence"": 0.0653}]",True,building
Places365_val_00030531.jpg,/Users/aidahamzic/PycharmProjects/PythonProject1/val_256/Places365_val_00030531.jpg,house,vault,0.395,"[{""rank"": 1, ""label"": ""vault"", ""confidence"": 0.395}, {""rank"": 2, ""label"": ""patio"", ""confidence"": 0.1671}, {""rank"": 3, ""label"": ""prison"", ""confidence"": 0.1101}, {""rank"": 4, ""label"": ""thatch"", ""confidence"": 0.0303}, {""rank"": 5, ""label"": ""bell cote"", ""confidence"": 0.0249}]",True,building
Places365_val_00030551.jpg,/Users/aidahamzic/PycharmProjects/PythonProject1/val_256/Places365_val_00030551.jpg,house,boathouse,0.1869,"[{""rank"": 1, ""label"": ""boathouse"", ""confidence"": 0.1869}, {""rank"": 2, ""label"": ""church"", ""confidence"": 0.0787}, {""rank"": 3, ""label"": ""thatch"", ""confidence"": 0.0591}, {""rank"": 4, ""label"": ""picket fence"", ""confidence"": 0.0586}, {""rank"": 5, ""label"": ""park bench"", ""confidence"": 0.0482}]",True,building
Places365_val_00030553.jpg,/Users/aidahamzic/PycharmProjects/PythonProject1/val_256/Places365_val_00030553.jpg,hotel-outdoor,palace,0.9475,"[{""rank"": 1, ""label"": ""palace"", ""confidence"": 0.9475}, {""rank"": 2, ""label"": ""library"", ""confidence"": 0.0309}, {""rank"": 3, ""label"": ""streetcar"", ""confidence"": 0.0095}, {""rank"": 4, ""label"": ""monastery"", ""confidence"": 0.0035}, {""rank"": 5, ""label"": ""cinema"", ""confidence"": 0.0019}]",True,building
Places365_val_00030560.jpg,/Users/aidahamzic/PycharmProjects/PythonProject1/val_256/Places365_val_00030560.jpg,skyscraper,traffic light,0.2442,"[{""rank"": 1, ""label"": ""traffic light"", ""confidence"": 0.2442}, {""rank"": 2, ""label"": ""crane"", ""confidence"": 0.0805}, {""rank"": 3, ""label"": ""obelisk"", ""confidence"": 0.055}, {""rank"": 4, ""label"": ""flagpole"", ""confidence"": 0.0393}, {""rank"": 5, ""label"": ""suspension bridge"", ""confidence"": 0.0387}]",True,building
Places365_val_00030604.jpg,/Users/aidahamzic/PycharmProjects/PythonProject1/val_256/Places365_val_00030604.jpg,mountain,valley,0.14,"[{""rank"": 1, ""label"": ""valley"", ""confidence"": 0.14}, {""rank"": 2, ""label"": ""American black bear"", ""confidence"": 0.0512}, {""rank"": 3, ""label"": ""cliff"", ""confidence"": 0.0394}, {""rank"": 4, ""label"": ""tusker"", ""confidence"": 0.0308}, {""rank"": 5, ""label"": ""giant schnauzer"", ""confidence"": 0.0238}]",True,mountain
Places365_val_00030622.jpg,/Users/aidahamzic/PycharmProjects/PythonProject1/val_256/Places365_val_00030622.jpg,skyscraper,obelisk,0.0844,"[{""rank"": 1, ""label"": ""obelisk"", ""confidence"": 0.0844}, {""rank"": 2, ""label"": ""flagpole"", ""confidence"": 0.0616}, {""rank"": 3, ""label"": ""bell cote"", ""confidence"": 0.0573}, {""rank"": 4, ""label"": ""mosque"", ""confidence"": 0.0547}, {""rank"": 5, ""label"": ""pedestal"", ""confidence"": 0.0384}]",True,building
Places365_val_00030639.jpg,/Users/aidahamzic/PycharmProjects/PythonProject1/val_256/Places365_val_00030639.jpg,highway,garbage truck,0.4101,"[{""rank"": 1, ""label"": ""garbage truck"", ""confidence"": 0.4101}, {""rank"": 2, ""label"": ""moving van"", ""confidence"": 0.1134}, {""rank"": 3, ""label"": ""ambulance"", ""confidence"": 0.0596}, {""rank"": 4, ""label"": ""passenger car"", ""confidence"": 0.0461}, {""rank"": 5, ""label"": ""minibus"", ""confidence"": 0.0395}]",False,street
Places365_val_00030679.jpg,/Users/aidahamzic/PycharmProjects/PythonProject1/val_256/Places365_val_00030679.jpg,street,fire engine,0.7876,"[{""rank"": 1, ""label"": ""fire engine"", ""confidence"": 0.7876}, {""rank"": 2, ""label"": ""streetcar"", ""confidence"": 0.0554}, {""rank"": 3, ""label"": ""tow truck"", ""confidence"": 0.0273}, {""rank"": 4, ""label"": ""trolleybus"", ""confidence"": 0.0248}, {""rank"": 5, ""label"": ""trailer truck"", ""confidence"": 0.0235}]",True,street
Places365_val_00030693.jpg,/Users/aidahamzic/PycharmProjects/PythonProject1/val_256/Places365_val_00030693.jpg,rainforest,peacock,0.1008,"[{""rank"": 1, ""label"": ""peacock"", ""confidence"": 0.1008}, {""rank"": 2, ""label"": ""maze"", ""confidence"": 0.0983}, {""rank"": 3, ""label"": ""sea anemone"", ""confidence"": 0.0602}, {""rank"": 4, ""label"": ""coral reef"", ""confidence"": 0.0506}, {""rank"": 5, ""label"": ""lionfish"", ""confidence"": 0.0276}]",False,forest
Places365_val_00030704.jpg,/Users/aidahamzic/PycharmProjects/PythonProject1/val_256/Places365_val_00030704.jpg,glacier,alp,0.3048,"[{""rank"": 1, ""label"": ""alp"", ""confidence"": 0.3048}, {""rank"": 2, ""label"": ""valley"", ""confidence"": 0.1904}, {""rank"": 3, ""label"": ""lakeside"", ""confidence"": 0.1678}, {""rank"": 4, ""label"": ""promontory"", ""confidence"": 0.1104}, {""rank"": 5, ""label"": ""seashore"", ""confidence"": 0.0757}]",True,glacier
Places365_val_00030710.jpg,/Users/aidahamzic/PycharmProjects/PythonProject1/val_256/Places365_val_00030710.jpg,mountain,volcano,0.9113,"[{""rank"": 1, ""label"": ""volcano"", ""confidence"": 0.9113}, {""rank"": 2, ""label"": ""lakeside"", ""confidence"": 0.0402}, {""rank"": 3, ""label"": ""valley"", ""confidence"": 0.0091}, {""rank"": 4, ""label"": ""geyser"", ""confidence"": 0.0085}, {""rank"": 5, ""label"": ""promontory"", ""confidence"": 0.0083}]",True,mountain
Places365_val_00030723.jpg,/Users/aidahamzic/PycharmProjects/PythonProject1/val_256/Places365_val_00030723.jpg,alley,monastery,0.0729,"[{""rank"": 1, ""label"": ""monastery"", ""confidence"": 0.0729}, {""rank"": 2, ""label"": ""viaduct"", ""confidence"": 0.0673}, {""rank"": 3, ""label"": ""wreck"", ""confidence"": 0.0492}, {""rank"": 4, ""label"": ""megalith"", ""confidence"": 0.0344}, {""rank"": 5, ""label"": ""picket fence"", ""confidence"": 0.0286}]",False,street
Places365_val_00030743.jpg,/Users/aidahamzic/PycharmProjects/PythonProject1/val_256/Places365_val_00030743.jpg,downtown,carousel,0.2097,"[{""rank"": 1, ""label"": ""carousel"", ""confidence"": 0.2097}, {""rank"": 2, ""label"": ""scoreboard"", ""confidence"": 0.1079}, {""rank"": 3, ""label"": ""comic book"", ""confidence"": 0.1046}, {""rank"": 4, ""label"": ""theater curtain"", ""confidence"": 0.092}, {""rank"": 5, ""label"": ""prayer rug"", ""confidence"": 0.0811}]",False,building
Places365_val_00030778.jpg,/Users/aidahamzic/PycharmProjects/PythonProject1/val_256/Places365_val_00030778.jpg,coast,seashore,0.1997,"[{""rank"": 1, ""label"": ""seashore"", ""confidence"": 0.1997}, {""rank"": 2, ""label"": ""cliff"", ""confidence"": 0.1269}, {""rank"": 3, ""label"": ""promontory"", ""confidence"": 0.1016}, {""rank"": 4, ""label"": ""reel"", ""confidence"": 0.1011}, {""rank"": 5, ""label"": ""breakwater"", ""confidence"": 0.0668}]",True,water
Places365_val_00030779.jpg,/Users/aidahamzic/PycharmProjects/PythonProject1/val_256/Places365_val_00030779.jpg,glacier,ski,0.5275,"[{""rank"": 1, ""label"": ""ski"", ""confidence"": 0.5275}, {""rank"": 2, ""label"": ""dogsled"", ""confidence"": 0.2056}, {""rank"": 3, ""label"": ""alp"", ""confidence"": 0.1186}, {""rank"": 4, ""label"": ""bobsled"", ""confidence"": 0.0212}, {""rank"": 5, ""label"": ""cliff"", ""confidence"": 0.0133}]",True,glacier
Places365_val_00030807.jpg,/Users/aidahamzic/PycharmProjects/PythonProject1/val_256/Places365_val_00030807.jpg,alley,bannister,0.2277,"[{""rank"": 1, ""label"": ""bannister"", ""confidence"": 0.2277}, {""rank"": 2, ""label"": ""prison"", ""confidence"": 0.1009}, {""rank"": 3, ""label"": ""cliff dwelling"", ""confidence"": 0.0825}, {""rank"": 4, ""label"": ""broom"", ""confidence"": 0.0705}, {""rank"": 5, ""label"": ""lumbermill"", ""confidence"": 0.0559}]",False,street
Places365_val_00030820.jpg,/Users/aidahamzic/PycharmProjects/PythonProject1/val_256/Places365_val_00030820.jpg,mountain,komondor,0.8951,"[{""rank"": 1, ""label"": ""komondor"", ""confidence"": 0.8951}, {""rank"": 2, ""label"": ""volcano"", ""confidence"": 0.0401}, {""rank"": 3, ""label"": ""swab"", ""confidence"": 0.0224}, {""rank"": 4, ""label"": ""thatch"", ""confidence"": 0.005}, {""rank"": 5, ""label"": ""cliff"", ""confidence"": 0.0037}]",True,mountain
Places365_val_00030862.jpg,/Users/aidahamzic/PycharmProjects/PythonProject1/val_256/Places365_val_00030862.jpg,ocean,liner,0.6318,"[{""rank"": 1, ""label"": ""liner"", ""confidence"": 0.6318}, {""rank"": 2, ""label"": ""dock"", ""confidence"": 0.1657}, {""rank"": 3, ""label"": ""fireboat"", ""confidence"": 0.0665}, {""rank"": 4, ""label"": ""paddlewheel"", ""confidence"": 0.0469}, {""rank"": 5, ""label"": ""catamaran"", ""confidence"": 0.0416}]",True,water
Places365_val_00030914.jpg,/Users/aidahamzic/PycharmProjects/PythonProject1/val_256/Places365_val_00030914.jpg,house,boathouse,0.1853,"[{""rank"": 1, ""label"": ""boathouse"", ""confidence"": 0.1853}, {""rank"": 2, ""label"": ""patio"", ""confidence"": 0.164}, {""rank"": 3, ""label"": ""mobile home"", ""confidence"": 0.1459}, {""rank"": 4, ""label"": ""yurt"", ""confidence"": 0.078}, {""rank"": 5, ""label"": ""thatch"", ""confidence"": 0.0361}]",True,building
Places365_val_00030916.jpg,/Users/aidahamzic/PycharmProjects/PythonProject1/val_256/Places365_val_00030916.jpg,river,maillot tank suit,0.3962,"[{""rank"": 1, ""label"": ""maillot tank suit"", ""confidence"": 0.3962}, {""rank"": 2, ""label"": ""swimming trunks"", ""confidence"": 0.1677}, {""rank"": 3, ""label"": ""bikini"", ""confidence"": 0.1669}, {""rank"": 4, ""label"": ""lakeside"", ""confidence"": 0.0812}, {""rank"": 5, ""label"": ""maillot"", ""confidence"": 0.0475}]",True,water
Places365_val_00030922.jpg,/Users/aidahamzic/PycharmProjects/PythonProject1/val_256/Places365_val_00030922.jpg,downtown,streetcar,0.1304,"[{""rank"": 1, ""label"": ""streetcar"", ""confidence"": 0.1304}, {""rank"": 2, ""label"": ""steel arch bridge"", ""confidence"": 0.1271}, {""rank"": 3, ""label"": ""freight car"", ""confidence"": 0.0824}, {""rank"": 4, ""label"": ""passenger car"", ""confidence"": 0.0704}, {""rank"": 5, ""label"": ""palace"", ""confidence"": 0.0646}]",True,building
Places365_val_00030936.jpg,/Users/aidahamzic/PycharmProjects/PythonProject1/val_256/Places365_val_00030936.jpg,river,bubble,0.0703,"[{""rank"": 1, ""label"": ""bubble"", ""confidence"": 0.0703}, {""rank"": 2, ""label"": ""umbrella"", ""confidence"": 0.0644}, {""rank"": 3, ""label"": ""guillotine"", ""confidence"": 0.0419}, {""rank"": 4, ""label"": ""mountain tent"", ""confidence"": 0.0348}, {""rank"": 5, ""label"": ""balloon"", ""confidence"": 0.0316}]",False,water
Places365_val_00030966.jpg,/Users/aidahamzic/PycharmProjects/PythonProject1/val_256/Places365_val_00030966.jpg,ocean,promontory,0.6775,"[{""rank"": 1, ""label"": ""promontory"", ""confidence"": 0.6775}, {""rank"": 2, ""label"": ""cliff"", ""confidence"": 0.2831}, {""rank"": 3, ""label"": ""seashore"", ""confidence"": 0.0269}, {""rank"": 4, ""label"": ""lakeside"", ""confidence"": 0.0043}, {""rank"": 5, ""label"": ""valley"", ""confidence"": 0.0039}]",True,water
Places365_val_00030969.jpg,/Users/aidahamzic/PycharmProjects/PythonProject1/val_256/Places365_val_00030969.jpg,mountain,volcano,0.6952,"[{""rank"": 1, ""label"": ""volcano"", ""confidence"": 0.6952}, {""rank"": 2, ""label"": ""bubble"", ""confidence"": 0.0743}, {""rank"": 3, ""label"": ""radio telescope"", ""confidence"": 0.0265}, {""rank"": 4, ""label"": ""sunglasses"", ""confidence"": 0.0168}, {""rank"": 5, ""label"": ""car mirror"", ""confidence"": 0.0146}]",True,mountain
Places365_val_00031014.jpg,/Users/aidahamzic/PycharmProjects/PythonProject1/val_256/Places365_val_00031014.jpg,forest-broadleaf,snowplow,0.3794,"[{""rank"": 1, ""label"": ""snowplow"", ""confidence"": 0.3794}, {""rank"": 2, ""label"": ""alp"", ""confidence"": 0.1571}, {""rank"": 3, ""label"": ""barn"", ""confidence"": 0.1297}, {""rank"": 4, ""label"": ""yurt"", ""confidence"": 0.0967}, {""rank"": 5, ""label"": ""park bench"", ""confidence"": 0.0446}]",False,forest
Places365_val_00031047.jpg,/Users/aidahamzic/PycharmProjects/PythonProject1/val_256/Places365_val_00031047.jpg,downtown,beacon,0.0945,"[{""rank"": 1, ""label"": ""beacon"", ""confidence"": 0.0945}, {""rank"": 2, ""label"": ""water tower"", ""confidence"": 0.0704}, {""rank"": 3, ""label"": ""boathouse"", ""confidence"": 0.0539}, {""rank"": 4, ""label"": ""torch"", ""confidence"": 0.0325}, {""rank"": 5, ""label"": ""bannister"", ""confidence"": 0.0234}]",True,building
Places365_val_00031138.jpg,/Users/aidahamzic/PycharmProjects/PythonProject1/val_256/Places365_val_00031138.jpg,tower,bell cote,0.4405,"[{""rank"": 1, ""label"": ""bell cote"", ""confidence"": 0.4405}, {""rank"": 2, ""label"": ""tile roof"", ""confidence"": 0.1756}, {""rank"": 3, ""label"": ""beacon"", ""confidence"": 0.1108}, {""rank"": 4, ""label"": ""monastery"", ""confidence"": 0.0713}, {""rank"": 5, ""label"": ""church"", ""confidence"": 0.0607}]",True,building
Places365_val_00031145.jpg,/Users/aidahamzic/PycharmProjects/PythonProject1/val_256/Places365_val_00031145.jpg,river,canoe,0.4625,"[{""rank"": 1, ""label"": ""canoe"", ""confidence"": 0.4625}, {""rank"": 2, ""label"": ""lakeside"", ""confidence"": 0.2417}, {""rank"": 3, ""label"": ""paddle"", ""confidence"": 0.1227}, {""rank"": 4, ""label"": ""valley"", ""confidence"": 0.068}, {""rank"": 5, ""label"": ""sandbar"", ""confidence"": 0.0452}]",True,water
Places365_val_00031193.jpg,/Users/aidahamzic/PycharmProjects/PythonProject1/val_256/Places365_val_00031193.jpg,ocean,paddle,0.2246,"[{""rank"": 1, ""label"": ""paddle"", ""confidence"": 0.2246}, {""rank"": 2, ""label"": ""canoe"", ""confidence"": 0.1434}, {""rank"": 3, ""label"": ""snorkel"", ""confidence"": 0.103}, {""rank"": 4, ""label"": ""lakeside"", ""confidence"": 0.0853}, {""rank"": 5, ""label"": ""speedboat"", ""confidence"": 0.0449}]",True,water
Places365_val_00031196.jpg,/Users/aidahamzic/PycharmProjects/PythonProject1/val_256/Places365_val_00031196.jpg,tower,palace,0.2056,"[{""rank"": 1, ""label"": ""palace"", ""confidence"": 0.2056}, {""rank"": 2, ""label"": ""fountain"", ""confidence"": 0.1996}, {""rank"": 3, ""label"": ""lakeside"", ""confidence"": 0.1694}, {""rank"": 4, ""label"": ""monastery"", ""confidence"": 0.0588}, {""rank"": 5, ""label"": ""fireboat"", ""confidence"": 0.0476}]",True,building
Places365_val_00031214.jpg,/Users/aidahamzic/PycharmProjects/PythonProject1/val_256/Places365_val_00031214.jpg,tower,palace,0.7043,"[{""rank"": 1, ""label"": ""palace"", ""confidence"": 0.7043}, {""rank"": 2, ""label"": ""monastery"", ""confidence"": 0.1498}, {""rank"": 3, ""label"": ""castle"", ""confidence"": 0.0461}, {""rank"": 4, ""label"": ""lakeside"", ""confidence"": 0.0098}, {""rank"": 5, ""label"": ""bell cote"", ""confidence"": 0.0092}]",True,building
Places365_val_00031247.jpg,/Users/aidahamzic/PycharmProjects/PythonProject1/val_256/Places365_val_00031247.jpg,house,boathouse,0.3875,"[{""rank"": 1, ""label"": ""boathouse"", ""confidence"": 0.3875}, {""rank"": 2, ""label"": ""barn"", ""confidence"": 0.2566}, {""rank"": 3, ""label"": ""birdhouse"", ""confidence"": 0.1426}, {""rank"": 4, ""label"": ""mobile home"", ""confidence"": 0.0704}, {""rank"": 5, ""label"": ""mailbox"", ""confidence"": 0.0229}]",True,building
Places365_val_00031250.jpg,/Users/aidahamzic/PycharmProjects/PythonProject1/val_256/Places365_val_00031250.jpg,highway,jean,0.0413,"[{""rank"": 1, ""label"": ""jean"", ""confidence"": 0.0413}, {""rank"": 2, ""label"": ""unicycle"", ""confidence"": 0.0354}, {""rank"": 3, ""label"": ""sweatshirt"", ""confidence"": 0.0289}, {""rank"": 4, ""label"": ""suit"", ""confidence"": 0.025}, {""rank"": 5, ""label"": ""lakeside"", ""confidence"": 0.0225}]",False,street
Places365_val_00031265.jpg,/Users/aidahamzic/PycharmProjects/PythonProject1/val_256/Places365_val_00031265.jpg,forest-broadleaf,maypole,0.0483,"[{""rank"": 1, ""label"": ""maypole"", ""confidence"": 0.0483}, {""rank"": 2, ""label"": ""indigo bunting"", ""confidence"": 0.0435}, {""rank"": 3, ""label"": ""swing"", ""confidence"": 0.0413}, {""rank"": 4, ""label"": ""birdhouse"", ""confidence"": 0.0381}, {""rank"": 5, ""label"": ""hip"", ""confidence"": 0.0337}]",False,forest
Places365_val_00031270.jpg,/Users/aidahamzic/PycharmProjects/PythonProject1/val_256/Places365_val_00031270.jpg,mountain,cliff dwelling,0.4474,"[{""rank"": 1, ""label"": ""cliff dwelling"", ""confidence"": 0.4474}, {""rank"": 2, ""label"": ""cliff"", ""confidence"": 0.3262}, {""rank"": 3, ""label"": ""valley"", ""confidence"": 0.0881}, {""rank"": 4, ""label"": ""volcano"", ""confidence"": 0.0211}, {""rank"": 5, ""label"": ""promontory"", ""confidence"": 0.0206}]",True,mountain
Places365_val_00031275.jpg,/Users/aidahamzic/PycharmProjects/PythonProject1/val_256/Places365_val_00031275.jpg,downtown,steel arch bridge,0.119,"[{""rank"": 1, ""label"": ""steel arch bridge"", ""confidence"": 0.119}, {""rank"": 2, ""label"": ""suspension bridge"", ""confidence"": 0.0736}, {""rank"": 3, ""label"": ""pole"", ""confidence"": 0.0638}, {""rank"": 4, ""label"": ""crane"", ""confidence"": 0.0559}, {""rank"": 5, ""label"": ""pier"", ""confidence"": 0.0426}]",False,building
Places365_val_00031280.jpg,/Users/aidahamzic/PycharmProjects/PythonProject1/val_256/Places365_val_00031280.jpg,highway,go-kart,0.1648,"[{""rank"": 1, ""label"": ""go-kart"", ""confidence"": 0.1648}, {""rank"": 2, ""label"": ""trolleybus"", ""confidence"": 0.1027}, {""rank"": 3, ""label"": ""mobile home"", ""confidence"": 0.0909}, {""rank"": 4, ""label"": ""trailer truck"", ""confidence"": 0.0778}, {""rank"": 5, ""label"": ""traffic light"", ""confidence"": 0.049}]",True,street
Places365_val_00031335.jpg,/Users/aidahamzic/PycharmProjects/PythonProject1/val_256/Places365_val_00031335.jpg,coast,cliff,0.4164,"[{""rank"": 1, ""label"": ""cliff"", ""confidence"": 0.4164}, {""rank"": 2, ""label"": ""valley"", ""confidence"": 0.1305}, {""rank"": 3, ""label"": ""promontory"", ""confidence"": 0.1191}, {""rank"": 4, ""label"": ""snorkel"", ""confidence"": 0.0676}, {""rank"": 5, ""label"": ""lakeside"", ""confidence"": 0.0611}]",True,water
Places365_val_00031365.jpg,/Users/aidahamzic/PycharmProjects/PythonProject1/val_256/Places365_val_00031365.jpg,river,castle,0.2779,"[{""rank"": 1, ""label"": ""castle"", ""confidence"": 0.2779}, {""rank"": 2, ""label"": ""fountain"", ""confidence"": 0.1744}, {""rank"": 3, ""label"": ""lakeside"", ""confidence"": 0.0777}, {""rank"": 4, ""label"": ""pier"", ""confidence"": 0.0631}, {""rank"": 5, ""label"": ""suspension bridge"", ""confidence"": 0.0463}]",True,water
Places365_val_00031385.jpg,/Users/aidahamzic/PycharmProjects/PythonProject1/val_256/Places365_val_00031385.jpg,hotel-outdoor,harp,0.3755,"[{""rank"": 1, ""label"": ""harp"", ""confidence"": 0.3755}, {""rank"": 2, ""label"": ""steel arch bridge"", ""confidence"": 0.0548}, {""rank"": 3, ""label"": ""drilling platform"", ""confidence"": 0.0354}, {""rank"": 4, ""label"": ""palace"", ""confidence"": 0.0354}, {""rank"": 5, ""label"": ""safety pin"", ""confidence"": 0.0213}]",True,building
Places365_val_00031401.jpg,/Users/aidahamzic/PycharmProjects/PythonProject1/val_256/Places365_val_00031401.jpg,forest-broadleaf,tusker,0.3057,"[{""rank"": 1, ""label"": ""tusker"", ""confidence"": 0.3057}, {""rank"": 2, ""label"": ""Indian elephant"", ""confidence"": 0.2021}, {""rank"": 3, ""label"": ""African elephant"", ""confidence"": 0.1087}, {""rank"": 4, ""label"": ""bighorn"", ""confidence"": 0.0618}, {""rank"": 5, ""label"": ""water buffalo"", ""confidence"": 0.0494}]",False,forest
Places365_val_00031414.jpg,/Users/aidahamzic/PycharmProjects/PythonProject1/val_256/Places365_val_00031414.jpg,highway,limousine,0.2368,"[{""rank"": 1, ""label"": ""limousine"", ""confidence"": 0.2368}, {""rank"": 2, ""label"": ""minibus"", ""confidence"": 0.2005}, {""rank"": 3, ""label"": ""minivan"", ""confidence"": 0.1267}, {""rank"": 4, ""label"": ""police van"", ""confidence"": 0.0684}, {""rank"": 5, ""label"": ""tow truck"", ""confidence"": 0.0387}]",True,street
Places365_val_00031437.jpg,/Users/aidahamzic/PycharmProjects/PythonProject1/val_256/Places365_val_00031437.jpg,tower,solar dish,0.4657,"[{""rank"": 1, ""label"": ""solar dish"", ""confidence"": 0.4657}, {""rank"": 2, ""label"": ""space shuttle"", ""confidence"": 0.329}, {""rank"": 3, ""label"": ""radio telescope"", ""confidence"": 0.1005}, {""rank"": 4, ""label"": ""traffic light"", ""confidence"": 0.0176}, {""rank"": 5, ""label"": ""crane"", ""confidence"": 0.0159}]",False,building
Places365_val_00031438.jpg,/Users/aidahamzic/PycharmProjects/PythonProject1/val_256/Places365_val_00031438.jpg,street,mobile home,0.1078,"[{""rank"": 1, ""label"": ""mobile home"", ""confidence"": 0.1078}, {""rank"": 2, ""label"": ""restaurant"", ""confidence"": 0.0662}, {""rank"": 3, ""label"": ""cinema"", ""confidence"": 0.0434}, {""rank"": 4, ""label"": ""mosque"", ""confidence"": 0.0423}, {""rank"": 5, ""label"": ""streetcar"", ""confidence"": 0.0406}]",True,street
Places365_val_00031446.jpg,/Users/aidahamzic/PycharmProjects/PythonProject1/val_256/Places365_val_00031446.jpg,ocean,seashore,0.5833,"[{""rank"": 1, ""label"": ""seashore"", ""confidence"": 0.5833}, {""rank"": 2, ""label"": ""sandbar"", ""confidence"": 0.2233}, {""rank"": 3, ""label"": ""promontory"", ""confidence"": 0.0361}, {""rank"": 4, ""label"": ""lakeside"", ""confidence"": 0.0278}, {""rank"": 5, ""label"": ""breakwater"", ""confidence"": 0.0132}]",True,water
Places365_val_00031491.jpg,/Users/aidahamzic/PycharmProjects/PythonProject1/val_256/Places365_val_00031491.jpg,ocean,sandbar,0.5397,"[{""rank"": 1, ""label"": ""sandbar"", ""confidence"": 0.5397}, {""rank"": 2, ""label"": ""lakeside"", ""confidence"": 0.1461}, {""rank"": 3, ""label"": ""seashore"", ""confidence"": 0.1355}, {""rank"": 4, ""label"": ""Greater Swiss Mountain dog"", ""confidence"": 0.0241}, {""rank"": 5, ""label"": ""EntleBucher"", ""confidence"": 0.0231}]",True,water
Places365_val_00031516.jpg,/Users/aidahamzic/PycharmProjects/PythonProject1/val_256/Places365_val_00031516.jpg,glacier,valley,0.2317,"[{""rank"": 1, ""label"": ""valley"", ""confidence"": 0.2317}, {""rank"": 2, ""label"": ""alp"", ""confidence"": 0.1218}, {""rank"": 3, ""label"": ""stone wall"", ""confidence"": 0.0908}, {""rank"": 4, ""label"": ""cliff"", ""confidence"": 0.0619}, {""rank"": 5, ""label"": ""volcano"", ""confidence"": 0.0427}]",True,glacier
Places365_val_00031518.jpg,/Users/aidahamzic/PycharmProjects/PythonProject1/val_256/Places365_val_00031518.jpg,mountain,volcano,0.3862,"[{""rank"": 1, ""label"": ""volcano"", ""confidence"": 0.3862}, {""rank"": 2, ""label"": ""promontory"", ""confidence"": 0.1088}, {""rank"": 3, ""label"": ""cliff"", ""confidence"": 0.1062}, {""rank"": 4, ""label"": ""valley"", ""confidence"": 0.1001}, {""rank"": 5, ""label"": ""sandbar"", ""confidence"": 0.0824}]",True,mountain
Places365_val_00031528.jpg,/Users/aidahamzic/PycharmProjects/PythonProject1/val_256/Places365_val_00031528.jpg,river,valley,0.4596,"[{""rank"": 1, ""label"": ""valley"", ""confidence"": 0.4596}, {""rank"": 2, ""label"": ""volcano"", ""confidence"": 0.1129}, {""rank"": 3, ""label"": ""alp"", ""confidence"": 0.108}, {""rank"": 4, ""label"": ""cliff"", ""confidence"": 0.0962}, {""rank"": 5, ""label"": ""geyser"", ""confidence"": 0.0749}]",True,water
Places365_val_00031567.jpg,/Users/aidahamzic/PycharmProjects/PythonProject1/val_256/Places365_val_00031567.jpg,house,flagpole,0.0939,"[{""rank"": 1, ""label"": ""flagpole"", ""confidence"": 0.0939}, {""rank"": 2, ""label"": ""prison"", ""confidence"": 0.0727}, {""rank"": 3, ""label"": ""window screen"", ""confidence"": 0.0661}, {""rank"": 4, ""label"": ""bell cote"", ""confidence"": 0.0594}, {""rank"": 5, ""label"": ""cinema"", ""confidence"": 0.0507}]",True,building
Places365_val_00031620.jpg,/Users/aidahamzic/PycharmProjects/PythonProject1/val_256/Places365_val_00031620.jpg,mountain,valley,0.6417,"[{""rank"": 1, ""label"": ""valley"", ""confidence"": 0.6417}, {""rank"": 2, ""label"": ""alp"", ""confidence"": 0.3066}, {""rank"": 3, ""label"": ""cliff"", ""confidence"": 0.0175}, {""rank"": 4, ""label"": ""promontory"", ""confidence"": 0.005}, {""rank"": 5, ""label"": ""mountain tent"", ""confidence"": 0.0036}]",True,mountain
Places365_val_00031648.jpg,/Users/aidahamzic/PycharmProjects/PythonProject1/val_256/Places365_val_00031648.jpg,rainforest,flagpole,0.239,"[{""rank"": 1, ""label"": ""flagpole"", ""confidence"": 0.239}, {""rank"": 2, ""label"": ""car mirror"", ""confidence"": 0.1258}, {""rank"": 3, ""label"": ""pole"", ""confidence"": 0.1027}, {""rank"": 4, ""label"": ""sandbar"", ""confidence"": 0.0492}, {""rank"": 5, ""label"": ""swing"", ""confidence"": 0.0423}]",False,forest
Places365_val_00031671.jpg,/Users/aidahamzic/PycharmProjects/PythonProject1/val_256/Places365_val_00031671.jpg,hotel-outdoor,web site,0.8707,"[{""rank"": 1, ""label"": ""web site"", ""confidence"": 0.8707}, {""rank"": 2, ""label"": ""monitor"", ""confidence"": 0.0406}, {""rank"": 3, ""label"": ""screen"", ""confidence"": 0.0311}, {""rank"": 4, ""label"": ""television"", ""confidence"": 0.0262}, {""rank"": 5, ""label"": ""desktop computer"", ""confidence"": 0.0101}]",False,building
Places365_val_00031673.jpg,/Users/aidahamzic/PycharmProjects/PythonProject1/val_256/Places365_val_00031673.jpg,forest-broadleaf,worm fence,0.0528,"[{""rank"": 1, ""label"": ""worm fence"", ""confidence"": 0.0528}, {""rank"": 2, ""label"": ""oxcart"", ""confidence"": 0.0351}, {""rank"": 3, ""label"": ""tusker"", ""confidence"": 0.0291}, {""rank"": 4, ""label"": ""Indian elephant"", ""confidence"": 0.027}, {""rank"": 5, ""label"": ""lumbermill"", ""confidence"": 0.023}]",False,forest
Places365_val_00031676.jpg,/Users/aidahamzic/PycharmProjects/PythonProject1/val_256/Places365_val_00031676.jpg,ocean,promontory,0.4482,"[{""rank"": 1, ""label"": ""promontory"", ""confidence"": 0.4482}, {""rank"": 2, ""label"": ""seashore"", ""confidence"": 0.4294}, {""rank"": 3, ""label"": ""cliff"", ""confidence"": 0.0456}, {""rank"": 4, ""label"": ""lakeside"", ""confidence"": 0.0325}, {""rank"": 5, ""label"": ""valley"", ""confidence"": 0.015}]",True,water
Places365_val_00031688.jpg,/Users/aidahamzic/PycharmProjects/PythonProject1/val_256/Places365_val_00031688.jpg,glacier,alp,0.6849,"[{""rank"": 1, ""label"": ""alp"", ""confidence"": 0.6849}, {""rank"": 2, ""label"": ""snowplow"", ""confidence"": 0.0914}, {""rank"": 3, ""label"": ""snowmobile"", ""confidence"": 0.0668}, {""rank"": 4, ""label"": ""jeep"", ""confidence"": 0.0373}, {""rank"": 5, ""label"": ""ski"", ""confidence"": 0.0176}]",True,glacier
Places365_val_00031689.jpg,/Users/aidahamzic/PycharmProjects/PythonProject1/val_256/Places365_val_00031689.jpg,rainforest,walking stick,0.0444,"[{""rank"": 1, ""label"": ""walking stick"", ""confidence"": 0.0444}, {""rank"": 2, ""label"": ""bittern"", ""confidence"": 0.0412}, {""rank"": 3, ""label"": ""bolete"", ""confidence"": 0.0337}, {""rank"": 4, ""label"": ""mushroom"", ""confidence"": 0.0317}, {""rank"": 5, ""label"": ""coral fungus"", ""confidence"": 0.0286}]",False,forest
Places365_val_00031691.jpg,/Users/aidahamzic/PycharmProjects/PythonProject1/val_256/Places365_val_00031691.jpg,house,patio,0.1888,"[{""rank"": 1, ""label"": ""patio"", ""confidence"": 0.1888}, {""rank"": 2, ""label"": ""mobile home"", ""confidence"": 0.1662}, {""rank"": 3, ""label"": ""solar dish"", ""confidence"": 0.0886}, {""rank"": 4, ""label"": ""gas pump"", ""confidence"": 0.0324}, {""rank"": 5, ""label"": ""church"", ""confidence"": 0.0288}]",True,building
Places365_val_00031693.jpg,/Users/aidahamzic/PycharmProjects/PythonProject1/val_256/Places365_val_00031693.jpg,hotel-outdoor,cinema,0.594,"[{""rank"": 1, ""label"": ""cinema"", ""confidence"": 0.594}, {""rank"": 2, ""label"": ""bakery"", ""confidence"": 0.0617}, {""rank"": 3, ""label"": ""barbershop"", ""confidence"": 0.0592}, {""rank"": 4, ""label"": ""restaurant"", ""confidence"": 0.0412}, {""rank"": 5, ""label"": ""bookshop"", ""confidence"": 0.0323}]",True,building
Places365_val_00031701.jpg,/Users/aidahamzic/PycharmProjects/PythonProject1/val_256/Places365_val_00031701.jpg,hotel-outdoor,cab,0.0896,"[{""rank"": 1, ""label"": ""cab"", ""confidence"": 0.0896}, {""rank"": 2, ""label"": ""minivan"", ""confidence"": 0.0741}, {""rank"": 3, ""label"": ""limousine"", ""confidence"": 0.0492}, {""rank"": 4, ""label"": ""cinema"", ""confidence"": 0.0392}, {""rank"": 5, ""label"": ""palace"", ""confidence"": 0.0362}]",True,building
Places365_val_00031725.jpg,/Users/aidahamzic/PycharmProjects/PythonProject1/val_256/Places365_val_00031725.jpg,highway,car mirror,0.7952,"[{""rank"": 1, ""label"": ""car mirror"", ""confidence"": 0.7952}, {""rank"": 2, ""label"": ""wing"", ""confidence"": 0.0361}, {""rank"": 3, ""label"": ""minivan"", ""confidence"": 0.0255}, {""rank"": 4, ""label"": ""convertible"", ""confidence"": 0.0138}, {""rank"": 5, ""label"": ""limousine"", ""confidence"": 0.0073}]",True,street
Places365_val_00031733.jpg,/Users/aidahamzic/PycharmProjects/PythonProject1/val_256/Places365_val_00031733.jpg,street,jinrikisha,0.0726,"[{""rank"": 1, ""label"": ""jinrikisha"", ""confidence"": 0.0726}, {""rank"": 2, ""label"": ""streetcar"", ""confidence"": 0.0671}, {""rank"": 3, ""label"": ""traffic light"", ""confidence"": 0.0569}, {""rank"": 4, ""label"": ""steam locomotive"", ""confidence"": 0.0546}, {""rank"": 5, ""label"": ""viaduct"", ""confidence"": 0.052}]",True,street
Places365_val_00031758.jpg,/Users/aidahamzic/PycharmProjects/PythonProject1/val_256/Places365_val_00031758.jpg,highway,valley,0.4986,"[{""rank"": 1, ""label"": ""valley"", ""confidence"": 0.4986}, {""rank"": 2, ""label"": ""alp"", ""confidence"": 0.099}, {""rank"": 3, ""label"": ""viaduct"", ""confidence"": 0.0647}, {""rank"": 4, ""label"": ""lakeside"", ""confidence"": 0.0568}, {""rank"": 5, ""label"": ""promontory"", ""confidence"": 0.0547}]",False,street
Places365_val_00031764.jpg,/Users/aidahamzic/PycharmProjects/PythonProject1/val_256/Places365_val_00031764.jpg,hotel-outdoor,castle,0.3038,"[{""rank"": 1, ""label"": ""castle"", ""confidence"": 0.3038}, {""rank"": 2, ""label"": ""lakeside"", ""confidence"": 0.2917}, {""rank"": 3, ""label"": ""palace"", ""confidence"": 0.1033}, {""rank"": 4, ""label"": ""dock"", ""confidence"": 0.0411}, {""rank"": 5, ""label"": ""breakwater"", ""confidence"": 0.0395}]",True,building
Places365_val_00031781.jpg,/Users/aidahamzic/PycharmProjects/PythonProject1/val_256/Places365_val_00031781.jpg,forest-broadleaf,mountain tent,0.2751,"[{""rank"": 1, ""label"": ""mountain tent"", ""confidence"": 0.2751}, {""rank"": 2, ""label"": ""canoe"", ""confidence"": 0.0943}, {""rank"": 3, ""label"": ""American black bear"", ""confidence"": 0.0594}, {""rank"": 4, ""label"": ""bison"", ""confidence"": 0.0516}, {""rank"": 5, ""label"": ""tusker"", ""confidence"": 0.0348}]",True,forest
Places365_val_00031790.jpg,/Users/aidahamzic/PycharmProjects/PythonProject1/val_256/Places365_val_00031790.jpg,tower,palace,0.3662,"[{""rank"": 1, ""label"": ""palace"", ""confidence"": 0.3662}, {""rank"": 2, ""label"": ""alligator lizard"", ""confidence"": 0.1785}, {""rank"": 3, ""label"": ""harp"", ""confidence"": 0.1266}, {""rank"": 4, ""label"": ""stupa"", ""confidence"": 0.0408}, {""rank"": 5, ""label"": ""suspension bridge"", ""confidence"": 0.0297}]",True,building
Places365_val_00031797.jpg,/Users/aidahamzic/PycharmProjects/PythonProject1/val_256/Places365_val_00031797.jpg,mountain,valley,0.9747,"[{""rank"": 1, ""label"": ""valley"", ""confidence"": 0.9747}, {""rank"": 2, ""label"": ""cliff"", ""confidence"": 0.0086}, {""rank"": 3, ""label"": ""stone wall"", ""confidence"": 0.0041}, {""rank"": 4, ""label"": ""suspension bridge"", ""confidence"": 0.0013}, {""rank"": 5, ""label"": ""mountain bike"", ""confidence"": 0.001}]",True,mountain
Places365_val_00031808.jpg,/Users/aidahamzic/PycharmProjects/PythonProject1/val_256/Places365_val_00031808.jpg,glacier,French bulldog,0.1479,"[{""rank"": 1, ""label"": ""French bulldog"", ""confidence"": 0.1479}, {""rank"": 2, ""label"": ""pug"", ""confidence"": 0.1034}, {""rank"": 3, ""label"": ""Irish wolfhound"", ""confidence"": 0.0494}, {""rank"": 4, ""label"": ""Staffordshire bullterrier"", ""confidence"": 0.0479}, {""rank"": 5, ""label"": ""whippet"", ""confidence"": 0.0349}]",False,glacier
Places365_val_00031809.jpg,/Users/aidahamzic/PycharmProjects/PythonProject1/val_256/Places365_val_00031809.jpg,mountain,valley,0.7872,"[{""rank"": 1, ""label"": ""valley"", ""confidence"": 0.7872}, {""rank"": 2, ""label"": ""cliff"", ""confidence"": 0.134}, {""rank"": 3, ""label"": ""alp"", ""confidence"": 0.0329}, {""rank"": 4, ""label"": ""promontory"", ""confidence"": 0.0116}, {""rank"": 5, ""label"": ""suspension bridge"", ""confidence"": 0.0062}]",True,mountain
Places365_val_00031821.jpg,/Users/aidahamzic/PycharmProjects/PythonProject1/val_256/Places365_val_00031821.jpg,coast,promontory,0.6344,"[{""rank"": 1, ""label"": ""promontory"", ""confidence"": 0.6344}, {""rank"": 2, ""label"": ""seashore"", ""confidence"": 0.2131}, {""rank"": 3, ""label"": ""cliff"", ""confidence"": 0.0469}, {""rank"": 4, ""label"": ""sandbar"", ""confidence"": 0.0193}, {""rank"": 5, ""label"": ""beacon"", ""confidence"": 0.013}]",True,water
Places365_val_00031832.jpg,/Users/aidahamzic/PycharmProjects/PythonProject1/val_256/Places365_val_00031832.jpg,house,boathouse,0.7257,"[{""rank"": 1, ""label"": ""boathouse"", ""confidence"": 0.7257}, {""rank"": 2, ""label"": ""church"", ""confidence"": 0.0625}, {""rank"": 3, ""label"": ""beacon"", ""confidence"": 0.049}, {""rank"": 4, ""label"": ""lakeside"", ""confidence"": 0.0245}, {""rank"": 5, ""label"": ""bell cote"", ""confidence"": 0.0211}]",True,building
Places365_val_00031838.jpg,/Users/aidahamzic/PycharmProjects/PythonProject1/val_256/Places365_val_00031838.jpg,rainforest,wallaby,0.5684,"[{""rank"": 1, ""label"": ""wallaby"", ""confidence"": 0.5684}, {""rank"": 2, ""label"": ""red wolf"", ""confidence"": 0.0769}, {""rank"": 3, ""label"": ""dingo"", ""confidence"": 0.0725}, {""rank"": 4, ""label"": ""red fox"", ""confidence"": 0.0533}, {""rank"": 5, ""label"": ""grey fox"", ""confidence"": 0.0515}]",False,forest
Places365_val_00031862.jpg,/Users/aidahamzic/PycharmProjects/PythonProject1/val_256/Places365_val_00031862.jpg,downtown,fountain,0.373,"[{""rank"": 1, ""label"": ""fountain"", ""confidence"": 0.373}, {""rank"": 2, ""label"": ""suspension bridge"", ""confidence"": 0.0918}, {""rank"": 3, ""label"": ""obelisk"", ""confidence"": 0.0767}, {""rank"": 4, ""label"": ""stage"", ""confidence"": 0.0351}, {""rank"": 5, ""label"": ""space shuttle"", ""confidence"": 0.0267}]",True,building
Places365_val_00031914.jpg,/Users/aidahamzic/PycharmProjects/PythonProject1/val_256/Places365_val_00031914.jpg,downtown,bell cote,0.6567,"[{""rank"": 1, ""label"": ""bell cote"", ""confidence"": 0.6567}, {""rank"": 2, ""label"": ""monastery"", ""confidence"": 0.1542}, {""rank"": 3, ""label"": ""church"", ""confidence"": 0.0455}, {""rank"": 4, ""label"": ""triumphal arch"", ""confidence"": 0.0379}, {""rank"": 5, ""label"": ""palace"", ""confidence"": 0.0237}]",True,building
Places365_val_00031940.jpg,/Users/aidahamzic/PycharmProjects/PythonProject1/val_256/Places365_val_00031940.jpg,alley,jinrikisha,0.8115,"[{""rank"": 1, ""label"": ""jinrikisha"", ""confidence"": 0.8115}, {""rank"": 2, ""label"": ""streetcar"", ""confidence"": 0.0308}, {""rank"": 3, ""label"": ""fire engine"", ""confidence"": 0.0177}, {""rank"": 4, ""label"": ""garbage truck"", ""confidence"": 0.0119}, {""rank"": 5, ""label"": ""ambulance"", ""confidence"": 0.0089}]",True,street
Places365_val_00032021.jpg,/Users/aidahamzic/PycharmProjects/PythonProject1/val_256/Places365_val_00032021.jpg,river,snowmobile,0.8934,"[{""rank"": 1, ""label"": ""snowmobile"", ""confidence"": 0.8934}, {""rank"": 2, ""label"": ""motor scooter"", ""confidence"": 0.0498}, {""rank"": 3, ""label"": ""moped"", ""confidence"": 0.0246}, {""rank"": 4, ""label"": ""crash helmet"", ""confidence"": 0.0132}, {""rank"": 5, ""label"": ""mountain bike"", ""confidence"": 0.0055}]",False,water
Places365_val_00032039.jpg,/Users/aidahamzic/PycharmProjects/PythonProject1/val_256/Places365_val_00032039.jpg,river,canoe,0.5528,"[{""rank"": 1, ""label"": ""canoe"", ""confidence"": 0.5528}, {""rank"": 2, ""label"": ""gondola"", ""confidence"": 0.2022}, {""rank"": 3, ""label"": ""paddle"", ""confidence"": 0.1129}, {""rank"": 4, ""label"": ""lakeside"", ""confidence"": 0.034}, {""rank"": 5, ""label"": ""boathouse"", ""confidence"": 0.0253}]",True,water
Places365_val_00032047.jpg,/Users/aidahamzic/PycharmProjects/PythonProject1/val_256/Places365_val_00032047.jpg,coast,speedboat,0.3103,"[{""rank"": 1, ""label"": ""speedboat"", ""confidence"": 0.3103}, {""rank"": 2, ""label"": ""paddle"", ""confidence"": 0.2061}, {""rank"": 3, ""label"": ""canoe"", ""confidence"": 0.1195}, {""rank"": 4, ""label"": ""lifeboat"", ""confidence"": 0.092}, {""rank"": 5, ""label"": ""paddlewheel"", ""confidence"": 0.0298}]",True,water
Places365_val_00032070.jpg,/Users/aidahamzic/PycharmProjects/PythonProject1/val_256/Places365_val_00032070.jpg,coast,seashore,0.2547,"[{""rank"": 1, ""label"": ""seashore"", ""confidence"": 0.2547}, {""rank"": 2, ""label"": ""lakeside"", ""confidence"": 0.2123}, {""rank"": 3, ""label"": ""beacon"", ""confidence"": 0.0857}, {""rank"": 4, ""label"": ""volcano"", ""confidence"": 0.0784}, {""rank"": 5, ""label"": ""car mirror"", ""confidence"": 0.0467}]",True,water
Places365_val_00032096.jpg,/Users/aidahamzic/PycharmProjects/PythonProject1/val_256/Places365_val_00032096.jpg,hotel-outdoor,palace,0.16,"[{""rank"": 1, ""label"": ""palace"", ""confidence"": 0.16}, {""rank"": 2, ""label"": ""bell cote"", ""confidence"": 0.1323}, {""rank"": 3, ""label"": ""flagpole"", ""confidence"": 0.1114}, {""rank"": 4, ""label"": ""crane"", ""confidence"": 0.0881}, {""rank"": 5, ""label"": ""maypole"", ""confidence"": 0.0399}]",True,building
Places365_val_00032110.jpg,/Users/aidahamzic/PycharmProjects/PythonProject1/val_256/Places365_val_00032110.jpg,downtown,obelisk,0.8122,"[{""rank"": 1, ""label"": ""obelisk"", ""confidence"": 0.8122}, {""rank"": 2, ""label"": ""mosque"", ""confidence"": 0.0921}, {""rank"": 3, ""label"": ""triumphal arch"", ""confidence"": 0.0225}, {""rank"": 4, ""label"": ""bell cote"", ""confidence"": 0.0181}, {""rank"": 5, ""label"": ""pedestal"", ""confidence"": 0.0151}]",True,building
Places365_val_00032165.jpg,/Users/aidahamzic/PycharmProjects/PythonProject1/val_256/Places365_val_00032165.jpg,downtown,lakeside,0.1209,"[{""rank"": 1, ""label"": ""lakeside"", ""confidence"": 0.1209}, {""rank"": 2, ""label"": ""promontory"", ""confidence"": 0.1204}, {""rank"": 3, ""label"": ""pier"", ""confidence"": 0.1195}, {""rank"": 4, ""label"": ""trailer truck"", ""confidence"": 0.1081}, {""rank"": 5, ""label"": ""seashore"", ""confidence"": 0.0771}]",False,building
Places365_val_00032178.jpg,/Users/aidahamzic/PycharmProjects/PythonProject1/val_256/Places365_val_00032178.jpg,coast,reel,0.1456,"[{""rank"": 1, ""label"": ""reel"", ""confidence"": 0.1456}, {""rank"": 2, ""label"": ""paddle"", ""confidence"": 0.1363}, {""rank"": 3, ""label"": ""gong"", ""confidence"": 0.0948}, {""rank"": 4, ""label"": ""lakeside"", ""confidence"": 0.0711}, {""rank"": 5, ""label"": ""Indian cobra"", ""confidence"": 0.0397}]",True,water
Places365_val_00032289.jpg,/Users/aidahamzic/PycharmProjects/PythonProject1/val_256/Places365_val_00032289.jpg,ocean,breakwater,0.2479,"[{""rank"": 1, ""label"": ""breakwater"", ""confidence"": 0.2479}, {""rank"": 2, ""label"": ""seashore"", ""confidence"": 0.227}, {""rank"": 3, ""label"": ""promontory"", ""confidence"": 0.1771}, {""rank"": 4, ""label"": ""sandbar"", ""confidence"": 0.093}, {""rank"": 5, ""label"": ""lakeside"", ""confidence"": 0.0653}]",True,water
Places365_val_00032290.jpg,/Users/aidahamzic/PycharmProjects/PythonProject1/val_256/Places365_val_00032290.jpg,ocean,lakeside,0.3989,"[{""rank"": 1, ""label"": ""lakeside"", ""confidence"": 0.3989}, {""rank"": 2, ""label"": ""seashore"", ""confidence"": 0.1653}, {""rank"": 3, ""label"": ""ear"", ""confidence"": 0.0537}, {""rank"": 4, ""label"": ""worm fence"", ""confidence"": 0.0525}, {""rank"": 5, ""label"": ""sandbar"", ""confidence"": 0.0491}]",True,water
Places365_val_00032297.jpg,/Users/aidahamzic/PycharmProjects/PythonProject1/val_256/Places365_val_00032297.jpg,house,palace,0.694,"[{""rank"": 1, ""label"": ""palace"", ""confidence"": 0.694}, {""rank"": 2, ""label"": ""prison"", ""confidence"": 0.1312}, {""rank"": 3, ""label"": ""castle"", ""confidence"": 0.0128}, {""rank"": 4, ""label"": ""crane"", ""confidence"": 0.0119}, {""rank"": 5, ""label"": ""library"", ""confidence"": 0.0098}]",True,building
Places365_val_00032367.jpg,/Users/aidahamzic/PycharmProjects/PythonProject1/val_256/Places365_val_00032367.jpg,street,traffic light,0.2643,"[{""rank"": 1, ""label"": ""traffic light"", ""confidence"": 0.2643}, {""rank"": 2, ""label"": ""tow truck"", ""confidence"": 0.2416}, {""rank"": 3, ""label"": ""snowplow"", ""confidence"": 0.1946}, {""rank"": 4, ""label"": ""limousine"", ""confidence"": 0.0365}, {""rank"": 5, ""label"": ""parking meter"", ""confidence"": 0.023}]",True,street
Places365_val_00032454.jpg,/Users/aidahamzic/PycharmProjects/PythonProject1/val_256/Places365_val_00032454.jpg,tower,crane,0.2287,"[{""rank"": 1, ""label"": ""crane"", ""confidence"": 0.2287}, {""rank"": 2, ""label"": ""pier"", ""confidence"": 0.1584}, {""rank"": 3, ""label"": ""dock"", ""confidence"": 0.1577}, {""rank"": 4, ""label"": ""gondola"", ""confidence"": 0.0677}, {""rank"": 5, ""label"": ""suspension bridge"", ""confidence"": 0.0497}]",False,building
Places365_val_00032457.jpg,/Users/aidahamzic/PycharmProjects/PythonProject1/val_256/Places365_val_00032457.jpg,street,crutch,0.0672,"[{""rank"": 1, ""label"": ""crutch"", ""confidence"": 0.0672}, {""rank"": 2, ""label"": ""police van"", ""confidence"": 0.0429}, {""rank"": 3, ""label"": ""sweatshirt"", ""confidence"": 0.0398}, {""rank"": 4, ""label"": ""jean"", ""confidence"": 0.0353}, {""rank"": 5, ""label"": ""cash machine"", ""confidence"": 0.0309}]",False,street
Places365_val_00032473.jpg,/Users/aidahamzic/PycharmProjects/PythonProject1/val_256/Places365_val_00032473.jpg,skyscraper,palace,0.0726,"[{""rank"": 1, ""label"": ""palace"", ""confidence"": 0.0726}, {""rank"": 2, ""label"": ""mosque"", ""confidence"": 0.0587}, {""rank"": 3, ""label"": ""obelisk"", ""confidence"": 0.0515}, {""rank"": 4, ""label"": ""maze"", ""confidence"": 0.0402}, {""rank"": 5, ""label"": ""balloon"", ""confidence"": 0.0335}]",True,building
Places365_val_00032505.jpg,/Users/aidahamzic/PycharmProjects/PythonProject1/val_256/Places365_val_00032505.jpg,ocean,lakeside,0.1236,"[{""rank"": 1, ""label"": ""lakeside"", ""confidence"": 0.1236}, {""rank"": 2, ""label"": ""breakwater"", ""confidence"": 0.1132}, {""rank"": 3, ""label"": ""jeep"", ""confidence"": 0.1069}, {""rank"": 4, ""label"": ""promontory"", ""confidence"": 0.099}, {""rank"": 5, ""label"": ""seashore"", ""confidence"": 0.0927}]",True,water
Places365_val_00032524.jpg,/Users/aidahamzic/PycharmProjects/PythonProject1/val_256/Places365_val_00032524.jpg,house,alp,0.3374,"[{""rank"": 1, ""label"": ""alp"", ""confidence"": 0.3374}, {""rank"": 2, ""label"": ""boathouse"", ""confidence"": 0.308}, {""rank"": 3, ""label"": ""valley"", ""confidence"": 0.0709}, {""rank"": 4, ""label"": ""volcano"", ""confidence"": 0.0674}, {""rank"": 5, ""label"": ""lakeside"", ""confidence"": 0.0496}]",True,building
Places365_val_00032536.jpg,/Users/aidahamzic/PycharmProjects/PythonProject1/val_256/Places365_val_00032536.jpg,forest-broadleaf,Great Dane,0.4058,"[{""rank"": 1, ""label"": ""Great Dane"", ""confidence"": 0.4058}, {""rank"": 2, ""label"": ""Labrador retriever"", ""confidence"": 0.1832}, {""rank"": 3, ""label"": ""Staffordshire bullterrier"", ""confidence"": 0.0744}, {""rank"": 4, ""label"": ""German short-haired pointer"", ""confidence"": 0.0329}, {""rank"": 5, ""label"": ""bluetick"", ""confidence"": 0.0302}]",False,forest
Places365_val_00032552.jpg,/Users/aidahamzic/PycharmProjects/PythonProject1/val_256/Places365_val_00032552.jpg,river,pier,0.1403,"[{""rank"": 1, ""label"": ""pier"", ""confidence"": 0.1403}, {""rank"": 2, ""label"": ""suspension bridge"", ""confidence"": 0.0457}, {""rank"": 3, ""label"": ""airship"", ""confidence"": 0.0452}, {""rank"": 4, ""label"": ""prison"", ""confidence"": 0.0425}, {""rank"": 5, ""label"": ""viaduct"", ""confidence"": 0.0337}]",False,water
Places365_val_00032561.jpg,/Users/aidahamzic/PycharmProjects/PythonProject1/val_256/Places365_val_00032561.jpg,rainforest,howler monkey,0.1602,"[{""rank"": 1, ""label"": ""howler monkey"", ""confidence"": 0.1602}, {""rank"": 2, ""label"": ""Madagascar cat"", ""confidence"": 0.1119}, {""rank"": 3, ""label"": ""langur"", ""confidence"": 0.065}, {""rank"": 4, ""label"": ""spider monkey"", ""confidence"": 0.0592}, {""rank"": 5, ""label"": ""siamang"", ""confidence"": 0.0529}]",True,forest
Places365_val_00032612.jpg,/Users/aidahamzic/PycharmProjects/PythonProject1/val_256/Places365_val_00032612.jpg,coast,beacon,0.2086,"[{""rank"": 1, ""label"": ""beacon"", ""confidence"": 0.2086}, {""rank"": 2, ""label"": ""cliff"", ""confidence"": 0.1974}, {""rank"": 3, ""label"": ""promontory"", ""confidence"": 0.125}, {""rank"": 4, ""label"": ""seashore"", ""confidence"": 0.0592}, {""rank"": 5, ""label"": ""albatross"", ""confidence"": 0.0321}]",True,water
Places365_val_00032647.jpg,/Users/aidahamzic/PycharmProjects/PythonProject1/val_256/Places365_val_00032647.jpg,hotel-outdoor,bell cote,0.2669,"[{""rank"": 1, ""label"": ""bell cote"", ""confidence"": 0.2669}, {""rank"": 2, ""label"": ""flagpole"", ""confidence"": 0.0804}, {""rank"": 3, ""label"": ""lakeside"", ""confidence"": 0.0695}, {""rank"": 4, ""label"": ""church"", ""confidence"": 0.0555}, {""rank"": 5, ""label"": ""solar dish"", ""confidence"": 0.0487}]",True,building
Places365_val_00032661.jpg,/Users/aidahamzic/PycharmProjects/PythonProject1/val_256/Places365_val_00032661.jpg,rainforest,valley,0.3165,"[{""rank"": 1, ""label"": ""valley"", ""confidence"": 0.3165}, {""rank"": 2, ""label"": ""suspension bridge"", ""confidence"": 0.1366}, {""rank"": 3, ""label"": ""siamang"", ""confidence"": 0.0648}, {""rank"": 4, ""label"": ""cliff"", ""confidence"": 0.0476}, {""rank"": 5, ""label"": ""orangutan"", ""confidence"": 0.0258}]",True,forest
Places365_val_00032675.jpg,/Users/aidahamzic/PycharmProjects/PythonProject1/val_256/Places365_val_00032675.jpg,tower,suspension bridge,0.2462,"[{""rank"": 1, ""label"": ""suspension bridge"", ""confidence"": 0.2462}, {""rank"": 2, ""label"": ""pier"", ""confidence"": 0.1041}, {""rank"": 3, ""label"": ""crane"", ""confidence"": 0.0707}, {""rank"": 4, ""label"": ""radio telescope"", ""confidence"": 0.0687}, {""rank"": 5, ""label"": ""bell cote"", ""confidence"": 0.0526}]",False,building
Places365_val_00032680.jpg,/Users/aidahamzic/PycharmProjects/PythonProject1/val_256/Places365_val_00032680.jpg,tower,church,0.38,"[{""rank"": 1, ""label"": ""church"", ""confidence"": 0.38}, {""rank"": 2, ""label"": ""bell cote"", ""confidence"": 0.3634}, {""rank"": 3, ""label"": ""monastery"", ""confidence"": 0.1591}, {""rank"": 4, ""label"": ""palace"", ""confidence"": 0.0296}, {""rank"": 5, ""label"": ""castle"", ""confidence"": 0.029}]",True,building
Places365_val_00032692.jpg,/Users/aidahamzic/PycharmProjects/PythonProject1/val_256/Places365_val_00032692.jpg,glacier,valley,0.1234,"[{""rank"": 1, ""label"": ""valley"", ""confidence"": 0.1234}, {""rank"": 2, ""label"": ""alp"", ""confidence"": 0.1228}, {""rank"": 3, ""label"": ""dogsled"", ""confidence"": 0.0697}, {""rank"": 4, ""label"": ""lakeside"", ""confidence"": 0.0557}, {""rank"": 5, ""label"": ""mountain tent"", ""confidence"": 0.0513}]",True,glacier
Places365_val_00032694.jpg,/Users/aidahamzic/PycharmProjects/PythonProject1/val_256/Places365_val_00032694.jpg,rainforest,valley,0.7058,"[{""rank"": 1, ""label"": ""valley"", ""confidence"": 0.7058}, {""rank"": 2, ""label"": ""suspension bridge"", ""confidence"": 0.0515}, {""rank"": 3, ""label"": ""cliff"", ""confidence"": 0.0205}, {""rank"": 4, ""label"": ""weasel"", ""confidence"": 0.0109}, {""rank"": 5, ""label"": ""skunk"", ""confidence"": 0.0101}]",True,forest
Places365_val_00032696.jpg,/Users/aidahamzic/PycharmProjects/PythonProject1/val_256/Places365_val_00032696.jpg,ocean,seashore,0.558,"[{""rank"": 1, ""label"": ""seashore"", ""confidence"": 0.558}, {""rank"": 2, ""label"": ""lakeside"", ""confidence"": 0.1061}, {""rank"": 3, ""label"": ""beacon"", ""confidence"": 0.0566}, {""rank"": 4, ""label"": ""sandbar"", ""confidence"": 0.0489}, {""rank"": 5, ""label"": ""breakwater"", ""confidence"": 0.0414}]",True,water
Places365_val_00032725.jpg,/Users/aidahamzic/PycharmProjects/PythonProject1/val_256/Places365_val_00032725.jpg,house,mobile home,0.2084,"[{""rank"": 1, ""label"": ""mobile home"", ""confidence"": 0.2084}, {""rank"": 2, ""label"": ""patio"", ""confidence"": 0.111}, {""rank"": 3, ""label"": ""monastery"", ""confidence"": 0.099}, {""rank"": 4, ""label"": ""boathouse"", ""confidence"": 0.0423}, {""rank"": 5, ""label"": ""lakeside"", ""confidence"": 0.0306}]",True,building
Places365_val_00032744.jpg,/Users/aidahamzic/PycharmProjects/PythonProject1/val_256/Places365_val_00032744.jpg,tower,altar,0.3693,"[{""rank"": 1, ""label"": ""altar"", ""confidence"": 0.3693}, {""rank"": 2, ""label"": ""bell cote"", ""confidence"": 0.1136}, {""rank"": 3, ""label"": ""restaurant"", ""confidence"": 0.0902}, {""rank"": 4, ""label"": ""triumphal arch"", ""confidence"": 0.0559}, {""rank"": 5, ""label"": ""throne"", ""confidence"": 0.0341}]",True,building
Places365_val_00032756.jpg,/Users/aidahamzic/PycharmProjects/PythonProject1/val_256/Places365_val_00032756.jpg,coast,promontory,0.3401,"[{""rank"": 1, ""label"": ""promontory"", ""confidence"": 0.3401}, {""rank"": 2, ""label"": ""cliff"", ""confidence"": 0.1896}, {""rank"": 3, ""label"": ""seashore"", ""confidence"": 0.1474}, {""rank"": 4, ""label"": ""volcano"", ""confidence"": 0.091}, {""rank"": 5, ""label"": ""valley"", ""confidence"": 0.0568}]",True,water
Places365_val_00032770.jpg,/Users/aidahamzic/PycharmProjects/PythonProject1/val_256/Places365_val_00032770.jpg,tower,planetarium,0.3398,"[{""rank"": 1, ""label"": ""planetarium"", ""confidence"": 0.3398}, {""rank"": 2, ""label"": ""mosque"", ""confidence"": 0.171}, {""rank"": 3, ""label"": ""liner"", ""confidence"": 0.0698}, {""rank"": 4, ""label"": ""fountain"", ""confidence"": 0.0687}, {""rank"": 5, ""label"": ""space shuttle"", ""confidence"": 0.0528}]",True,building
Places365_val_00032794.jpg,/Users/aidahamzic/PycharmProjects/PythonProject1/val_256/Places365_val_00032794.jpg,skyscraper,pier,0.5132,"[{""rank"": 1, ""label"": ""pier"", ""confidence"": 0.5132}, {""rank"": 2, ""label"": ""dam"", ""confidence"": 0.084}, {""rank"": 3, ""label"": ""breakwater"", ""confidence"": 0.0612}, {""rank"": 4, ""label"": ""steel arch bridge"", ""confidence"": 0.0525}, {""rank"": 5, ""label"": ""turnstile"", ""confidence"": 0.0368}]",False,building
Places365_val_00032802.jpg,/Users/aidahamzic/PycharmProjects/PythonProject1/val_256/Places365_val_00032802.jpg,highway,worm fence,0.2388,"[{""rank"": 1, ""label"": ""worm fence"", ""confidence"": 0.2388}, {""rank"": 2, ""label"": ""horse cart"", ""confidence"": 0.1783}, {""rank"": 3, ""label"": ""steam locomotive"", ""confidence"": 0.0471}, {""rank"": 4, ""label"": ""hay"", ""confidence"": 0.0366}, {""rank"": 5, ""label"": ""trailer truck"", ""confidence"": 0.0301}]",False,street
Places365_val_00032815.jpg,/Users/aidahamzic/PycharmProjects/PythonProject1/val_256/Places365_val_00032815.jpg,coast,stone wall,0.1754,"[{""rank"": 1, ""label"": ""stone wall"", ""confidence"": 0.1754}, {""rank"": 2, ""label"": ""seashore"", ""confidence"": 0.0987}, {""rank"": 3, ""label"": ""hen-of-the-woods"", ""confidence"": 0.0824}, {""rank"": 4, ""label"": ""lakeside"", ""confidence"": 0.0793}, {""rank"": 5, ""label"": ""promontory"", ""confidence"": 0.0512}]",True,water
Places365_val_00032820.jpg,/Users/aidahamzic/PycharmProjects/PythonProject1/val_256/Places365_val_00032820.jpg,highway,suspension bridge,0.6202,"[{""rank"": 1, ""label"": ""suspension bridge"", ""confidence"": 0.6202}, {""rank"": 2, ""label"": ""dam"", ""confidence"": 0.0823}, {""rank"": 3, ""label"": ""viaduct"", ""confidence"": 0.0609}, {""rank"": 4, ""label"": ""valley"", ""confidence"": 0.0267}, {""rank"": 5, ""label"": ""car mirror"", ""confidence"": 0.0203}]",False,street
Places365_val_00032822.jpg,/Users/aidahamzic/PycharmProjects/PythonProject1/val_256/Places365_val_00032822.jpg,tower,castle,0.9132,"[{""rank"": 1, ""label"": ""castle"", ""confidence"": 0.9132}, {""rank"": 2, ""label"": ""megalith"", ""confidence"": 0.0153}, {""rank"": 3, ""label"": ""church"", ""confidence"": 0.0129}, {""rank"": 4, ""label"": ""monastery"", ""confidence"": 0.0061}, {""rank"": 5, ""label"": ""beacon"", ""confidence"": 0.0052}]",True,building
Places365_val_00032831.jpg,/Users/aidahamzic/PycharmProjects/PythonProject1/val_256/Places365_val_00032831.jpg,highway,car mirror,0.1223,"[{""rank"": 1, ""label"": ""car mirror"", ""confidence"": 0.1223}, {""rank"": 2, ""label"": ""trailer truck"", ""confidence"": 0.0781}, {""rank"": 3, ""label"": ""radio telescope"", ""confidence"": 0.0622}, {""rank"": 4, ""label"": ""solar dish"", ""confidence"": 0.0526}, {""rank"": 5, ""label"": ""wing"", ""confidence"": 0.0522}]",False,street
Places365_val_00032832.jpg,/Users/aidahamzic/PycharmProjects/PythonProject1/val_256/Places365_val_00032832.jpg,downtown,pier,0.3366,"[{""rank"": 1, ""label"": ""pier"", ""confidence"": 0.3366}, {""rank"": 2, ""label"": ""drilling platform"", ""confidence"": 0.1025}, {""rank"": 3, ""label"": ""bell cote"", ""confidence"": 0.0887}, {""rank"": 4, ""label"": ""dock"", ""confidence"": 0.0639}, {""rank"": 5, ""label"": ""space shuttle"", ""confidence"": 0.0623}]",False,building
Places365_val_00032833.jpg,/Users/aidahamzic/PycharmProjects/PythonProject1/val_256/Places365_val_00032833.jpg,highway,street sign,0.7827,"[{""rank"": 1, ""label"": ""street sign"", ""confidence"": 0.7827}, {""rank"": 2, ""label"": ""traffic light"", ""confidence"": 0.1958}, {""rank"": 3, ""label"": ""police van"", ""confidence"": 0.0051}, {""rank"": 4, ""label"": ""moving van"", ""confidence"": 0.0019}, {""rank"": 5, ""label"": ""garbage truck"", ""confidence"": 0.0017}]",False,street
Places365_val_00032877.jpg,/Users/aidahamzic/PycharmProjects/PythonProject1/val_256/Places365_val_00032877.jpg,forest-broadleaf,stone wall,0.6062,"[{""rank"": 1, ""label"": ""stone wall"", ""confidence"": 0.6062}, {""rank"": 2, ""label"": ""megalith"", ""confidence"": 0.1543}, {""rank"": 3, ""label"": ""park bench"", ""confidence"": 0.0229}, {""rank"": 4, ""label"": ""mountain bike"", ""confidence"": 0.013}, {""rank"": 5, ""label"": ""worm fence"", ""confidence"": 0.0123}]",False,forest
Places365_val_00032895.jpg,/Users/aidahamzic/PycharmProjects/PythonProject1/val_256/Places365_val_00032895.jpg,forest-broadleaf,worm fence,0.321,"[{""rank"": 1, ""label"": ""worm fence"", ""confidence"": 0.321}, {""rank"": 2, ""label"": ""rapeseed"", ""confidence"": 0.2933}, {""rank"": 3, ""label"": ""viaduct"", ""confidence"": 0.0721}, {""rank"": 4, ""label"": ""barn"", ""confidence"": 0.0272}, {""rank"": 5, ""label"": ""plow"", ""confidence"": 0.0184}]",False,forest
Places365_val_00032906.jpg,/Users/aidahamzic/PycharmProjects/PythonProject1/val_256/Places365_val_00032906.jpg,skyscraper,planetarium,0.0975,"[{""rank"": 1, ""label"": ""planetarium"", ""confidence"": 0.0975}, {""rank"": 2, ""label"": ""boathouse"", ""confidence"": 0.0795}, {""rank"": 3, ""label"": ""cinema"", ""confidence"": 0.0741}, {""rank"": 4, ""label"": ""pier"", ""confidence"": 0.0688}, {""rank"": 5, ""label"": ""steel arch bridge"", ""confidence"": 0.0541}]",True,building
Places365_val_00032950.jpg,/Users/aidahamzic/PycharmProjects/PythonProject1/val_256/Places365_val_00032950.jpg,rainforest,valley,0.3177,"[{""rank"": 1, ""label"": ""valley"", ""confidence"": 0.3177}, {""rank"": 2, ""label"": ""stone wall"", ""confidence"": 0.2637}, {""rank"": 3, ""label"": ""alp"", ""confidence"": 0.0351}, {""rank"": 4, ""label"": ""cliff"", ""confidence"": 0.0303}, {""rank"": 5, ""label"": ""lakeside"", ""confidence"": 0.0263}]",True,forest
Places365_val_00032959.jpg,/Users/aidahamzic/PycharmProjects/PythonProject1/val_256/Places365_val_00032959.jpg,ocean,cliff,0.7998,"[{""rank"": 1, ""label"": ""cliff"", ""confidence"": 0.7998}, {""rank"": 2, ""label"": ""promontory"", ""confidence"": 0.1312}, {""rank"": 3, ""label"": ""seashore"", ""confidence"": 0.0612}, {""rank"": 4, ""label"": ""wreck"", ""confidence"": 0.0044}, {""rank"": 5, ""label"": ""lakeside"", ""confidence"": 0.0008}]",True,water
Places365_val_00032995.jpg,/Users/aidahamzic/PycharmProjects/PythonProject1/val_256/Places365_val_00032995.jpg,downtown,planetarium,0.5327,"[{""rank"": 1, ""label"": ""planetarium"", ""confidence"": 0.5327}, {""rank"": 2, ""label"": ""cinema"", ""confidence"": 0.0606}, {""rank"": 3, ""label"": ""mosque"", ""confidence"": 0.0528}, {""rank"": 4, ""label"": ""bell cote"", ""confidence"": 0.0495}, {""rank"": 5, ""label"": ""palace"", ""confidence"": 0.0293}]",True,building
Places365_val_00033009.jpg,/Users/aidahamzic/PycharmProjects/PythonProject1/val_256/Places365_val_00033009.jpg,rainforest,thatch,0.0871,"[{""rank"": 1, ""label"": ""thatch"", ""confidence"": 0.0871}, {""rank"": 2, ""label"": ""maypole"", ""confidence"": 0.0809}, {""rank"": 3, ""label"": ""valley"", ""confidence"": 0.0687}, {""rank"": 4, ""label"": ""greenhouse"", ""confidence"": 0.0503}, {""rank"": 5, ""label"": ""head cabbage"", ""confidence"": 0.0448}]",True,forest
Places365_val_00033019.jpg,/Users/aidahamzic/PycharmProjects/PythonProject1/val_256/Places365_val_00033019.jpg,coast,promontory,0.7256,"[{""rank"": 1, ""label"": ""promontory"", ""confidence"": 0.7256}, {""rank"": 2, ""label"": ""seashore"", ""confidence"": 0.2241}, {""rank"": 3, ""label"": ""cliff"", ""confidence"": 0.0216}, {""rank"": 4, ""label"": ""beacon"", ""confidence"": 0.0076}, {""rank"": 5, ""label"": ""lakeside"", ""confidence"": 0.0056}]",True,water
Places365_val_00033020.jpg,/Users/aidahamzic/PycharmProjects/PythonProject1/val_256/Places365_val_00033020.jpg,ocean,aircraft carrier,0.6828,"[{""rank"": 1, ""label"": ""aircraft carrier"", ""confidence"": 0.6828}, {""rank"": 2, ""label"": ""drilling platform"", ""confidence"": 0.1254}, {""rank"": 3, ""label"": ""fireboat"", ""confidence"": 0.0782}, {""rank"": 4, ""label"": ""liner"", ""confidence"": 0.0318}, {""rank"": 5, ""label"": ""container ship"", ""confidence"": 0.0196}]",False,water
Places365_val_00033024.jpg,/Users/aidahamzic/PycharmProjects/PythonProject1/val_256/Places365_val_00033024.jpg,ocean,seashore,0.5531,"[{""rank"": 1, ""label"": ""seashore"", ""confidence"": 0.5531}, {""rank"": 2, ""label"": ""promontory"", ""confidence"": 0.3885}, {""rank"": 3, ""label"": ""cliff"", ""confidence"": 0.0241}, {""rank"": 4, ""label"": ""sandbar"", ""confidence"": 0.0157}, {""rank"": 5, ""label"": ""beacon"", ""confidence"": 0.0038}]",True,water
Places365_val_00033029.jpg,/Users/aidahamzic/PycharmProjects/PythonProject1/val_256/Places365_val_00033029.jpg,forest-broadleaf,birdhouse,0.0766,"[{""rank"": 1, ""label"": ""birdhouse"", ""confidence"": 0.0766}, {""rank"": 2, ""label"": ""park bench"", ""confidence"": 0.0343}, {""rank"": 3, ""label"": ""stone wall"", ""confidence"": 0.0301}, {""rank"": 4, ""label"": ""worm fence"", ""confidence"": 0.0248}, {""rank"": 5, ""label"": ""obelisk"", ""confidence"": 0.0232}]",False,forest
Places365_val_00033147.jpg,/Users/aidahamzic/PycharmProjects/PythonProject1/val_256/Places365_val_00033147.jpg,rainforest,megalith,0.1191,"[{""rank"": 1, ""label"": ""megalith"", ""confidence"": 0.1191}, {""rank"": 2, ""label"": ""castle"", ""confidence"": 0.1115}, {""rank"": 3, ""label"": ""valley"", ""confidence"": 0.0356}, {""rank"": 4, ""label"": ""promontory"", ""confidence"": 0.0351}, {""rank"": 5, ""label"": ""beacon"", ""confidence"": 0.0308}]",True,forest
Places365_val_00033155.jpg,/Users/aidahamzic/PycharmProjects/PythonProject1/val_256/Places365_val_00033155.jpg,coast,seashore,0.2133,"[{""rank"": 1, ""label"": ""seashore"", ""confidence"": 0.2133}, {""rank"": 2, ""label"": ""geyser"", ""confidence"": 0.1457}, {""rank"": 3, ""label"": ""sandbar"", ""confidence"": 0.0839}, {""rank"": 4, ""label"": ""volcano"", ""confidence"": 0.0567}, {""rank"": 5, ""label"": ""beacon"", ""confidence"": 0.0446}]",True,water
Places365_val_00033178.jpg,/Users/aidahamzic/PycharmProjects/PythonProject1/val_256/Places365_val_00033178.jpg,mountain,recreational vehicle,0.3707,"[{""rank"": 1, ""label"": ""recreational vehicle"", ""confidence"": 0.3707}, {""rank"": 2, ""label"": ""trailer truck"", ""confidence"": 0.1759}, {""rank"": 3, ""label"": ""minibus"", ""confidence"": 0.1494}, {""rank"": 4, ""label"": ""moving van"", ""confidence"": 0.1234}, {""rank"": 5, ""label"": ""mobile home"", ""confidence"": 0.0575}]",False,mountain
Places365_val_00033184.jpg,/Users/aidahamzic/PycharmProjects/PythonProject1/val_256/Places365_val_00033184.jpg,house,palace,0.1582,"[{""rank"": 1, ""label"": ""palace"", ""confidence"": 0.1582}, {""rank"": 2, ""label"": ""monastery"", ""confidence"": 0.1055}, {""rank"": 3, ""label"": ""bell cote"", ""confidence"": 0.1051}, {""rank"": 4, ""label"": ""church"", ""confidence"": 0.0761}, {""rank"": 5, ""label"": ""dome"", ""confidence"": 0.0644}]",True,building
Places365_val_00033202.jpg,/Users/aidahamzic/PycharmProjects/PythonProject1/val_256/Places365_val_00033202.jpg,street,minibus,0.569,"[{""rank"": 1, ""label"": ""minibus"", ""confidence"": 0.569}, {""rank"": 2, ""label"": ""trolleybus"", ""confidence"": 0.2681}, {""rank"": 3, ""label"": ""passenger car"", ""confidence"": 0.0722}, {""rank"": 4, ""label"": ""streetcar"", ""confidence"": 0.0288}, {""rank"": 5, ""label"": ""police van"", ""confidence"": 0.0101}]",True,street
Places365_val_00033225.jpg,/Users/aidahamzic/PycharmProjects/PythonProject1/val_256/Places365_val_00033225.jpg,glacier,wing,0.5053,"[{""rank"": 1, ""label"": ""wing"", ""confidence"": 0.5053}, {""rank"": 2, ""label"": ""alp"", ""confidence"": 0.1202}, {""rank"": 3, ""label"": ""missile"", ""confidence"": 0.051}, {""rank"": 4, ""label"": ""solar dish"", ""confidence"": 0.0448}, {""rank"": 5, ""label"": ""dam"", ""confidence"": 0.0293}]",True,glacier
Places365_val_00033226.jpg,/Users/aidahamzic/PycharmProjects/PythonProject1/val_256/Places365_val_00033226.jpg,coast,cliff,0.9565,"[{""rank"": 1, ""label"": ""cliff"", ""confidence"": 0.9565}, {""rank"": 2, ""label"": ""promontory"", ""confidence"": 0.0308}, {""rank"": 3, ""label"": ""seashore"", ""confidence"": 0.0056}, {""rank"": 4, ""label"": ""wreck"", ""confidence"": 0.0016}, {""rank"": 5, ""label"": ""lakeside"", ""confidence"": 0.0013}]",True,water
Places365_val_00033297.jpg,/Users/aidahamzic/PycharmProjects/PythonProject1/val_256/Places365_val_00033297.jpg,ocean,drilling platform,0.3669,"[{""rank"": 1, ""label"": ""drilling platform"", ""confidence"": 0.3669}, {""rank"": 2, ""label"": ""promontory"", ""confidence"": 0.1009}, {""rank"": 3, ""label"": ""lakeside"", ""confidence"": 0.0714}, {""rank"": 4, ""label"": ""seashore"", ""confidence"": 0.0489}, {""rank"": 5, ""label"": ""beacon"", ""confidence"": 0.0467}]",True,water
Places365_val_00033304.jpg,/Users/aidahamzic/PycharmProjects/PythonProject1/val_256/Places365_val_00033304.jpg,coast,container ship,0.8402,"[{""rank"": 1, ""label"": ""container ship"", ""confidence"": 0.8402}, {""rank"": 2, ""label"": ""submarine"", ""confidence"": 0.0563}, {""rank"": 3, ""label"": ""wreck"", ""confidence"": 0.0335}, {""rank"": 4, ""label"": ""aircraft carrier"", ""confidence"": 0.0176}, {""rank"": 5, ""label"": ""liner"", ""confidence"": 0.0132}]",True,water
Places365_val_00033331.jpg,/Users/aidahamzic/PycharmProjects/PythonProject1/val_256/Places365_val_00033331.jpg,downtown,church,0.2156,"[{""rank"": 1, ""label"": ""church"", ""confidence"": 0.2156}, {""rank"": 2, ""label"": ""streetcar"", ""confidence"": 0.207}, {""rank"": 3, ""label"": ""cab"", ""confidence"": 0.1005}, {""rank"": 4, ""label"": ""jigsaw puzzle"", ""confidence"": 0.0446}, {""rank"": 5, ""label"": ""toyshop"", ""confidence"": 0.0386}]",True,building
Places365_val_00033339.jpg,/Users/aidahamzic/PycharmProjects/PythonProject1/val_256/Places365_val_00033339.jpg,downtown,obelisk,0.1716,"[{""rank"": 1, ""label"": ""obelisk"", ""confidence"": 0.1716}, {""rank"": 2, ""label"": ""cab"", ""confidence"": 0.1346}, {""rank"": 3, ""label"": ""airship"", ""confidence"": 0.0522}, {""rank"": 4, ""label"": ""triumphal arch"", ""confidence"": 0.0448}, {""rank"": 5, ""label"": ""traffic light"", ""confidence"": 0.0296}]",True,building
Places365_val_00033344.jpg,/Users/aidahamzic/PycharmProjects/PythonProject1/val_256/Places365_val_00033344.jpg,house,mobile home,0.324,"[{""rank"": 1, ""label"": ""mobile home"", ""confidence"": 0.324}, {""rank"": 2, ""label"": ""patio"", ""confidence"": 0.2122}, {""rank"": 3, ""label"": ""thatch"", ""confidence"": 0.0571}, {""rank"": 4, ""label"": ""worm fence"", ""confidence"": 0.0464}, {""rank"": 5, ""label"": ""lumbermill"", ""confidence"": 0.0449}]",True,building
Places365_val_00033353.jpg,/Users/aidahamzic/PycharmProjects/PythonProject1/val_256/Places365_val_00033353.jpg,coast,speedboat,0.4722,"[{""rank"": 1, ""label"": ""speedboat"", ""confidence"": 0.4722}, {""rank"": 2, ""label"": ""submarine"", ""confidence"": 0.0666}, {""rank"": 3, ""label"": ""killer whale"", ""confidence"": 0.057}, {""rank"": 4, ""label"": ""grey whale"", ""confidence"": 0.0537}, {""rank"": 5, ""label"": ""paddle"", ""confidence"": 0.0386}]",True,water
Places365_val_00033420.jpg,/Users/aidahamzic/PycharmProjects/PythonProject1/val_256/Places365_val_00033420.jpg,highway,promontory,0.1514,"[{""rank"": 1, ""label"": ""promontory"", ""confidence"": 0.1514}, {""rank"": 2, ""label"": ""lakeside"", ""confidence"": 0.1144}, {""rank"": 3, ""label"": ""dam"", ""confidence"": 0.1019}, {""rank"": 4, ""label"": ""beacon"", ""confidence"": 0.079}, {""rank"": 5, ""label"": ""cliff"", ""confidence"": 0.0511}]",False,street
Places365_val_00033448.jpg,/Users/aidahamzic/PycharmProjects/PythonProject1/val_256/Places365_val_00033448.jpg,highway,traffic light,0.1483,"[{""rank"": 1, ""label"": ""traffic light"", ""confidence"": 0.1483}, {""rank"": 2, ""label"": ""streetcar"", ""confidence"": 0.084}, {""rank"": 3, ""label"": ""trolleybus"", ""confidence"": 0.0815}, {""rank"": 4, ""label"": ""trailer truck"", ""confidence"": 0.0704}, {""rank"": 5, ""label"": ""passenger car"", ""confidence"": 0.0595}]",True,street
Places365_val_00033456.jpg,/Users/aidahamzic/PycharmProjects/PythonProject1/val_256/Places365_val_00033456.jpg,ocean,seashore,0.7881,"[{""rank"": 1, ""label"": ""seashore"", ""confidence"": 0.7881}, {""rank"": 2, ""label"": ""sandbar"", ""confidence"": 0.0906}, {""rank"": 3, ""label"": ""wreck"", ""confidence"": 0.0307}, {""rank"": 4, ""label"": ""lakeside"", ""confidence"": 0.0128}, {""rank"": 5, ""label"": ""promontory"", ""confidence"": 0.0111}]",True,water
Places365_val_00033490.jpg,/Users/aidahamzic/PycharmProjects/PythonProject1/val_256/Places365_val_00033490.jpg,alley,prison,0.71,"[{""rank"": 1, ""label"": ""prison"", ""confidence"": 0.71}, {""rank"": 2, ""label"": ""vault"", ""confidence"": 0.0231}, {""rank"": 3, ""label"": ""guillotine"", ""confidence"": 0.0137}, {""rank"": 4, ""label"": ""gondola"", ""confidence"": 0.0117}, {""rank"": 5, ""label"": ""lumbermill"", ""confidence"": 0.0112}]",False,street
Places365_val_00033498.jpg,/Users/aidahamzic/PycharmProjects/PythonProject1/val_256/Places365_val_00033498.jpg,tower,stupa,0.371,"[{""rank"": 1, ""label"": ""stupa"", ""confidence"": 0.371}, {""rank"": 2, ""label"": ""carousel"", ""confidence"": 0.2918}, {""rank"": 3, ""label"": ""palace"", ""confidence"": 0.1773}, {""rank"": 4, ""label"": ""monastery"", ""confidence"": 0.0393}, {""rank"": 5, ""label"": ""solar dish"", ""confidence"": 0.0276}]",True,building
Places365_val_00033511.jpg,/Users/aidahamzic/PycharmProjects/PythonProject1/val_256/Places365_val_00033511.jpg,street,bicycle-built-for-two,0.8799,"[{""rank"": 1, ""label"": ""bicycle-built-for-two"", ""confidence"": 0.8799}, {""rank"": 2, ""label"": ""mountain bike"", ""confidence"": 0.0278}, {""rank"": 3, ""label"": ""plow"", ""confidence"": 0.0196}, {""rank"": 4, ""label"": ""tricycle"", ""confidence"": 0.0157}, {""rank"": 5, ""label"": ""thresher"", ""confidence"": 0.0091}]",False,street
Places365_val_00033532.jpg,/Users/aidahamzic/PycharmProjects/PythonProject1/val_256/Places365_val_00033532.jpg,alley,lumbermill,0.1589,"[{""rank"": 1, ""label"": ""lumbermill"", ""confidence"": 0.1589}, {""rank"": 2, ""label"": ""rain barrel"", ""confidence"": 0.1429}, {""rank"": 3, ""label"": ""dam"", ""confidence"": 0.1397}, {""rank"": 4, ""label"": ""patio"", ""confidence"": 0.1048}, {""rank"": 5, ""label"": ""worm fence"", ""confidence"": 0.0423}]",False,street
Places365_val_00033564.jpg,/Users/aidahamzic/PycharmProjects/PythonProject1/val_256/Places365_val_00033564.jpg,skyscraper,radio telescope,0.114,"[{""rank"": 1, ""label"": ""radio telescope"", ""confidence"": 0.114}, {""rank"": 2, ""label"": ""planetarium"", ""confidence"": 0.1028}, {""rank"": 3, ""label"": ""greenhouse"", ""confidence"": 0.0984}, {""rank"": 4, ""label"": ""solar dish"", ""confidence"": 0.0978}, {""rank"": 5, ""label"": ""steel arch bridge"", ""confidence"": 0.0933}]",True,building
Places365_val_00033588.jpg,/Users/aidahamzic/PycharmProjects/PythonProject1/val_256/Places365_val_00033588.jpg,mountain,lakeside,0.1763,"[{""rank"": 1, ""label"": ""lakeside"", ""confidence"": 0.1763}, {""rank"": 2, ""label"": ""valley"", ""confidence"": 0.1439}, {""rank"": 3, ""label"": ""boathouse"", ""confidence"": 0.0801}, {""rank"": 4, ""label"": ""worm fence"", ""confidence"": 0.0692}, {""rank"": 5, ""label"": ""mountain tent"", ""confidence"": 0.0673}]",True,mountain
Places365_val_00033624.jpg,/Users/aidahamzic/PycharmProjects/PythonProject1/val_256/Places365_val_00033624.jpg,highway,worm fence,0.4281,"[{""rank"": 1, ""label"": ""worm fence"", ""confidence"": 0.4281}, {""rank"": 2, ""label"": ""trailer truck"", ""confidence"": 0.0898}, {""rank"": 3, ""label"": ""viaduct"", ""confidence"": 0.0394}, {""rank"": 4, ""label"": ""wing"", ""confidence"": 0.0378}, {""rank"": 5, ""label"": ""park bench"", ""confidence"": 0.0347}]",False,street
Places365_val_00033655.jpg,/Users/aidahamzic/PycharmProjects/PythonProject1/val_256/Places365_val_00033655.jpg,hotel-outdoor,planetarium,0.5115,"[{""rank"": 1, ""label"": ""planetarium"", ""confidence"": 0.5115}, {""rank"": 2, ""label"": ""solar dish"", ""confidence"": 0.1731}, {""rank"": 3, ""label"": ""scoreboard"", ""confidence"": 0.0841}, {""rank"": 4, ""label"": ""dome"", ""confidence"": 0.0454}, {""rank"": 5, ""label"": ""steel arch bridge"", ""confidence"": 0.0121}]",True,building
Places365_val_00033661.jpg,/Users/aidahamzic/PycharmProjects/PythonProject1/val_256/Places365_val_00033661.jpg,skyscraper,palace,0.4312,"[{""rank"": 1, ""label"": ""palace"", ""confidence"": 0.4312}, {""rank"": 2, ""label"": ""monastery"", ""confidence"": 0.1689}, {""rank"": 3, ""label"": ""stupa"", ""confidence"": 0.1275}, {""rank"": 4, ""label"": ""bell cote"", ""confidence"": 0.0852}, {""rank"": 5, ""label"": ""castle"", ""confidence"": 0.0412}]",True,building
Places365_val_00033692.jpg,/Users/aidahamzic/PycharmProjects/PythonProject1/val_256/Places365_val_00033692.jpg,hotel-outdoor,cinema,0.2675,"[{""rank"": 1, ""label"": ""cinema"", ""confidence"": 0.2675}, {""rank"": 2, ""label"": ""minivan"", ""confidence"": 0.1836}, {""rank"": 3, ""label"": ""minibus"", ""confidence"": 0.0793}, {""rank"": 4, ""label"": ""bookshop"", ""confidence"": 0.0335}, {""rank"": 5, ""label"": ""library"", ""confidence"": 0.0315}]",True,building
Places365_val_00033695.jpg,/Users/aidahamzic/PycharmProjects/PythonProject1/val_256/Places365_val_00033695.jpg,skyscraper,sports car,0.2604,"[{""rank"": 1, ""label"": ""sports car"", ""confidence"": 0.2604}, {""rank"": 2, ""label"": ""racer"", ""confidence"": 0.2495}, {""rank"": 3, ""label"": ""cab"", ""confidence"": 0.2402}, {""rank"": 4, ""label"": ""car wheel"", ""confidence"": 0.0366}, {""rank"": 5, ""label"": ""amphibian"", ""confidence"": 0.0255}]",False,building
Places365_val_00033725.jpg,/Users/aidahamzic/PycharmProjects/PythonProject1/val_256/Places365_val_00033725.jpg,highway,trailer truck,0.8339,"[{""rank"": 1, ""label"": ""trailer truck"", ""confidence"": 0.8339}, {""rank"": 2, ""label"": ""moving van"", ""confidence"": 0.0454}, {""rank"": 3, ""label"": ""garbage truck"", ""confidence"": 0.0378}, {""rank"": 4, ""label"": ""tow truck"", ""confidence"": 0.0213}, {""rank"": 5, ""label"": ""fire engine"", ""confidence"": 0.0123}]",False,street
Places365_val_00033743.jpg,/Users/aidahamzic/PycharmProjects/PythonProject1/val_256/Places365_val_00033743.jpg,ocean,speedboat,0.9352,"[{""rank"": 1, ""label"": ""speedboat"", ""confidence"": 0.9352}, {""rank"": 2, ""label"": ""amphibian"", ""confidence"": 0.0234}, {""rank"": 3, ""label"": ""lifeboat"", ""confidence"": 0.0206}, {""rank"": 4, ""label"": ""paddle"", ""confidence"": 0.0079}, {""rank"": 5, ""label"": ""canoe"", ""confidence"": 0.0026}]",True,water
Places365_val_00033764.jpg,/Users/aidahamzic/PycharmProjects/PythonProject1/val_256/Places365_val_00033764.jpg,river,lakeside,0.7324,"[{""rank"": 1, ""label"": ""lakeside"", ""confidence"": 0.7324}, {""rank"": 2, ""label"": ""promontory"", ""confidence"": 0.0536}, {""rank"": 3, ""label"": ""seashore"", ""confidence"": 0.0511}, {""rank"": 4, ""label"": ""valley"", ""confidence"": 0.0481}, {""rank"": 5, ""label"": ""boathouse"", ""confidence"": 0.0342}]",True,water
Places365_val_00033793.jpg,/Users/aidahamzic/PycharmProjects/PythonProject1/val_256/Places365_val_00033793.jpg,house,lakeside,0.5012,"[{""rank"": 1, ""label"": ""lakeside"", ""confidence"": 0.5012}, {""rank"": 2, ""label"": ""boathouse"", ""confidence"": 0.1441}, {""rank"": 3, ""label"": ""valley"", ""confidence"": 0.0304}, {""rank"": 4, ""label"": ""castle"", ""confidence"": 0.0227}, {""rank"": 5, ""label"": ""church"", ""confidence"": 0.0218}]",True,building
Places365_val_00033834.jpg,/Users/aidahamzic/PycharmProjects/PythonProject1/val_256/Places365_val_00033834.jpg,skyscraper,pedestal,0.0586,"[{""rank"": 1, ""label"": ""pedestal"", ""confidence"": 0.0586}, {""rank"": 2, ""label"": ""seashore"", ""confidence"": 0.0416}, {""rank"": 3, ""label"": ""pier"", ""confidence"": 0.04}, {""rank"": 4, ""label"": ""fountain"", ""confidence"": 0.0388}, {""rank"": 5, ""label"": ""window screen"", ""confidence"": 0.0362}]",False,building
Places365_val_00033900.jpg,/Users/aidahamzic/PycharmProjects/PythonProject1/val_256/Places365_val_00033900.jpg,highway,lakeside,0.4271,"[{""rank"": 1, ""label"": ""lakeside"", ""confidence"": 0.4271}, {""rank"": 2, ""label"": ""valley"", ""confidence"": 0.11}, {""rank"": 3, ""label"": ""palace"", ""confidence"": 0.0744}, {""rank"": 4, ""label"": ""seashore"", ""confidence"": 0.0704}, {""rank"": 5, ""label"": ""suspension bridge"", ""confidence"": 0.0467}]",False,street
Places365_val_00033911.jpg,/Users/aidahamzic/PycharmProjects/PythonProject1/val_256/Places365_val_00033911.jpg,highway,street sign,0.4187,"[{""rank"": 1, ""label"": ""street sign"", ""confidence"": 0.4187}, {""rank"": 2, ""label"": ""pole"", ""confidence"": 0.1262}, {""rank"": 3, ""label"": ""moving van"", ""confidence"": 0.088}, {""rank"": 4, ""label"": ""trailer truck"", ""confidence"": 0.0575}, {""rank"": 5, ""label"": ""flagpole"", ""confidence"": 0.0477}]",False,street
Places365_val_00033912.jpg,/Users/aidahamzic/PycharmProjects/PythonProject1/val_256/Places365_val_00033912.jpg,house,boathouse,0.3391,"[{""rank"": 1, ""label"": ""boathouse"", ""confidence"": 0.3391}, {""rank"": 2, ""label"": ""church"", ""confidence"": 0.1901}, {""rank"": 3, ""label"": ""mobile home"", ""confidence"": 0.1026}, {""rank"": 4, ""label"": ""barn"", ""confidence"": 0.0983}, {""rank"": 5, ""label"": ""worm fence"", ""confidence"": 0.0796}]",True,building
Places365_val_00033941.jpg,/Users/aidahamzic/PycharmProjects/PythonProject1/val_256/Places365_val_00033941.jpg,tower,radio telescope,0.5338,"[{""rank"": 1, ""label"": ""radio telescope"", ""confidence"": 0.5338}, {""rank"": 2, ""label"": ""solar dish"", ""confidence"": 0.3996}, {""rank"": 3, ""label"": ""crane"", ""confidence"": 0.0133}, {""rank"": 4, ""label"": ""maypole"", ""confidence"": 0.01}, {""rank"": 5, ""label"": ""airship"", ""confidence"": 0.0046}]",False,building
Places365_val_00033952.jpg,/Users/aidahamzic/PycharmProjects/PythonProject1/val_256/Places365_val_00033952.jpg,hotel-outdoor,library,0.1903,"[{""rank"": 1, ""label"": ""library"", ""confidence"": 0.1903}, {""rank"": 2, ""label"": ""cinema"", ""confidence"": 0.1053}, {""rank"": 3, ""label"": ""palace"", ""confidence"": 0.101}, {""rank"": 4, ""label"": ""prison"", ""confidence"": 0.0672}, {""rank"": 5, ""label"": ""bell cote"", ""confidence"": 0.0523}]",True,building
Places365_val_00033978.jpg,/Users/aidahamzic/PycharmProjects/PythonProject1/val_256/Places365_val_00033978.jpg,house,boathouse,0.1774,"[{""rank"": 1, ""label"": ""boathouse"", ""confidence"": 0.1774}, {""rank"": 2, ""label"": ""patio"", ""confidence"": 0.1131}, {""rank"": 3, ""label"": ""mobile home"", ""confidence"": 0.0945}, {""rank"": 4, ""label"": ""flagpole"", ""confidence"": 0.0546}, {""rank"": 5, ""label"": ""worm fence"", ""confidence"": 0.0525}]",True,building
Places365_val_00034024.jpg,/Users/aidahamzic/PycharmProjects/PythonProject1/val_256/Places365_val_00034024.jpg,forest-broadleaf,great grey owl,0.713,"[{""rank"": 1, ""label"": ""great grey owl"", ""confidence"": 0.713}, {""rank"": 2, ""label"": ""ruffed grouse"", ""confidence"": 0.0814}, {""rank"": 3, ""label"": ""leopard"", ""confidence"": 0.0542}, {""rank"": 4, ""label"": ""honeycomb"", ""confidence"": 0.0139}, {""rank"": 5, ""label"": ""chiton"", ""confidence"": 0.0117}]",False,forest
Places365_val_00034029.jpg,/Users/aidahamzic/PycharmProjects/PythonProject1/val_256/Places365_val_00034029.jpg,mountain,cliff dwelling,0.7933,"[{""rank"": 1, ""label"": ""cliff dwelling"", ""confidence"": 0.7933}, {""rank"": 2, ""label"": ""cliff"", ""confidence"": 0.0893}, {""rank"": 3, ""label"": ""ibex"", ""confidence"": 0.0176}, {""rank"": 4, ""label"": ""vault"", ""confidence"": 0.012}, {""rank"": 5, ""label"": ""African elephant"", ""confidence"": 0.0106}]",True,mountain
Places365_val_00034183.jpg,/Users/aidahamzic/PycharmProjects/PythonProject1/val_256/Places365_val_00034183.jpg,rainforest,worm fence,0.811,"[{""rank"": 1, ""label"": ""worm fence"", ""confidence"": 0.811}, {""rank"": 2, ""label"": ""lakeside"", ""confidence"": 0.048}, {""rank"": 3, ""label"": ""valley"", ""confidence"": 0.0442}, {""rank"": 4, ""label"": ""park bench"", ""confidence"": 0.0207}, {""rank"": 5, ""label"": ""boathouse"", ""confidence"": 0.0116}]",True,forest
Places365_val_00034188.jpg,/Users/aidahamzic/PycharmProjects/PythonProject1/val_256/Places365_val_00034188.jpg,house,worm fence,0.2386,"[{""rank"": 1, ""label"": ""worm fence"", ""confidence"": 0.2386}, {""rank"": 2, ""label"": ""palace"", ""confidence"": 0.0814}, {""rank"": 3, ""label"": ""maze"", ""confidence"": 0.0563}, {""rank"": 4, ""label"": ""lakeside"", ""confidence"": 0.0527}, {""rank"": 5, ""label"": ""barn"", ""confidence"": 0.0361}]",True,building
Places365_val_00034227.jpg,/Users/aidahamzic/PycharmProjects/PythonProject1/val_256/Places365_val_00034227.jpg,coast,mobile home,0.701,"[{""rank"": 1, ""label"": ""mobile home"", ""confidence"": 0.701}, {""rank"": 2, ""label"": ""moving van"", ""confidence"": 0.2209}, {""rank"": 3, ""label"": ""recreational vehicle"", ""confidence"": 0.033}, {""rank"": 4, ""label"": ""garbage truck"", ""confidence"": 0.0111}, {""rank"": 5, ""label"": ""forklift"", ""confidence"": 0.0071}]",False,water
Places365_val_00034238.jpg,/Users/aidahamzic/PycharmProjects/PythonProject1/val_256/Places365_val_00034238.jpg,tower,sundial,0.985,"[{""rank"": 1, ""label"": ""sundial"", ""confidence"": 0.985}, {""rank"": 2, ""label"": ""radio telescope"", ""confidence"": 0.0083}, {""rank"": 3, ""label"": ""solar dish"", ""confidence"": 0.0034}, {""rank"": 4, ""label"": ""planetarium"", ""confidence"": 0.0015}, {""rank"": 5, ""label"": ""analog clock"", ""confidence"": 0.0003}]",True,building
Places365_val_00034296.jpg,/Users/aidahamzic/PycharmProjects/PythonProject1/val_256/Places365_val_00034296.jpg,ocean,sandbar,0.5581,"[{""rank"": 1, ""label"": ""sandbar"", ""confidence"": 0.5581}, {""rank"": 2, ""label"": ""seashore"", ""confidence"": 0.3243}, {""rank"": 3, ""label"": ""promontory"", ""confidence"": 0.0429}, {""rank"": 4, ""label"": ""lakeside"", ""confidence"": 0.0172}, {""rank"": 5, ""label"": ""cliff"", ""confidence"": 0.012}]",True,water
Places365_val_00034318.jpg,/Users/aidahamzic/PycharmProjects/PythonProject1/val_256/Places365_val_00034318.jpg,forest-broadleaf,stone wall,0.0683,"[{""rank"": 1, ""label"": ""stone wall"", ""confidence"": 0.0683}, {""rank"": 2, ""label"": ""maze"", ""confidence"": 0.0666}, {""rank"": 3, ""label"": ""thatch"", ""confidence"": 0.045}, {""rank"": 4, ""label"": ""megalith"", ""confidence"": 0.0444}, {""rank"": 5, ""label"": ""water buffalo"", ""confidence"": 0.0416}]",False,forest
Places365_val_00034349.jpg,/Users/aidahamzic/PycharmProjects/PythonProject1/val_256/Places365_val_00034349.jpg,forest-broadleaf,valley,0.1297,"[{""rank"": 1, ""label"": ""valley"", ""confidence"": 0.1297}, {""rank"": 2, ""label"": ""steel arch bridge"", ""confidence"": 0.1003}, {""rank"": 3, ""label"": ""suspension bridge"", ""confidence"": 0.0549}, {""rank"": 4, ""label"": ""cliff"", ""confidence"": 0.0421}, {""rank"": 5, ""label"": ""lakeside"", ""confidence"": 0.0317}]",True,forest
Places365_val_00034369.jpg,/Users/aidahamzic/PycharmProjects/PythonProject1/val_256/Places365_val_00034369.jpg,ocean,killer whale,0.5308,"[{""rank"": 1, ""label"": ""killer whale"", ""confidence"": 0.5308}, {""rank"": 2, ""label"": ""grey whale"", ""confidence"": 0.2205}, {""rank"": 3, ""label"": ""albatross"", ""confidence"": 0.2069}, {""rank"": 4, ""label"": ""red-breasted merganser"", ""confidence"": 0.0111}, {""rank"": 5, ""label"": ""king penguin"", ""confidence"": 0.0063}]",False,water
Places365_val_00034412.jpg,/Users/aidahamzic/PycharmProjects/PythonProject1/val_256/Places365_val_00034412.jpg,skyscraper,drilling platform,0.3427,"[{""rank"": 1, ""label"": ""drilling platform"", ""confidence"": 0.3427}, {""rank"": 2, ""label"": ""palace"", ""confidence"": 0.1649}, {""rank"": 3, ""label"": ""liner"", ""confidence"": 0.0937}, {""rank"": 4, ""label"": ""lakeside"", ""confidence"": 0.0751}, {""rank"": 5, ""label"": ""space shuttle"", ""confidence"": 0.0464}]",True,building
Places365_val_00034446.jpg,/Users/aidahamzic/PycharmProjects/PythonProject1/val_256/Places365_val_00034446.jpg,river,valley,0.3766,"[{""rank"": 1, ""label"": ""valley"", ""confidence"": 0.3766}, {""rank"": 2, ""label"": ""geyser"", ""confidence"": 0.1752}, {""rank"": 3, ""label"": ""lakeside"", ""confidence"": 0.0899}, {""rank"": 4, ""label"": ""alp"", ""confidence"": 0.0736}, {""rank"": 5, ""label"": ""volcano"", ""confidence"": 0.0695}]",True,water
Places365_val_00034455.jpg,/Users/aidahamzic/PycharmProjects/PythonProject1/val_256/Places365_val_00034455.jpg,street,streetcar,0.3395,"[{""rank"": 1, ""label"": ""streetcar"", ""confidence"": 0.3395}, {""rank"": 2, ""label"": ""prison"", ""confidence"": 0.1598}, {""rank"": 3, ""label"": ""traffic light"", ""confidence"": 0.058}, {""rank"": 4, ""label"": ""passenger car"", ""confidence"": 0.037}, {""rank"": 5, ""label"": ""bullet train"", ""confidence"": 0.0328}]",True,street
Places365_val_00034481.jpg,/Users/aidahamzic/PycharmProjects/PythonProject1/val_256/Places365_val_00034481.jpg,alley,monastery,0.1857,"[{""rank"": 1, ""label"": ""monastery"", ""confidence"": 0.1857}, {""rank"": 2, ""label"": ""vault"", ""confidence"": 0.0408}, {""rank"": 3, ""label"": ""bell cote"", ""confidence"": 0.0379}, {""rank"": 4, ""label"": ""tobacco shop"", ""confidence"": 0.0324}, {""rank"": 5, ""label"": ""prison"", ""confidence"": 0.0291}]",False,street
Places365_val_00034498.jpg,/Users/aidahamzic/PycharmProjects/PythonProject1/val_256/Places365_val_00034498.jpg,river,valley,0.9576,"[{""rank"": 1, ""label"": ""valley"", ""confidence"": 0.9576}, {""rank"": 2, ""label"": ""lakeside"", ""confidence"": 0.0191}, {""rank"": 3, ""label"": ""alp"", ""confidence"": 0.0119}, {""rank"": 4, ""label"": ""mountain bike"", ""confidence"": 0.003}, {""rank"": 5, ""label"": ""promontory"", ""confidence"": 0.0025}]",True,water
Places365_val_00034514.jpg,/Users/aidahamzic/PycharmProjects/PythonProject1/val_256/Places365_val_00034514.jpg,house,cinema,0.0872,"[{""rank"": 1, ""label"": ""cinema"", ""confidence"": 0.0872}, {""rank"": 2, ""label"": ""barn"", ""confidence"": 0.0834}, {""rank"": 3, ""label"": ""bannister"", ""confidence"": 0.0651}, {""rank"": 4, ""label"": ""paddlewheel"", ""confidence"": 0.0455}, {""rank"": 5, ""label"": ""crane"", ""confidence"": 0.0358}]",True,building
Places365_val_00034532.jpg,/Users/aidahamzic/PycharmProjects/PythonProject1/val_256/Places365_val_00034532.jpg,hotel-outdoor,bell cote,0.0887,"[{""rank"": 1, ""label"": ""bell cote"", ""confidence"": 0.0887}, {""rank"": 2, ""label"": ""pier"", ""confidence"": 0.0733}, {""rank"": 3, ""label"": ""cinema"", ""confidence"": 0.0566}, {""rank"": 4, ""label"": ""window screen"", ""confidence"": 0.0476}, {""rank"": 5, ""label"": ""steel arch bridge"", ""confidence"": 0.0442}]",True,building
Places365_val_00034543.jpg,/Users/aidahamzic/PycharmProjects/PythonProject1/val_256/Places365_val_00034543.jpg,house,palace,0.1563,"[{""rank"": 1, ""label"": ""palace"", ""confidence"": 0.1563}, {""rank"": 2, ""label"": ""picket fence"", ""confidence"": 0.1136}, {""rank"": 3, ""label"": ""beacon"", ""confidence"": 0.0734}, {""rank"": 4, ""label"": ""solar dish"", ""confidence"": 0.0516}, {""rank"": 5, ""label"": ""church"", ""confidence"": 0.044}]",True,building
Places365_val_00034545.jpg,/Users/aidahamzic/PycharmProjects/PythonProject1/val_256/Places365_val_00034545.jpg,alley,mobile home,0.4921,"[{""rank"": 1, ""label"": ""mobile home"", ""confidence"": 0.4921}, {""rank"": 2, ""label"": ""sliding door"", ""confidence"": 0.1159}, {""rank"": 3, ""label"": ""patio"", ""confidence"": 0.0513}, {""rank"": 4, ""label"": ""boathouse"", ""confidence"": 0.0494}, {""rank"": 5, ""label"": ""window shade"", ""confidence"": 0.0487}]",False,street
Places365_val_00034552.jpg,/Users/aidahamzic/PycharmProjects/PythonProject1/val_256/Places365_val_00034552.jpg,skyscraper,monastery,0.5248,"[{""rank"": 1, ""label"": ""monastery"", ""confidence"": 0.5248}, {""rank"": 2, ""label"": ""palace"", ""confidence"": 0.1047}, {""rank"": 3, ""label"": ""castle"", ""confidence"": 0.044}, {""rank"": 4, ""label"": ""boathouse"", ""confidence"": 0.0323}, {""rank"": 5, ""label"": ""mobile home"", ""confidence"": 0.0273}]",True,building
Places365_val_00034563.jpg,/Users/aidahamzic/PycharmProjects/PythonProject1/val_256/Places365_val_00034563.jpg,rainforest,sarong,0.144,"[{""rank"": 1, ""label"": ""sarong"", ""confidence"": 0.144}, {""rank"": 2, ""label"": ""chain saw"", ""confidence"": 0.122}, {""rank"": 3, ""label"": ""mountain bike"", ""confidence"": 0.1029}, {""rank"": 4, ""label"": ""suspension bridge"", ""confidence"": 0.041}, {""rank"": 5, ""label"": ""jackfruit"", ""confidence"": 0.0388}]",False,forest
Places365_val_00034570.jpg,/Users/aidahamzic/PycharmProjects/PythonProject1/val_256/Places365_val_00034570.jpg,street,traffic light,0.2859,"[{""rank"": 1, ""label"": ""traffic light"", ""confidence"": 0.2859}, {""rank"": 2, ""label"": ""cab"", ""confidence"": 0.2749}, {""rank"": 3, ""label"": ""streetcar"", ""confidence"": 0.0858}, {""rank"": 4, ""label"": ""limousine"", ""confidence"": 0.0444}, {""rank"": 5, ""label"": ""unicycle"", ""confidence"": 0.03}]",True,street
Places365_val_00034580.jpg,/Users/aidahamzic/PycharmProjects/PythonProject1/val_256/Places365_val_00034580.jpg,street,jinrikisha,0.4498,"[{""rank"": 1, ""label"": ""jinrikisha"", ""confidence"": 0.4498}, {""rank"": 2, ""label"": ""unicycle"", ""confidence"": 0.0856}, {""rank"": 3, ""label"": ""street sign"", ""confidence"": 0.0558}, {""rank"": 4, ""label"": ""tricycle"", ""confidence"": 0.0485}, {""rank"": 5, ""label"": ""shopping cart"", ""confidence"": 0.0346}]",True,street
Places365_val_00034583.jpg,/Users/aidahamzic/PycharmProjects/PythonProject1/val_256/Places365_val_00034583.jpg,highway,valley,0.2864,"[{""rank"": 1, ""label"": ""valley"", ""confidence"": 0.2864}, {""rank"": 2, ""label"": ""mountain tent"", ""confidence"": 0.1167}, {""rank"": 3, ""label"": ""alp"", ""confidence"": 0.0936}, {""rank"": 4, ""label"": ""viaduct"", ""confidence"": 0.0746}, {""rank"": 5, ""label"": ""volcano"", ""confidence"": 0.0702}]",False,street
Places365_val_00034609.jpg,/Users/aidahamzic/PycharmProjects/PythonProject1/val_256/Places365_val_00034609.jpg,ocean,seashore,0.6453,"[{""rank"": 1, ""label"": ""seashore"", ""confidence"": 0.6453}, {""rank"": 2, ""label"": ""promontory"", ""confidence"": 0.0826}, {""rank"": 3, ""label"": ""beacon"", ""confidence"": 0.0708}, {""rank"": 4, ""label"": ""lakeside"", ""confidence"": 0.0485}, {""rank"": 5, ""label"": ""sandbar"", ""confidence"": 0.0331}]",True,water
Places365_val_00034624.jpg,/Users/aidahamzic/PycharmProjects/PythonProject1/val_256/Places365_val_00034624.jpg,glacier,alp,0.6092,"[{""rank"": 1, ""label"": ""alp"", ""confidence"": 0.6092}, {""rank"": 2, ""label"": ""valley"", ""confidence"": 0.3076}, {""rank"": 3, ""label"": ""mountain tent"", ""confidence"": 0.0198}, {""rank"": 4, ""label"": ""cliff"", ""confidence"": 0.0185}, {""rank"": 5, ""label"": ""volcano"", ""confidence"": 0.0087}]",True,glacier
Places365_val_00034668.jpg,/Users/aidahamzic/PycharmProjects/PythonProject1/val_256/Places365_val_00034668.jpg,river,pier,0.4939,"[{""rank"": 1, ""label"": ""pier"", ""confidence"": 0.4939}, {""rank"": 2, ""label"": ""lakeside"", ""confidence"": 0.1078}, {""rank"": 3, ""label"": ""boathouse"", ""confidence"": 0.0746}, {""rank"": 4, ""label"": ""dock"", ""confidence"": 0.0711}, {""rank"": 5, ""label"": ""dam"", ""confidence"": 0.0461}]",True,water
Places365_val_00034718.jpg,/Users/aidahamzic/PycharmProjects/PythonProject1/val_256/Places365_val_00034718.jpg,river,palace,0.9356,"[{""rank"": 1, ""label"": ""palace"", ""confidence"": 0.9356}, {""rank"": 2, ""label"": ""castle"", ""confidence"": 0.0343}, {""rank"": 3, ""label"": ""mosque"", ""confidence"": 0.0163}, {""rank"": 4, ""label"": ""bell cote"", ""confidence"": 0.0038}, {""rank"": 5, ""label"": ""fountain"", ""confidence"": 0.0013}]",False,water
Places365_val_00034734.jpg,/Users/aidahamzic/PycharmProjects/PythonProject1/val_256/Places365_val_00034734.jpg,glacier,sea cucumber,0.1832,"[{""rank"": 1, ""label"": ""sea cucumber"", ""confidence"": 0.1832}, {""rank"": 2, ""label"": ""grey whale"", ""confidence"": 0.0827}, {""rank"": 3, ""label"": ""leatherback turtle"", ""confidence"": 0.0715}, {""rank"": 4, ""label"": ""chain"", ""confidence"": 0.0482}, {""rank"": 5, ""label"": ""ringneck snake"", ""confidence"": 0.0414}]",False,glacier
Places365_val_00034775.jpg,/Users/aidahamzic/PycharmProjects/PythonProject1/val_256/Places365_val_00034775.jpg,highway,valley,0.1563,"[{""rank"": 1, ""label"": ""valley"", ""confidence"": 0.1563}, {""rank"": 2, ""label"": ""lakeside"", ""confidence"": 0.117}, {""rank"": 3, ""label"": ""worm fence"", ""confidence"": 0.1047}, {""rank"": 4, ""label"": ""stupa"", ""confidence"": 0.0379}, {""rank"": 5, ""label"": ""dam"", ""confidence"": 0.0318}]",False,street
Places365_val_00034786.jpg,/Users/aidahamzic/PycharmProjects/PythonProject1/val_256/Places365_val_00034786.jpg,coast,sleeping bag,0.0886,"[{""rank"": 1, ""label"": ""sleeping bag"", ""confidence"": 0.0886}, {""rank"": 2, ""label"": ""alp"", ""confidence"": 0.0706}, {""rank"": 3, ""label"": ""promontory"", ""confidence"": 0.059}, {""rank"": 4, ""label"": ""albatross"", ""confidence"": 0.0555}, {""rank"": 5, ""label"": ""valley"", ""confidence"": 0.0476}]",False,water
Places365_val_00034787.jpg,/Users/aidahamzic/PycharmProjects/PythonProject1/val_256/Places365_val_00034787.jpg,glacier,alp,0.3494,"[{""rank"": 1, ""label"": ""alp"", ""confidence"": 0.3494}, {""rank"": 2, ""label"": ""promontory"", ""confidence"": 0.2688}, {""rank"": 3, ""label"": ""seashore"", ""confidence"": 0.0719}, {""rank"": 4, ""label"": ""valley"", ""confidence"": 0.0611}, {""rank"": 5, ""label"": ""sandbar"", ""confidence"": 0.0347}]",True,glacier
Places365_val_00034801.jpg,/Users/aidahamzic/PycharmProjects/PythonProject1/val_256/Places365_val_00034801.jpg,forest-broadleaf,valley,0.6219,"[{""rank"": 1, ""label"": ""valley"", ""confidence"": 0.6219}, {""rank"": 2, ""label"": ""lakeside"", ""confidence"": 0.1803}, {""rank"": 3, ""label"": ""snorkel"", ""confidence"": 0.0188}, {""rank"": 4, ""label"": ""sandbar"", ""confidence"": 0.017}, {""rank"": 5, ""label"": ""canoe"", ""confidence"": 0.0144}]",True,forest
Places365_val_00034822.jpg,/Users/aidahamzic/PycharmProjects/PythonProject1/val_256/Places365_val_00034822.jpg,coast,canoe,0.2323,"[{""rank"": 1, ""label"": ""canoe"", ""confidence"": 0.2323}, {""rank"": 2, ""label"": ""gondola"", ""confidence"": 0.1638}, {""rank"": 3, ""label"": ""paddle"", ""confidence"": 0.1419}, {""rank"": 4, ""label"": ""submarine"", ""confidence"": 0.0266}, {""rank"": 5, ""label"": ""lakeside"", ""confidence"": 0.0222}]",True,water
Places365_val_00034824.jpg,/Users/aidahamzic/PycharmProjects/PythonProject1/val_256/Places365_val_00034824.jpg,rainforest,ruffed grouse,0.1688,"[{""rank"": 1, ""label"": ""ruffed grouse"", ""confidence"": 0.1688}, {""rank"": 2, ""label"": ""sea urchin"", ""confidence"": 0.1349}, {""rank"": 3, ""label"": ""lionfish"", ""confidence"": 0.1024}, {""rank"": 4, ""label"": ""sea anemone"", ""confidence"": 0.083}, {""rank"": 5, ""label"": ""coral reef"", ""confidence"": 0.0617}]",False,forest
Places365_val_00034828.jpg,/Users/aidahamzic/PycharmProjects/PythonProject1/val_256/Places365_val_00034828.jpg,street,lakeside,0.0746,"[{""rank"": 1, ""label"": ""lakeside"", ""confidence"": 0.0746}, {""rank"": 2, ""label"": ""worm fence"", ""confidence"": 0.0646}, {""rank"": 3, ""label"": ""park bench"", ""confidence"": 0.0481}, {""rank"": 4, ""label"": ""flagpole"", ""confidence"": 0.0429}, {""rank"": 5, ""label"": ""volcano"", ""confidence"": 0.0417}]",False,street
Places365_val_00034875.jpg,/Users/aidahamzic/PycharmProjects/PythonProject1/val_256/Places365_val_00034875.jpg,rainforest,tusker,0.237,"[{""rank"": 1, ""label"": ""tusker"", ""confidence"": 0.237}, {""rank"": 2, ""label"": ""American black bear"", ""confidence"": 0.1373}, {""rank"": 3, ""label"": ""Indian elephant"", ""confidence"": 0.1047}, {""rank"": 4, ""label"": ""African elephant"", ""confidence"": 0.085}, {""rank"": 5, ""label"": ""brown bear"", ""confidence"": 0.0624}]",False,forest
Places365_val_00034895.jpg,/Users/aidahamzic/PycharmProjects/PythonProject1/val_256/Places365_val_00034895.jpg,glacier,ibex,0.1886,"[{""rank"": 1, ""label"": ""ibex"", ""confidence"": 0.1886}, {""rank"": 2, ""label"": ""cougar"", ""confidence"": 0.1465}, {""rank"": 3, ""label"": ""bighorn"", ""confidence"": 0.1364}, {""rank"": 4, ""label"": ""gorilla"", ""confidence"": 0.107}, {""rank"": 5, ""label"": ""baboon"", ""confidence"": 0.0575}]",False,glacier
Places365_val_00034906.jpg,/Users/aidahamzic/PycharmProjects/PythonProject1/val_256/Places365_val_00034906.jpg,tower,radio telescope,0.559,"[{""rank"": 1, ""label"": ""radio telescope"", ""confidence"": 0.559}, {""rank"": 2, ""label"": ""steel arch bridge"", ""confidence"": 0.1105}, {""rank"": 3, ""label"": ""crane"", ""confidence"": 0.0697}, {""rank"": 4, ""label"": ""pier"", ""confidence"": 0.0516}, {""rank"": 5, ""label"": ""solar dish"", ""confidence"": 0.0466}]",False,building
Places365_val_00034919.jpg,/Users/aidahamzic/PycharmProjects/PythonProject1/val_256/Places365_val_00034919.jpg,coast,promontory,0.7277,"[{""rank"": 1, ""label"": ""promontory"", ""confidence"": 0.7277}, {""rank"": 2, ""label"": ""seashore"", ""confidence"": 0.1504}, {""rank"": 3, ""label"": ""cliff"", ""confidence"": 0.0464}, {""rank"": 4, ""label"": ""volcano"", ""confidence"": 0.0163}, {""rank"": 5, ""label"": ""sandbar"", ""confidence"": 0.0156}]",True,water
Places365_val_00034941.jpg,/Users/aidahamzic/PycharmProjects/PythonProject1/val_256/Places365_val_00034941.jpg,street,streetcar,0.4179,"[{""rank"": 1, ""label"": ""streetcar"", ""confidence"": 0.4179}, {""rank"": 2, ""label"": ""church"", ""confidence"": 0.092}, {""rank"": 3, ""label"": ""traffic light"", ""confidence"": 0.0873}, {""rank"": 4, ""label"": ""palace"", ""confidence"": 0.0346}, {""rank"": 5, ""label"": ""prison"", ""confidence"": 0.0328}]",True,street
Places365_val_00034945.jpg,/Users/aidahamzic/PycharmProjects/PythonProject1/val_256/Places365_val_00034945.jpg,ocean,promontory,0.6926,"[{""rank"": 1, ""label"": ""promontory"", ""confidence"": 0.6926}, {""rank"": 2, ""label"": ""cliff"", ""confidence"": 0.2522}, {""rank"": 3, ""label"": ""seashore"", ""confidence"": 0.0297}, {""rank"": 4, ""label"": ""valley"", ""confidence"": 0.0064}, {""rank"": 5, ""label"": ""lakeside"", ""confidence"": 0.005}]",True,water
Places365_val_00034958.jpg,/Users/aidahamzic/PycharmProjects/PythonProject1/val_256/Places365_val_00034958.jpg,house,mobile home,0.6592,"[{""rank"": 1, ""label"": ""mobile home"", ""confidence"": 0.6592}, {""rank"": 2, ""label"": ""solar dish"", ""confidence"": 0.0656}, {""rank"": 3, ""label"": ""worm fence"", ""confidence"": 0.0541}, {""rank"": 4, ""label"": ""bannister"", ""confidence"": 0.028}, {""rank"": 5, ""label"": ""patio"", ""confidence"": 0.0183}]",True,building
Places365_val_00035001.jpg,/Users/aidahamzic/PycharmProjects/PythonProject1/val_256/Places365_val_00035001.jpg,hotel-outdoor,cinema,0.5477,"[{""rank"": 1, ""label"": ""cinema"", ""confidence"": 0.5477}, {""rank"": 2, ""label"": ""monastery"", ""confidence"": 0.1634}, {""rank"": 3, ""label"": ""palace"", ""confidence"": 0.0866}, {""rank"": 4, ""label"": ""prison"", ""confidence"": 0.0614}, {""rank"": 5, ""label"": ""bell cote"", ""confidence"": 0.0419}]",True,building
Places365_val_00035015.jpg,/Users/aidahamzic/PycharmProjects/PythonProject1/val_256/Places365_val_00035015.jpg,alley,fur coat,0.1369,"[{""rank"": 1, ""label"": ""fur coat"", ""confidence"": 0.1369}, {""rank"": 2, ""label"": ""prison"", ""confidence"": 0.1223}, {""rank"": 3, ""label"": ""mask"", ""confidence"": 0.0827}, {""rank"": 4, ""label"": ""bubble"", ""confidence"": 0.0537}, {""rank"": 5, ""label"": ""cinema"", ""confidence"": 0.0332}]",False,street
Places365_val_00035024.jpg,/Users/aidahamzic/PycharmProjects/PythonProject1/val_256/Places365_val_00035024.jpg,forest-broadleaf,armadillo,0.0706,"[{""rank"": 1, ""label"": ""armadillo"", ""confidence"": 0.0706}, {""rank"": 2, ""label"": ""wood rabbit"", ""confidence"": 0.0369}, {""rank"": 3, ""label"": ""echidna"", ""confidence"": 0.0349}, {""rank"": 4, ""label"": ""wallaby"", ""confidence"": 0.0212}, {""rank"": 5, ""label"": ""skunk"", ""confidence"": 0.0146}]",False,forest
Places365_val_00035046.jpg,/Users/aidahamzic/PycharmProjects/PythonProject1/val_256/Places365_val_00035046.jpg,downtown,obelisk,0.1045,"[{""rank"": 1, ""label"": ""obelisk"", ""confidence"": 0.1045}, {""rank"": 2, ""label"": ""cab"", ""confidence"": 0.0849}, {""rank"": 3, ""label"": ""scoreboard"", ""confidence"": 0.0755}, {""rank"": 4, ""label"": ""fountain"", ""confidence"": 0.0713}, {""rank"": 5, ""label"": ""bell cote"", ""confidence"": 0.0538}]",True,building
Places365_val_00035055.jpg,/Users/aidahamzic/PycharmProjects/PythonProject1/val_256/Places365_val_00035055.jpg,rainforest,suspension bridge,0.9984,"[{""rank"": 1, ""label"": ""suspension bridge"", ""confidence"": 0.9984}, {""rank"": 2, ""label"": ""chainlink fence"", ""confidence"": 0.0005}, {""rank"": 3, ""label"": ""greenhouse"", ""confidence"": 0.0002}, {""rank"": 4, ""label"": ""worm fence"", ""confidence"": 0.0001}, {""rank"": 5, ""label"": ""pirate"", ""confidence"": 0.0001}]",False,forest
Places365_val_00035090.jpg,/Users/aidahamzic/PycharmProjects/PythonProject1/val_256/Places365_val_00035090.jpg,ocean,seashore,0.6108,"[{""rank"": 1, ""label"": ""seashore"", ""confidence"": 0.6108}, {""rank"": 2, ""label"": ""spotlight"", ""confidence"": 0.0434}, {""rank"": 3, ""label"": ""wreck"", ""confidence"": 0.0304}, {""rank"": 4, ""label"": ""beacon"", ""confidence"": 0.0254}, {""rank"": 5, ""label"": ""drilling platform"", ""confidence"": 0.0239}]",True,water
Places365_val_00035103.jpg,/Users/aidahamzic/PycharmProjects/PythonProject1/val_256/Places365_val_00035103.jpg,street,streetcar,0.4505,"[{""rank"": 1, ""label"": ""streetcar"", ""confidence"": 0.4505}, {""rank"": 2, ""label"": ""palace"", ""confidence"": 0.3478}, {""rank"": 3, ""label"": ""triumphal arch"", ""confidence"": 0.0804}, {""rank"": 4, ""label"": ""bell cote"", ""confidence"": 0.029}, {""rank"": 5, ""label"": ""monastery"", ""confidence"": 0.0211}]",True,street
Places365_val_00035155.jpg,/Users/aidahamzic/PycharmProjects/PythonProject1/val_256/Places365_val_00035155.jpg,glacier,valley,0.0976,"[{""rank"": 1, ""label"": ""valley"", ""confidence"": 0.0976}, {""rank"": 2, ""label"": ""cliff"", ""confidence"": 0.0573}, {""rank"": 3, ""label"": ""sea lion"", ""confidence"": 0.0448}, {""rank"": 4, ""label"": ""grey whale"", ""confidence"": 0.0376}, {""rank"": 5, ""label"": ""marmot"", ""confidence"": 0.0368}]",True,glacier
Places365_val_00035171.jpg,/Users/aidahamzic/PycharmProjects/PythonProject1/val_256/Places365_val_00035171.jpg,hotel-outdoor,cinema,0.1921,"[{""rank"": 1, ""label"": ""cinema"", ""confidence"": 0.1921}, {""rank"": 2, ""label"": ""bell cote"", ""confidence"": 0.1435}, {""rank"": 3, ""label"": ""church"", ""confidence"": 0.1123}, {""rank"": 4, ""label"": ""palace"", ""confidence"": 0.1003}, {""rank"": 5, ""label"": ""cab"", ""confidence"": 0.0559}]",True,building
Places365_val_00035211.jpg,/Users/aidahamzic/PycharmProjects/PythonProject1/val_256/Places365_val_00035211.jpg,forest-broadleaf,park bench,0.2195,"[{""rank"": 1, ""label"": ""park bench"", ""confidence"": 0.2195}, {""rank"": 2, ""label"": ""worm fence"", ""confidence"": 0.2111}, {""rank"": 3, ""label"": ""megalith"", ""confidence"": 0.108}, {""rank"": 4, ""label"": ""viaduct"", ""confidence"": 0.0948}, {""rank"": 5, ""label"": ""barn"", ""confidence"": 0.0444}]",False,forest
Places365_val_00035213.jpg,/Users/aidahamzic/PycharmProjects/PythonProject1/val_256/Places365_val_00035213.jpg,street,cab,0.1392,"[{""rank"": 1, ""label"": ""cab"", ""confidence"": 0.1392}, {""rank"": 2, ""label"": ""traffic light"", ""confidence"": 0.1342}, {""rank"": 3, ""label"": ""cinema"", ""confidence"": 0.0907}, {""rank"": 4, ""label"": ""street sign"", ""confidence"": 0.0895}, {""rank"": 5, ""label"": ""streetcar"", ""confidence"": 0.0785}]",True,street
Places365_val_00035229.jpg,/Users/aidahamzic/PycharmProjects/PythonProject1/val_256/Places365_val_00035229.jpg,street,sports car,0.4572,"[{""rank"": 1, ""label"": ""sports car"", ""confidence"": 0.4572}, {""rank"": 2, ""label"": ""racer"", ""confidence"": 0.1615}, {""rank"": 3, ""label"": ""cab"", ""confidence"": 0.1345}, {""rank"": 4, ""label"": ""convertible"", ""confidence"": 0.0648}, {""rank"": 5, ""label"": ""car wheel"", ""confidence"": 0.0416}]",True,street
Places365_val_00035256.jpg,/Users/aidahamzic/PycharmProjects/PythonProject1/val_256/Places365_val_00035256.jpg,glacier,alp,0.7982,"[{""rank"": 1, ""label"": ""alp"", ""confidence"": 0.7982}, {""rank"": 2, ""label"": ""valley"", ""confidence"": 0.1549}, {""rank"": 3, ""label"": ""lakeside"", ""confidence"": 0.0246}, {""rank"": 4, ""label"": ""promontory"", ""confidence"": 0.0059}, {""rank"": 5, ""label"": ""seashore"", ""confidence"": 0.0031}]",True,glacier
Places365_val_00035273.jpg,/Users/aidahamzic/PycharmProjects/PythonProject1/val_256/Places365_val_00035273.jpg,ocean,seashore,0.4451,"[{""rank"": 1, ""label"": ""seashore"", ""confidence"": 0.4451}, {""rank"": 2, ""label"": ""lakeside"", ""confidence"": 0.1273}, {""rank"": 3, ""label"": ""beacon"", ""confidence"": 0.052}, {""rank"": 4, ""label"": ""volcano"", ""confidence"": 0.0416}, {""rank"": 5, ""label"": ""promontory"", ""confidence"": 0.0378}]",True,water
Places365_val_00035296.jpg,/Users/aidahamzic/PycharmProjects/PythonProject1/val_256/Places365_val_00035296.jpg,hotel-outdoor,library,0.3352,"[{""rank"": 1, ""label"": ""library"", ""confidence"": 0.3352}, {""rank"": 2, ""label"": ""cinema"", ""confidence"": 0.3095}, {""rank"": 3, ""label"": ""palace"", ""confidence"": 0.2778}, {""rank"": 4, ""label"": ""monastery"", ""confidence"": 0.0259}, {""rank"": 5, ""label"": ""streetcar"", ""confidence"": 0.0062}]",True,building
Places365_val_00035301.jpg,/Users/aidahamzic/PycharmProjects/PythonProject1/val_256/Places365_val_00035301.jpg,house,boathouse,0.6851,"[{""rank"": 1, ""label"": ""boathouse"", ""confidence"": 0.6851}, {""rank"": 2, ""label"": ""barn"", ""confidence"": 0.2224}, {""rank"": 3, ""label"": ""mobile home"", ""confidence"": 0.0391}, {""rank"": 4, ""label"": ""lumbermill"", ""confidence"": 0.0248}, {""rank"": 5, ""label"": ""worm fence"", ""confidence"": 0.0204}]",True,building
Places365_val_00035366.jpg,/Users/aidahamzic/PycharmProjects/PythonProject1/val_256/Places365_val_00035366.jpg,coast,beacon,0.2647,"[{""rank"": 1, ""label"": ""beacon"", ""confidence"": 0.2647}, {""rank"": 2, ""label"": ""mosque"", ""confidence"": 0.1113}, {""rank"": 3, ""label"": ""planetarium"", ""confidence"": 0.0982}, {""rank"": 4, ""label"": ""bell cote"", ""confidence"": 0.087}, {""rank"": 5, ""label"": ""castle"", ""confidence"": 0.0499}]",True,water
Places365_val_00035371.jpg,/Users/aidahamzic/PycharmProjects/PythonProject1/val_256/Places365_val_00035371.jpg,skyscraper,airship,0.4262,"[{""rank"": 1, ""label"": ""airship"", ""confidence"": 0.4262}, {""rank"": 2, ""label"": ""balloon"", ""confidence"": 0.1076}, {""rank"": 3, ""label"": ""parachute"", ""confidence"": 0.0411}, {""rank"": 4, ""label"": ""lakeside"", ""confidence"": 0.0299}, {""rank"": 5, ""label"": ""water tower"", ""confidence"": 0.0274}]",False,building
Places365_val_00035375.jpg,/Users/aidahamzic/PycharmProjects/PythonProject1/val_256/Places365_val_00035375.jpg,house,lakeside,0.1763,"[{""rank"": 1, ""label"": ""lakeside"", ""confidence"": 0.1763}, {""rank"": 2, ""label"": ""web site"", ""confidence"": 0.134}, {""rank"": 3, ""label"": ""monastery"", ""confidence"": 0.1058}, {""rank"": 4, ""label"": ""boathouse"", ""confidence"": 0.1013}, {""rank"": 5, ""label"": ""bell cote"", ""confidence"": 0.0649}]",True,building
Places365_val_00035382.jpg,/Users/aidahamzic/PycharmProjects/PythonProject1/val_256/Places365_val_00035382.jpg,river,valley,0.3727,"[{""rank"": 1, ""label"": ""valley"", ""confidence"": 0.3727}, {""rank"": 2, ""label"": ""cliff"", ""confidence"": 0.1975}, {""rank"": 3, ""label"": ""suspension bridge"", ""confidence"": 0.0327}, {""rank"": 4, ""label"": ""spider web"", ""confidence"": 0.0242}, {""rank"": 5, ""label"": ""water snake"", ""confidence"": 0.0226}]",False,water
Places365_val_00035393.jpg,/Users/aidahamzic/PycharmProjects/PythonProject1/val_256/Places365_val_00035393.jpg,alley,cliff dwelling,0.3542,"[{""rank"": 1, ""label"": ""cliff dwelling"", ""confidence"": 0.3542}, {""rank"": 2, ""label"": ""cliff"", ""confidence"": 0.1441}, {""rank"": 3, ""label"": ""ice bear"", ""confidence"": 0.0554}, {""rank"": 4, ""label"": ""cougar"", ""confidence"": 0.0393}, {""rank"": 5, ""label"": ""vault"", ""confidence"": 0.0197}]",False,street
Places365_val_00035426.jpg,/Users/aidahamzic/PycharmProjects/PythonProject1/val_256/Places365_val_00035426.jpg,rainforest,mountain bike,0.6589,"[{""rank"": 1, ""label"": ""mountain bike"", ""confidence"": 0.6589}, {""rank"": 2, ""label"": ""valley"", ""confidence"": 0.1392}, {""rank"": 3, ""label"": ""coho"", ""confidence"": 0.036}, {""rank"": 4, ""label"": ""bicycle-built-for-two"", ""confidence"": 0.0314}, {""rank"": 5, ""label"": ""alp"", ""confidence"": 0.0226}]",True,forest
Places365_val_00035431.jpg,/Users/aidahamzic/PycharmProjects/PythonProject1/val_256/Places365_val_00035431.jpg,coast,volcano,0.3206,"[{""rank"": 1, ""label"": ""volcano"", ""confidence"": 0.3206}, {""rank"": 2, ""label"": ""sea lion"", ""confidence"": 0.0926}, {""rank"": 3, ""label"": ""grey whale"", ""confidence"": 0.0656}, {""rank"": 4, ""label"": ""snowmobile"", ""confidence"": 0.0482}, {""rank"": 5, ""label"": ""leatherback turtle"", ""confidence"": 0.0306}]",False,water
Places365_val_00035482.jpg,/Users/aidahamzic/PycharmProjects/PythonProject1/val_256/Places365_val_00035482.jpg,glacier,wing,0.4543,"[{""rank"": 1, ""label"": ""wing"", ""confidence"": 0.4543}, {""rank"": 2, ""label"": ""volcano"", ""confidence"": 0.0978}, {""rank"": 3, ""label"": ""warplane"", ""confidence"": 0.0465}, {""rank"": 4, ""label"": ""sandbar"", ""confidence"": 0.043}, {""rank"": 5, ""label"": ""alp"", ""confidence"": 0.0341}]",True,glacier
Places365_val_00035513.jpg,/Users/aidahamzic/PycharmProjects/PythonProject1/val_256/Places365_val_00035513.jpg,mountain,geyser,0.2564,"[{""rank"": 1, ""label"": ""geyser"", ""confidence"": 0.2564}, {""rank"": 2, ""label"": ""volcano"", ""confidence"": 0.219}, {""rank"": 3, ""label"": ""valley"", ""confidence"": 0.166}, {""rank"": 4, ""label"": ""alp"", ""confidence"": 0.0951}, {""rank"": 5, ""label"": ""cliff"", ""confidence"": 0.0774}]",True,mountain
Places365_val_00035570.jpg,/Users/aidahamzic/PycharmProjects/PythonProject1/val_256/Places365_val_00035570.jpg,ocean,seashore,0.5159,"[{""rank"": 1, ""label"": ""seashore"", ""confidence"": 0.5159}, {""rank"": 2, ""label"": ""lakeside"", ""confidence"": 0.1732}, {""rank"": 3, ""label"": ""promontory"", ""confidence"": 0.0698}, {""rank"": 4, ""label"": ""beacon"", ""confidence"": 0.0426}, {""rank"": 5, ""label"": ""drilling platform"", ""confidence"": 0.0354}]",True,water
Places365_val_00035592.jpg,/Users/aidahamzic/PycharmProjects/PythonProject1/val_256/Places365_val_00035592.jpg,hotel-outdoor,cinema,0.195,"[{""rank"": 1, ""label"": ""cinema"", ""confidence"": 0.195}, {""rank"": 2, ""label"": ""bell cote"", ""confidence"": 0.1078}, {""rank"": 3, ""label"": ""beacon"", ""confidence"": 0.0786}, {""rank"": 4, ""label"": ""flagpole"", ""confidence"": 0.0629}, {""rank"": 5, ""label"": ""church"", ""confidence"": 0.0621}]",True,building
Places365_val_00035663.jpg,/Users/aidahamzic/PycharmProjects/PythonProject1/val_256/Places365_val_00035663.jpg,highway,valley,0.2103,"[{""rank"": 1, ""label"": ""valley"", ""confidence"": 0.2103}, {""rank"": 2, ""label"": ""volcano"", ""confidence"": 0.1706}, {""rank"": 3, ""label"": ""alp"", ""confidence"": 0.1693}, {""rank"": 4, ""label"": ""mountain tent"", ""confidence"": 0.0883}, {""rank"": 5, ""label"": ""wing"", ""confidence"": 0.0508}]",False,street
Places365_val_00035687.jpg,/Users/aidahamzic/PycharmProjects/PythonProject1/val_256/Places365_val_00035687.jpg,skyscraper,solar dish,0.1805,"[{""rank"": 1, ""label"": ""solar dish"", ""confidence"": 0.1805}, {""rank"": 2, ""label"": ""container ship"", ""confidence"": 0.1433}, {""rank"": 3, ""label"": ""flagpole"", ""confidence"": 0.0807}, {""rank"": 4, ""label"": ""crane"", ""confidence"": 0.0773}, {""rank"": 5, ""label"": ""scoreboard"", ""confidence"": 0.0566}]",False,building
Places365_val_00035693.jpg,/Users/aidahamzic/PycharmProjects/PythonProject1/val_256/Places365_val_00035693.jpg,street,Model T,0.2076,"[{""rank"": 1, ""label"": ""Model T"", ""confidence"": 0.2076}, {""rank"": 2, ""label"": ""moped"", ""confidence"": 0.081}, {""rank"": 3, ""label"": ""jinrikisha"", ""confidence"": 0.0803}, {""rank"": 4, ""label"": ""tow truck"", ""confidence"": 0.0559}, {""rank"": 5, ""label"": ""tricycle"", ""confidence"": 0.0323}]",True,street
Places365_val_00035726.jpg,/Users/aidahamzic/PycharmProjects/PythonProject1/val_256/Places365_val_00035726.jpg,highway,valley,0.239,"[{""rank"": 1, ""label"": ""valley"", ""confidence"": 0.239}, {""rank"": 2, ""label"": ""lakeside"", ""confidence"": 0.2231}, {""rank"": 3, ""label"": ""promontory"", ""confidence"": 0.1227}, {""rank"": 4, ""label"": ""dam"", ""confidence"": 0.0757}, {""rank"": 5, ""label"": ""seashore"", ""confidence"": 0.0326}]",False,street
Places365_val_00035782.jpg,/Users/aidahamzic/PycharmProjects/PythonProject1/val_256/Places365_val_00035782.jpg,glacier,alp,0.5754,"[{""rank"": 1, ""label"": ""alp"", ""confidence"": 0.5754}, {""rank"": 2, ""label"": ""valley"", ""confidence"": 0.3195}, {""rank"": 3, ""label"": ""cliff"", ""confidence"": 0.0407}, {""rank"": 4, ""label"": ""ibex"", ""confidence"": 0.012}, {""rank"": 5, ""label"": ""marmot"", ""confidence"": 0.01}]",True,glacier
Places365_val_00035812.jpg,/Users/aidahamzic/PycharmProjects/PythonProject1/val_256/Places365_val_00035812.jpg,forest-broadleaf,birdhouse,0.9911,"[{""rank"": 1, ""label"": ""birdhouse"", ""confidence"": 0.9911}, {""rank"": 2, ""label"": ""chime"", ""confidence"": 0.003}, {""rank"": 3, ""label"": ""guillotine"", ""confidence"": 0.001}, {""rank"": 4, ""label"": ""mailbox"", ""confidence"": 0.0008}, {""rank"": 5, ""label"": ""indigo bunting"", ""confidence"": 0.0006}]",False,forest
Places365_val_00035814.jpg,/Users/aidahamzic/PycharmProjects/PythonProject1/val_256/Places365_val_00035814.jpg,tower,stupa,0.2997,"[{""rank"": 1, ""label"": ""stupa"", ""confidence"": 0.2997}, {""rank"": 2, ""label"": ""palace"", ""confidence"": 0.2891}, {""rank"": 3, ""label"": ""bell cote"", ""confidence"": 0.1342}, {""rank"": 4, ""label"": ""monastery"", ""confidence"": 0.0382}, {""rank"": 5, ""label"": ""mosque"", ""confidence"": 0.0165}]",True,building
Places365_val_00035841.jpg,/Users/aidahamzic/PycharmProjects/PythonProject1/val_256/Places365_val_00035841.jpg,skyscraper,submarine,0.2021,"[{""rank"": 1, ""label"": ""submarine"", ""confidence"": 0.2021}, {""rank"": 2, ""label"": ""dock"", ""confidence"": 0.1504}, {""rank"": 3, ""label"": ""airship"", ""confidence"": 0.0643}, {""rank"": 4, ""label"": ""flagpole"", ""confidence"": 0.0567}, {""rank"": 5, ""label"": ""breakwater"", ""confidence"": 0.0497}]",False,building
Places365_val_00035899.jpg,/Users/aidahamzic/PycharmProjects/PythonProject1/val_256/Places365_val_00035899.jpg,downtown,lakeside,0.7773,"[{""rank"": 1, ""label"": ""lakeside"", ""confidence"": 0.7773}, {""rank"": 2, ""label"": ""palace"", ""confidence"": 0.044}, {""rank"": 3, ""label"": ""dock"", ""confidence"": 0.0351}, {""rank"": 4, ""label"": ""seashore"", ""confidence"": 0.028}, {""rank"": 5, ""label"": ""fireboat"", ""confidence"": 0.0254}]",True,building
Places365_val_00035912.jpg,/Users/aidahamzic/PycharmProjects/PythonProject1/val_256/Places365_val_00035912.jpg,tower,pedestal,0.9385,"[{""rank"": 1, ""label"": ""pedestal"", ""confidence"": 0.9385}, {""rank"": 2, ""label"": ""bell cote"", ""confidence"": 0.0259}, {""rank"": 3, ""label"": ""stupa"", ""confidence"": 0.0097}, {""rank"": 4, ""label"": ""obelisk"", ""confidence"": 0.0057}, {""rank"": 5, ""label"": ""triumphal arch"", ""confidence"": 0.0047}]",True,building
Places365_val_00035918.jpg,/Users/aidahamzic/PycharmProjects/PythonProject1/val_256/Places365_val_00035918.jpg,downtown,dock,0.4246,"[{""rank"": 1, ""label"": ""dock"", ""confidence"": 0.4246}, {""rank"": 2, ""label"": ""lakeside"", ""confidence"": 0.2622}, {""rank"": 3, ""label"": ""breakwater"", ""confidence"": 0.092}, {""rank"": 4, ""label"": ""boathouse"", ""confidence"": 0.0443}, {""rank"": 5, ""label"": ""pier"", ""confidence"": 0.027}]",True,building
Places365_val_00035925.jpg,/Users/aidahamzic/PycharmProjects/PythonProject1/val_256/Places365_val_00035925.jpg,highway,wing,0.3886,"[{""rank"": 1, ""label"": ""wing"", ""confidence"": 0.3886}, {""rank"": 2, ""label"": ""schooner"", ""confidence"": 0.0521}, {""rank"": 3, ""label"": ""mountain tent"", ""confidence"": 0.0508}, {""rank"": 4, ""label"": ""trimaran"", ""confidence"": 0.0484}, {""rank"": 5, ""label"": ""pole"", ""confidence"": 0.0414}]",False,street
Places365_val_00035950.jpg,/Users/aidahamzic/PycharmProjects/PythonProject1/val_256/Places365_val_00035950.jpg,river,paddle,0.4711,"[{""rank"": 1, ""label"": ""paddle"", ""confidence"": 0.4711}, {""rank"": 2, ""label"": ""canoe"", ""confidence"": 0.331}, {""rank"": 3, ""label"": ""sandbar"", ""confidence"": 0.0392}, {""rank"": 4, ""label"": ""lakeside"", ""confidence"": 0.0328}, {""rank"": 5, ""label"": ""snorkel"", ""confidence"": 0.0211}]",True,water
Places365_val_00035962.jpg,/Users/aidahamzic/PycharmProjects/PythonProject1/val_256/Places365_val_00035962.jpg,skyscraper,obelisk,0.2737,"[{""rank"": 1, ""label"": ""obelisk"", ""confidence"": 0.2737}, {""rank"": 2, ""label"": ""triumphal arch"", ""confidence"": 0.1652}, {""rank"": 3, ""label"": ""mosque"", ""confidence"": 0.0838}, {""rank"": 4, ""label"": ""pedestal"", ""confidence"": 0.0782}, {""rank"": 5, ""label"": ""palace"", ""confidence"": 0.0606}]",True,building
Places365_val_00036039.jpg,/Users/aidahamzic/PycharmProjects/PythonProject1/val_256/Places365_val_00036039.jpg,hotel-outdoor,streetcar,0.3144,"[{""rank"": 1, ""label"": ""streetcar"", ""confidence"": 0.3144}, {""rank"": 2, ""label"": ""garbage truck"", ""confidence"": 0.1747}, {""rank"": 3, ""label"": ""police van"", ""confidence"": 0.0836}, {""rank"": 4, ""label"": ""cab"", ""confidence"": 0.0475}, {""rank"": 5, ""label"": ""trolleybus"", ""confidence"": 0.0427}]",False,building
Places365_val_00036076.jpg,/Users/aidahamzic/PycharmProjects/PythonProject1/val_256/Places365_val_00036076.jpg,coast,leatherback turtle,0.1922,"[{""rank"": 1, ""label"": ""leatherback turtle"", ""confidence"": 0.1922}, {""rank"": 2, ""label"": ""seashore"", ""confidence"": 0.1505}, {""rank"": 3, ""label"": ""sea lion"", ""confidence"": 0.1115}, {""rank"": 4, ""label"": ""promontory"", ""confidence"": 0.0685}, {""rank"": 5, ""label"": ""grey whale"", ""confidence"": 0.0644}]",True,water
Places365_val_00036086.jpg,/Users/aidahamzic/PycharmProjects/PythonProject1/val_256/Places365_val_00036086.jpg,glacier,promontory,0.7351,"[{""rank"": 1, ""label"": ""promontory"", ""confidence"": 0.7351}, {""rank"": 2, ""label"": ""cliff"", ""confidence"": 0.0726}, {""rank"": 3, ""label"": ""seashore"", ""confidence"": 0.0716}, {""rank"": 4, ""label"": ""volcano"", ""confidence"": 0.026}, {""rank"": 5, ""label"": ""breakwater"", ""confidence"": 0.0256}]",True,glacier
Places365_val_00036203.jpg,/Users/aidahamzic/PycharmProjects/PythonProject1/val_256/Places365_val_00036203.jpg,hotel-outdoor,studio couch,0.2218,"[{""rank"": 1, ""label"": ""studio couch"", ""confidence"": 0.2218}, {""rank"": 2, ""label"": ""restaurant"", ""confidence"": 0.1232}, {""rank"": 3, ""label"": ""four-poster"", ""confidence"": 0.1106}, {""rank"": 4, ""label"": ""dining table"", ""confidence"": 0.1021}, {""rank"": 5, ""label"": ""window shade"", ""confidence"": 0.0551}]",True,building
Places365_val_00036208.jpg,/Users/aidahamzic/PycharmProjects/PythonProject1/val_256/Places365_val_00036208.jpg,hotel-outdoor,library,0.8984,"[{""rank"": 1, ""label"": ""library"", ""confidence"": 0.8984}, {""rank"": 2, ""label"": ""palace"", ""confidence"": 0.0269}, {""rank"": 3, ""label"": ""bookshop"", ""confidence"": 0.0144}, {""rank"": 4, ""label"": ""bookcase"", ""confidence"": 0.0054}, {""rank"": 5, ""label"": ""cinema"", ""confidence"": 0.0052}]",True,building
Places365_val_00036272.jpg,/Users/aidahamzic/PycharmProjects/PythonProject1/val_256/Places365_val_00036272.jpg,downtown,pier,0.2827,"[{""rank"": 1, ""label"": ""pier"", ""confidence"": 0.2827}, {""rank"": 2, ""label"": ""dock"", ""confidence"": 0.2419}, {""rank"": 3, ""label"": ""submarine"", ""confidence"": 0.0709}, {""rank"": 4, ""label"": ""steel arch bridge"", ""confidence"": 0.0579}, {""rank"": 5, ""label"": ""breakwater"", ""confidence"": 0.0523}]",False,building
Places365_val_00036275.jpg,/Users/aidahamzic/PycharmProjects/PythonProject1/val_256/Places365_val_00036275.jpg,coast,West Highland white terrier,0.488,"[{""rank"": 1, ""label"": ""West Highland white terrier"", ""confidence"": 0.488}, {""rank"": 2, ""label"": ""Lakeland terrier"", ""confidence"": 0.1064}, {""rank"": 3, ""label"": ""breakwater"", ""confidence"": 0.0443}, {""rank"": 4, ""label"": ""Norfolk terrier"", ""confidence"": 0.0432}, {""rank"": 5, ""label"": ""Lhasa"", ""confidence"": 0.0232}]",True,water
Places365_val_00036298.jpg,/Users/aidahamzic/PycharmProjects/PythonProject1/val_256/Places365_val_00036298.jpg,coast,seashore,0.3462,"[{""rank"": 1, ""label"": ""seashore"", ""confidence"": 0.3462}, {""rank"": 2, ""label"": ""sandbar"", ""confidence"": 0.0967}, {""rank"": 3, ""label"": ""sarong"", ""confidence"": 0.0739}, {""rank"": 4, ""label"": ""maillot"", ""confidence"": 0.0645}, {""rank"": 5, ""label"": ""snorkel"", ""confidence"": 0.0639}]",True,water
Places365_val_00036314.jpg,/Users/aidahamzic/PycharmProjects/PythonProject1/val_256/Places365_val_00036314.jpg,glacier,alp,0.5883,"[{""rank"": 1, ""label"": ""alp"", ""confidence"": 0.5883}, {""rank"": 2, ""label"": ""mountain tent"", ""confidence"": 0.2218}, {""rank"": 3, ""label"": ""valley"", ""confidence"": 0.0444}, {""rank"": 4, ""label"": ""cliff"", ""confidence"": 0.0268}, {""rank"": 5, ""label"": ""lakeside"", ""confidence"": 0.0135}]",True,glacier
Places365_val_00036344.jpg,/Users/aidahamzic/PycharmProjects/PythonProject1/val_256/Places365_val_00036344.jpg,mountain,valley,0.6904,"[{""rank"": 1, ""label"": ""valley"", ""confidence"": 0.6904}, {""rank"": 2, ""label"": ""alp"", ""confidence"": 0.206}, {""rank"": 3, ""label"": ""cliff"", ""confidence"": 0.0271}, {""rank"": 4, ""label"": ""promontory"", ""confidence"": 0.0263}, {""rank"": 5, ""label"": ""lakeside"", ""confidence"": 0.0128}]",True,mountain
Places365_val_00036356.jpg,/Users/aidahamzic/PycharmProjects/PythonProject1/val_256/Places365_val_00036356.jpg,hotel-outdoor,seashore,0.2309,"[{""rank"": 1, ""label"": ""seashore"", ""confidence"": 0.2309}, {""rank"": 2, ""label"": ""lakeside"", ""confidence"": 0.2247}, {""rank"": 3, ""label"": ""coral reef"", ""confidence"": 0.0862}, {""rank"": 4, ""label"": ""boathouse"", ""confidence"": 0.0806}, {""rank"": 5, ""label"": ""patio"", ""confidence"": 0.0516}]",True,building
Places365_val_00036392.jpg,/Users/aidahamzic/PycharmProjects/PythonProject1/val_256/Places365_val_00036392.jpg,street,unicycle,0.3179,"[{""rank"": 1, ""label"": ""unicycle"", ""confidence"": 0.3179}, {""rank"": 2, ""label"": ""rugby ball"", ""confidence"": 0.1422}, {""rank"": 3, ""label"": ""knee pad"", ""confidence"": 0.0965}, {""rank"": 4, ""label"": ""bicycle-built-for-two"", ""confidence"": 0.0858}, {""rank"": 5, ""label"": ""stretcher"", ""confidence"": 0.0685}]",False,street
Places365_val_00036417.jpg,/Users/aidahamzic/PycharmProjects/PythonProject1/val_256/Places365_val_00036417.jpg,highway,obelisk,0.2625,"[{""rank"": 1, ""label"": ""obelisk"", ""confidence"": 0.2625}, {""rank"": 2, ""label"": ""mosque"", ""confidence"": 0.22}, {""rank"": 3, ""label"": ""missile"", ""confidence"": 0.2083}, {""rank"": 4, ""label"": ""projectile"", ""confidence"": 0.1208}, {""rank"": 5, ""label"": ""flagpole"", ""confidence"": 0.0501}]",False,street
Places365_val_00036424.jpg,/Users/aidahamzic/PycharmProjects/PythonProject1/val_256/Places365_val_00036424.jpg,downtown,palace,0.6253,"[{""rank"": 1, ""label"": ""palace"", ""confidence"": 0.6253}, {""rank"": 2, ""label"": ""lakeside"", ""confidence"": 0.1096}, {""rank"": 3, ""label"": ""castle"", ""confidence"": 0.1006}, {""rank"": 4, ""label"": ""triumphal arch"", ""confidence"": 0.0362}, {""rank"": 5, ""label"": ""bell cote"", ""confidence"": 0.0345}]",True,building
Places365_val_00036449.jpg,/Users/aidahamzic/PycharmProjects/PythonProject1/val_256/Places365_val_00036449.jpg,tower,monitor,0.5349,"[{""rank"": 1, ""label"": ""monitor"", ""confidence"": 0.5349}, {""rank"": 2, ""label"": ""scoreboard"", ""confidence"": 0.0534}, {""rank"": 3, ""label"": ""web site"", ""confidence"": 0.039}, {""rank"": 4, ""label"": ""cinema"", ""confidence"": 0.0333}, {""rank"": 5, ""label"": ""entertainment center"", ""confidence"": 0.0313}]",True,building
Places365_val_00036456.jpg,/Users/aidahamzic/PycharmProjects/PythonProject1/val_256/Places365_val_00036456.jpg,street,streetcar,0.392,"[{""rank"": 1, ""label"": ""streetcar"", ""confidence"": 0.392}, {""rank"": 2, ""label"": ""cab"", ""confidence"": 0.1324}, {""rank"": 3, ""label"": ""cinema"", ""confidence"": 0.1204}, {""rank"": 4, ""label"": ""trolleybus"", ""confidence"": 0.0979}, {""rank"": 5, ""label"": ""traffic light"", ""confidence"": 0.0291}]",True,street
